barcode,GRCh38,mm10,call
AAACCAAAGGGCTAAG-1,7672,65,GRCh38
AAACCAAAGGTAATTC-1,29594,140,GRCh38
AAACCAAAGTGTCAAT-1,62486,183,Multiplet
AAACCATTCATGGATT-1,1225,23,GRCh38
AAACCATTCCCTGATT-1,249,47,GRCh38
AAACCATTCGACATCA-1,7170,76,GRCh38
AAACCATTCTAGCTTC-1,20137,89,GRCh38
AAACCCGCAAGTGATC-1,3721,47,GRCh38
AAACCCGCACATAGCG-1,5430,78,GRCh38
AAACCCGCATGGCAGC-1,153,139,GRCh38
AAACCCGCATTGGGCA-1,1212,20,GRCh38
AAACCCTGTCCATCGA-1,31070,155,Multiplet
AAACCCTGTGAGCCCT-1,2829,44,GRCh38
AAACCCTGTTGAGGCG-1,259,35,GRCh38
AAACCGCTCCATCACT-1,8391,177,Multiplet
AAACCGCTCCCAGGCA-1,2758,31,GRCh38
AAACCGCTCCGGTATA-1,105,45,GRCh38
AAACCGCTCCTCACTG-1,261,54,GRCh38
AAACCGCTCCTCGTGC-1,60041,79,GRCh38
AAACCGCTCCTGGTCC-1,139,37,GRCh38
AAACCGCTCTAGTCGA-1,7131,52,GRCh38
AAACCGCTCTATGCCT-1,182,33,GRCh38
AAACGAATCCATCGAA-1,248,35,GRCh38
AAACGAATCCATTCCG-1,54624,209,Multiplet
AAACGAATCCGTGCTC-1,214,33,GRCh38
AAACGACAGCCAATCA-1,3953,117,GRCh38
AAACGACAGCCATCCC-1,172,37,GRCh38
AAACGACAGGCATCCG-1,868,59,GRCh38
AAACGACAGGTTGGCT-1,274,37,GRCh38
AAACGATGTAACGAAT-1,262,33,GRCh38
AAACGATGTAGCTTAC-1,294,47,GRCh38
AAACGATGTCTAGTTA-1,1969,22,GRCh38
AAACGATGTTAGCCGC-1,24921,158,Multiplet
AAACGATGTTCCGTAG-1,14860,133,GRCh38
AAACGCCTCACGGAAG-1,13875,78,GRCh38
AAACGCCTCATGGCCG-1,4043,88,GRCh38
AAACGCCTCCCGCTAC-1,136,33,GRCh38
AAACGCCTCCTGGGAT-1,14335,104,GRCh38
AAACGCCTCTAGTCGA-1,22627,123,GRCh38
AAACGGACAAGCTATA-1,10511,80,GRCh38
AAACGGACAATAGGCT-1,268,70,GRCh38
AAACGGACACAATGAC-1,26357,132,GRCh38
AAACGGACATCCAGCT-1,259,33,GRCh38
AAACGGACATGGCAGC-1,47306,202,Multiplet
AAACGGGTCAAGTGCC-1,197,43,GRCh38
AAACGGGTCGCTATCT-1,369,37,GRCh38
AAACGTAAGATTCACG-1,5417,167,Multiplet
AAACGTAAGCGAACCT-1,462,58,GRCh38
AAACGTAAGCGCTTCC-1,184,44,GRCh38
AAACGTAAGGGCTCAT-1,32011,167,Multiplet
AAACGTAAGTTAGCAT-1,4895,106,GRCh38
AAACGTCCACCAACTC-1,2398,71,GRCh38
AAACGTCCACTCAACC-1,16268,257,Multiplet
AAACGTCCAGGCTACA-1,156,48,GRCh38
AAACGTCCATGGCAGC-1,169,51,GRCh38
AAACTCACACCATGCT-1,33247,219,Multiplet
AAACTCACACTAGGTG-1,165,35,GRCh38
AAACTCACAGTAAGTC-1,19417,108,GRCh38
AAACTCACATCGCTTA-1,436,40,GRCh38
AAACTCCGTAGCTGCC-1,157,53,GRCh38
AAACTCCGTCCCGAGT-1,3324,37,GRCh38
AAACTTGCAAGTCCTC-1,186,33,GRCh38
AAACTTGCAAGTGTGT-1,535,19,GRCh38
AAACTTGCACATACTT-1,133,35,GRCh38
AAAGCAATCACGCGCA-1,5973,110,GRCh38
AAAGCAATCACTCGCC-1,453,170,Multiplet
AAAGCAATCGCTAGAC-1,33264,109,GRCh38
AAAGCAATCTAGTAAC-1,384,36,GRCh38
AAAGCCAGTAACGACA-1,31110,224,Multiplet
AAAGCCAGTAAGTCTC-1,201,42,GRCh38
AAAGCCAGTAATGCTC-1,3426,74,GRCh38
AAAGCCAGTGGAAGCT-1,24502,158,Multiplet
AAAGCCAGTTAGTTGC-1,515,27,GRCh38
AAAGCCAGTTGACTAC-1,28522,137,GRCh38
AAAGCCAGTTTACCTT-1,19869,123,GRCh38
AAAGCCTCACAAGCAT-1,11937,131,GRCh38
AAAGCCTCAGGCAAGG-1,757,14,GRCh38
AAAGCCTCAGGCAGGA-1,143,68,GRCh38
AAAGCCTCATGGAATC-1,259,38,GRCh38
AAAGCTAAGCAATCAT-1,242,34,GRCh38
AAAGCTAAGCGGACTT-1,881,27,GRCh38
AAAGCTAAGGTGGAGC-1,30606,134,GRCh38
AAAGCTAAGTAGCCCG-1,6390,69,GRCh38
AAAGCTGGTAATGGGC-1,582,12,GRCh38
AAAGCTGGTATGTACC-1,33896,225,Multiplet
AAAGGTCAGAAGCGGC-1,1293,53,GRCh38
AAAGGTCAGGGCTAGA-1,25541,148,Multiplet
AAAGGTTGTCCCGAAC-1,139,36,GRCh38
AAAGGTTGTGGGTATA-1,3835,56,GRCh38
AAAGGTTGTTCGCACA-1,548,37,GRCh38
AAAGGTTGTTGACTGT-1,140,42,GRCh38
AAAGGTTGTTTCGCTC-1,128,35,GRCh38
AAAGTAGTCCATATCC-1,1059,32,GRCh38
AAAGTAGTCCCCTGGT-1,6389,107,GRCh38
AAAGTAGTCCGCCACT-1,221,55,GRCh38
AAAGTCAAGCGAGTCT-1,1098,39,GRCh38
AAAGTCAAGGCGCTCA-1,613,246,Multiplet
AAAGTCAAGGTAAGCG-1,1386,64,GRCh38
AAAGTCAAGGTGCTAC-1,11048,65,GRCh38
AAAGTCAAGGTTCCGG-1,237,39,GRCh38
AAAGTCAAGTGGCTCG-1,7926,59,GRCh38
AAAGTCAAGTTGGTTG-1,1118,70,GRCh38
AAAGTGATCACTTGCT-1,198,34,GRCh38
AAAGTTGAGCCTGCCT-1,244,35,GRCh38
AAAGTTGAGCGAACCT-1,11390,93,GRCh38
AAAGTTGAGCGGTACT-1,755,38,GRCh38
AAAGTTGAGGTATCTG-1,238,37,GRCh38
AAAGTTGAGTCGCAGT-1,781,16,GRCh38
AAAGTTGAGTGCTCGG-1,5328,86,GRCh38
AAATGAGTCACTCAGA-1,22443,185,Multiplet
AAATGCAAGCCTGAAC-1,2687,57,GRCh38
AAATGCAAGCTTACCT-1,128,40,GRCh38
AAATGCAAGGGCCATT-1,17267,96,GRCh38
AAATGCAAGTGATGGG-1,191,38,GRCh38
AAATGCTTCCCATATC-1,3026,59,GRCh38
AAATGCTTCCGTGCTC-1,25793,165,Multiplet
AAATGCTTCCTGCTGC-1,1740,32,GRCh38
AAATGCTTCGACATCA-1,27648,168,Multiplet
AAATGCTTCGTCTATC-1,134,35,GRCh38
AAATGCTTCTAATGAC-1,245,40,GRCh38
AAATGCTTCTAGTGTG-1,9614,83,GRCh38
AAATGGATCCAGCTCC-1,8033,80,GRCh38
AAATGGGCAACTAGGT-1,992,19,GRCh38
AAATGGGCAAGCTGCA-1,24702,128,GRCh38
AAATGGGCAATTAGTG-1,513,42,GRCh38
AAATGGGCAGTTGCCT-1,1389,45,GRCh38
AAATGTGAGGATCCAC-1,222,35,GRCh38
AAATGTGAGTAGACTT-1,1010,21,GRCh38
AAATTCGCAAATCGTA-1,4070,50,GRCh38
AAATTGCTCGTCTAAG-1,6541,41,GRCh38
AACACACCAAGCTGAT-1,29346,198,Multiplet
AACACACCAAGTAAGG-1,1208,35,GRCh38
AACACACCAGGAAGTA-1,253,35,GRCh38
AACACACCATCATCGC-1,137,35,GRCh38
AACACATTCAATGTGT-1,6414,68,GRCh38
AACACATTCATGTCTC-1,28830,117,GRCh38
AACACATTCCATAGGC-1,108,116,mm10
AACACATTCCGCTGCT-1,166,38,GRCh38
AACACATTCTGTCACT-1,477,39,GRCh38
AACACCATCACATGCA-1,252,45,GRCh38
AACACCATCAGTTCGA-1,3002,35,GRCh38
AACACCATCCTTGGAA-1,375,34,GRCh38
AACACCGCAACTCGTC-1,161,39,GRCh38
AACACCGCAAGTAAGG-1,33658,212,Multiplet
AACACCGCATTCGTTG-1,273,49,GRCh38
AACACCTGTAGGTTAG-1,142,45,GRCh38
AACACCTGTCTCACCT-1,320,39,GRCh38
AACACCTGTTGAAGGC-1,288,45,GRCh38
AACACCTGTTGTGCAT-1,551,79,GRCh38
AACACGAGTAGCAGTA-1,2868,81,GRCh38
AACACGAGTTCGTCAG-1,41892,116,GRCh38
AACACGAGTTGAGCAA-1,6749,38,GRCh38
AACACTTAGATTCCTC-1,245,48,GRCh38
AACACTTAGCGCGATT-1,6760,65,GRCh38
AACACTTAGGATAGTA-1,4355,86,GRCh38
AACACTTAGGTGAGGC-1,27336,158,Multiplet
AACAGCTCAGCCTACT-1,507,45,GRCh38
AACAGGCGTGCATCCA-1,907,34,GRCh38
AACAGGTAGCATCAAT-1,15306,104,GRCh38
AACAGGTAGCGAGGAC-1,1291,39,GRCh38
AACAGGTAGCTAATGT-1,124,86,GRCh38
AACAGGTAGCTTAGGC-1,109,43,GRCh38
AACAGTAAGCGATGTC-1,20969,139,GRCh38
AACAGTAAGCTAAGGG-1,1667,128,GRCh38
AACAGTAAGGATTGGG-1,246,45,GRCh38
AACAGTAAGGTCATTG-1,2102,14,GRCh38
AACAGTAAGGTGATGG-1,986,16,GRCh38
AACATAGAGGATCCGT-1,7046,95,GRCh38
AACATAGAGTAGGTCC-1,57827,217,Multiplet
AACATCACACATAGGT-1,29248,129,GRCh38
AACATCACAGGTAGCC-1,1832,78,GRCh38
AACATCCGTAGCCATT-1,281,44,GRCh38
AACATCCGTCATGTCG-1,769,21,GRCh38
AACATCCGTGCGTGGA-1,30022,193,Multiplet
AACATCCGTGGAGACT-1,823,30,GRCh38
AACATCCGTTCGTGGC-1,6291,121,GRCh38
AACATTCAGCCACTCC-1,231,37,GRCh38
AACATTCAGTGGCGAA-1,72524,109,GRCh38
AACATTGCAAGCCAGC-1,157,40,GRCh38
AACATTGCAATCGACG-1,4469,48,GRCh38
AACCAACCAAATCCAA-1,405,36,GRCh38
AACCAACCAAATTCAG-1,26508,134,GRCh38
AACCAACCAATAGACC-1,20323,101,GRCh38
AACCAACCACTAATCT-1,26655,153,Multiplet
AACCAAGGTAAGCACA-1,303,33,GRCh38
AACCAAGGTAATGAGT-1,24672,124,GRCh38
AACCAAGGTATAGACG-1,35549,176,Multiplet
AACCAAGGTGCATTAC-1,268,42,GRCh38
AACCAATTCACGGATC-1,37705,164,Multiplet
AACCAATTCATCTCAC-1,1068,40,GRCh38
AACCAATTCATGCAAT-1,21604,105,GRCh38
AACCAATTCATGCGTA-1,921,14,GRCh38
AACCAATTCTAACCTC-1,17605,189,Multiplet
AACCACGCAAATGCCG-1,24921,111,GRCh38
AACCACGCAATCAGAC-1,125,33,GRCh38
AACCACGCACTCATAT-1,183,36,GRCh38
AACCACGCAGTACCTC-1,532,37,GRCh38
AACCACGCATGGTTCC-1,239,34,GRCh38
AACCAGCTCACGGACT-1,2863,58,GRCh38
AACCAGCTCATGGCAC-1,163,35,GRCh38
AACCAGCTCCCGGCAA-1,438,52,GRCh38
AACCAGCTCCTCGATT-1,15638,172,Multiplet
AACCAGCTCGATACAT-1,14439,72,GRCh38
AACCAGCTCTATCGGA-1,214,36,GRCh38
AACCAGGAGCGAACGA-1,488,40,GRCh38
AACCAGGAGGCGCTTG-1,982,48,GRCh38
AACCATTAGATTAACC-1,181,37,GRCh38
AACCATTAGATTGCTG-1,7837,91,GRCh38
AACCATTAGCCCGTCT-1,26396,148,Multiplet
AACCATTAGGATCATT-1,9351,65,GRCh38
AACCATTAGTTAGCAT-1,202,46,GRCh38
AACCCAATCCGTAAGC-1,7680,60,GRCh38
AACCCACAGCCGATGT-1,68791,191,Multiplet
AACCCACAGGCAAGTG-1,5665,211,Multiplet
AACCCAGCAAATTCCT-1,238,92,GRCh38
AACCCAGCAGGACACC-1,322,41,GRCh38
AACCCTGGTTTGAGAG-1,769,13,GRCh38
AACCGAAGTAACCACT-1,170,35,GRCh38
AACCGAAGTGAGGCCA-1,3596,28,GRCh38
AACCGAAGTTTGGAAG-1,2951,102,GRCh38
AACCGATCATAATTGG-1,6220,167,Multiplet
AACCGGGGTAAGCCAA-1,4391,49,GRCh38
AACCGGGGTATTGAGG-1,8077,69,GRCh38
AACCGGGGTCTAGCGC-1,27809,218,Multiplet
AACCGGGGTGCAAGGT-1,504,76,GRCh38
AACCTAACACAGGCGT-1,408,206,Multiplet
AACCTAACAGCCAAGC-1,159,33,GRCh38
AACCTAACATAAGTTG-1,291,36,GRCh38
AACCTCAAGGTGGCTT-1,4515,35,GRCh38
AACCTCAAGTATCTGG-1,299,37,GRCh38
AACCTCAAGTGCAACC-1,1052,12,GRCh38
AACCTGATCACCTAAG-1,58540,256,Multiplet
AACCTGATCGTTAGCA-1,790,843,Multiplet
AACCTTAGTAACCCTG-1,14019,140,GRCh38
AACCTTAGTAACTCGT-1,671,40,GRCh38
AACCTTAGTAGCGGAT-1,13073,100,GRCh38
AACCTTGAGCTAATCG-1,51146,203,Multiplet
AACCTTGAGGGTAGCA-1,53571,173,Multiplet
AACCTTGAGTGCCGAT-1,12725,88,GRCh38
AACCTTGAGTTAATGC-1,257,37,GRCh38
AACGAACAGCCGATGT-1,22723,141,GRCh38
AACGAACAGCTAAGTT-1,22815,144,GRCh38
AACGAACAGGTAGGCA-1,233,41,GRCh38
AACGAACAGGTTACTG-1,7602,380,Multiplet
AACGAACAGTGAGACG-1,14027,99,GRCh38
AACGAATGTATAGTCC-1,28584,195,Multiplet
AACGAATGTGATGCCC-1,13116,199,Multiplet
AACGAATGTGGAAGGA-1,43843,179,Multiplet
AACGACTCAAGCATGT-1,237,1463,Multiplet
AACGACTCACATTACT-1,1341,41,GRCh38
AACGACTCACTTGCGT-1,334,48,GRCh38
AACGACTCAGGCATAT-1,18357,102,GRCh38
AACGACTCAGGTTCAG-1,216,42,GRCh38
AACGACTCATCACTGC-1,169,45,GRCh38
AACGACTCATCATCGC-1,3928,72,GRCh38
AACGACTCATGCTACC-1,35478,224,Multiplet
AACGATCCATTAGGGT-1,16602,108,GRCh38
AACGATGGTTATGCAC-1,29968,175,Multiplet
AACGATTTCCGCCAAG-1,341,33,GRCh38
AACGATTTCCTTCAAC-1,43033,101,GRCh38
AACGCAAGTAACGCTT-1,54661,187,Multiplet
AACGCAAGTAAGCGCG-1,1036,36,GRCh38
AACGCAAGTATAGCTC-1,2084,11,GRCh38
AACGCCACACAACGTG-1,8000,132,GRCh38
AACGCCACATCATCGC-1,139,34,GRCh38
AACGCCACATCGGTTC-1,6316,41,GRCh38
AACGCCACATCGTTGC-1,171,52,GRCh38
AACGCCACATGACCCT-1,128,35,GRCh38
AACGCCACATGCTTCA-1,1213,105,GRCh38
AACGCCCGTAGCGCCT-1,216,38,GRCh38
AACGCCCGTGGCAGTG-1,1101,135,GRCh38
AACGCCCGTTCCGTCT-1,189,38,GRCh38
AACGCGAAGCATGAGG-1,780,35,GRCh38
AACGCGAAGCTTAACG-1,4632,145,Multiplet
AACGCGAAGTGAACTT-1,677,20,GRCh38
AACGCGCCAACTACTT-1,177,48,GRCh38
AACGCGCCATGCTGAG-1,243,33,GRCh38
AACGCTATCCGGTACG-1,945,39,GRCh38
AACGCTATCGATTGGC-1,9128,49,GRCh38
AACGCTATCTAGTACG-1,23433,140,GRCh38
AACGCTCAGCAAGTCC-1,342,36,GRCh38
AACGCTCAGGGGTAAT-1,131,40,GRCh38
AACGCTTGTCTTGCCT-1,179,33,GRCh38
AACGCTTGTCTTGCGA-1,13234,136,GRCh38
AACGCTTGTGCGAGAT-1,888,112,GRCh38
AACGCTTGTTCGCTGA-1,21454,152,Multiplet
AACGGATAGCTTACTC-1,7103,111,GRCh38
AACGGCAAGAATCCAT-1,53967,246,Multiplet
AACGGCAAGCTGGCTG-1,305,45,GRCh38
AACGGCGGTCATCCCT-1,8795,145,Multiplet
AACGGGGCAAATCCAA-1,6738,56,GRCh38
AACGGGGCAAGGGTAA-1,25760,140,GRCh38
AACGGGGCACTCGCAT-1,8416,55,GRCh38
AACGGGGCATCCTGCG-1,19196,149,Multiplet
AACGGTAGTCTTGGAT-1,19107,83,GRCh38
AACGGTAGTGAGGAAG-1,631,90,GRCh38
AACGGTAGTGATGGAC-1,15819,93,GRCh38
AACGGTGAGGTAGCTC-1,855,61,GRCh38
AACGTAAAGATAGTCT-1,23948,154,Multiplet
AACGTAAAGGGTACGA-1,326,57,GRCh38
AACGTAAAGGTAAGGT-1,697,64,GRCh38
AACGTAAAGTGATAGA-1,21450,140,GRCh38
AACGTAAAGTTGCATG-1,868,101,GRCh38
AACGTAGGTAAGCGGT-1,198,35,GRCh38
AACGTAGGTCATTAGC-1,22176,174,Multiplet
AACGTAGGTGAAGTGC-1,1130,21,GRCh38
AACGTAGGTGCAGTCC-1,222,38,GRCh38
AACGTTGTCACTCGGG-1,133,33,GRCh38
AACGTTGTCCCGCACT-1,907,35,GRCh38
AACGTTGTCCTGACCC-1,21442,123,GRCh38
AACGTTGTCGACCTGG-1,585,28,GRCh38
AACGTTGTCGCGCTAG-1,265,37,GRCh38
AACTAGAAGCCCGTCT-1,67280,200,Multiplet
AACTAGAAGTCGAAGG-1,27493,149,Multiplet
AACTAGAAGTTGGGCT-1,30911,152,Multiplet
AACTAGCCAATGGAGA-1,23591,108,GRCh38
AACTAGCCACAATCAA-1,23814,153,Multiplet
AACTAGCCACTTCGCG-1,1190,24,GRCh38
AACTAGCCAGGGCATC-1,126,33,GRCh38
AACTCAACAAACTGCG-1,2575,56,GRCh38
AACTCAACAAGTGGCC-1,556,71,GRCh38
AACTCAACACAATGGT-1,1627,188,Multiplet
AACTCAACATCGCTCG-1,780,55,GRCh38
AACTCAACATTACACT-1,26890,161,Multiplet
AACTCGATCACACCAA-1,134,33,GRCh38
AACTCGATCAGTATCG-1,1095,117,GRCh38
AACTCGATCATACTCC-1,184,36,GRCh38
AACTCGATCGAGTTGC-1,152,41,GRCh38
AACTCGATCTATCTGC-1,15669,108,GRCh38
AACTCGATCTATGTGG-1,289,44,GRCh38
AACTCTTCACTTCGAC-1,950,880,Multiplet
AACTCTTCATAAGGAG-1,9158,64,GRCh38
AACTGAAAGAATCATC-1,5676,64,GRCh38
AACTGAAAGGAGGCAC-1,32364,196,Multiplet
AACTGAAAGTAATCCG-1,2275,41,GRCh38
AACTGAAAGTCAGGCT-1,5962,89,GRCh38
AACTGAAAGTGCCATA-1,1879,110,GRCh38
AACTGAAAGTTGGCCG-1,3194,61,GRCh38
AACTGACCAAATCGTA-1,1599,184,Multiplet
AACTGACCAATGCGTG-1,312,64,GRCh38
AACTGACCAATTCGTT-1,258,37,GRCh38
AACTGACCACATGCCT-1,4705,57,GRCh38
AACTGACCACTACCAC-1,15768,262,Multiplet
AACTGACCACTATGAA-1,396,34,GRCh38
AACTGACCACTCAAGG-1,140,33,GRCh38
AACTGACCAGGCATCA-1,1330,129,GRCh38
AACTGACCATCGCTTA-1,147,38,GRCh38
AACTGACCATGCTCCG-1,258,42,GRCh38
AACTGAGGTCTTGATA-1,4926,63,GRCh38
AACTGAGGTTCGCGTA-1,138,33,GRCh38
AACTGAGGTTGGCTAT-1,1648,41,GRCh38
AACTGCATCAGTAGGG-1,11177,102,GRCh38
AACTGCATCCGGTTCC-1,2682,943,Multiplet
AACTGCATCGAAGGGC-1,1840,108,GRCh38
AACTGCATCTATGGCA-1,230,41,GRCh38
AACTGGTCACAAGCAT-1,403,39,GRCh38
AACTGGTCACTTGCAC-1,148,36,GRCh38
AACTGGTCATTCATAC-1,243,58,GRCh38
AACTTCCTCATGCGCG-1,2806,52,GRCh38
AACTTCCTCCGTAAGC-1,3706,94,GRCh38
AACTTCCTCGATGGCT-1,246,33,GRCh38
AACTTCCTCGATTACG-1,31191,170,Multiplet
AACTTCCTCGCTCCTA-1,131,35,GRCh38
AACTTCCTCGTTACCT-1,8085,87,GRCh38
AACTTCCTCGTTCCAT-1,151,37,GRCh38
AACTTCTCAACCCGAA-1,1454,13,GRCh38
AACTTCTCAAGTAGAG-1,57707,169,Multiplet
AACTTCTCACTAGGTG-1,2394,17,GRCh38
AACTTCTCAGCAGTCA-1,11293,167,Multiplet
AACTTGGTCCGCACCT-1,339,45,GRCh38
AACTTGGTCCGGACAT-1,30421,136,GRCh38
AACTTTGGTATTGGTC-1,9964,88,GRCh38
AACTTTGGTTCGCATG-1,2668,31,GRCh38
AAGCAAATCCCGGCAA-1,233,41,GRCh38
AAGCAAATCGCATGTA-1,6869,59,GRCh38
AAGCAACAGTAACCGC-1,158,45,GRCh38
AAGCAATGTGAGACAC-1,33425,148,Multiplet
AAGCAATGTTAGCACT-1,165,58,GRCh38
AAGCAATGTTCGTCTC-1,263,37,GRCh38
AAGCAATGTTCGTTCC-1,820,136,GRCh38
AAGCAATGTTGAGTGA-1,181,34,GRCh38
AAGCACCTCAGTTAGT-1,297,35,GRCh38
AAGCACCTCCAATTCC-1,135,33,GRCh38
AAGCACCTCCAGCCCT-1,195,42,GRCh38
AAGCACCTCCGGTAAC-1,330,38,GRCh38
AAGCACCTCCTCAGTT-1,205,35,GRCh38
AAGCATCCAATATCCT-1,4934,123,GRCh38
AAGCATCCAATCTAAG-1,100,33,GRCh38
AAGCATCCAATGCCCT-1,257,43,GRCh38
AAGCATCCACTTGCGT-1,61892,207,Multiplet
AAGCATCCATCGGTCT-1,5149,65,GRCh38
AAGCATTTCACACCTT-1,19790,94,GRCh38
AAGCATTTCCGCCACT-1,121,38,GRCh38
AAGCATTTCCGTCACC-1,219,43,GRCh38
AAGCCAAGTTAGTTGC-1,945,28,GRCh38
AAGCCAAGTTCGTCCT-1,2407,61,GRCh38
AAGCCAAGTTGGTTCG-1,6963,68,GRCh38
AAGCCAAGTTTCGACG-1,1144,19,GRCh38
AAGCCATCAATGAGTC-1,414,57,GRCh38
AAGCCATCAATTCGGG-1,46223,180,Multiplet
AAGCCATCACCTCACG-1,399,42,GRCh38
AAGCCATCATTAGCGG-1,4978,33,GRCh38
AAGCCCCGTATAGACG-1,1752,48,GRCh38
AAGCCCCGTGAGGTCG-1,3399,55,GRCh38
AAGCCCCGTGCGATGG-1,4753,71,GRCh38
AAGCCCCGTTCACTCC-1,13797,91,GRCh38
AAGCCCCGTTCCTGTC-1,117,33,GRCh38
AAGCCCCGTTCGGTTG-1,148,35,GRCh38
AAGCCGCCAAGCTGGC-1,4566,175,Multiplet
AAGCCGCCAATACATG-1,29775,174,Multiplet
AAGCCGCCAATCTCGC-1,503,87,GRCh38
AAGCCGCCAATTAGTG-1,178,33,GRCh38
AAGCCGCCACCTCAAC-1,144,33,GRCh38
AAGCCGCCATTAGCCC-1,1078,138,GRCh38
AAGCCGCCATTAGTTC-1,2678,68,GRCh38
AAGCCGCCATTGCCCG-1,132,38,GRCh38
AAGCCGGGTAAGCGTA-1,13974,104,GRCh38
AAGCCGGGTCTAGTCG-1,28899,198,Multiplet
AAGCCGGGTTAGGTTC-1,13302,73,GRCh38
AAGCCGGGTTATCTCT-1,44168,211,Multiplet
AAGCCTATCAATCACG-1,2726,56,GRCh38
AAGCCTATCGATGTGC-1,732,556,Multiplet
AAGCCTATCTATCTCA-1,114,33,GRCh38
AAGCCTGCAAGGGCTC-1,15400,87,GRCh38
AAGCCTGCACTATGCC-1,10827,150,Multiplet
AAGCCTGCATTCGCCG-1,250,36,GRCh38
AAGCGATAGCCATCGG-1,28727,199,Multiplet
AAGCGATAGTCAATGT-1,24124,96,GRCh38
AAGCGGATCACACATG-1,42501,81,GRCh38
AAGCGGATCAGTTCGA-1,19151,121,GRCh38
AAGCGGATCCATTACC-1,12713,15,GRCh38
AAGCGGGCAAGTTCCC-1,18199,112,GRCh38
AAGCGGGCATGACCGA-1,133,35,GRCh38
AAGCTAAAGATTGGTT-1,95,75,GRCh38
AAGCTAAAGCCTTCCA-1,3631,293,Multiplet
AAGCTAAAGGTGCGAA-1,4345,103,GRCh38
AAGCTAGGTCAACCGC-1,35605,178,Multiplet
AAGCTAGGTCATGCCA-1,39740,204,Multiplet
AAGCTAGGTTGTGAGA-1,681,14,GRCh38
AAGCTAGGTTGTGCCA-1,7841,71,GRCh38
AAGCTCGCAATATGGC-1,133,113,GRCh38
AAGCTCGCACAATGAC-1,327,45,GRCh38
AAGCTCGCACATGACG-1,4884,84,GRCh38
AAGCTCGCAGGACACC-1,474,55,GRCh38
AAGCTCGCATTCGCTA-1,689,36,GRCh38
AAGCTCTGTGAGTAAT-1,2659,79,GRCh38
AAGCTCTGTGCGCCAT-1,28808,145,Multiplet
AAGCTCTGTGCGTACC-1,107,34,GRCh38
AAGCTCTGTTAGGTGA-1,2114,45,GRCh38
AAGCTTGTCAGGTCCG-1,159,33,GRCh38
AAGCTTGTCATCTCTA-1,242,38,GRCh38
AAGCTTGTCCACCATT-1,271,52,GRCh38
AAGCTTGTCTCACCGC-1,12762,122,GRCh38
AAGGACTAGAACCTGC-1,2636,117,GRCh38
AAGGACTAGCGGTTAC-1,4694,55,GRCh38
AAGGACTAGGAACTAA-1,2501,96,GRCh38
AAGGATGCAATCGGGC-1,261,55,GRCh38
AAGGATGCAATTGCTT-1,141,33,GRCh38
AAGGATGCATCCCGAT-1,169,39,GRCh38
AAGGATGCATCCTTGA-1,196,33,GRCh38
AAGGATGCATTGGAGT-1,6534,58,GRCh38
AAGGCAACAAACCATA-1,3890,150,Multiplet
AAGGCAACAACCTGCT-1,111,33,GRCh38
AAGGCAACAAGCCGGT-1,17132,88,GRCh38
AAGGCAACAAGTGATC-1,3119,69,GRCh38
AAGGCAACATGAGCCA-1,116,33,GRCh38
AAGGCCAAGCATGTAT-1,20628,167,Multiplet
AAGGCCAAGGTGCTTA-1,886,34,GRCh38
AAGGCCCCAACCCGAA-1,318,33,GRCh38
AAGGCCCCAATGTCAA-1,227,45,GRCh38
AAGGCCCCAATTGACA-1,1181,30,GRCh38
AAGGCCCCACCTGTAC-1,257,60,GRCh38
AAGGCCCCAGTACCGA-1,15550,75,GRCh38
AAGGCCCCATAAGCCG-1,2562,37,GRCh38
AAGGCTAGTAAGCGCG-1,576,113,GRCh38
AAGGCTAGTGAGACAC-1,11135,47,GRCh38
AAGGGCATCACGTTAG-1,49619,312,Multiplet
AAGGGCATCGATTAAC-1,2051,132,GRCh38
AAGGGCCAGCGATACC-1,36615,227,Multiplet
AAGGGGTCAGTTAATG-1,176,64,GRCh38
AAGGGGTCATAAGTGC-1,236,41,GRCh38
AAGGGGTCATAATCCT-1,8432,96,GRCh38
AAGGGGTCATGCTACC-1,140,36,GRCh38
AAGGGTTAGGATCTCA-1,63245,160,Multiplet
AAGGGTTAGGCATCAC-1,813,19,GRCh38
AAGGGTTAGGGTGAAT-1,4198,74,GRCh38
AAGGGTTAGGTGGAGC-1,683,36,GRCh38
AAGGGTTAGGTTCCTT-1,534,33,GRCh38
AAGGGTTAGTGAACTT-1,9762,111,GRCh38
AAGGTAATCCCGCGTT-1,1182,20,GRCh38
AAGGTAATCTGTGCCC-1,191,64,GRCh38
AAGGTATGTCTAGTCG-1,1250,73,GRCh38
AAGGTATGTTAGGGAC-1,3459,43,GRCh38
AAGGTATGTTATGCGT-1,8666,139,GRCh38
AAGGTCAGTATGTCAC-1,3159,72,GRCh38
AAGGTCAGTCAGTTAC-1,40928,185,Multiplet
AAGGTCAGTTCCATCC-1,29402,183,Multiplet
AAGGTCAGTTCGGGCT-1,942,38,GRCh38
AAGGTCAGTTTGCAGT-1,1335,106,GRCh38
AAGGTTAAGGCACAGA-1,5013,74,GRCh38
AAGGTTAAGTACGGTC-1,225,34,GRCh38
AAGGTTGGTATAGACG-1,180,44,GRCh38
AAGGTTGGTCATGCTG-1,26249,187,Multiplet
AAGGTTGGTGATGGTA-1,274,34,GRCh38
AAGGTTGGTTATCGAC-1,3715,76,GRCh38
AAGGTTGGTTATCTCT-1,9647,92,GRCh38
AAGGTTGGTTTCGCTC-1,138,37,GRCh38
AAGTAACGTAGTTACC-1,1330,9,GRCh38
AAGTAACGTCAATCGT-1,168,71,GRCh38
AAGTAACGTGACCGAG-1,444,41,GRCh38
AAGTAACGTTAGCCTG-1,212,42,GRCh38
AAGTAACGTTATGGCT-1,278,33,GRCh38
AAGTAAGTCCCCAGTC-1,1360,600,Multiplet
AAGTAAGTCGTTACTC-1,15414,111,GRCh38
AAGTACCCAAACTATG-1,52006,130,GRCh38
AAGTACCCAACCTTGC-1,301,34,GRCh38
AAGTACCCATCGACCT-1,14058,84,GRCh38
AAGTACCCATGGCTGA-1,263,33,GRCh38
AAGTACGGTAGTAGTG-1,22605,120,GRCh38
AAGTACGGTCATTCAA-1,1633,19,GRCh38
AAGTACGGTGATGCCC-1,766,38,GRCh38
AAGTATGAGGATCATT-1,1748,43,GRCh38
AAGTATGAGGCGATTC-1,1707,148,Multiplet
AAGTCAAAGGGGACAC-1,100,49,GRCh38
AAGTCACCAAATCTAG-1,751,17,GRCh38
AAGTCACCAAGCCTGA-1,4524,35,GRCh38
AAGTCACCACTTGGCT-1,51470,195,Multiplet
AAGTCAGGTTAGGTTC-1,2765,27,GRCh38
AAGTCAGGTTGCTTCC-1,220,40,GRCh38
AAGTCAGGTTTCCTTG-1,6709,165,Multiplet
AAGTCATTCATATCCC-1,1191,52,GRCh38
AAGTCATTCCGCAGAT-1,246,38,GRCh38
AAGTCATTCCGTGTCC-1,7360,210,Multiplet
AAGTCATTCCTTCGCA-1,25204,191,Multiplet
AAGTCATTCGAATTAC-1,6911,79,GRCh38
AAGTCCATCACTTGAG-1,1289,39,GRCh38
AAGTCGCTCCATCTCG-1,219,33,GRCh38
AAGTGATGTTACTGCG-1,368,53,GRCh38
AAGTGATGTTCCTCTA-1,246,34,GRCh38
AAGTGCCTCCAACCAA-1,189,44,GRCh38
AAGTGCCTCGCTGAGT-1,1058,16,GRCh38
AAGTGGACACATTCCA-1,704,331,Multiplet
AAGTGGGTCAGCATCA-1,180,71,GRCh38
AAGTGGGTCAGCCATA-1,15894,131,GRCh38
AAGTGTCCAACCTACC-1,7985,53,GRCh38
AAGTGTCCAAGCTCGA-1,19793,153,Multiplet
AAGTGTCCACCACATC-1,107,34,GRCh38
AAGTGTCCACTATCCA-1,2056,36,GRCh38
AAGTGTCCATTGGAGT-1,32054,129,GRCh38
AAGTTCCGTAGCAGGT-1,23503,153,Multiplet
AAGTTCCGTCTCCATC-1,243,56,GRCh38
AAGTTCCGTTCCAGGC-1,902,27,GRCh38
AAGTTCCGTTGAGTGA-1,11204,104,GRCh38
AAGTTGAAGCGAGACA-1,327,44,GRCh38
AAGTTGAAGCGATTGC-1,11843,193,Multiplet
AAGTTGAAGGATTAAG-1,713,24,GRCh38
AAGTTGAAGGCAAGTG-1,2459,84,GRCh38
AAGTTGAAGTACGGAG-1,169,65,GRCh38
AAGTTGAAGTGCCTAA-1,117,49,GRCh38
AAGTTGGGTCTGTCGA-1,18732,140,GRCh38
AAGTTGGGTTAGCGCC-1,8477,95,GRCh38
AAGTTGGGTTGGCATT-1,146,39,GRCh38
AAGTTGGGTTGTAGGA-1,3073,49,GRCh38
AAGTTTCAGTGAAGGT-1,631,41,GRCh38
AAGTTTGCAAACTAGC-1,192,37,GRCh38
AAGTTTGCAACCGCAA-1,20681,120,GRCh38
AAGTTTGCAACTGCCT-1,536,98,GRCh38
AAGTTTGCACCTTCGG-1,289,37,GRCh38
AAGTTTGCAGGAAGTA-1,16093,123,GRCh38
AAGTTTGCATCCACAC-1,24402,108,GRCh38
AATACGAAGGTCGATC-1,3270,53,GRCh38
AATACGCCAAACCATA-1,141,49,GRCh38
AATACGCCAAGCCATG-1,217,62,GRCh38
AATACGCCAAGCTGGC-1,172,36,GRCh38
AATACGCCAGTAATCA-1,239,37,GRCh38
AATACGCCATGATTGA-1,2779,41,GRCh38
AATACGGGTAAGCAGC-1,736,125,GRCh38
AATACGGGTTAACCCG-1,191,35,GRCh38
AATACGGGTTCCGGTA-1,875,53,GRCh38
AATACGTTCAGTTGGC-1,22859,147,Multiplet
AATACGTTCCGCAGAT-1,5042,56,GRCh38
AATACGTTCCGCTGCT-1,166,33,GRCh38
AATACGTTCCTCTATA-1,1286,43,GRCh38
AATATCGCAGGTTACG-1,5867,72,GRCh38
AATATCGCATCGTTCA-1,40961,253,Multiplet
AATATGCTCACGTAGC-1,19078,96,GRCh38
AATATGCTCGAAGTCC-1,908,27,GRCh38
AATATGCTCGTTCGCC-1,3310,21,GRCh38
AATATGGAGCAAGCCT-1,272,89,GRCh38
AATATGGAGTAGTCAT-1,5487,57,GRCh38
AATCACTAGCGATTGC-1,17176,106,GRCh38
AATCACTAGGGTGAAT-1,29842,114,GRCh38
AATCACTAGGTCAATT-1,167,34,GRCh38
AATCAGCCAAACCATA-1,2168,50,GRCh38
AATCAGCCACCTTGAC-1,141,34,GRCh38
AATCATCAGCGACTTA-1,36273,194,Multiplet
AATCATCAGGTAGCCT-1,18140,90,GRCh38
AATCATCAGTGACCCG-1,122,37,GRCh38
AATCCAACAACCGGAC-1,729,328,Multiplet
AATCCAACAACTGCCT-1,364,48,GRCh38
AATCCAACAATAGGGA-1,27330,178,Multiplet
AATCCATAGATAGGAC-1,240,40,GRCh38
AATCCATAGCCATGCG-1,17579,102,GRCh38
AATCCATAGGATGAAC-1,1933,103,GRCh38
AATCCATAGTCGATCA-1,212,38,GRCh38
AATCCATAGTTAGCCA-1,174,40,GRCh38
AATCCCAAGGTATGGG-1,18139,181,Multiplet
AATCCCAAGTAGGGCA-1,227,36,GRCh38
AATCGAGGTAGCTAAG-1,1392,33,GRCh38
AATCGAGGTGAGACCG-1,3535,30,GRCh38
AATCGAGGTTCCAGTG-1,253,59,GRCh38
AATCGAGGTTCCTTCA-1,340,33,GRCh38
AATCGAGGTTGTGGTT-1,173,45,GRCh38
AATCGCATCCATGCTT-1,5356,33,GRCh38
AATCGCATCCGTGCTC-1,143,37,GRCh38
AATCGCATCGATTGGC-1,217,34,GRCh38
AATCGCGCAGGCATCA-1,19869,141,GRCh38
AATCGCGCATTAACCT-1,1357,17,GRCh38
AATCGCGCATTGCGTC-1,1780,24,GRCh38
AATCGGCTCAGCGACT-1,30451,133,GRCh38
AATCGGCTCGATGTCA-1,2349,49,GRCh38
AATCGGCTCGCGCACA-1,161,34,GRCh38
AATCGGCTCTGGATTG-1,600,38,GRCh38
AATCGGTCAACATGAC-1,232,37,GRCh38
AATCGGTCAATGTCGG-1,18403,135,GRCh38
AATCGTTAGAACCTAT-1,196,35,GRCh38
AATCGTTAGCATCGAC-1,467,41,GRCh38
AATCGTTAGCATTCGA-1,203,34,GRCh38
AATCGTTAGCGCAACT-1,3183,34,GRCh38
AATCGTTAGCGCATGT-1,22510,120,GRCh38
AATCGTTAGGATAGAC-1,20841,118,GRCh38
AATCGTTAGTGACGAG-1,26613,122,GRCh38
AATCGTTAGTGATGCC-1,240,37,GRCh38
AATCGTTAGTGCTCAA-1,4369,36,GRCh38
AATCTAGCAACCAGAT-1,1977,36,GRCh38
AATCTAGCAATGACAC-1,15802,85,GRCh38
AATCTAGCAGCTATCC-1,2246,80,GRCh38
AATCTCCTCAGTTACG-1,3545,37,GRCh38
AATCTCCTCCATGCCC-1,251,44,GRCh38
AATCTCCTCGCGACAT-1,299,36,GRCh38
AATCTCCTCGTTAGCA-1,18732,140,GRCh38
AATCTCCTCTTGAGCA-1,2800,94,GRCh38
AATCTGGTCGACCAAC-1,198,53,GRCh38
AATCTGGTCTAACCTC-1,238,44,GRCh38
AATCTGGTCTATCAGG-1,121,51,GRCh38
AATGAACGTTGTGAAG-1,125,38,GRCh38
AATGACAAGCGACTGT-1,1336,45,GRCh38
AATGACAAGTGGGTTC-1,26833,170,Multiplet
AATGACCCAAATCGTA-1,28759,119,GRCh38
AATGACCCAACCTGCT-1,4158,59,GRCh38
AATGACCCAAGCCGAC-1,42163,150,Multiplet
AATGACCCACTCGCTG-1,269,48,GRCh38
AATGACCCAGCCAAGC-1,435,47,GRCh38
AATGACCCAGCCATGA-1,875,19,GRCh38
AATGACCCAGGATTAC-1,28259,111,GRCh38
AATGACCCATTAACTC-1,14491,52,GRCh38
AATGACTTCACGCGAT-1,8165,148,Multiplet
AATGACTTCATGTCTC-1,628,76,GRCh38
AATGACTTCCATAGCA-1,4267,121,GRCh38
AATGACTTCCATCGAA-1,250,35,GRCh38
AATGAGGCAACCTGCT-1,86,36,GRCh38
AATGAGGCAACCTGTC-1,205,33,GRCh38
AATGAGGCAACTGCCT-1,328,40,GRCh38
AATGAGGCAAGTATGC-1,235,41,GRCh38
AATGAGGCACCAATCC-1,343,35,GRCh38
AATGATGAGGTTCCTT-1,25241,102,GRCh38
AATGCAAAGCCGATGT-1,18598,107,GRCh38
AATGCAAAGTAGGACG-1,120,34,GRCh38
AATGCAAAGTAGGGCA-1,10069,116,GRCh38
AATGCAAAGTTAGTAC-1,18874,86,GRCh38
AATGCACCACAGCGTA-1,3652,78,GRCh38
AATGCACCACTATCAT-1,364,60,GRCh38
AATGCAGGTCAAGCGG-1,6710,105,GRCh38
AATGCAGGTCAGCGAG-1,4167,95,GRCh38
AATGCAGGTGGCGACA-1,1041,111,GRCh38
AATGCCTGTAGTCCAT-1,7663,136,GRCh38
AATGCCTGTCAAGTCT-1,1842,25,GRCh38
AATGCCTGTCATTCCC-1,1454,29,GRCh38
AATGCCTGTGAAGTTG-1,2432,42,GRCh38
AATGCCTGTTCGCGTA-1,145,48,GRCh38
AATGCCTGTTTCGGGC-1,547,15,GRCh38
AATGCGAGTAACTCGT-1,342,87,GRCh38
AATGCGAGTGAGTGAC-1,451,36,GRCh38
AATGCGAGTTTACAGC-1,608,15,GRCh38
AATGCGGAGCGATTGC-1,62662,170,Multiplet
AATGGATGTAGTGATG-1,687,50,GRCh38
AATGGATGTCTAAGTC-1,13025,110,GRCh38
AATGGATGTCTTACGG-1,123,33,GRCh38
AATGGATGTTGGGTAA-1,244,38,GRCh38
AATGGCAGTTAACGCT-1,3707,80,GRCh38
AATGGCCTCACGCCGA-1,5799,117,GRCh38
AATGGCCTCCCTCTCT-1,169,38,GRCh38
AATGGCCTCCGCGTCT-1,1229,19,GRCh38
AATGGCCTCCTCTAGT-1,7189,90,GRCh38
AATGGCCTCGTAACCA-1,1912,85,GRCh38
AATGGCGAGCCATCAA-1,179,38,GRCh38
AATGGCGAGCGACTGT-1,3564,79,GRCh38
AATGGCGAGCGATAGG-1,134,130,GRCh38
AATGGCGAGGAATTGA-1,2955,67,GRCh38
AATGGCGAGGTAGGAT-1,3920,57,GRCh38
AATGGCGAGTACGCTA-1,14232,105,GRCh38
AATGGCTCAAGGTGAA-1,19120,122,GRCh38
AATGGCTCACATTAAG-1,360,37,GRCh38
AATGGCTCACTAGGGC-1,5552,122,GRCh38
AATGGCTCATGGTCGA-1,11018,99,GRCh38
AATGGGACAATACCAA-1,928,61,GRCh38
AATGGGACAATACGCG-1,24808,164,Multiplet
AATGGGACAATTGCCC-1,16459,142,GRCh38
AATGGGACACTATCTG-1,321,51,GRCh38
AATGGGCGTAATCACC-1,311,51,GRCh38
AATGGGCGTTTCCGTC-1,254,43,GRCh38
AATGGGGTCACCACGG-1,5754,60,GRCh38
AATGGGGTCAGCATTG-1,25984,186,Multiplet
AATGGGGTCCCGCTTA-1,155,36,GRCh38
AATGGGGTCCTTCATA-1,19984,111,GRCh38
AATGGGTAGCAAGGCA-1,12815,137,GRCh38
AATGGGTAGGTCCACG-1,510,202,Multiplet
AATGGGTAGTAGCATT-1,4121,79,GRCh38
AATGGTAAGAATCCAT-1,16029,120,GRCh38
AATGGTAAGGATCTAT-1,121,33,GRCh38
AATGGTAAGTAGTAGA-1,688,44,GRCh38
AATGGTAAGTATCTCC-1,493,33,GRCh38
AATGTCCGTAACGTCT-1,26640,128,GRCh38
AATGTCCGTAGGCCAG-1,768,42,GRCh38
AATGTCCGTATTGGGA-1,142,39,GRCh38
AATGTCCGTGCAAGCG-1,223,44,GRCh38
AATGTCCGTTGGAGCG-1,10349,106,GRCh38
AATGTGAAGGTATCTG-1,227,40,GRCh38
AATGTGAAGTAGCTCA-1,149,84,GRCh38
AATGTGTTCAATCCCT-1,145,34,GRCh38
AATGTGTTCAATGGTT-1,3913,56,GRCh38
AATGTGTTCCAATGCA-1,201,42,GRCh38
AATGTTGCAAAGGTGA-1,1200,48,GRCh38
AATGTTGCAACGGCAC-1,3916,99,GRCh38
AATGTTGCAGGCAAGG-1,163,125,GRCh38
AATTACGCAAGGTCAT-1,214,33,GRCh38
AATTACGCATAGACGT-1,1717,77,GRCh38
AATTCAGCAATTGGCG-1,277,38,GRCh38
AATTCAGCACATATAG-1,5920,81,GRCh38
AATTCAGCACTATCCA-1,43640,205,Multiplet
AATTCAGCATCCATAT-1,7962,99,GRCh38
AATTCAGCATCGCTTA-1,635,22,GRCh38
AATTCAGCATGATCCC-1,918,46,GRCh38
AATTCCTCAACCGTGA-1,157,36,GRCh38
AATTCCTCAAGCTCCT-1,146,35,GRCh38
AATTCCTCAAGTGTGT-1,270,58,GRCh38
AATTCCTCAAGTTCGG-1,16341,136,GRCh38
AATTCCTCAATAGGAG-1,111,33,GRCh38
AATTCCTCAATAGGGA-1,10469,153,Multiplet
AATTCCTCAATATCGA-1,132,48,GRCh38
AATTCCTCACAGGGTC-1,764,25,GRCh38
AATTCCTCACTAAGGT-1,2165,55,GRCh38
AATTCCTCACTTCAGC-1,137,34,GRCh38
AATTCCTCAGCTCTAC-1,202,52,GRCh38
AATTCCTCAGGCAGAG-1,5902,76,GRCh38
AATTCCTCAGTTGACG-1,142,34,GRCh38
AATTCCTCATAAGCAC-1,28960,271,Multiplet
AATTCCTCATCGACAG-1,135,37,GRCh38
AATTCCTCATTACAGA-1,10871,134,GRCh38
AATTCCTCATTAGCCC-1,128,34,GRCh38
AATTGGGGTATGTGCT-1,182,49,GRCh38
AATTGGGGTGATGATG-1,24760,122,GRCh38
AATTGGGGTGCGGATG-1,883,12,GRCh38
AATTGGGGTTGCAATC-1,131,34,GRCh38
AATTGGTTCACCCTGC-1,241,41,GRCh38
AATTGGTTCGAACGGA-1,2723,14,GRCh38
AATTGGTTCGACTATG-1,115,34,GRCh38
AATTGGTTCGTCTCGC-1,19295,128,GRCh38
AATTGGTTCTAGCTCT-1,24977,80,GRCh38
AATTGTCAGCATGGAG-1,1442,33,GRCh38
AATTGTCAGCTAGCGT-1,39170,141,GRCh38
AATTGTCAGCTGGAGA-1,6519,58,GRCh38
AATTGTCAGGCGCATT-1,22856,199,Multiplet
AATTGTCAGTAATGCT-1,3989,121,GRCh38
AATTGTCAGTATGTGT-1,110,36,GRCh38
AATTGTCAGTGGCCTG-1,2374,108,GRCh38
ACAACATTCCACCATT-1,492,85,GRCh38
ACAACATTCCCGGCAA-1,2392,45,GRCh38
ACAACATTCCGCATGG-1,560,108,GRCh38
ACAACATTCTAACTGG-1,125,33,GRCh38
ACAACCATCACATAGT-1,2323,72,GRCh38
ACAACCATCCACCATT-1,149,33,GRCh38
ACAACCATCCAGATGC-1,154,38,GRCh38
ACAACCATCCTGTATC-1,328,37,GRCh38
ACAACCATCGATGTGC-1,73950,183,Multiplet
ACAACCGCATCCATTG-1,3447,52,GRCh38
ACAACCGCATGATATG-1,260,35,GRCh38
ACAACCTGTGAGTTGA-1,8952,30,GRCh38
ACAACCTGTTCGTGCA-1,271,35,GRCh38
ACAACTTAGCCCGTAG-1,670,47,GRCh38
ACAACTTAGCCTGACG-1,20705,143,GRCh38
ACAACTTAGCGCTCCT-1,6910,62,GRCh38
ACAACTTAGGTACGTC-1,236,48,GRCh38
ACAACTTAGTTACCGA-1,18629,138,GRCh38
ACAACTTAGTTGCACA-1,4450,55,GRCh38
ACAAGCCTCGAAGCTC-1,558,108,GRCh38
ACAAGCCTCGATGTCA-1,1574,46,GRCh38
ACAAGCGAGAAGCAAC-1,103,33,GRCh38
ACAAGCGAGCGAGCTT-1,200,43,GRCh38
ACAAGCGAGGAACTGG-1,19091,85,GRCh38
ACAAGCGAGGATGACG-1,14269,98,GRCh38
ACAAGCGAGGCTCTGG-1,5012,94,GRCh38
ACAAGCGAGGTACGCT-1,22475,129,GRCh38
ACAAGCGAGTATGTAC-1,1132,84,GRCh38
ACAAGCGAGTGGGTCT-1,8054,149,Multiplet
ACAAGCTCATGAGCAT-1,156,34,GRCh38
ACAAGCTCATTAGAGC-1,2075,53,GRCh38
ACAAGGCGTTCGCGGT-1,39555,261,Multiplet
ACAAGGGTCACCTTCG-1,1164,68,GRCh38
ACAAGGGTCACGTTGA-1,1795,38,GRCh38
ACAAGGGTCCCGCAAG-1,41481,200,Multiplet
ACAAGGTAGCATCAAT-1,20060,128,GRCh38
ACAAGGTAGTTGGGTC-1,63159,149,Multiplet
ACAAGTAAGCCGCATG-1,192,33,GRCh38
ACAAGTAAGTCGAAGG-1,4976,129,GRCh38
ACAAGTTTCAGGTTGC-1,4240,48,GRCh38
ACAAGTTTCATGACTG-1,18731,133,GRCh38
ACAATAGAGTGATGGG-1,6141,44,GRCh38
ACAATAGAGTTACGGC-1,378,42,GRCh38
ACAATCACAATCCTAT-1,108,35,GRCh38
ACAATCACAATGAGTC-1,35313,186,Multiplet
ACAATCACACATAGTA-1,3254,43,GRCh38
ACAATCCGTAACCCAT-1,13241,50,GRCh38
ACAATCCGTAAGGTCA-1,682,69,GRCh38
ACAATCCGTTATGGGA-1,15263,121,GRCh38
ACAATCCGTTATGTCA-1,287,57,GRCh38
ACAATCCGTTCCCGAA-1,26623,133,GRCh38
ACAATCCGTTGCATCG-1,5593,78,GRCh38
ACAATCCGTTTCAGTA-1,2764,46,GRCh38
ACAATGAAGAATCCTG-1,3855,112,GRCh38
ACAATGAAGCCACTCC-1,133,36,GRCh38
ACAATGAAGTAACCTG-1,209,36,GRCh38
ACAATGAAGTACCAAT-1,21712,141,GRCh38
ACAATGAAGTAGGCAG-1,3759,44,GRCh38
ACAATGAAGTAGGTAA-1,313,39,GRCh38
ACAATGAAGTTGCCTT-1,2287,15,GRCh38
ACAATGGGTAGCGGCA-1,38398,192,Multiplet
ACAATGGGTCTTGAAC-1,1619,71,GRCh38
ACAATGGGTTCCTGTC-1,137,35,GRCh38
ACAATGGGTTTAAGCC-1,63880,216,Multiplet
ACAATTCAGAAGGAAG-1,789,37,GRCh38
ACAATTCAGCATCGAC-1,734,56,GRCh38
ACAATTCAGCCTGCGA-1,371,40,GRCh38
ACAATTCAGTAGAGGT-1,16996,120,GRCh38
ACACAACCACATTGCC-1,2069,26,GRCh38
ACACAACCATGACTCC-1,1648,41,GRCh38
ACACAAGGTCATGCCA-1,1159,34,GRCh38
ACACAAGGTTCGTCCT-1,259,41,GRCh38
ACACAAGGTTCTGGTG-1,6056,72,GRCh38
ACACAAGGTTGGACGG-1,185,33,GRCh38
ACACACGCAAGCTGCA-1,241,60,GRCh38
ACACACGCAAGTGTGT-1,20352,97,GRCh38
ACACACGCACATTGGG-1,254,33,GRCh38
ACACACGCACTAGTAA-1,28016,158,Multiplet
ACACACGCACTATCGC-1,124,34,GRCh38
ACACACGCAGGAATGA-1,6536,50,GRCh38
ACACACGCAGGTATGT-1,58342,176,Multiplet
ACACACGCATAATTGG-1,326,52,GRCh38
ACACACGCATCAATCT-1,23717,96,GRCh38
ACACACGCATCCAATT-1,38097,144,GRCh38
ACACAGTCAACTCGGA-1,29534,153,Multiplet
ACACAGTCACATTCAT-1,176,47,GRCh38
ACACAGTCACCACAGA-1,4463,94,GRCh38
ACACAGTCATGGATTA-1,500,19,GRCh38
ACACATTAGTAACGAA-1,867,20,GRCh38
ACACATTAGTATCTGG-1,1217,59,GRCh38
ACACATTAGTCTAGGC-1,281,42,GRCh38
ACACATTAGTTAGATC-1,21549,106,GRCh38
ACACATTAGTTAGTAC-1,1059,66,GRCh38
ACACCAATCACGGATC-1,7859,66,GRCh38
ACACCAATCACTCTGT-1,5502,57,GRCh38
ACACCAATCGTGAATT-1,10373,92,GRCh38
ACACCAGCAGGGCATC-1,34695,198,Multiplet
ACACCCAGTAATGACG-1,5015,36,GRCh38
ACACCCAGTAGGTCGG-1,702,7,GRCh38
ACACCCAGTTCGCATG-1,1095,17,GRCh38
ACACCCTCAATCGTCC-1,3374,95,GRCh38
ACACCCTCATGACCCT-1,229,42,GRCh38
ACACGAAGTCAATGGA-1,229,38,GRCh38
ACACGAAGTCAGTATC-1,6948,116,GRCh38
ACACGAAGTGCGGCTT-1,18372,190,Multiplet
ACACGAAGTTACTGCG-1,192,103,GRCh38
ACACGAAGTTGAGTTC-1,949,7,GRCh38
ACACGATCATGGAACT-1,6200,217,Multiplet
ACACGGGGTCTGTGCA-1,131,40,GRCh38
ACACGGGGTTGCCCTT-1,268,57,GRCh38
ACACGGGGTTGGTTCG-1,325,49,GRCh38
ACACGGTTCAGCCCGA-1,14584,96,GRCh38
ACACGGTTCGTACTAG-1,8118,125,GRCh38
ACACGGTTCTATGGGC-1,27550,185,Multiplet
ACACGGTTCTCACATC-1,271,54,GRCh38
ACACGGTTCTTGATGG-1,6089,41,GRCh38
ACACGTTGTTCCCAGA-1,2127,59,GRCh38
ACACTAGTCACTTCAC-1,268,33,GRCh38
ACACTAGTCATCACCT-1,3959,125,GRCh38
ACACTAGTCCATGCGG-1,4137,88,GRCh38
ACACTAGTCCGCCTTA-1,9672,57,GRCh38
ACACTAGTCCGTATGA-1,114,36,GRCh38
ACACTAGTCCGTGAAC-1,2133,44,GRCh38
ACACTAGTCGCTATCT-1,51882,104,GRCh38
ACACTAGTCTAACTCC-1,12238,118,GRCh38
ACACTAGTCTCACCGC-1,28270,198,Multiplet
ACACTCCCAATCTCAT-1,244,46,GRCh38
ACACTCCCATGCTACC-1,10024,27,GRCh38
ACACTGATCATACTGG-1,16369,120,GRCh38
ACACTGATCATGGCCG-1,892,57,GRCh38
ACACTGATCCTTGATC-1,6015,136,GRCh38
ACAGAACAGAAGGGCC-1,25699,182,Multiplet
ACAGAACAGCAAGGAT-1,5924,125,GRCh38
ACAGAACAGCATGGTC-1,54159,134,GRCh38
ACAGAACAGCTGGTAC-1,21740,110,GRCh38
ACAGAACAGTGGCCTG-1,1800,72,GRCh38
ACAGAACAGTTAGATC-1,10205,89,GRCh38
ACAGAATGTAGTTGCT-1,10399,119,GRCh38
ACAGAATGTATAGCTC-1,898,27,GRCh38
ACAGAATGTTCACCAG-1,24621,150,Multiplet
ACAGACAGTATGTGTC-1,3449,113,GRCh38
ACAGACAGTCTTGGTG-1,228,36,GRCh38
ACAGACAGTGACTCCA-1,2152,36,GRCh38
ACAGACTCAAGGTAGA-1,1127,331,Multiplet
ACAGACTCATGCGCTT-1,39651,155,Multiplet
ACAGACTCATTAGCAA-1,1560,2710,Multiplet
ACAGACTCATTGCCAC-1,662,53,GRCh38
ACAGATGGTATGTGAG-1,217,35,GRCh38
ACAGCAAGTTCGCATG-1,759,38,GRCh38
ACAGCAAGTTCGTTGG-1,38237,205,Multiplet
ACAGCAAGTTGGATAG-1,180,39,GRCh38
ACAGCAAGTTGGCCGT-1,4364,122,GRCh38
ACAGCAAGTTGGTCAT-1,307,51,GRCh38
ACAGCCACAAACCAAC-1,33042,90,GRCh38
ACAGCCACACCTCAAC-1,150,35,GRCh38
ACAGCCACACCTTGCG-1,168,33,GRCh38
ACAGCCACAGTACTAA-1,518,33,GRCh38
ACAGCCACATGGAATC-1,25005,180,Multiplet
ACAGCCCGTGCAATCT-1,57299,135,GRCh38
ACAGCCCGTTCCAGGC-1,8745,80,GRCh38
ACAGCCCGTTCTGGTG-1,15099,158,Multiplet
ACAGCGAAGCAGGTGA-1,5166,333,Multiplet
ACAGCGAAGCATTCAG-1,23909,143,GRCh38
ACAGCGAAGCTAGTTG-1,48744,166,Multiplet
ACAGCGAAGCTGGACT-1,18545,149,Multiplet
ACAGCGAAGGATTACT-1,3983,90,GRCh38
ACAGCGGGTGAGGTAC-1,359,61,GRCh38
ACAGCGGGTTACACCG-1,643,52,GRCh38
ACAGCGGGTTTACACA-1,994,518,Multiplet
ACAGCTATCGACATGC-1,58968,100,GRCh38
ACAGCTATCGTGACCG-1,173,39,GRCh38
ACAGCTATCGTGCCTC-1,1172,44,GRCh38
ACAGCTCAGGGTATCC-1,4337,67,GRCh38
ACAGCTCAGTAAGTTC-1,233,36,GRCh38
ACAGCTCAGTATGAGA-1,5328,59,GRCh38
ACAGCTCAGTCGAGAG-1,647,19,GRCh38
ACAGCTCAGTGGCGAA-1,2094,40,GRCh38
ACAGCTTGTGAGGTAC-1,17258,94,GRCh38
ACAGCTTGTGAGTGCG-1,10406,116,GRCh38
ACAGCTTGTTAAGGAT-1,190,63,GRCh38
ACAGCTTGTTGCGCTA-1,176,38,GRCh38
ACAGGAACATTCCTGA-1,490,35,GRCh38
ACAGGATAGAACGAAC-1,522,24,GRCh38
ACAGGATAGCTATCAG-1,25914,102,GRCh38
ACAGGATAGTAATGTC-1,14525,194,Multiplet
ACAGGATAGTGGCTCG-1,1091,17,GRCh38
ACAGGCAAGTAGCTCA-1,19995,118,GRCh38
ACAGGCAAGTTGCCGG-1,142,34,GRCh38
ACAGGCGGTTAGCTTA-1,1138,61,GRCh38
ACAGGCGGTTCGCAGC-1,129,34,GRCh38
ACAGGCTTCAATCAAC-1,6140,86,GRCh38
ACAGGCTTCAATCCGA-1,48453,200,Multiplet
ACAGGCTTCAATGTAC-1,1433,35,GRCh38
ACAGGCTTCCATCCTG-1,163,37,GRCh38
ACAGGCTTCGCGCTCT-1,3678,50,GRCh38
ACAGGCTTCGCGCTGA-1,135,34,GRCh38
ACAGGCTTCGTTCACT-1,48538,158,Multiplet
ACAGGGATCAATTGCG-1,231,47,GRCh38
ACAGGGATCCATATCC-1,23167,116,GRCh38
ACAGGGATCCCGCTTA-1,1263,19,GRCh38
ACAGGGATCCTGGGAT-1,194,40,GRCh38
ACAGGGGCAAAGGATG-1,218,41,GRCh38
ACAGGGGCAAATGAGG-1,3459,67,GRCh38
ACAGGGGCAAATGGAG-1,49237,174,Multiplet
ACAGGGGCAACCGTAG-1,3964,59,GRCh38
ACAGGGGCAACTGCGA-1,183,33,GRCh38
ACAGGGGCATCGGTTC-1,189,41,GRCh38
ACAGGTAGTTTAGTTG-1,577,23,GRCh38
ACAGGTGAGCCACATA-1,5768,78,GRCh38
ACAGGTGAGGGTAGGC-1,7522,64,GRCh38
ACAGGTGAGTAGCGAG-1,9567,81,GRCh38
ACAGGTTCAAAGGAGC-1,667,34,GRCh38
ACAGGTTCAACTCGTC-1,14611,87,GRCh38
ACAGGTTCAGGGACAG-1,1846,31,GRCh38
ACAGTCATCACACCGG-1,305,54,GRCh38
ACAGTCATCCATGCTT-1,1457,68,GRCh38
ACAGTCATCCTCGTGC-1,328,80,GRCh38
ACAGTCATCTGGATGC-1,2032,20,GRCh38
ACAGTCGCAACTGTCC-1,3594,53,GRCh38
ACAGTCGCAGGTTGGC-1,9963,118,GRCh38
ACAGTCGCATCCCAGT-1,194,41,GRCh38
ACAGTCGCATTAAGTG-1,381,35,GRCh38
ACAGTGAGTTGTCCAG-1,1119,22,GRCh38
ACAGTTACAACCAACG-1,334,37,GRCh38
ACAGTTACACAAGGCC-1,39365,237,Multiplet
ACAGTTACACTTGAGG-1,4335,104,GRCh38
ACAGTTACATAAGTTG-1,1372,21,GRCh38
ACAGTTGTCACAGGCT-1,32084,156,Multiplet
ACAGTTGTCCTCGACC-1,393,51,GRCh38
ACAGTTTAGAAGGACT-1,17952,107,GRCh38
ACAGTTTAGGCACATC-1,277,42,GRCh38
ACAGTTTAGTCGCTAA-1,53402,215,Multiplet
ACATAGAAGCTACTGA-1,5457,61,GRCh38
ACATAGAAGGGGTACA-1,544,13,GRCh38
ACATAGCCACCTATCA-1,725,143,GRCh38
ACATAGCCATAATTGG-1,253,42,GRCh38
ACATAGCCATCCTAAT-1,33069,174,Multiplet
ACATATCAGTAGCATT-1,1346,176,Multiplet
ACATCATAGAACGGCA-1,2644,59,GRCh38
ACATCATAGGTATATC-1,19885,124,GRCh38
ACATCATAGGTTGAGG-1,964,11,GRCh38
ACATCATAGTCAGGAG-1,981,81,GRCh38
ACATCCCCAATCGCCT-1,3036,30,GRCh38
ACATCCGGTAAGTAAC-1,2387,41,GRCh38
ACATCCGGTCTCCATC-1,6329,122,GRCh38
ACATCCGGTGACGAAC-1,261,46,GRCh38
ACATCCGGTGCATCGC-1,245,34,GRCh38
ACATCCGGTGGCCTGT-1,659,35,GRCh38
ACATCCGGTTTGAGCT-1,20749,111,GRCh38
ACATCCTTCCCCATGC-1,651,38,GRCh38
ACATCCTTCGATCCTT-1,3606,31,GRCh38
ACATCCTTCTTGACTC-1,792,37,GRCh38
ACATCTTCAACGGTCA-1,536,21,GRCh38
ACATCTTCAGGCTACA-1,22539,155,Multiplet
ACATGAAAGGCGATCT-1,20816,96,GRCh38
ACATGAAAGTCATGCA-1,12292,117,GRCh38
ACATGAGGTCAGTGCC-1,74827,161,Multiplet
ACATGAGGTTATGACC-1,233,39,GRCh38
ACATGCATCACAGGGA-1,53743,220,Multiplet
ACATGCATCCGGGTTG-1,1595,107,GRCh38
ACATGCATCTGGTCGG-1,268,41,GRCh38
ACATGCCAGGCAACTC-1,7309,163,Multiplet
ACATGCCAGGTTCCTT-1,731,63,GRCh38
ACATGCCAGTCAGCCG-1,4456,99,GRCh38
ACATGGCTCAATCCAG-1,259,39,GRCh38
ACATGGCTCACTATCC-1,171,33,GRCh38
ACATGGCTCCACCGCT-1,12952,93,GRCh38
ACATGGTCAAATGGAG-1,2153,99,GRCh38
ACATGGTCAATTCGGG-1,44554,240,Multiplet
ACATGGTCATGACAGT-1,15236,148,Multiplet
ACATGTTAGCAAGTGG-1,22302,114,GRCh38
ACATGTTAGCCTGGTG-1,5129,107,GRCh38
ACATGTTAGCTAGCAC-1,222,36,GRCh38
ACATGTTAGTTGGGTC-1,60777,151,Multiplet
ACATTAGCAACCCTAC-1,212,53,GRCh38
ACATTAGCAACGGCAC-1,151,35,GRCh38
ACATTAGCAAGCCAAT-1,2846,114,GRCh38
ACATTAGCAGGAACGG-1,1158,21,GRCh38
ACATTCAGTTATCCTT-1,2451,28,GRCh38
ACATTCAGTTGAATCC-1,7417,77,GRCh38
ACATTCAGTTTAGGCT-1,131,34,GRCh38
ACATTCCTCAGCAACC-1,135,45,GRCh38
ACATTCCTCCGCTGTC-1,155,38,GRCh38
ACATTCCTCCGTAGTA-1,151,43,GRCh38
ACATTCCTCGATGCGT-1,17753,114,GRCh38
ACATTCCTCGCGTGTG-1,40490,157,Multiplet
ACATTCCTCTATCCTA-1,168,35,GRCh38
ACATTCCTCTGGCTCC-1,152,36,GRCh38
ACATTCCTCTGTCTAC-1,257,49,GRCh38
ACATTGGTCACACTAG-1,240,35,GRCh38
ACATTGGTCCCCATGC-1,15053,120,GRCh38
ACATTGGTCGACATCA-1,10620,143,GRCh38
ACATTGGTCGTTCATC-1,4343,62,GRCh38
ACATTGGTCTGGTCCC-1,6252,59,GRCh38
ACATTTCCACTTCATG-1,299,46,GRCh38
ACATTTCCATTCCTGA-1,337,41,GRCh38
ACATTTGGTAGTGCCC-1,3550,53,GRCh38
ACATTTGGTCTCCAGA-1,8477,36,GRCh38
ACATTTGGTGAGGTGT-1,229,33,GRCh38
ACATTTGGTGATCCTG-1,136,34,GRCh38
ACATTTGGTTCACTGG-1,139,39,GRCh38
ACATTTGGTTTACACA-1,42061,183,Multiplet
ACATTTGGTTTGCCAG-1,4530,63,GRCh38
ACATTTGGTTTGGCAT-1,11116,120,GRCh38
ACCAAACCAAACCGAT-1,1678,18,GRCh38
ACCAAACCACCATGCT-1,156,35,GRCh38
ACCAAACCAGTAAGCT-1,800,16,GRCh38
ACCAAACCATTGCGTC-1,848,41,GRCh38
ACCAAAGGTGAGTCCC-1,543,381,Multiplet
ACCAAAGGTGATGGAC-1,16472,124,GRCh38
ACCAAATTCCACCATT-1,1821,12,GRCh38
ACCAAATTCCCCATCA-1,962,49,GRCh38
ACCAACATCATCACGA-1,31065,201,Multiplet
ACCAACATCCATCTCG-1,238,40,GRCh38
ACCAACATCCGCGGTA-1,154,33,GRCh38
ACCAACATCCGTAGAC-1,804,35,GRCh38
ACCAAGCTCACTCATC-1,2724,28,GRCh38
ACCAAGCTCAGGAGAT-1,29731,127,GRCh38
ACCAAGCTCAGTATGT-1,725,42,GRCh38
ACCAAGCTCCTCGTTG-1,33928,99,GRCh38
ACCAAGTCACAATGCG-1,10824,127,GRCh38
ACCAAGTCATCGACTC-1,2288,84,GRCh38
ACCAAGTCATGGTAAC-1,21172,119,GRCh38
ACCAAGTCATGTCGTC-1,4361,93,GRCh38
ACCAATGTCACTCTGT-1,162,53,GRCh38
ACCAATGTCATACTCC-1,148,45,GRCh38
ACCAATGTCGTGATGC-1,1521,42,GRCh38
ACCAATTAGGATGCCT-1,6772,67,GRCh38
ACCAATTAGGTGATCC-1,230,36,GRCh38
ACCAATTAGTAATTGC-1,859,59,GRCh38
ACCACAATCACAGGGA-1,236,34,GRCh38
ACCACAATCATGCTTC-1,145,37,GRCh38
ACCACAATCCAACTCT-1,4113,87,GRCh38
ACCACAATCCGGAGTT-1,787,49,GRCh38
ACCACAATCCGTCATT-1,16477,322,Multiplet
ACCACACAGATTCCCT-1,6463,106,GRCh38
ACCACACAGTATGTCG-1,259,39,GRCh38
ACCACACAGTCATAGT-1,444,36,GRCh38
ACCACAGCAACCTTCA-1,11850,116,GRCh38
ACCACAGCAATAGGGA-1,1806,30,GRCh38
ACCACAGCACATAGGT-1,2143,338,Multiplet
ACCACAGCACCTCGAT-1,14537,125,GRCh38
ACCACAGCATGCTGTC-1,180,44,GRCh38
ACCACCTCAAACTGTA-1,143,50,GRCh38
ACCACCTCAATGGAAG-1,592,40,GRCh38
ACCACCTCAGGGATGG-1,19756,115,GRCh38
ACCACGTAGATTCGGC-1,29017,177,Multiplet
ACCACGTAGGCAATGG-1,32955,187,Multiplet
ACCACGTAGTCAAGGG-1,251,33,GRCh38
ACCACTAAGCATCTAG-1,258,48,GRCh38
ACCACTAAGCCATGCG-1,22143,122,GRCh38
ACCACTAAGGAGGTTG-1,692,34,GRCh38
ACCACTAAGGATGCCT-1,2169,128,GRCh38
ACCACTAAGGCACGTT-1,47418,186,Multiplet
ACCAGGCCAAGCCTCT-1,23244,107,GRCh38
ACCAGGCCATCACTGC-1,147,38,GRCh38
ACCAGGCCATGCGGAC-1,507,47,GRCh38
ACCAGGCCATTACTCG-1,112,33,GRCh38
ACCATAACAAACCCGA-1,2893,54,GRCh38
ACCATAACACTAGCTC-1,573,41,GRCh38
ACCATAACAGCTACGA-1,1153,78,GRCh38
ACCATAGTCACCATCT-1,369,44,GRCh38
ACCATAGTCATCACCT-1,3945,91,GRCh38
ACCATAGTCCTCGATT-1,304,67,GRCh38
ACCATATAGCCCGTTC-1,1326,46,GRCh38
ACCATATAGCGACTAC-1,10645,68,GRCh38
ACCATATAGCGGAGTA-1,1918,125,GRCh38
ACCATATAGTCATCAG-1,30260,125,GRCh38
ACCATCAAGGCATGGA-1,1016,18,GRCh38
ACCATCAAGGGTCATC-1,707,28,GRCh38
ACCATCAAGGTGGACA-1,39126,179,Multiplet
ACCATCAAGTCATGGC-1,4894,89,GRCh38
ACCATCAAGTGAGCAG-1,261,38,GRCh38
ACCATCAAGTTGCATG-1,295,43,GRCh38
ACCATCCCAACGTTCC-1,294,54,GRCh38
ACCATCCCACATTCAT-1,177,35,GRCh38
ACCATCCCATTCAACT-1,9730,49,GRCh38
ACCATTAGTCAGTCGC-1,124,35,GRCh38
ACCATTAGTGCAGTCC-1,5940,30,GRCh38
ACCATTAGTTTGACTA-1,16195,107,GRCh38
ACCATTGAGCATAGGG-1,342,35,GRCh38
ACCATTGAGCCTGAAC-1,224,39,GRCh38
ACCATTGAGTAATGAG-1,159,42,GRCh38
ACCATTGAGTCGCTCC-1,9614,42,GRCh38
ACCATTTCAATTAGTG-1,11835,102,GRCh38
ACCATTTCAGGAGCCT-1,234,36,GRCh38
ACCATTTCATGGCTTC-1,1636,30,GRCh38
ACCCAAATCACCTCTG-1,120,43,GRCh38
ACCCAAATCAGGCACT-1,1046,22,GRCh38
ACCCAAATCATGCCGG-1,12899,135,GRCh38
ACCCAAATCCGTGAGT-1,543,39,GRCh38
ACCCAAATCCTGGGAT-1,22077,170,Multiplet
ACCCAACAGCTAGCGT-1,1047,44,GRCh38
ACCCAACAGGGTAGGC-1,41654,217,Multiplet
ACCCAACAGTTACCCT-1,8868,157,Multiplet
ACCCAATGTGATCCAT-1,343,38,GRCh38
ACCCAATGTGCGAGAT-1,1945,40,GRCh38
ACCCAATGTTGGCTGC-1,187,38,GRCh38
ACCCAGACAAGCTAGT-1,33618,169,Multiplet
ACCCAGACATAATCCT-1,21344,142,GRCh38
ACCCAGACATCCGCTG-1,31338,120,GRCh38
ACCCAGGTCACAGCAC-1,243,35,GRCh38
ACCCAGGTCAGCGGAA-1,7066,120,GRCh38
ACCCAGGTCGACCCAG-1,147,34,GRCh38
ACCCAGTAGAACGGTG-1,4978,79,GRCh38
ACCCAGTAGCGCTACG-1,208,41,GRCh38
ACCCAGTAGGTGCTAC-1,1955,27,GRCh38
ACCCAGTAGGTTGAGG-1,4970,77,GRCh38
ACCCAGTAGTTAGACT-1,13839,69,GRCh38
ACCCATAAGTAGAGGT-1,7017,94,GRCh38
ACCCATAAGTAGCCGT-1,3887,73,GRCh38
ACCCATAAGTCATCTC-1,3266,23,GRCh38
ACCCATAAGTGGCTTA-1,26370,140,GRCh38
ACCCATCCAAGGGATA-1,19510,160,Multiplet
ACCCATCCAAGGTCTG-1,16365,99,GRCh38
ACCCATCCACATGCTC-1,39259,200,Multiplet
ACCCATCCAGGCAACC-1,1674,94,GRCh38
ACCCATGGTGAGTAGC-1,205,34,GRCh38
ACCCATGGTTCCAGAT-1,52764,194,Multiplet
ACCCATTTCTAACCAG-1,3184,62,GRCh38
ACCCATTTCTGGCACG-1,259,38,GRCh38
ACCCCAAGTGGCGTTC-1,202,45,GRCh38
ACCCCAAGTTGACCAT-1,9744,99,GRCh38
ACCCCATCAAGCCATG-1,272,44,GRCh38
ACCCCATCATGTCGTC-1,401,36,GRCh38
ACCCCGAAGAATCATC-1,10888,134,GRCh38
ACCCCGAAGCGATCAC-1,1120,19,GRCh38
ACCCCGAAGGGGTCAA-1,3489,57,GRCh38
ACCCCGAAGGTAAGTA-1,1060,17,GRCh38
ACCCCGAAGGTCCAGT-1,19645,122,GRCh38
ACCCCGAAGTGAACTT-1,9493,90,GRCh38
ACCCCGTTCCCTCAAT-1,128,35,GRCh38
ACCCCGTTCCGTCATT-1,135,35,GRCh38
ACCCCGTTCCGTGAAC-1,31560,236,Multiplet
ACCCCGTTCGACCCAG-1,160,38,GRCh38
ACCCCGTTCGTAACCA-1,26122,139,GRCh38
ACCCCGTTCGTGCCCT-1,4888,38,GRCh38
ACCCCGTTCTCACTGT-1,839,26,GRCh38
ACCCCTGCACAATCCC-1,164,34,GRCh38
ACCCCTGCACATGCAG-1,167,44,GRCh38
ACCCCTGCACCTCACG-1,142,38,GRCh38
ACCCCTGCATAGAGGA-1,38345,179,Multiplet
ACCCCTGCATTAGTCT-1,51020,216,Multiplet
ACCCCTTGTATGGCCC-1,141,36,GRCh38
ACCCCTTGTTAGGTTC-1,22993,202,Multiplet
ACCCCTTGTTGCCTCT-1,148,33,GRCh38
ACCCGAACAACTAGGT-1,29069,169,Multiplet
ACCCGAACAATCAATG-1,9014,285,Multiplet
ACCCGAACAGCACTGA-1,219,35,GRCh38
ACCCGATAGTACCAAT-1,1956,62,GRCh38
ACCCGCAAGCGATGAG-1,53635,181,Multiplet
ACCCGCAAGCTAGGTC-1,3242,66,GRCh38
ACCCGCAAGGCTCTGG-1,150,59,GRCh38
ACCCGCTTCAGCTAAT-1,8927,49,GRCh38
ACCCGCTTCAGTATGT-1,176,38,GRCh38
ACCCGCTTCCACCTGC-1,148,33,GRCh38
ACCCGCTTCCGGAACT-1,16654,105,GRCh38
ACCCGCTTCCGTCCAC-1,292,48,GRCh38
ACCCGCTTCTGGATCA-1,13699,76,GRCh38
ACCCGTAGTGGACAGT-1,52644,189,Multiplet
ACCCGTAGTTGCCTGA-1,8208,60,GRCh38
ACCCGTGAGCAATGAA-1,366,45,GRCh38
ACCCGTTCAAATCGCG-1,5165,66,GRCh38
ACCCGTTCAATTGCTT-1,6124,96,GRCh38
ACCCGTTCAGGACTTG-1,540,104,GRCh38
ACCCGTTCAGTTGCAG-1,472,35,GRCh38
ACCCTAGGTAAGCAAT-1,492,36,GRCh38
ACCCTAGGTAGGTCGG-1,2383,93,GRCh38
ACCCTAGGTCAGTCAT-1,10257,145,Multiplet
ACCCTAGGTGCGATCC-1,388,58,GRCh38
ACCCTAGGTTAGCAAG-1,5697,84,GRCh38
ACCCTAGGTTGTAGCT-1,974,37,GRCh38
ACCCTAGGTTGTGCTG-1,296,54,GRCh38
ACCCTATTCACACCAA-1,21388,136,GRCh38
ACCCTATTCCAGCACG-1,1668,60,GRCh38
ACCCTATTCCATCCGC-1,352,35,GRCh38
ACCCTATTCTGTAAGT-1,1337,38,GRCh38
ACCCTCATCAGCATCA-1,6445,131,GRCh38
ACCCTCATCCCGCGTT-1,136,35,GRCh38
ACCCTCATCCCTTGAT-1,4153,48,GRCh38
ACCCTCATCCGTCAGG-1,3884,44,GRCh38
ACCCTCATCGCTTGCC-1,172,36,GRCh38
ACCCTCGCAAATCTAG-1,1128,29,GRCh38
ACCCTCGCAACCTGGA-1,862,29,GRCh38
ACCCTCGCACAACTAA-1,1637,28,GRCh38
ACCCTCGCATTAGCAA-1,887,35,GRCh38
ACCCTCGCATTCGCCG-1,159,39,GRCh38
ACCCTCTGTAAGCAGC-1,5581,120,GRCh38
ACCCTCTGTAGCGAGT-1,229,36,GRCh38
ACCCTCTGTTCCCATC-1,4434,60,GRCh38
ACCCTCTGTTCGGTTG-1,789,60,GRCh38
ACCCTCTGTTTCGGCA-1,17124,93,GRCh38
ACCCTGCTCCAGGGTT-1,104,40,GRCh38
ACCCTGCTCCCAGACG-1,132,33,GRCh38
ACCCTGCTCCCGCACT-1,159,35,GRCh38
ACCCTGCTCGAACCCG-1,129,34,GRCh38
ACCCTGCTCGATCATG-1,1240,37,GRCh38
ACCCTGCTCTATGTGG-1,901,46,GRCh38
ACCCTTTAGCAATCAT-1,207,38,GRCh38
ACCCTTTAGCAGGGTA-1,3362,71,GRCh38
ACCCTTTAGGTGAGTG-1,228,44,GRCh38
ACCCTTTAGTAGGATA-1,23267,117,GRCh38
ACCCTTTAGTGCCATA-1,648,41,GRCh38
ACCCTTTAGTGGGTCT-1,17683,128,GRCh38
ACCCTTTAGTTGCGCG-1,21777,124,GRCh38
ACCCTTTAGTTGGCTA-1,315,39,GRCh38
ACCGAAAGTTCAATCA-1,275,34,GRCh38
ACCGAAAGTTGACGGG-1,251,36,GRCh38
ACCGAAAGTTGTGCCA-1,8351,100,GRCh38
ACCGACCGTAACTCTA-1,1059,49,GRCh38
ACCGACCGTTAGCGAA-1,5177,91,GRCh38
ACCGACTAGAATCCAT-1,242,37,GRCh38
ACCGACTAGCTAGTTG-1,1008,61,GRCh38
ACCGACTAGCTGGAAG-1,177,42,GRCh38
ACCGACTAGTACGCCG-1,137,35,GRCh38
ACCGAGGGTTGTAACC-1,2971,57,GRCh38
ACCGATGCAACATACA-1,3397,36,GRCh38
ACCGATGCAATACCGG-1,41997,198,Multiplet
ACCGATGCACCTGCTG-1,167,37,GRCh38
ACCGATGCACTATACT-1,351,46,GRCh38
ACCGATGCATAGACCG-1,1899,22,GRCh38
ACCGATGCATCCACGT-1,4058,190,Multiplet
ACCGATGCATCGCTGT-1,24858,168,Multiplet
ACCGATGCATCGGTGA-1,159,38,GRCh38
ACCGATGCATGATTAG-1,421,57,GRCh38
ACCGATGCATGCTCGT-1,4817,44,GRCh38
ACCGATGCATTAGTCT-1,271,39,GRCh38
ACCGATTGTCATTCGG-1,135,34,GRCh38
ACCGATTGTGACTTCG-1,25140,152,Multiplet
ACCGCAACAAATGGAG-1,325,35,GRCh38
ACCGCAACAATGCCAG-1,300,41,GRCh38
ACCGCAACACTATCAT-1,20754,135,GRCh38
ACCGCAACACTTCAAT-1,378,38,GRCh38
ACCGCCAAGATAGCCC-1,1779,77,GRCh38
ACCGCCAAGCCCTGCT-1,174,43,GRCh38
ACCGCCAAGGCTTGGT-1,111,33,GRCh38
ACCGCCAAGTAGCAGG-1,254,35,GRCh38
ACCGCTAGTCAACCCA-1,31648,153,Multiplet
ACCGCTAGTCAGCTTG-1,430,34,GRCh38
ACCGCTAGTGATCCTG-1,128,38,GRCh38
ACCGCTAGTTTACATG-1,295,57,GRCh38
ACCGCTAGTTTAGGCT-1,37731,46,GRCh38
ACCGGATTCACTCCGC-1,81852,178,Multiplet
ACCGGATTCGCTCCTA-1,1164,17,GRCh38
ACCGGATTCTTGAGTG-1,286,50,GRCh38
ACCGGCTGTAATGTCC-1,143,34,GRCh38
ACCGGCTGTTGGTCAT-1,158,36,GRCh38
ACCGGTTAGCCATCAA-1,269,35,GRCh38
ACCGGTTAGGTATCCA-1,1020,21,GRCh38
ACCGGTTAGTCAGCGT-1,1716,35,GRCh38
ACCGTTGGTAACGCGG-1,14890,78,GRCh38
ACCGTTGGTGATCCAT-1,159,36,GRCh38
ACCGTTGGTTAGGTCT-1,4227,72,GRCh38
ACCGTTGGTTTCGCTC-1,103,37,GRCh38
ACCTAACGTAGCTGCC-1,118,39,GRCh38
ACCTAACGTATAGCGA-1,2991,52,GRCh38
ACCTAACGTTAGAGTG-1,221,34,GRCh38
ACCTAACGTTGAGCGG-1,6220,35,GRCh38
ACCTAAGTCCGTGAAC-1,19628,103,GRCh38
ACCTACCCAAACTAGC-1,4394,95,GRCh38
ACCTACCCAAACTTAG-1,8860,109,GRCh38
ACCTACCCACCAACCT-1,277,42,GRCh38
ACCTACCCACCACATC-1,500,45,GRCh38
ACCTACCCACCAGCAA-1,13705,138,GRCh38
ACCTACCCACTCGCTG-1,307,119,GRCh38
ACCTACTTCAGGCACT-1,228,35,GRCh38
ACCTACTTCATCGTAG-1,5031,136,GRCh38
ACCTACTTCATGGTAT-1,1959,14,GRCh38
ACCTACTTCCATCCGC-1,145,34,GRCh38
ACCTACTTCCTTCGAT-1,267,39,GRCh38
ACCTACTTCGATATGT-1,852,17,GRCh38
ACCTACTTCTGGATAT-1,6265,68,GRCh38
ACCTATGAGGATGCCT-1,255,43,GRCh38
ACCTATGAGGCGTAGA-1,3883,109,GRCh38
ACCTATGAGGGTGACA-1,1288,24,GRCh38
ACCTATGAGGTCAAGG-1,15895,98,GRCh38
ACCTCACCATGCTCGT-1,2285,20,GRCh38
ACCTCCATCACGCATA-1,114,36,GRCh38
ACCTCCATCATCGAAT-1,39906,261,Multiplet
ACCTCCATCCTGATCT-1,308,48,GRCh38
ACCTCCATCCTTCCAG-1,137,36,GRCh38
ACCTCCATCGTGAGTC-1,281,52,GRCh38
ACCTCCGCAAATTCCT-1,7557,216,Multiplet
ACCTCCGCAACCCTAC-1,115,44,GRCh38
ACCTCCGCAACTAGGT-1,132,39,GRCh38
ACCTCCGCAACTGTCC-1,150,37,GRCh38
ACCTCCGCACTCAAGG-1,173,33,GRCh38
ACCTCCGCAGGCTTGA-1,175,37,GRCh38
ACCTCCGCATCCTGTA-1,125,37,GRCh38
ACCTCCGCATCGGTAG-1,866,28,GRCh38
ACCTCCGCATGGCCTT-1,173,34,GRCh38
ACCTCGCTCCATTGCT-1,269,37,GRCh38
ACCTCGCTCCCTCGGT-1,220,36,GRCh38
ACCTCTTAGGTAGCAG-1,23391,152,Multiplet
ACCTCTTAGGTTGCAC-1,663,17,GRCh38
ACCTGAATCCTTCGCA-1,51473,136,GRCh38
ACCTGAATCGCGAATC-1,782,23,GRCh38
ACCTGATGTAATGAGT-1,133,58,GRCh38
ACCTGATGTATGGCTT-1,8161,64,GRCh38
ACCTGATGTGATAGCA-1,5135,58,GRCh38
ACCTGATGTGGCGAAT-1,143,33,GRCh38
ACCTGATGTTATCCGG-1,281,45,GRCh38
ACCTGATGTTCCTTGC-1,25426,169,Multiplet
ACCTGATGTTCGGCAC-1,927,46,GRCh38
ACCTGATGTTCGGTGC-1,148,34,GRCh38
ACCTGATGTTGACCTG-1,140,39,GRCh38
ACCTGATGTTGCACTG-1,149,33,GRCh38
ACCTGATGTTTCGCCT-1,123,42,GRCh38
ACCTGCCTCAAGTGAA-1,36309,218,Multiplet
ACCTGCCTCCAGCACG-1,3131,43,GRCh38
ACCTGCCTCCTTAGAG-1,26962,141,GRCh38
ACCTGCCTCTGGAAGG-1,689,24,GRCh38
ACCTGGACACCTATGC-1,117,33,GRCh38
ACCTGGACACTATCCA-1,271,49,GRCh38
ACCTGGACACTTGACC-1,154,38,GRCh38
ACCTGGACAGGCTTGA-1,302,53,GRCh38
ACCTGGACAGGTTGCA-1,130,40,GRCh38
ACCTGGACATCCGGTT-1,14102,103,GRCh38
ACCTGGACATGACAGT-1,124,33,GRCh38
ACCTGGACATGACCCT-1,149,44,GRCh38
ACCTGGACATGTCGGA-1,278,47,GRCh38
ACCTGGACATTCCTTC-1,285,34,GRCh38
ACCTGGGTCAATTGGT-1,289,46,GRCh38
ACCTGGGTCACCTCAT-1,21452,149,Multiplet
ACCTGGGTCACGGATC-1,140,35,GRCh38
ACCTGGGTCACTCCAT-1,18080,109,GRCh38
ACCTGGGTCAGCTATG-1,3609,73,GRCh38
ACCTGGGTCATGTCCT-1,142,33,GRCh38
ACCTGGGTCCATATCC-1,120,35,GRCh38
ACCTGGGTCCGTGAAC-1,102,33,GRCh38
ACCTGGGTCCGTGCAG-1,15572,144,GRCh38
ACCTGGGTCCTGCATT-1,303,65,GRCh38
ACCTGGGTCCTTGATC-1,16970,128,GRCh38
ACCTGGGTCGAACGCT-1,14495,83,GRCh38
ACCTGGGTCTCACTAC-1,132,35,GRCh38
ACCTGGGTCTGGCTCC-1,139,41,GRCh38
ACCTGTCCAATGCCCT-1,138,34,GRCh38
ACCTGTCCACATGCCT-1,282,50,GRCh38
ACCTGTCCAGCACGAC-1,137,49,GRCh38
ACCTGTCCAGTTGCTC-1,23545,101,GRCh38
ACCTGTCCATAGGCAT-1,949,17,GRCh38
ACCTGTCCATAGGGTT-1,204,33,GRCh38
ACCTGTCCATCGCTGT-1,155,35,GRCh38
ACCTGTCCATGCGTAG-1,343,36,GRCh38
ACCTGTCCATTACATC-1,875,45,GRCh38
ACCTGTCCATTAGGGT-1,4796,123,GRCh38
ACCTTAAGTGGCTCGT-1,1420,23,GRCh38
ACCTTAAGTTATCTCT-1,31284,164,Multiplet
ACCTTAAGTTGAGGAC-1,12149,116,GRCh38
ACCTTAAGTTTGCCCT-1,1492,52,GRCh38
ACCTTCACAACCTGCT-1,194,59,GRCh38
ACCTTCACAAGCTACG-1,3226,57,GRCh38
ACCTTCACACCATTGC-1,375,36,GRCh38
ACCTTCACACTAGTCC-1,303,48,GRCh38
ACCTTCACAGGCTAAT-1,410,33,GRCh38
ACCTTCACATCGAACG-1,36638,199,Multiplet
ACCTTCACATGCTGTC-1,11126,124,GRCh38
ACCTTCACATTAAGTG-1,17463,95,GRCh38
ACCTTCACATTACAGA-1,15006,194,Multiplet
ACGAAATGTGGGTTGG-1,1412,26,GRCh38
ACGAAATGTTTCGGTG-1,57919,187,Multiplet
ACGAACCTCACTCAAG-1,252,53,GRCh38
ACGAACCTCCATGCTT-1,106,35,GRCh38
ACGAACCTCCCAATTC-1,160,38,GRCh38
ACGAACCTCCGCACCT-1,132,52,GRCh38
ACGAACCTCCGTCCGT-1,107,36,GRCh38
ACGAACCTCCTGCATT-1,173,41,GRCh38
ACGAACCTCCTTGAGA-1,1171,26,GRCh38
ACGAACCTCGTAACTG-1,1249,25,GRCh38
ACGAACCTCGTGCCTC-1,373,49,GRCh38
ACGAACCTCGTTAAGT-1,1032,30,GRCh38
ACGAACCTCTGGCTGG-1,150,34,GRCh38
ACGAAGGTCAATTCCC-1,32557,175,Multiplet
ACGAAGGTCACCTTAC-1,197,34,GRCh38
ACGAATCCAACCCGAA-1,1177,46,GRCh38
ACGAATCCAATCCTCA-1,1293,11,GRCh38
ACGAATCCACTAGCGA-1,14554,96,GRCh38
ACGAATCCATTACATC-1,167,43,GRCh38
ACGAATGGTAGCCATT-1,19126,124,GRCh38
ACGAATGGTATGTACC-1,5861,54,GRCh38
ACGAATGGTCTAGTGT-1,2605,88,GRCh38
ACGAATGGTTGACTGT-1,74542,93,GRCh38
ACGAATGGTTTGGTGT-1,908,35,GRCh38
ACGACAAGTAATGGTG-1,225,43,GRCh38
ACGACAAGTGCGGTCT-1,8209,75,GRCh38
ACGACAAGTGGACCCT-1,134,34,GRCh38
ACGACAAGTTTGAGTC-1,323,42,GRCh38
ACGACATCAAGCTCTC-1,250,41,GRCh38
ACGACATCACTCAATT-1,22445,125,GRCh38
ACGACATCATAGGGCC-1,124,34,GRCh38
ACGACATCATCCGTAC-1,972,29,GRCh38
ACGACATCATTAGTAG-1,141,49,GRCh38
ACGACGAAGGTCATCA-1,29881,172,Multiplet
ACGACGAAGGTTAATC-1,3156,37,GRCh38
ACGACGAAGTCAGTCA-1,733,18,GRCh38
ACGAGCAAGCAACCCG-1,248,35,GRCh38
ACGAGCAAGCCTACCC-1,4651,78,GRCh38
ACGAGCAAGGATCACC-1,10784,82,GRCh38
ACGAGCAAGTAATCCG-1,10102,97,GRCh38
ACGAGCAAGTAGCTTG-1,3360,17,GRCh38
ACGAGCAAGTGTCAAT-1,2179,11,GRCh38
ACGAGTAGTCATCAAC-1,1164,10,GRCh38
ACGAGTAGTTATCATG-1,28933,144,GRCh38
ACGAGTAGTTTCGCCT-1,45253,159,Multiplet
ACGAGTGAGCCAGGTT-1,4525,56,GRCh38
ACGAGTGAGTCAGCAC-1,4922,48,GRCh38
ACGATAGGTAGCCCGT-1,1772,56,GRCh38
ACGATAGGTCAGTCGC-1,7961,177,Multiplet
ACGATAGGTCTAGTGT-1,43381,183,Multiplet
ACGATAGGTTATAGCC-1,1374,15,GRCh38
ACGATAGGTTGAATGG-1,2347,36,GRCh38
ACGATATTCTGTAACG-1,26782,199,Multiplet
ACGATGGAGCTATGTG-1,267,37,GRCh38
ACGATGGAGGATATGA-1,22341,93,GRCh38
ACGATGGAGTACCAGC-1,8388,64,GRCh38
ACGATTGTCACCCTAT-1,65654,138,GRCh38
ACGATTGTCCAGAGGA-1,3694,102,GRCh38
ACGATTGTCGCTGGCA-1,5902,76,GRCh38
ACGATTTAGATTAGTC-1,406,39,GRCh38
ACGATTTAGCTTAGTG-1,612,18,GRCh38
ACGATTTAGCTTCCTG-1,125,45,GRCh38
ACGATTTAGGATGCCT-1,228,53,GRCh38
ACGATTTAGTGATAGA-1,103,33,GRCh38
ACGCAATCAAGCTTAA-1,431,144,GRCh38
ACGCAATCAAGTAGCT-1,315,33,GRCh38
ACGCAATCAATCCTCA-1,254,59,GRCh38
ACGCAATCAATCGAAC-1,36330,178,Multiplet
ACGCAATCACAGGGTC-1,71371,104,GRCh38
ACGCAATCACTATCTG-1,36844,167,Multiplet
ACGCAATCACTTACGC-1,187,35,GRCh38
ACGCAATCAGCAGGAG-1,1854,79,GRCh38
ACGCACTAGGGCTCCA-1,3207,76,GRCh38
ACGCACTAGGGTAGAT-1,18788,104,GRCh38
ACGCACTAGTACCAAT-1,4707,44,GRCh38
ACGCACTAGTAGGAGT-1,143,46,GRCh38
ACGCAGCCAAGTTAGC-1,43677,239,Multiplet
ACGCAGCCATCATACT-1,121,33,GRCh38
ACGCATATCCACGGAT-1,4712,37,GRCh38
ACGCATTGTGAACGGT-1,23635,132,GRCh38
ACGCATTGTGAGAGTC-1,226,40,GRCh38
ACGCATTGTGAGGCCA-1,23252,124,GRCh38
ACGCATTGTTCGCCAA-1,36160,155,Multiplet
ACGCCAACAACGGTGC-1,42674,198,Multiplet
ACGCCAACAAGTCGTG-1,11818,68,GRCh38
ACGCCAACAATTGCCC-1,3791,159,Multiplet
ACGCCAACATCACATT-1,20567,132,GRCh38
ACGCCATAGATTACCG-1,1530,19,GRCh38
ACGCCATAGCAATTAC-1,157,34,GRCh38
ACGCCATAGGGTACTC-1,164,41,GRCh38
ACGCCATAGTAACCCA-1,288,39,GRCh38
ACGCCATAGTAGCTTG-1,9150,112,GRCh38
ACGCCATAGTCAGTCA-1,40942,149,Multiplet
ACGCCATAGTGAGAGT-1,15009,89,GRCh38
ACGCCCAAGGTCATGC-1,164,33,GRCh38
ACGCCCAAGGTTCAAT-1,5749,63,GRCh38
ACGCCCAAGTTGGGTC-1,11261,90,GRCh38
ACGCCTAGTATGGATG-1,38150,131,GRCh38
ACGCCTAGTGGACACG-1,55357,212,Multiplet
ACGCGAAAGATTAGGA-1,267,44,GRCh38
ACGCGAAAGATTGACT-1,25494,184,Multiplet
ACGCGAAAGCGGGATA-1,35430,189,Multiplet
ACGCGAAAGTATGACT-1,228,34,GRCh38
ACGCGATTCAATCACG-1,157,56,GRCh38
ACGCGATTCAGCGAGA-1,3006,48,GRCh38
ACGCGATTCAGGTTCA-1,22063,143,GRCh38
ACGCGATTCATCACGA-1,2655,39,GRCh38
ACGCGATTCCGCTGAG-1,562,34,GRCh38
ACGCGATTCCGTCACC-1,168,40,GRCh38
ACGCGATTCGACTTGA-1,151,37,GRCh38
ACGCGATTCTCACTAC-1,3783,210,Multiplet
ACGCGATTCTCACTTA-1,42216,196,Multiplet
ACGCGCATCAATCGGC-1,12148,81,GRCh38
ACGCGCATCGCGTAAC-1,1209,409,Multiplet
ACGCGGTCAAAGGATG-1,3883,45,GRCh38
ACGCGGTCAAGGTCCA-1,60915,248,Multiplet
ACGCGGTCATCCAAGG-1,2460,123,GRCh38
ACGCTAATCTAGTCTC-1,186,40,GRCh38
ACGCTATGTGAGGCTG-1,212,37,GRCh38
ACGCTATGTGATGCGG-1,3907,37,GRCh38
ACGCTATGTTCCGCAA-1,17429,113,GRCh38
ACGCTATGTTCCGGGT-1,18718,110,GRCh38
ACGCTATGTTGTCTCC-1,249,37,GRCh38
ACGCTCAGTAAGTCTC-1,3075,52,GRCh38
ACGCTCAGTAGCCTCA-1,54631,232,Multiplet
ACGCTCAGTAGTTACC-1,7759,69,GRCh38
ACGCTCAGTCAAGGTA-1,48324,164,Multiplet
ACGCTCAGTGATGCAA-1,884,115,GRCh38
ACGCTCAGTGGGTCAG-1,1637,131,GRCh38
ACGCTCAGTTGCCTGA-1,9750,277,Multiplet
ACGCTCAGTTGGCATT-1,202,41,GRCh38
ACGCTCAGTTTGCGAT-1,230,41,GRCh38
ACGCTGACAACGGCTA-1,382,355,Multiplet
ACGCTGACACATTCCA-1,172,33,GRCh38
ACGCTGACACCATTGC-1,196,36,GRCh38
ACGCTGACACTTACAT-1,29573,210,Multiplet
ACGCTGACAGGTAACT-1,2498,157,Multiplet
ACGCTGACAGTTGCGA-1,2470,39,GRCh38
ACGCTGACATGCTCGT-1,244,35,GRCh38
ACGCTTGGTAACGAGC-1,211,42,GRCh38
ACGCTTGGTAAGCTCT-1,5605,76,GRCh38
ACGCTTGGTAGCGCAG-1,24377,125,GRCh38
ACGCTTGGTATGGCTT-1,2390,241,Multiplet
ACGCTTGGTATTAGCC-1,2311,72,GRCh38
ACGCTTGGTATTAGGG-1,278,71,GRCh38
ACGCTTGGTCAACGAA-1,13199,101,GRCh38
ACGCTTGGTCAGGGAT-1,630,55,GRCh38
ACGCTTGGTTAACGAG-1,56126,143,GRCh38
ACGCTTGGTTGTGCCA-1,49292,141,GRCh38
ACGGAACGTGCGTGTC-1,755,49,GRCh38
ACGGAACGTTCCGGTA-1,180,53,GRCh38
ACGGACAAGGATCTAT-1,12527,128,GRCh38
ACGGACCCAATGACAC-1,2719,189,Multiplet
ACGGACCCAGCCTAGA-1,744,26,GRCh38
ACGGACCCAGGATCAT-1,7733,179,Multiplet
ACGGACCCATCACTGC-1,201,41,GRCh38
ACGGACCCATGCTACC-1,136,33,GRCh38
ACGGAGGCAAATCGGT-1,322,33,GRCh38
ACGGAGGCAAATTCGA-1,1902,50,GRCh38
ACGGAGGCATGATCCC-1,6008,123,GRCh38
ACGGAGGCATGGAATC-1,1450,34,GRCh38
ACGGAGGCATGGCCTT-1,3910,56,GRCh38
ACGGATAGTTAGCTTA-1,16832,112,GRCh38
ACGGATAGTTCCTCAC-1,112,39,GRCh38
ACGGATAGTTGTGCAT-1,6085,66,GRCh38
ACGGCAAAGCCACTCC-1,4913,95,GRCh38
ACGGCAAAGGATTACT-1,4117,68,GRCh38
ACGGCAAAGTAGGGCA-1,733,150,Multiplet
ACGGCACCAACCTGCT-1,340,62,GRCh38
ACGGCACCACCATTGC-1,123,35,GRCh38
ACGGCACCAGGCATAT-1,3468,55,GRCh38
ACGGCACCATCACTTG-1,4202,51,GRCh38
ACGGCACCATCCTGCG-1,11543,93,GRCh38
ACGGCACCATGCTACC-1,145,40,GRCh38
ACGGCACCATTGCACC-1,135,37,GRCh38
ACGGCAGGTGCGCAGA-1,2322,67,GRCh38
ACGGCAGGTTGCCCAA-1,278,33,GRCh38
ACGGCAGGTTGTGAGA-1,13705,147,Multiplet
ACGGCCATCCCCATTG-1,4008,85,GRCh38
ACGGCCATCCGCAAGT-1,118,33,GRCh38
ACGGCCATCCGCACCT-1,21936,302,Multiplet
ACGGCCATCCTTAACC-1,251,42,GRCh38
ACGGCCATCGCTCTGC-1,16910,90,GRCh38
ACGGCCATCTTGACTC-1,394,35,GRCh38
ACGGCTTAGGTCCCGA-1,5828,57,GRCh38
ACGGGATGTGAGCAAC-1,305,51,GRCh38
ACGGGATGTTAGTGAG-1,308,33,GRCh38
ACGGGCAGTCCCGAAC-1,20279,126,GRCh38
ACGGGCAGTTAAGCGA-1,3981,45,GRCh38
ACGGGCAGTTATCACA-1,3353,50,GRCh38
ACGGGCTCAAGCTCCT-1,8453,98,GRCh38
ACGGGCTCAATTGAGC-1,319,41,GRCh38
ACGGGCTCACCTTACA-1,1350,22,GRCh38
ACGGGCTCAGCACTCT-1,245,34,GRCh38
ACGGGCTCAGGATAGA-1,11513,41,GRCh38
ACGGGCTCATAATTGG-1,225,61,GRCh38
ACGGGCTCATCAAGGT-1,5766,51,GRCh38
ACGGGCTCATGGATTA-1,143,36,GRCh38
ACGGGCTCATTCGCTA-1,124,35,GRCh38
ACGGGGACAAGCCACA-1,2123,36,GRCh38
ACGGGGACACCTCAGT-1,18648,94,GRCh38
ACGGGGACAGCATGAT-1,541,27,GRCh38
ACGGGGACATTCGCCG-1,871,26,GRCh38
ACGGGGACATTGCACC-1,162,35,GRCh38
ACGGGTAAGCATGCGT-1,25844,117,GRCh38
ACGGGTAAGGTAGGCA-1,22795,111,GRCh38
ACGGGTAAGTATGTGT-1,18643,142,GRCh38
ACGGGTTTCCGCTACC-1,175,36,GRCh38
ACGGGTTTCCTCTCCT-1,19812,171,Multiplet
ACGGTCACACAATGAC-1,3466,68,GRCh38
ACGGTCACACCACACT-1,7253,80,GRCh38
ACGGTCACACTACCCG-1,182,52,GRCh38
ACGGTCACAGTTAGAC-1,447,41,GRCh38
ACGGTCACATGGTGAT-1,1709,19,GRCh38
ACGGTGAAGATAGGAC-1,26332,138,GRCh38
ACGGTGAAGATTGGCC-1,21694,155,Multiplet
ACGGTGAAGCCAGTTA-1,4020,41,GRCh38
ACGGTGAAGCTTACGA-1,320,40,GRCh38
ACGGTGAAGGATCCCG-1,964,34,GRCh38
ACGGTGAAGGATTCAT-1,126,52,GRCh38
ACGGTGAAGGGCTCCA-1,5429,67,GRCh38
ACGGTTATCGCTCACC-1,24055,123,GRCh38
ACGGTTATCTAGGCGT-1,13109,52,GRCh38
ACGGTTGCAACTGGAT-1,153,36,GRCh38
ACGGTTGCACATGCAG-1,292,45,GRCh38
ACGGTTGCACCTCAGT-1,854,58,GRCh38
ACGGTTGCAGGAACGG-1,977,17,GRCh38
ACGGTTGCAGTAATTG-1,3934,31,GRCh38
ACGTAACCACAGCACA-1,23136,240,Multiplet
ACGTAACCACATTGAA-1,5421,37,GRCh38
ACGTAACCACTAGCTC-1,15474,136,GRCh38
ACGTAACCATGCTTCA-1,1070,28,GRCh38
ACGTAACCATTCGGCT-1,13621,111,GRCh38
ACGTAACCATTGCCCG-1,158,38,GRCh38
ACGTATTAGGGCAGAC-1,1198,40,GRCh38
ACGTATTAGGGTAGGC-1,2315,31,GRCh38
ACGTCAATCCCATTCG-1,149,37,GRCh38
ACGTCAATCCTCACCA-1,49023,272,Multiplet
ACGTCAATCGTTCGGG-1,6654,107,GRCh38
ACGTCCCTCACAGCTA-1,278,43,GRCh38
ACGTCCCTCACAGGTC-1,111,34,GRCh38
ACGTCCCTCCGCGATG-1,332,39,GRCh38
ACGTCCCTCCTCATAC-1,1338,64,GRCh38
ACGTCCCTCCTGACTT-1,149,40,GRCh38
ACGTCCCTCGAACCAC-1,228,42,GRCh38
ACGTCCCTCGATTGCA-1,115,33,GRCh38
ACGTCCCTCGCGAGTT-1,120,37,GRCh38
ACGTCCTCATCCTCAA-1,1063,17,GRCh38
ACGTCTAAGCCGCACA-1,1542,56,GRCh38
ACGTCTAAGGTACGGA-1,6104,54,GRCh38
ACGTCTAAGGTTGACC-1,158,40,GRCh38
ACGTCTAAGTAGCACC-1,4911,65,GRCh38
ACGTGAGAGGATGCGA-1,15127,122,GRCh38
ACGTGAGAGGTGCATC-1,597,39,GRCh38
ACGTGAGAGTGACGAG-1,2795,33,GRCh38
ACGTGAGAGTGATCGC-1,14893,79,GRCh38
ACGTGGTTCAGTGCCG-1,220,34,GRCh38
ACGTGGTTCGATCATG-1,137,38,GRCh38
ACGTGTTGTCTGTGAT-1,20073,86,GRCh38
ACGTGTTGTGATCAAG-1,1665,19,GRCh38
ACGTGTTGTGATGGGT-1,9645,83,GRCh38
ACGTGTTGTGCGGCTT-1,969,62,GRCh38
ACGTGTTGTTAGAGTG-1,2343,15,GRCh38
ACGTGTTGTTATGGCT-1,18828,144,GRCh38
ACGTGTTGTTGCGTAT-1,19367,92,GRCh38
ACGTTAACAAGCGGAG-1,21738,198,Multiplet
ACGTTAACAATCCATT-1,3272,88,GRCh38
ACGTTAACAATCCTCA-1,791,26,GRCh38
ACGTTAACACCAGCTT-1,20234,158,Multiplet
ACGTTAGTCCAGCTCC-1,28132,177,Multiplet
ACGTTAGTCGACCATA-1,6235,38,GRCh38
ACGTTATAGATAGGCG-1,243,35,GRCh38
ACGTTATAGGTACCCG-1,2885,39,GRCh38
ACGTTCAAGCAGGTGA-1,12283,69,GRCh38
ACGTTCAAGGGGATTG-1,225,37,GRCh38
ACGTTCAAGGTAGCCT-1,25225,97,GRCh38
ACGTTCAAGTACGCAC-1,45533,213,Multiplet
ACGTTCAAGTGGGTAG-1,21936,110,GRCh38
ACGTTCCCACCTGCAT-1,163,43,GRCh38
ACGTTCCCACCTGCTG-1,374,43,GRCh38
ACGTTTAGTAATCCAC-1,18771,141,GRCh38
ACGTTTAGTAATCCCG-1,1397,22,GRCh38
ACGTTTAGTCATGGCC-1,1284,30,GRCh38
ACGTTTAGTTAGAGCA-1,13536,141,GRCh38
ACGTTTAGTTGCTGGC-1,413,33,GRCh38
ACGTTTGAGAAGCTCC-1,288,42,GRCh38
ACGTTTGAGATAGGTA-1,1293,41,GRCh38
ACGTTTGAGGTTGACC-1,112,34,GRCh38
ACGTTTGAGTGAGCAG-1,16655,185,Multiplet
ACGTTTGAGTGAGGAT-1,7918,136,GRCh38
ACTAACTAGCAACTGC-1,266,41,GRCh38
ACTAACTAGGGTCTGT-1,7610,95,GRCh38
ACTAACTAGTACGCTA-1,30398,130,GRCh38
ACTAACTAGTCAGTAT-1,1209,22,GRCh38
ACTAACTAGTCATACG-1,246,47,GRCh38
ACTAAGCCAATGACAC-1,29241,239,Multiplet
ACTAAGCCACTAGCGA-1,54059,205,Multiplet
ACTAAGCCAGCTCACT-1,1554,48,GRCh38
ACTAAGGGTAGCAGCG-1,222,53,GRCh38
ACTAAGGGTAGGTCCC-1,5188,102,GRCh38
ACTAAGGGTCATCATA-1,1853,35,GRCh38
ACTAAGGGTTCACGGC-1,690,49,GRCh38
ACTAAGGGTTCGCAGC-1,1182,25,GRCh38
ACTAAGGGTTGCAATC-1,23442,184,Multiplet
ACTAAGGGTTGTCTCC-1,219,48,GRCh38
ACTAATGCACCTGTGT-1,1047,31,GRCh38
ACTAATGCAGCATGAT-1,750,64,GRCh38
ACTAATGCAGGACTGC-1,168,35,GRCh38
ACTACAACAAGTAGAG-1,7353,49,GRCh38
ACTACAACAGGCTCAA-1,296,36,GRCh38
ACTACATAGTGCTGGT-1,227,74,GRCh38
ACTACATAGTTAGGAA-1,41147,145,Multiplet
ACTACCAAGGATGATA-1,209,34,GRCh38
ACTACCAAGGCTTGGT-1,129,37,GRCh38
ACTACCAAGTACGGTC-1,2431,31,GRCh38
ACTACCCCACTCGGTT-1,42785,128,GRCh38
ACTACCCCAGGATTAC-1,128,33,GRCh38
ACTACCTTCCATCTGT-1,826,27,GRCh38
ACTACCTTCCTGTCGC-1,132,35,GRCh38
ACTACCTTCGATCACA-1,3742,95,GRCh38
ACTACCTTCGCGTGAT-1,3312,43,GRCh38
ACTACCTTCGCTATCT-1,4603,74,GRCh38
ACTATCAGTGACTCGC-1,228,36,GRCh38
ACTATCAGTTCGGTTG-1,276,38,GRCh38
ACTATCCTCAGGCAGA-1,23303,103,GRCh38
ACTATCCTCCAGCAGT-1,132,37,GRCh38
ACTATCCTCCATAGAT-1,10519,57,GRCh38
ACTATCCTCCATTGAG-1,277,37,GRCh38
ACTATCCTCGCATACA-1,16303,89,GRCh38
ACTATCCTCGCGCTGA-1,6842,114,GRCh38
ACTATCTCATAGGGTT-1,24567,80,GRCh38
ACTATGGTCACTTGGA-1,13401,97,GRCh38
ACTATGGTCAGCCCAG-1,187,57,GRCh38
ACTATGGTCATGGTTG-1,287,43,GRCh38
ACTATGGTCCCGTGCT-1,18402,124,GRCh38
ACTATGGTCCGCGCTT-1,25895,146,Multiplet
ACTATGGTCCGGATGT-1,196,38,GRCh38
ACTATGGTCCTTGACT-1,1616,69,GRCh38
ACTATTCCAGGGCTAC-1,42472,256,Multiplet
ACTATTCCATCAAGTA-1,264,42,GRCh38
ACTATTCCATCGATCC-1,216,38,GRCh38
ACTATTCCATGCTCTA-1,19961,140,GRCh38
ACTATTGGTTAGTCCG-1,173,48,GRCh38
ACTATTGGTTGCATTA-1,195,34,GRCh38
ACTATTGGTTTAGTCA-1,11106,84,GRCh38
ACTCAATAGGTAGGTG-1,28209,153,Multiplet
ACTCAATAGTTAACCG-1,110,50,GRCh38
ACTCAATAGTTGCCTT-1,977,20,GRCh38
ACTCACAAGATAGGCG-1,12039,104,GRCh38
ACTCACCCAACGTTCC-1,3194,62,GRCh38
ACTCACCCAGGCATAT-1,4450,140,GRCh38
ACTCACCCATTACACT-1,15890,88,GRCh38
ACTCACCCATTACTGT-1,2285,47,GRCh38
ACTCACTTCGTTCCTG-1,265,33,GRCh38
ACTCAGGCAAGCTGTG-1,226,35,GRCh38
ACTCAGGCACTATATC-1,15335,145,Multiplet
ACTCAGGCAGCCTACT-1,28033,226,Multiplet
ACTCATTCAAGCACTG-1,18046,141,GRCh38
ACTCATTCAATCAGAC-1,22732,130,GRCh38
ACTCATTCAGGGATGG-1,19169,120,GRCh38
ACTCATTCATTACCGC-1,9294,140,GRCh38
ACTCATTCATTGCACC-1,290,49,GRCh38
ACTCCAAAGCCGCAAT-1,1474,24,GRCh38
ACTCCAAAGTAGCTGC-1,247,43,GRCh38
ACTCCAAAGTGATAGA-1,8044,50,GRCh38
ACTCCAAAGTGCGCCA-1,15675,103,GRCh38
ACTCCACCAACATGCG-1,13320,305,Multiplet
ACTCCACCAACTCGTC-1,201,33,GRCh38
ACTCCACCAAGTATGC-1,7274,204,Multiplet
ACTCCACCAATCCTGC-1,8879,65,GRCh38
ACTCCACCACTAGCTC-1,262,41,GRCh38
ACTCCACCATAGGCAT-1,26873,176,Multiplet
ACTCCACCATTCAGCC-1,249,44,GRCh38
ACTCCCATCACAGCAC-1,262,43,GRCh38
ACTCCCATCACTAGGC-1,8828,90,GRCh38
ACTCCCATCTGTAAGT-1,272,37,GRCh38
ACTCCCGCAAATGGCT-1,14920,94,GRCh38
ACTCCCGCACATGCCT-1,153,39,GRCh38
ACTCCCGCACTTGATT-1,148,73,GRCh38
ACTCCCGCATCCATCA-1,165,58,GRCh38
ACTCCCTGTGACTCGC-1,39759,158,Multiplet
ACTCCCTGTGGCTGTC-1,111,39,GRCh38
ACTCCCTGTTCGCACA-1,434,95,GRCh38
ACTCCCTGTTGCATAC-1,16497,85,GRCh38
ACTCCGCTCAGTGCTA-1,148,35,GRCh38
ACTCCGCTCCCTCTCT-1,235,49,GRCh38
ACTCCGCTCCGGTGTG-1,183,34,GRCh38
ACTCCGCTCCTGTATC-1,165,33,GRCh38
ACTCCGCTCGAATCAT-1,8094,124,GRCh38
ACTCCGCTCGCGCTCT-1,272,47,GRCh38
ACTCCGCTCGTTCCGC-1,35973,176,Multiplet
ACTCCGCTCTCACTCG-1,3388,62,GRCh38
ACTCCGCTCTGTGAGC-1,3653,59,GRCh38
ACTCCTTAGATTAAGG-1,18059,124,GRCh38
ACTCCTTAGGATCTGC-1,214,43,GRCh38
ACTCCTTAGGTCATCA-1,31551,159,Multiplet
ACTCCTTAGGTGCAGA-1,4708,41,GRCh38
ACTCCTTAGGTTACTG-1,573,86,GRCh38
ACTCCTTAGTGATACT-1,5277,102,GRCh38
ACTCGAATCACCTTCG-1,31186,149,Multiplet
ACTCGAATCATGTGTG-1,196,34,GRCh38
ACTCGAATCGCTCCAC-1,253,52,GRCh38
ACTCGAATCGTGCCGA-1,258,59,GRCh38
ACTCGAATCTTGAGCA-1,5708,101,GRCh38
ACTCGATGTCTAAGTC-1,5669,78,GRCh38
ACTCGATGTCTAGGTT-1,146,37,GRCh38
ACTCGATGTTTACTTC-1,12021,88,GRCh38
ACTCGCCTCAGCTGGT-1,2115,42,GRCh38
ACTCGCCTCCCAGATA-1,106,41,GRCh38
ACTCGCCTCCGCTGTC-1,154,37,GRCh38
ACTCGCCTCCGTCATT-1,193,33,GRCh38
ACTCGCCTCCGTGCTC-1,19151,153,Multiplet
ACTCGCCTCCGTTACT-1,114,33,GRCh38
ACTCGCCTCTATGCCT-1,149,34,GRCh38
ACTCGTCCACTATACT-1,274,45,GRCh38
ACTCGTCCATTACACT-1,29429,162,Multiplet
ACTCGTTTCACTCAAG-1,31996,181,Multiplet
ACTCGTTTCCTGTACT-1,2003,48,GRCh38
ACTCGTTTCTTGATCC-1,8566,89,GRCh38
ACTCTAAGTAACTGCT-1,289,51,GRCh38
ACTCTAAGTCTGTCGA-1,44886,203,Multiplet
ACTCTAAGTTATGCGT-1,124,41,GRCh38
ACTCTAAGTTCGCTTC-1,15747,87,GRCh38
ACTCTAAGTTGACTCG-1,3848,57,GRCh38
ACTCTAAGTTTACCTT-1,1037,86,GRCh38
ACTCTCACAACCTGCT-1,42850,247,Multiplet
ACTCTCACAACCTGGA-1,1655,95,GRCh38
ACTCTCACACCAGCAA-1,6613,37,GRCh38
ACTCTCACAGGCTATG-1,642,373,Multiplet
ACTCTCACAGTTGGTG-1,772,33,GRCh38
ACTCTCACATAACCGG-1,856,51,GRCh38
ACTCTCACATCATCTG-1,22711,126,GRCh38
ACTCTGTTCCCGCGTT-1,485,38,GRCh38
ACTCTTGCAAGCATTA-1,309,35,GRCh38
ACTCTTGCAAGCCGAC-1,14877,73,GRCh38
ACTCTTGCAATCGACG-1,145,35,GRCh38
ACTCTTGCATCACAGG-1,257,39,GRCh38
ACTCTTGCATTCGCGT-1,9381,135,GRCh38
ACTGAACCACTATATC-1,650,20,GRCh38
ACTGAACCATCCCGAT-1,67300,161,Multiplet
ACTGAACCATTCCTAG-1,513,38,GRCh38
ACTGAAGGTAATTGCC-1,5973,51,GRCh38
ACTGAAGGTGAGAGTC-1,19003,92,GRCh38
ACTGAAGGTGCGCATC-1,256,34,GRCh38
ACTGAAGGTGGACCTC-1,248,40,GRCh38
ACTGAGGAGATAGTCT-1,1486,41,GRCh38
ACTGATTAGCGAATGG-1,559,284,Multiplet
ACTGATTAGGAATGCG-1,51706,213,Multiplet
ACTGATTAGGGGTTAG-1,154,33,GRCh38
ACTGATTAGGTGCATC-1,554,63,GRCh38
ACTGATTAGTAAGGGT-1,27694,138,GRCh38
ACTGATTAGTAATCCG-1,30347,127,GRCh38
ACTGCAATCCCTGTGC-1,139,33,GRCh38
ACTGCAATCCGGTATA-1,175,55,GRCh38
ACTGCAATCCTTGATC-1,1002,82,GRCh38
ACTGCAATCGTTGCCC-1,1880,45,GRCh38
ACTGCAATCTAAGTAC-1,14171,75,GRCh38
ACTGCAATCTGTGGAC-1,54870,173,Multiplet
ACTGCATGTAATGGCA-1,1416,50,GRCh38
ACTGCATGTTCCTCTA-1,65953,201,Multiplet
ACTGCATGTTCGCAGC-1,58997,177,Multiplet
ACTGCATGTTCGTAAC-1,7543,42,GRCh38
ACTGCCCTCACCAGCG-1,1932,18,GRCh38
ACTGCCCTCACTCAAG-1,669,24,GRCh38
ACTGCCCTCAGTAGCC-1,43158,225,Multiplet
ACTGCCCTCATGGACC-1,141,33,GRCh38
ACTGCCCTCGCTCCAC-1,158,46,GRCh38
ACTGCCCTCGTAACCA-1,319,47,GRCh38
ACTGCCCTCTGTCACT-1,125,38,GRCh38
ACTGCCTCACAATGCG-1,150,33,GRCh38
ACTGCCTCACCTAATT-1,131,35,GRCh38
ACTGCCTCACCTATGC-1,336,76,GRCh38
ACTGCCTCACTCGCTG-1,192,34,GRCh38
ACTGCCTCAGGTAGTT-1,4639,35,GRCh38
ACTGCCTCATCGGGTA-1,159,41,GRCh38
ACTGCCTCATTAGGTA-1,138,33,GRCh38
ACTGCGCGTTAACGAG-1,303,40,GRCh38
ACTGCTAAGCATTAAC-1,22028,157,Multiplet
ACTGCTAAGCCCTGAG-1,8270,52,GRCh38
ACTGCTAAGGGTAGTG-1,522,173,Multiplet
ACTGCTAAGGTAAGGT-1,15517,77,GRCh38
ACTGCTAAGTATCTGG-1,115,35,GRCh38
ACTGCTGGTAACCACT-1,153,36,GRCh38
ACTGCTGGTATGTGAG-1,173,36,GRCh38
ACTGCTGGTCTGGCGT-1,233,54,GRCh38
ACTGCTGGTGGCTGCT-1,149,44,GRCh38
ACTGCTGGTTATGAGG-1,149,37,GRCh38
ACTGCTGGTTATGGAG-1,14159,77,GRCh38
ACTGCTGGTTCGTATA-1,143,37,GRCh38
ACTGCTGGTTGAATCC-1,270,69,GRCh38
ACTGCTGGTTGTCCTC-1,151,48,GRCh38
ACTGGGTTCACAGGTC-1,981,78,GRCh38
ACTGGGTTCAGGACGA-1,3842,153,Multiplet
ACTGGGTTCCCCATGC-1,2006,18,GRCh38
ACTGGGTTCGCTCACC-1,4045,166,Multiplet
ACTGGTCAGCATCACA-1,104,33,GRCh38
ACTGGTTGTAATTCGC-1,166,34,GRCh38
ACTGGTTGTCCATCAG-1,102,39,GRCh38
ACTGGTTGTCCCGAGT-1,175,39,GRCh38
ACTGGTTGTCTGGCAC-1,25211,127,GRCh38
ACTGGTTGTGCATCTG-1,13285,87,GRCh38
ACTGGTTGTGGCTGTC-1,178,42,GRCh38
ACTGGTTGTTCACTCC-1,305,36,GRCh38
ACTGGTTGTTCGTTGG-1,158,38,GRCh38
ACTGGTTGTTGCACAT-1,250,34,GRCh38
ACTGTCAAGGATCTAT-1,25971,167,Multiplet
ACTGTCAAGGATTGGG-1,4593,103,GRCh38
ACTGTCAAGGCAACTC-1,27113,141,GRCh38
ACTGTCAAGGCTCCTC-1,8075,51,GRCh38
ACTGTCAAGGTACGGA-1,116,183,mm10
ACTGTCAAGTATGAGA-1,1211,14,GRCh38
ACTGTGATCACAGCCG-1,1172,77,GRCh38
ACTGTGATCACCCTGC-1,169,35,GRCh38
ACTGTGATCGATCGTA-1,40284,155,Multiplet
ACTGTGATCTAAGCGC-1,130,35,GRCh38
ACTGTTAGTATGGATG-1,456,51,GRCh38
ACTGTTAGTGGCTGCT-1,133,37,GRCh38
ACTGTTAGTTCACTAA-1,733,20,GRCh38
ACTGTTAGTTGAAGGC-1,407,50,GRCh38
ACTGTTAGTTGAGGCG-1,1957,76,GRCh38
ACTGTTAGTTGTAACC-1,1563,37,GRCh38
ACTGTTAGTTTACCGG-1,753,24,GRCh38
ACTGTTGAGATAGGGT-1,1543,49,GRCh38
ACTGTTGAGGTAAGCG-1,2723,33,GRCh38
ACTGTTGAGTTAGCGC-1,246,41,GRCh38
ACTTAACAGCATCCAA-1,14918,211,Multiplet
ACTTAACAGGCTCCTC-1,14739,112,GRCh38
ACTTAACAGTAAGTAG-1,3200,47,GRCh38
ACTTAACAGTAATCCG-1,265,34,GRCh38
ACTTAACAGTGCTTGA-1,5980,52,GRCh38
ACTTACCTCACCTACT-1,3965,53,GRCh38
ACTTACCTCACGTGCG-1,1773,108,GRCh38
ACTTACCTCATGGCCG-1,32282,128,GRCh38
ACTTACCTCCTGGTAA-1,2550,43,GRCh38
ACTTACCTCGATAGCC-1,3447,115,GRCh38
ACTTACCTCTGTGCTT-1,121,35,GRCh38
ACTTACTCACTATCAT-1,6457,65,GRCh38
ACTTACTCATGCTCCG-1,139,36,GRCh38
ACTTAGGTCCAGGCCA-1,4312,58,GRCh38
ACTTAGGTCCCTCTAG-1,135,47,GRCh38
ACTTAGGTCTTGACAG-1,591,172,Multiplet
ACTTATGGTAAGCGAC-1,11427,85,GRCh38
ACTTATGGTGATCAGA-1,28765,142,GRCh38
ACTTATGGTTAATTCG-1,11632,80,GRCh38
ACTTCATCACATAGTA-1,5143,93,GRCh38
ACTTCATCACCTGGAA-1,3269,110,GRCh38
ACTTCATCATGACACG-1,16486,88,GRCh38
ACTTCGCCACATGAAC-1,154,33,GRCh38
ACTTCGCCAGCAGGAG-1,334,41,GRCh38
ACTTCGCCAGGGACGA-1,4553,168,Multiplet
ACTTCGCCATCACTCA-1,3852,59,GRCh38
ACTTCGTTCTGTGCCC-1,26178,261,Multiplet
ACTTCTATCAATCAGT-1,1798,30,GRCh38
ACTTCTATCACATTCC-1,2670,36,GRCh38
ACTTGAGTCCACCTGC-1,5093,60,GRCh38
ACTTGAGTCCGGTACG-1,17259,140,GRCh38
ACTTGAGTCGATCACA-1,228,125,GRCh38
ACTTGAGTCTTGACGA-1,324,79,GRCh38
ACTTGCTTCAAGTCCA-1,24469,191,Multiplet
ACTTGCTTCACAGGCT-1,3318,60,GRCh38
ACTTGCTTCCCAATCT-1,18203,115,GRCh38
ACTTGCTTCCGCCACT-1,286,60,GRCh38
ACTTGCTTCGTAACCA-1,55621,149,Multiplet
ACTTGCTTCTCACTGT-1,907,46,GRCh38
ACTTGGATCACTCGAA-1,15923,109,GRCh38
ACTTGGATCAGTAGCC-1,540,22,GRCh38
ACTTGGATCCATAGAT-1,4811,74,GRCh38
ACTTGGATCGACATAT-1,24066,184,Multiplet
ACTTGGATCGCGCATG-1,1746,212,Multiplet
ACTTGGATCTAATGAC-1,31499,186,Multiplet
ACTTGGGCAACTTCGC-1,54023,209,Multiplet
ACTTGGGCAATAGGTC-1,8673,150,Multiplet
ACTTGGGCAATCCTGC-1,154,35,GRCh38
ACTTGGGCAATGGAGA-1,47865,71,GRCh38
ACTTGGGCAGCCATCT-1,166,38,GRCh38
ACTTGGGCATAGGCAT-1,324,36,GRCh38
ACTTGTGAGCCTGCCT-1,133,45,GRCh38
ACTTGTGAGGGCTCAT-1,108,56,GRCh38
ACTTGTGAGTCGCTGG-1,2667,50,GRCh38
ACTTGTGAGTTAGCAT-1,5843,80,GRCh38
ACTTTAGGTAAGGTTG-1,125,36,GRCh38
ACTTTAGGTGAAGTTG-1,9767,61,GRCh38
ACTTTAGGTTAGCAGA-1,1617,87,GRCh38
ACTTTAGGTTCGCGGT-1,39597,167,Multiplet
ACTTTAGGTTCGCTCT-1,218,42,GRCh38
ACTTTAGGTTCGGCAC-1,4039,44,GRCh38
ACTTTCATCAAGTCCA-1,21901,172,Multiplet
ACTTTCATCACCTGCC-1,43675,209,Multiplet
ACTTTCATCAGTAATC-1,7181,75,GRCh38
ACTTTCATCATACTCC-1,133,34,GRCh38
ACTTTCATCCCGCTAC-1,281,46,GRCh38
ACTTTCATCCGCCAGA-1,234,39,GRCh38
ACTTTCATCCTTCGTG-1,22839,155,Multiplet
ACTTTCATCTCACCGC-1,827,65,GRCh38
ACTTTCATCTGTGCCC-1,133,36,GRCh38
ACTTTCGCAGTTGCCT-1,22074,150,Multiplet
ACTTTCGCATCCTGTA-1,220,41,GRCh38
ACTTTCGCATCGGTAG-1,2057,75,GRCh38
ACTTTCGCATGCTGAG-1,165,37,GRCh38
ACTTTCGCATTCCTAG-1,623,43,GRCh38
ACTTTGAGTAGCGGAT-1,4419,39,GRCh38
ACTTTGAGTAGGTCCC-1,292,50,GRCh38
ACTTTGAGTGGCGCTT-1,3381,123,GRCh38
ACTTTGAGTTGCAATC-1,216,54,GRCh38
ACTTTGAGTTGCTGTG-1,279,50,GRCh38
ACTTTGAGTTGGCTTG-1,22230,140,GRCh38
ACTTTGCTCACACCAA-1,9592,68,GRCh38
ACTTTGCTCAGCAGAG-1,355,42,GRCh38
ACTTTGCTCCGCAAGT-1,22827,115,GRCh38
ACTTTGCTCTGGAACC-1,1301,24,GRCh38
ACTTTGGAGCATTAGT-1,2357,29,GRCh38
ACTTTGGAGCCAGTTA-1,15228,47,GRCh38
ACTTTGGAGCCTATCT-1,2523,28,GRCh38
ACTTTGGAGCGGTGAA-1,3402,35,GRCh38
AGAAGGGGTCTAGTCG-1,19943,358,Multiplet
AGAAGGGGTTGGACGG-1,1744,37,GRCh38
AGAAGGGGTTTGACCG-1,402,72,GRCh38
AGAAGGTTCAGGTCAC-1,476,35,GRCh38
AGAAGGTTCATGATCG-1,307,34,GRCh38
AGAAGGTTCCATAGGC-1,25445,143,GRCh38
AGAAGGTTCCATTCGT-1,5755,42,GRCh38
AGAAGGTTCGTGCGAT-1,26951,142,GRCh38
AGAAGTCAGAAGGATC-1,2617,20,GRCh38
AGAAGTCAGCTTAGTG-1,21534,166,Multiplet
AGAAGTCAGGTAGGCA-1,6208,49,GRCh38
AGAAGTTGTCTGGGTC-1,37573,117,GRCh38
AGAAGTTGTGGGTTGG-1,1248,151,Multiplet
AGAATAGTCACCAGCG-1,227,36,GRCh38
AGAATCAAGGCAAGGC-1,4709,93,GRCh38
AGAATTGAGTAGAGTA-1,3656,46,GRCh38
AGAATTGAGTGATTAC-1,18448,157,Multiplet
AGAATTGAGTTGCGAC-1,23036,145,Multiplet
AGAATTGAGTTGCTTC-1,211,35,GRCh38
AGACACAGTCAACCCA-1,17323,103,GRCh38
AGACACAGTGAAGCAC-1,294,34,GRCh38
AGACACAGTGGACCTC-1,116,33,GRCh38
AGACACAGTGGGAATC-1,7703,66,GRCh38
AGACACAGTTAGGTGA-1,4563,106,GRCh38
AGACACAGTTCGAGTT-1,13503,170,Multiplet
AGACACAGTTGGGCAG-1,279,47,GRCh38
AGACAGACAACGGTGC-1,2881,57,GRCh38
AGACAGACAATCAAGC-1,36053,158,Multiplet
AGACAGACAATTGGTA-1,3051,78,GRCh38
AGACAGACATAGGTTA-1,1815,47,GRCh38
AGACATAAGGCACTCG-1,2640,62,GRCh38
AGACATCCACTAATGA-1,153,40,GRCh38
AGACATCCACTCAATT-1,293,33,GRCh38
AGACATCCATCAAGTA-1,15012,148,Multiplet
AGACATCCATGGTGTG-1,20487,161,Multiplet
AGACATCCATTAACCT-1,20534,90,GRCh38
AGACATGGTTGAGTTC-1,261,50,GRCh38
AGACATGGTTTGGTAC-1,15289,81,GRCh38
AGACGAACAAATGACC-1,8402,58,GRCh38
AGACGAACAACATACA-1,4409,20,GRCh38
AGACGATAGCTGGTCG-1,23589,108,GRCh38
AGACGATAGGGCTGAA-1,5216,75,GRCh38
AGACGATAGTGGGTTC-1,5261,47,GRCh38
AGACGCAAGCTATCTC-1,8821,69,GRCh38
AGACGCAAGGATCTAT-1,448,57,GRCh38
AGACGCAAGGTGACTC-1,11136,139,GRCh38
AGACGCGGTGCGTGTC-1,232,33,GRCh38
AGACGCGGTTGTCAGT-1,3444,42,GRCh38
AGACGGATCAGCCTAA-1,14142,130,GRCh38
AGACGGATCATCGTAG-1,7184,26,GRCh38
AGACGGATCCGCCAGA-1,284,48,GRCh38
AGACGGGCAAGCGAGG-1,48727,238,Multiplet
AGACGGGCAAGCTACG-1,106,37,GRCh38
AGACGGGCAAGTAAGG-1,15637,92,GRCh38
AGACGGGCAATTGCCC-1,32870,264,Multiplet
AGACGTAGTATTGGCT-1,20705,116,GRCh38
AGACGTTCAACCTGAG-1,4225,85,GRCh38
AGACTCGCAAACCCGA-1,2820,92,GRCh38
AGACTCGCAATAGTGC-1,2305,31,GRCh38
AGACTCGCAGCTCAAG-1,263,37,GRCh38
AGACTCGCATGGTAGT-1,1172,69,GRCh38
AGACTGCTCAGTGCTA-1,1603,54,GRCh38
AGACTGCTCCGCCAAG-1,308,48,GRCh38
AGACTGCTCCGTGCTC-1,160,34,GRCh38
AGACTGCTCCTCGACC-1,3701,261,Multiplet
AGACTGCTCCTTGATC-1,219,42,GRCh38
AGACTGCTCGATCCTT-1,126,33,GRCh38
AGACTGCTCGCTGAGT-1,136,98,GRCh38
AGACTTACAAGCACCA-1,14433,124,GRCh38
AGACTTACAATGCCAG-1,1451,100,GRCh38
AGACTTACACATTAGA-1,4916,66,GRCh38
AGACTTACACTTCGTA-1,220,36,GRCh38
AGACTTACAGGCATTG-1,17418,167,Multiplet
AGACTTACATCGGTCT-1,306,36,GRCh38
AGAGAATCATCCATCA-1,559,33,GRCh38
AGAGAATCATGGTATA-1,12772,205,Multiplet
AGAGACCGTAACGACA-1,80082,124,GRCh38
AGAGACCGTAAGCTGA-1,242,45,GRCh38
AGAGACCGTTAGTGCT-1,7973,99,GRCh38
AGAGACCGTTTCGAGT-1,1418,161,Multiplet
AGAGACTAGATTAAGG-1,8392,92,GRCh38
AGAGACTAGATTCACG-1,6518,60,GRCh38
AGAGACTAGGTCCACG-1,234,35,GRCh38
AGAGAGAAGGCGCTAT-1,15657,97,GRCh38
AGAGAGAAGGCGCTTG-1,12130,90,GRCh38
AGAGAGGGTAGCGGTG-1,36935,148,Multiplet
AGAGAGGGTATTGACC-1,39377,170,Multiplet
AGAGAGGGTTGCGATT-1,241,35,GRCh38
AGAGATGCAACCCTTA-1,194,33,GRCh38
AGAGATGCACCATCCG-1,183,45,GRCh38
AGAGATGCACCTAACC-1,850,19,GRCh38
AGAGATGCATCCGTAC-1,62964,109,GRCh38
AGAGATTGTTCAATCA-1,2910,26,GRCh38
AGAGATTGTTCGATGT-1,229,33,GRCh38
AGAGGAGGTCTTGCAG-1,55140,142,GRCh38
AGAGGCATCACCTACT-1,146,34,GRCh38
AGAGGCATCACTCGAA-1,2534,61,GRCh38
AGAGGCATCAGCCCGA-1,1279,41,GRCh38
AGAGGCATCGACTACA-1,14415,108,GRCh38
AGAGGCATCGTGCGAT-1,10478,80,GRCh38
AGAGGCATCTATGTCC-1,30575,172,Multiplet
AGAGGCGCACCTTCGG-1,8014,146,Multiplet
AGAGGCGCACTAGCCT-1,11731,222,Multiplet
AGAGGCGCACTCGGTT-1,8932,61,GRCh38
AGAGGCGCATGACAGT-1,562,14,GRCh38
AGAGGCGCATGCGCTT-1,390,33,GRCh38
AGAGGCTGTATGGACA-1,108,52,GRCh38
AGAGGCTGTCTGGCTA-1,3632,67,GRCh38
AGAGGTTAGGTGCTCG-1,13285,174,Multiplet
AGAGGTTAGTAATGAG-1,23716,98,GRCh38
AGAGTCAGTAGCGAGT-1,1139,13,GRCh38
AGAGTCAGTCCCGATA-1,226,35,GRCh38
AGAGTCAGTTAAGTGG-1,90,33,GRCh38
AGAGTCAGTTTACAGC-1,299,52,GRCh38
AGAGTCCTCACCTAGA-1,1883,14,GRCh38
AGAGTCCTCACGGACT-1,6124,105,GRCh38
AGAGTCCTCCCCAATT-1,1030,42,GRCh38
AGAGTTGGTCTGGGCT-1,141,37,GRCh38
AGAGTTGGTTCGCCTT-1,312,41,GRCh38
AGCAAATGTTAACCCG-1,557,18,GRCh38
AGCAAATGTTATCTGA-1,150,33,GRCh38
AGCAAATGTTTGACGT-1,275,33,GRCh38
AGCAACCTCAATTGCG-1,146,34,GRCh38
AGCAACCTCAGGCATC-1,7685,45,GRCh38
AGCAACCTCCGTCATT-1,55066,341,Multiplet
AGCAAGGTCACTCGTT-1,267,41,GRCh38
AGCAAGGTCCAATGCA-1,182,39,GRCh38
AGCAAGGTCCCTCTGA-1,5333,164,Multiplet
AGCAAGGTCGCGTTCC-1,153,35,GRCh38
AGCAATCCAAATGGTC-1,722,96,GRCh38
AGCAATCCAAGTCGGC-1,656,43,GRCh38
AGCAATCCAATACCTT-1,7209,119,GRCh38
AGCAATCCACAATCCC-1,115,34,GRCh38
AGCAATCCACTTCGAC-1,6487,148,Multiplet
AGCAATCCAGGCAGTC-1,245,47,GRCh38
AGCAATTTCACATGGC-1,7247,61,GRCh38
AGCAATTTCCACCTTG-1,178,34,GRCh38
AGCAATTTCGAACCAC-1,124,33,GRCh38
AGCAATTTCGCGTTGG-1,35268,180,Multiplet
AGCACCACAATAGCGT-1,11706,75,GRCh38
AGCACCACAATTGCCC-1,159,37,GRCh38
AGCACCACACCACACT-1,166,33,GRCh38
AGCACCACAGCTAAGT-1,6790,40,GRCh38
AGCACCACATTGCCGT-1,526,25,GRCh38
AGCACGCCAAGTGCGC-1,45610,281,Multiplet
AGCACGCCAGGGCTGT-1,132,37,GRCh38
AGCACGTTCACTTCCG-1,697,21,GRCh38
AGCACGTTCATACTCC-1,152,44,GRCh38
AGCACGTTCCATCGCC-1,22735,146,Multiplet
AGCACGTTCCCAATGA-1,32079,149,Multiplet
AGCACGTTCCGCCTTA-1,5216,88,GRCh38
AGCACTATCACAGCCG-1,15850,114,GRCh38
AGCACTATCACATGCA-1,2378,89,GRCh38
AGCACTATCATCGAGC-1,239,38,GRCh38
AGCACTTGTAGCTAGA-1,22728,207,Multiplet
AGCACTTGTCATGGCC-1,124,35,GRCh38
AGCACTTGTGGACCTC-1,1272,27,GRCh38
AGCACTTGTTCCTTGC-1,303,34,GRCh38
AGCACTTGTTGTCTGG-1,740,20,GRCh38
AGCAGCAAGCCATCGG-1,1465,75,GRCh38
AGCAGGATCAGCCTAA-1,198,131,GRCh38
AGCAGGATCCAGCTCC-1,127,38,GRCh38
AGCAGGATCCAGGGAA-1,2250,59,GRCh38
AGCAGGATCCATGCGG-1,7026,62,GRCh38
AGCAGGATCCCGCAAG-1,37471,160,Multiplet
AGCAGGATCGACTGCG-1,974,23,GRCh38
AGCAGGATCGTAGTCA-1,89,33,GRCh38
AGCAGGATCGTGATTG-1,234,73,GRCh38
AGCAGGATCTCATTGC-1,3746,47,GRCh38
AGCAGGATCTGGATAT-1,9595,77,GRCh38
AGCAGGATCTGGTCGG-1,16162,112,GRCh38
AGCATAGGTGATGCGG-1,2538,44,GRCh38
AGCATAGGTGCAATTC-1,5649,67,GRCh38
AGCATAGGTTTCCGCT-1,143,36,GRCh38
AGCATAGGTTTGCCCT-1,138,34,GRCh38
AGCATATTCATGGCTA-1,47166,199,Multiplet
AGCATATTCCGTGTCC-1,4663,75,GRCh38
AGCATATTCCTGGTCC-1,186,36,GRCh38
AGCATATTCGAATTAC-1,3909,163,Multiplet
AGCATATTCGCGCGTA-1,228,33,GRCh38
AGCATCATCATCTAGG-1,231,42,GRCh38
AGCATCATCTAGCCGG-1,4984,124,GRCh38
AGCATCGCAATTGACA-1,23935,142,GRCh38
AGCATCGCAGTAAGTC-1,13988,85,GRCh38
AGCATCGCATCGCTAC-1,24460,134,GRCh38
AGCATCGCATTCGCTA-1,4025,80,GRCh38
AGCATCGCATTGCCAC-1,199,34,GRCh38
AGCATCTGTATGTCCG-1,118,46,GRCh38
AGCATCTGTATTGCAC-1,35835,218,Multiplet
AGCATCTGTCCCGATA-1,252,43,GRCh38
AGCATCTGTTTCGGCA-1,2678,47,GRCh38
AGCATGAGTGCAGCGA-1,36674,165,Multiplet
AGCATGAGTTACTGCG-1,173,43,GRCh38
AGCATGAGTTCCAGTG-1,140,33,GRCh38
AGCATGAGTTTGGGAA-1,247,34,GRCh38
AGCATGGAGCCTTCGC-1,3192,85,GRCh38
AGCATGGAGTTGCCGG-1,193,38,GRCh38
AGCATTGTCACATGAT-1,325,45,GRCh38
AGCATTGTCACCAATG-1,40075,137,GRCh38
AGCATTGTCAGCTCGG-1,60379,176,Multiplet
AGCATTGTCCAACCTT-1,48942,87,GRCh38
AGCATTGTCCCTCGAC-1,363,42,GRCh38
AGCATTTAGCAACTAT-1,225,41,GRCh38
AGCATTTAGCTTCCGC-1,4615,83,GRCh38
AGCATTTAGGTTCACA-1,2573,92,GRCh38
AGCATTTAGTAACGAA-1,782,50,GRCh38
AGCCAAAGTAAGCTGA-1,17269,104,GRCh38
AGCCAAAGTAATTGCC-1,282,41,GRCh38
AGCCAAAGTCTAACCG-1,256,35,GRCh38
AGCCAAAGTGATAGTG-1,857,19,GRCh38
AGCCAAAGTTGAATCC-1,171,53,GRCh38
AGCCAAAGTTGCAGGG-1,232,35,GRCh38
AGCCAATCAAGCACGC-1,3427,32,GRCh38
AGCCAATCACATATAG-1,4939,66,GRCh38
AGCCAATCACCTACCG-1,134,33,GRCh38
AGCCAATCACGCCATT-1,3511,175,Multiplet
AGCCAATCACTCGCTG-1,283,39,GRCh38
AGCCAATCAGCCAGAC-1,245,35,GRCh38
AGCCAATCATAGACCG-1,178,51,GRCh38
AGCCACTAGAAGGGTT-1,517,40,GRCh38
AGCCACTAGAATCCTG-1,13804,82,GRCh38
AGCCACTAGCGATCTA-1,8876,116,GRCh38
AGCCACTAGGAGGTTG-1,866,43,GRCh38
AGCCACTAGTAACGGG-1,3992,28,GRCh38
AGCCACTAGTACCAAT-1,4448,91,GRCh38
AGCCACTAGTAGGTCC-1,14783,180,Multiplet
AGCCAGCCATCCTATG-1,32703,166,Multiplet
AGCCAGCCATCCTTGA-1,648,26,GRCh38
AGCCATCAGAACCAGG-1,3777,44,GRCh38
AGCCATCAGAATCGTT-1,296,36,GRCh38
AGCCATCAGCATTCGA-1,22098,244,Multiplet
AGCCATCAGCCTAGCG-1,1601,77,GRCh38
AGCCATCAGGATGTGG-1,11195,113,GRCh38
AGCCATCAGGTACCAC-1,3239,84,GRCh38
AGCCATCAGTGCCAGT-1,7490,173,Multiplet
AGCCATTGTGATGAGC-1,15323,101,GRCh38
AGCCATTGTTATGTCA-1,24785,189,Multiplet
AGCCATTGTTCGCTGA-1,9430,98,GRCh38
AGCCCAACAATATGCA-1,23758,151,Multiplet
AGCCCAACATCATATC-1,7238,108,GRCh38
AGCCCAACATTACCGC-1,7607,88,GRCh38
AGCCCATAGATTAACC-1,1403,49,GRCh38
AGCCCATAGGGTCCAT-1,4413,67,GRCh38
AGCCCCAAGAAGCCAG-1,168,40,GRCh38
AGCCCCAAGCCCTGCT-1,18175,120,GRCh38
AGCCCCAAGGATTGAA-1,29464,130,GRCh38
AGCCCCAAGTAGTCTG-1,225,40,GRCh38
AGCCCCTTCATGAACT-1,7919,270,Multiplet
AGCCCCTTCCGTTAAG-1,284,48,GRCh38
AGCCCCTTCCTTGAGA-1,1598,47,GRCh38
AGCCCCTTCGCTCACC-1,68399,119,GRCh38
AGCCCCTTCTGGCTGG-1,5263,138,GRCh38
AGCCCGATCAAGTAGA-1,2615,72,GRCh38
AGCCCGATCAAGTTCG-1,33695,149,Multiplet
AGCCCGATCAGCGGTT-1,2027,29,GRCh38
AGCCCGATCGCTGAAC-1,145,38,GRCh38
AGCCCGATCTATGCTC-1,292,37,GRCh38
AGCCCTAGTAATGCCT-1,59296,132,GRCh38
AGCCCTAGTGCGATGG-1,153,40,GRCh38
AGCCCTAGTGCGTGTC-1,22496,148,Multiplet
AGCCCTAGTGGAAGGA-1,977,60,GRCh38
AGCCCTAGTTGAGTGA-1,1155,20,GRCh38
AGCCGAAAGAACCTAT-1,251,43,GRCh38
AGCCGAAAGGTGAACG-1,24188,184,Multiplet
AGCCGAAAGTCAGGGA-1,27196,189,Multiplet
AGCCGATTCAAGTGCC-1,217,45,GRCh38
AGCCGATTCATCGAAT-1,4301,108,GRCh38
AGCCGATTCCCGCACT-1,542,37,GRCh38
AGCCGATTCCGGTAAC-1,32655,255,Multiplet
AGCCGATTCGTTCCAT-1,123,36,GRCh38
AGCCGTTAGCGAGCTT-1,252,36,GRCh38
AGCCGTTAGTAGGTAA-1,28495,140,GRCh38
AGCCGTTAGTGCTGGT-1,13680,88,GRCh38
AGCCTCAGTTCCTCAC-1,132,33,GRCh38
AGCCTCAGTTCGTGGC-1,522,33,GRCh38
AGCCTCAGTTGGTGCC-1,250,47,GRCh38
AGCCTCCTCCAGATAT-1,25426,139,GRCh38
AGCCTCCTCGAACCGT-1,270,48,GRCh38
AGCCTCCTCGATGTGC-1,60211,249,Multiplet
AGCCTCCTCGATTCCT-1,5019,84,GRCh38
AGCCTCCTCGTTCGGG-1,143,42,GRCh38
AGCCTCCTCTAAGCCA-1,17113,74,GRCh38
AGCCTCTCAAAGGACA-1,3419,42,GRCh38
AGCCTCTCAAGTCGCA-1,17398,118,GRCh38
AGCCTCTCACTACCAC-1,189,33,GRCh38
AGCCTCTCACTCGCAT-1,1460,197,Multiplet
AGCCTCTCATTCAACT-1,359,45,GRCh38
AGCCTGACAACCATCC-1,212,47,GRCh38
AGCCTGACACCATAGG-1,2155,67,GRCh38
AGCCTGACACCATGAG-1,2161,98,GRCh38
AGCCTGACATCGACTC-1,4992,29,GRCh38
AGCCTGACATGCAGTG-1,17410,105,GRCh38
AGCCTGGTCACACTAG-1,266,75,GRCh38
AGCCTGGTCAGGCAAG-1,19333,114,GRCh38
AGCCTGGTCCGCACAG-1,116,35,GRCh38
AGCCTGGTCCGTTGCC-1,199,38,GRCh38
AGCCTGGTCGACCAAC-1,137,35,GRCh38
AGCCTTGGTATGGATG-1,891,244,Multiplet
AGCCTTGGTCATTCGG-1,175,48,GRCh38
AGCCTTGGTCCATTAA-1,2645,80,GRCh38
AGCCTTGGTTCCTGCT-1,235,54,GRCh38
AGCCTTGGTTGAATCC-1,144,42,GRCh38
AGCCTTGGTTGCCTCT-1,138,71,GRCh38
AGCGAACGTTCGTCCT-1,212,71,GRCh38
AGCGAACGTTGCTAAC-1,9954,124,GRCh38
AGCGAACGTTTAAGCC-1,22311,185,Multiplet
AGCGAATAGGATCCAC-1,36040,202,Multiplet
AGCGAATAGGCATGTC-1,1365,41,GRCh38
AGCGAATAGTGGGTCT-1,195,47,GRCh38
AGCGAATAGTTGGTTG-1,32379,173,Multiplet
AGCGACAAGCTAGCGT-1,2038,68,GRCh38
AGCGACAAGTTACGGC-1,1842,41,GRCh38
AGCGACAAGTTGGGTC-1,4874,66,GRCh38
AGCGACCCAAGCACCA-1,1138,47,GRCh38
AGCGACCCAGGGACTC-1,6890,87,GRCh38
AGCGAGGCAATATCAG-1,213,41,GRCh38
AGCGAGGCAATCGTGG-1,43178,162,Multiplet
AGCGAGGCATAAGGTC-1,5233,69,GRCh38
AGCGAGGCATAGGTAC-1,285,34,GRCh38
AGCGAGGCATCATCAT-1,11693,70,GRCh38
AGCGAGGCATCCACTA-1,2127,30,GRCh38
AGCGATAGTCTTGACG-1,735,48,GRCh38
AGCGATAGTGATGCCC-1,5140,77,GRCh38
AGCGATAGTTGGATCT-1,42204,130,GRCh38
AGCGATAGTTGGATTC-1,221,39,GRCh38
AGCGATGAGATTCGGC-1,113,38,GRCh38
AGCGATGAGGTACGAG-1,6829,118,GRCh38
AGCGATGAGGTTACGC-1,23269,146,Multiplet
AGCGATGAGGTTACTG-1,4596,32,GRCh38
AGCGATGAGTAGCGAG-1,25271,146,Multiplet
AGCGATGAGTAGCTGC-1,120,145,mm10
AGCGATTCAAATCGAC-1,4028,51,GRCh38
AGCGATTCAACATTGA-1,7224,69,GRCh38
AGCGATTCAATCTATC-1,52672,125,GRCh38
AGCGATTCACTAGCAG-1,1083,15,GRCh38
AGCGATTCAGGTTACG-1,4684,79,GRCh38
AGCGCACCACCTGCAT-1,82344,176,Multiplet
AGCGCACCACCTTACA-1,244,118,GRCh38
AGCGCACCACTAACTT-1,212,33,GRCh38
AGCGCACCATGACTCC-1,144,33,GRCh38
AGCGCAGGTAACGAAT-1,237,34,GRCh38
AGCGCAGGTAGCGACG-1,228,39,GRCh38
AGCGCATTCATGGCGT-1,24344,121,GRCh38
AGCGCATTCGCGAGTT-1,14113,132,GRCh38
AGCGCCATCCGCACTC-1,473,72,GRCh38
AGCGCCATCCTGCTGC-1,134,34,GRCh38
AGCGCCATCGCATTGA-1,2171,40,GRCh38
AGCGCCATCGTACAGC-1,21471,134,GRCh38
AGCGCCATCGTACCGG-1,257,46,GRCh38
AGCGCCTGTCAACTGT-1,1863,187,Multiplet
AGCGCCTGTCTGGTCA-1,257,40,GRCh38
AGCGCCTGTCTGTGAT-1,22059,181,Multiplet
AGCGCCTGTGCGGTTC-1,262,38,GRCh38
AGCGCCTGTTAACTGC-1,3039,39,GRCh38
AGCGCCTGTTTGGATC-1,24884,125,GRCh38
AGCGGATGTCAGCTAT-1,4135,67,GRCh38
AGCGGATGTGAGACAC-1,2103,91,GRCh38
AGCGGGACAAATGGTC-1,1152,16,GRCh38
AGCGGGACAAGGTATC-1,55063,181,Multiplet
AGCGGGACAGGATCTG-1,21387,110,GRCh38
AGCGGTAAGTGCTGGT-1,10993,60,GRCh38
AGCGGTTTCCTGCCGT-1,139,61,GRCh38
AGCGTAAGTGAGGTAC-1,5019,67,GRCh38
AGCGTAAGTGATGGCG-1,151,41,GRCh38
AGCGTCCGTGATGACA-1,3058,26,GRCh38
AGCGTCCGTTCCCAAG-1,27918,125,GRCh38
AGCGTTATCCCTTGAT-1,22581,138,GRCh38
AGCGTTATCCTCTCCT-1,152,33,GRCh38
AGCGTTATCGCATACA-1,19503,141,GRCh38
AGCGTTGCAATACATG-1,2475,129,GRCh38
AGCGTTGCAGGACTAT-1,249,45,GRCh38
AGCTAACCAAGCTGCA-1,4896,63,GRCh38
AGCTAACCAGGTTACG-1,1661,122,GRCh38
AGCTAAGGTCTCAGTG-1,703,25,GRCh38
AGCTAAGGTTCGCTGA-1,537,3,GRCh38
AGCTAATTCACAGGTC-1,1134,47,GRCh38
AGCTAATTCCAGCAAC-1,821,16,GRCh38
AGCTAATTCGTTCGTT-1,538,19,GRCh38
AGCTAATTCTGTGCCC-1,2800,108,GRCh38
AGCTACGCAACCAACG-1,40656,280,Multiplet
AGCTACGCAATAGACC-1,163,40,GRCh38
AGCTACGCACTTGGGA-1,8033,68,GRCh38
AGCTACGCATTGGAAC-1,2281,26,GRCh38
AGCTATGTCCTTCATA-1,4229,73,GRCh38
AGCTATGTCGTCTCTG-1,888,15,GRCh38
AGCTGAGAGCCCTACC-1,138,94,GRCh38
AGCTGAGAGCCTGAGT-1,12188,90,GRCh38
AGCTGAGAGCTGGTAC-1,6739,54,GRCh38
AGCTGAGAGGATACTT-1,22108,136,GRCh38
AGCTGAGAGGTGCTTA-1,1151,124,GRCh38
AGCTGAGAGTGAGACG-1,34969,140,GRCh38
AGCTGGTTCACCTCTG-1,147,34,GRCh38
AGCTGGTTCACTCTCG-1,1161,50,GRCh38
AGCTGGTTCCGGTTCC-1,3847,220,Multiplet
AGCTGGTTCGAACCGT-1,173,63,GRCh38
AGCTGGTTCGCATCCC-1,160,36,GRCh38
AGCTGGTTCTATGCTC-1,180,33,GRCh38
AGCTGTTGTCTAATGC-1,6356,95,GRCh38
AGCTGTTGTTCCTGCT-1,197,55,GRCh38
AGCTTAACAAACTCGG-1,2920,124,GRCh38
AGCTTAACAACTTCCA-1,1282,30,GRCh38
AGCTTAACAAGCTCTC-1,2806,15,GRCh38
AGCTTAACAATATGCA-1,164,53,GRCh38
AGCTTAACAATCATCT-1,319,35,GRCh38
AGCTTAACAATCTAAG-1,911,22,GRCh38
AGCTTAACAGGGACCT-1,5518,39,GRCh38
AGCTTACGTATAGCGA-1,13918,127,GRCh38
AGCTTACGTCAGCGGA-1,571,37,GRCh38
AGCTTACGTCCATCTC-1,2057,19,GRCh38
AGCTTACGTGAAGTTG-1,597,33,GRCh38
AGCTTACGTTCCGCTT-1,54740,260,Multiplet
AGCTTACGTTGACCGC-1,345,46,GRCh38
AGCTTAGTCACGCCGA-1,228,39,GRCh38
AGCTTAGTCAGCGGTT-1,1220,37,GRCh38
AGCTTAGTCAGGTTCA-1,13622,114,GRCh38
AGCTTAGTCCTGAGTA-1,533,38,GRCh38
AGCTTAGTCGCGTGAT-1,19748,124,GRCh38
AGCTTAGTCGCGTTCC-1,17641,95,GRCh38
AGCTTAGTCTAAGTAC-1,515,58,GRCh38
AGCTTAGTCTAGGCAC-1,1631,23,GRCh38
AGCTTAGTCTAGTGCA-1,8769,154,Multiplet
AGCTTATAGGTCGTTA-1,17672,98,GRCh38
AGCTTTAGTATGTGTC-1,280,116,GRCh38
AGCTTTAGTGGGTAGT-1,161,37,GRCh38
AGCTTTAGTTTCAGGT-1,794,19,GRCh38
AGGAAATCAATCGCTC-1,415,69,GRCh38
AGGAAATCAATTCAGA-1,2635,54,GRCh38
AGGAAATCACCTTACA-1,203,50,GRCh38
AGGAAATCATAATTGG-1,257,36,GRCh38
AGGAACTAGAACCTGC-1,1002,39,GRCh38
AGGAACTAGGGTGACA-1,265,33,GRCh38
AGGAATATCACACCAA-1,4246,67,GRCh38
AGGAATATCCGTGTGG-1,226,34,GRCh38
AGGAATATCGTGACCG-1,67930,105,GRCh38
AGGAATGCAACTAATG-1,16058,81,GRCh38
AGGAATGCAATTCGTT-1,20251,148,Multiplet
AGGAATGCACCATCCG-1,23966,165,Multiplet
AGGAATGCACTTACCA-1,38314,215,Multiplet
AGGAATGCAGGATCGC-1,616,15,GRCh38
AGGAATGCATGGTATA-1,11555,100,GRCh38
AGGACAACAATATGCA-1,21383,107,GRCh38
AGGACAACACTTCAGC-1,2350,35,GRCh38
AGGACAACATCGGGAC-1,235,36,GRCh38
AGGACAACATTGCACC-1,46156,115,GRCh38
AGGACATAGCTATCGA-1,6572,75,GRCh38
AGGACATAGGTCCACG-1,224,45,GRCh38
AGGACATAGTCAAGTT-1,25913,185,Multiplet
AGGACCAAGCCACGCA-1,21583,135,GRCh38
AGGACCAAGCGCTTGG-1,155,40,GRCh38
AGGACCAAGGTGGATG-1,239,35,GRCh38
AGGACCAAGGTTGACC-1,14913,118,GRCh38
AGGACCAAGTAGCGTC-1,3431,145,Multiplet
AGGACCCCAAATTACG-1,6842,97,GRCh38
AGGACCCCAATACATG-1,4669,58,GRCh38
AGGACCCCACATTCAT-1,843,40,GRCh38
AGGACCCCACTAGCCT-1,39833,223,Multiplet
AGGACCCCAGGTAACT-1,26486,112,GRCh38
AGGACCCCATAGGTAC-1,11038,52,GRCh38
AGGACTAGTGAAGTCA-1,15682,101,GRCh38
AGGACTAGTGCAAGGT-1,60926,155,Multiplet
AGGACTAGTGCAGGAT-1,145,33,GRCh38
AGGACTGAGGGCTAGA-1,15214,98,GRCh38
AGGACTGAGGTATCCA-1,17620,94,GRCh38
AGGAGATTCACCATGA-1,122,43,GRCh38
AGGAGATTCACCATTC-1,307,37,GRCh38
AGGAGATTCACTAGCA-1,1319,91,GRCh38
AGGAGATTCATGGATT-1,3932,51,GRCh38
AGGAGATTCCATTCGT-1,478,39,GRCh38
AGGAGATTCGAGTCTA-1,11006,69,GRCh38
AGGAGATTCGCGCACA-1,15020,73,GRCh38
AGGAGATTCGCGCTAG-1,875,47,GRCh38
AGGAGATTCGTTAGCA-1,896,122,GRCh38
AGGAGCCAGCGCTGAT-1,22596,91,GRCh38
AGGAGCCAGGTCATTG-1,231,110,GRCh38
AGGAGCCAGTAGCCCG-1,896,51,GRCh38
AGGAGTTAGTGATCCA-1,10546,96,GRCh38
AGGATCAGTAATGACG-1,29069,196,Multiplet
AGGATCAGTCAGCGGA-1,4895,58,GRCh38
AGGATCAGTGCGGACA-1,596,11,GRCh38
AGGATTAAGCATCACA-1,34164,191,Multiplet
AGGATTGGTAGCGCAG-1,28106,132,GRCh38
AGGATTGGTGAAGTGC-1,213,35,GRCh38
AGGATTGGTTTGCACG-1,212,39,GRCh38
AGGCAAGTCCGGTGAT-1,111,36,GRCh38
AGGCAAGTCCGTCACC-1,2762,81,GRCh38
AGGCAAGTCGATTAAC-1,5912,51,GRCh38
AGGCAATAGCGGGATA-1,785,44,GRCh38
AGGCACGGTTTGCAGT-1,428,69,GRCh38
AGGCAGGCATAGGCTG-1,4276,66,GRCh38
AGGCAGGCATCACTAT-1,2213,62,GRCh38
AGGCAGGCATTGGCAG-1,534,26,GRCh38
AGGCATAGTAATCGGA-1,5699,42,GRCh38
AGGCATAGTCAGGGCA-1,1953,27,GRCh38
AGGCATAGTGAACGTA-1,1971,44,GRCh38
AGGCATAGTTGTAACC-1,230,35,GRCh38
AGGCATAGTTGTGCGC-1,14566,91,GRCh38
AGGCATAGTTTACACA-1,16003,87,GRCh38
AGGCATGAGCCGACAT-1,98,54,GRCh38
AGGCATTCAAATTCGA-1,18355,129,GRCh38
AGGCATTCAACTCGTC-1,192,35,GRCh38
AGGCATTCACCTGCCA-1,23345,167,Multiplet
AGGCATTCACTATGAA-1,33953,152,Multiplet
AGGCATTCAGCTCACT-1,1348,33,GRCh38
AGGCCAAAGCGATTGC-1,279,43,GRCh38
AGGCCAAAGGAGGTTG-1,7647,93,GRCh38
AGGCCAAAGGATTAAG-1,28141,126,GRCh38
AGGCCAAAGGTCGAAG-1,24287,155,Multiplet
AGGCCAAAGGTGCGAA-1,29721,135,GRCh38
AGGCCAAAGGTGGCAA-1,8064,66,GRCh38
AGGCCAAAGTCATCTC-1,29645,169,Multiplet
AGGCCAAAGTTGGTCA-1,9030,49,GRCh38
AGGCCAGGTAATTGCC-1,232,36,GRCh38
AGGCCAGGTAGCTGCC-1,157,36,GRCh38
AGGCCATTCACTCGCC-1,46224,243,Multiplet
AGGCCATTCAGGATGG-1,152,33,GRCh38
AGGCCATTCCCCTGAC-1,124,36,GRCh38
AGGCCATTCCTGTAAG-1,19445,88,GRCh38
AGGCCATTCGAACGTC-1,30516,218,Multiplet
AGGCCATTCGTACTTC-1,144,33,GRCh38
AGGCCATTCGTTAGGC-1,33133,175,Multiplet
AGGCCCATCATCACAG-1,28495,138,GRCh38
AGGCCCATCATGCAGC-1,3572,26,GRCh38
AGGCCCATCCAACCGG-1,27489,167,Multiplet
AGGCCCATCCGTTGGG-1,2172,69,GRCh38
AGGCCCATCGCGCAAT-1,50856,183,Multiplet
AGGCCCATCTCATCCG-1,1842,55,GRCh38
AGGCGAATCATCACAG-1,33993,116,GRCh38
AGGCGAATCGACTGAC-1,29565,178,Multiplet
AGGCGAATCGCTCTCA-1,18521,166,Multiplet
AGGCGCAGTGGGTACG-1,4036,187,Multiplet
AGGCGGACAAGGTAGA-1,16878,127,GRCh38
AGGCGGACAGGGCACT-1,5457,143,GRCh38
AGGCGGACATCCCTGG-1,5331,100,GRCh38
AGGCGTTTCACAGCTA-1,39130,178,Multiplet
AGGCTCACACAATTAG-1,453,65,GRCh38
AGGCTCACATGCTGTC-1,19919,143,GRCh38
AGGCTCCGTAGCTAAG-1,36689,74,GRCh38
AGGCTCCGTAGCTGGG-1,108,33,GRCh38
AGGCTCCGTTTCCTGC-1,18144,102,GRCh38
AGGCTCCGTTTGCGAT-1,347,37,GRCh38
AGGCTTATCACACTGA-1,2246,29,GRCh38
AGGCTTGCAAATTCGA-1,25280,141,GRCh38
AGGCTTGCAACCCTAC-1,156,39,GRCh38
AGGCTTGCAGGATTAC-1,59810,220,Multiplet
AGGCTTGCATGGAACT-1,246,39,GRCh38
AGGGAACCACCTGCAT-1,20214,171,Multiplet
AGGGAACCACTAGGTG-1,544,82,GRCh38
AGGGAACCACTCAATT-1,1064,19,GRCh38
AGGGAACCAGCCAGGT-1,22481,146,Multiplet
AGGGAACCATCCGTGT-1,269,41,GRCh38
AGGGAAGGTAAGTGGC-1,5491,71,GRCh38
AGGGAAGGTGATCCTG-1,4965,43,GRCh38
AGGGAGTCAAATTCAG-1,17668,125,GRCh38
AGGGAGTCAATAGTGC-1,28302,169,Multiplet
AGGGAGTCATCACTTG-1,369,75,GRCh38
AGGGAGTCATCGCTCG-1,517,18,GRCh38
AGGGAGTCATGAATTG-1,664,20,GRCh38
AGGGATTAGATTACGT-1,12939,71,GRCh38
AGGGATTAGATTAGAG-1,22216,134,GRCh38
AGGGATTAGCGCTTAA-1,9069,46,GRCh38
AGGGATTAGGGTCAAG-1,190,56,GRCh38
AGGGCAATCAGCCCGA-1,2723,36,GRCh38
AGGGCAATCCGCTAGG-1,116,56,GRCh38
AGGGCAATCCGCTGCT-1,146,34,GRCh38
AGGGCAATCCGGTGTG-1,22206,138,GRCh38
AGGGCAATCGAAGCTC-1,1757,45,GRCh38
AGGGCAATCTGGAAGG-1,1337,92,GRCh38
AGGGCATGTTTCAGGT-1,835,41,GRCh38
AGGGCTAAGGTCGTAC-1,7312,117,GRCh38
AGGGCTAAGTAAGTAG-1,298,100,GRCh38
AGGGCTGGTCATGCCA-1,3728,80,GRCh38
AGGGCTGGTGCAAGGT-1,1271,18,GRCh38
AGGGCTGGTGCATCGC-1,1913,27,GRCh38
AGGGCTGGTTGGCTAT-1,343,40,GRCh38
AGGGGTTGTGCAAGGT-1,9073,89,GRCh38
AGGGGTTGTTGAGTTC-1,357,37,GRCh38
AGGGGTTGTTGGAGAC-1,5712,29,GRCh38
AGGGTACGTCATGGAA-1,2989,53,GRCh38
AGGGTACGTTGCTCTC-1,1342,23,GRCh38
AGGGTATAGCGAGTCT-1,69443,125,GRCh38
AGGGTATAGGGGCTAA-1,227,35,GRCh38
AGGGTATAGTAGTGCC-1,25881,112,GRCh38
AGGGTATAGTGAGGAT-1,22950,171,Multiplet
AGGGTCAAGGAGGTAT-1,37312,143,GRCh38
AGGGTCAAGGCTTCCC-1,1943,39,GRCh38
AGGGTCAAGTAATTGC-1,469,43,GRCh38
AGGGTCAAGTACGCTA-1,23469,130,GRCh38
AGGGTCAAGTAGTCTG-1,240,36,GRCh38
AGGGTTAGTTAGCAAG-1,191,33,GRCh38
AGGGTTGAGAAGCCCT-1,15692,99,GRCh38
AGGGTTGAGATTGCGC-1,277,42,GRCh38
AGGTAAATCACGGCTG-1,19780,145,Multiplet
AGGTAAATCCGGGTTG-1,484,46,GRCh38
AGGTAAATCCTCATAC-1,6400,47,GRCh38
AGGTAAATCGATTACG-1,1331,230,Multiplet
AGGTAAATCGTACCTT-1,2140,120,GRCh38
AGGTAAATCGTAGTTG-1,2362,123,GRCh38
AGGTAAATCTCATCAC-1,4356,33,GRCh38
AGGTAACAGAAGGTTA-1,33126,179,Multiplet
AGGTAACAGCAATCAT-1,3230,82,GRCh38
AGGTAACAGGGCTATC-1,16782,124,GRCh38
AGGTAATGTAATCGTC-1,256,35,GRCh38
AGGTAATGTAGGCGAT-1,52010,165,Multiplet
AGGTAATGTAGTCCGC-1,192,69,GRCh38
AGGTAATGTATGGCTT-1,17871,143,GRCh38
AGGTAATGTTAAGTCC-1,255,38,GRCh38
AGGTAATGTTCGCACA-1,4751,210,Multiplet
AGGTAGTAGATTCCAG-1,3156,76,GRCh38
AGGTAGTAGCTAGCCG-1,928,29,GRCh38
AGGTAGTAGGAATTGA-1,30935,150,Multiplet
AGGTAGTAGGCATTCA-1,19515,148,Multiplet
AGGTAGTAGGTCCAGT-1,53403,174,Multiplet
AGGTAGTAGTCATCGA-1,2271,61,GRCh38
AGGTATGGTCTCCACT-1,40653,161,Multiplet
AGGTATGGTTCCATCC-1,116,33,GRCh38
AGGTATGGTTCCCATC-1,13355,109,GRCh38
AGGTATGGTTCGATTA-1,1600,38,GRCh38
AGGTGATAGGTGAACG-1,252,34,GRCh38
AGGTGCAAGATTGGTT-1,1102,27,GRCh38
AGGTGCAAGCCTTCGC-1,461,40,GRCh38
AGGTGCAAGCTGGGTT-1,21754,96,GRCh38
AGGTGCAAGGCACTCG-1,14115,127,GRCh38
AGGTGCAAGGTCACAC-1,147,33,GRCh38
AGGTGCAAGTAAGCGG-1,3059,48,GRCh38
AGGTGCAAGTCGCAAC-1,535,57,GRCh38
AGGTGCAAGTGCGGTT-1,16881,109,GRCh38
AGGTGCTTCACGCAGT-1,19077,115,GRCh38
AGGTGCTTCCCATATC-1,245,33,GRCh38
AGGTGCTTCCGTGATA-1,190,45,GRCh38
AGGTGCTTCGACATTG-1,331,36,GRCh38
AGGTGTGAGCAACCAC-1,54298,162,Multiplet
AGGTGTGAGTGATCTG-1,1145,15,GRCh38
AGGTTAAAGATAGACA-1,1081,20,GRCh38
AGGTTAAAGGAGCTGA-1,5140,28,GRCh38
AGGTTAAAGTGACCGT-1,5165,100,GRCh38
AGGTTAGGTAGTAGGC-1,44882,245,Multiplet
AGGTTAGGTGGACCCT-1,48652,173,Multiplet
AGGTTAGGTGGAGAGA-1,15042,80,GRCh38
AGGTTCATCACACTGA-1,209,46,GRCh38
AGGTTCATCATCGACA-1,4899,41,GRCh38
AGGTTCATCCAGATAT-1,901,17,GRCh38
AGGTTCATCCTCATCG-1,30069,115,GRCh38
AGGTTCATCGATCCGG-1,65339,149,Multiplet
AGGTTCATCGATGGAG-1,33220,190,Multiplet
AGGTTCATCGTAGTGC-1,22447,111,GRCh38
AGGTTCGCACAGGACC-1,232,39,GRCh38
AGGTTCGCAGGGCCAT-1,1708,29,GRCh38
AGGTTCGCATTAGTGA-1,512,59,GRCh38
AGGTTGAGTAGGTTGA-1,3884,54,GRCh38
AGGTTGAGTCTCACGA-1,22780,124,GRCh38
AGGTTGAGTTCACCAG-1,286,38,GRCh38
AGGTTGAGTTTGAGGA-1,117,46,GRCh38
AGGTTGCTCACTGGGT-1,3959,49,GRCh38
AGGTTGCTCCACCTAT-1,174,35,GRCh38
AGGTTGCTCTGGTAAT-1,40278,210,Multiplet
AGGTTGGAGCGGATCT-1,20846,131,GRCh38
AGGTTGGAGGGCTTAC-1,702,17,GRCh38
AGTAACCCACAACCGA-1,57260,184,Multiplet
AGTAACCCACATAGGT-1,135,53,GRCh38
AGTAACCCACTTAATC-1,1412,41,GRCh38
AGTAACCCATCACGTC-1,302,39,GRCh38
AGTAACCCATCACTGC-1,374,55,GRCh38
AGTAACCCATTAGACA-1,1627,61,GRCh38
AGTAACGGTGGCGTCT-1,16451,97,GRCh38
AGTAACGGTTGGCTAT-1,48819,164,Multiplet
AGTAACGGTTTCCGTC-1,1022,108,GRCh38
AGTAATGAGTGACCCG-1,56084,152,Multiplet
AGTACACCAAATGAGG-1,1985,435,Multiplet
AGTACACCAACTGCGA-1,178,45,GRCh38
AGTACACCATGAATGC-1,278,37,GRCh38
AGTACAGGTAGTTGGA-1,235,39,GRCh38
AGTACAGGTATTGAGG-1,310,42,GRCh38
AGTACAGGTCAAGGGT-1,244,44,GRCh38
AGTACAGGTGATTGAG-1,53444,100,GRCh38
AGTACAGGTTAACCGT-1,9937,99,GRCh38
AGTACAGGTTCGTGTG-1,4239,69,GRCh38
AGTACCATCAGCCAGT-1,352,52,GRCh38
AGTACCATCATACTGG-1,134,42,GRCh38
AGTACCATCCCGCATC-1,141,36,GRCh38
AGTACCATCCGGTAGT-1,7048,73,GRCh38
AGTACCATCGACCATA-1,1304,158,Multiplet
AGTACCATCGTTCGGG-1,125,38,GRCh38
AGTACCGCAATCCTGC-1,19778,144,GRCh38
AGTACCGCAATGAGTC-1,11907,300,Multiplet
AGTACCGCACAACCGA-1,347,87,GRCh38
AGTACCTGTAGTGCTT-1,3688,68,GRCh38
AGTACCTGTATGGTAG-1,239,38,GRCh38
AGTACCTGTGGACTGG-1,1933,34,GRCh38
AGTACCTGTGGCCTGT-1,129,34,GRCh38
AGTACCTGTTGCACTG-1,132,44,GRCh38
AGTACCTGTTGCCTTC-1,201,42,GRCh38
AGTACCTGTTGCTGGC-1,131,36,GRCh38
AGTACCTGTTGGGCCT-1,124,38,GRCh38
AGTACCTGTTTGGGCC-1,159,44,GRCh38
AGTACGGAGGAGCTAG-1,2550,141,GRCh38
AGTACGGAGGGGACTA-1,449,56,GRCh38
AGTACGGAGTTGCTCT-1,12829,101,GRCh38
AGTACTTAGATTGACT-1,241,47,GRCh38
AGTACTTAGTTAGCAT-1,289,35,GRCh38
AGTATCACAACTCGCT-1,18611,95,GRCh38
AGTATCACACCTTAAT-1,19131,118,GRCh38
AGTATCACACTACCTA-1,2241,40,GRCh38
AGTATCACAGCCAAGC-1,15638,24,GRCh38
AGTATCACATCGATCC-1,241,46,GRCh38
AGTATCCGTAGCTCGC-1,110,33,GRCh38
AGTATCCGTAGCTGAA-1,18238,79,GRCh38
AGTATCCGTGCGATGG-1,252,35,GRCh38
AGTATGAAGGCACGTT-1,13059,156,Multiplet
AGTATGGGTGGCCAGA-1,124,38,GRCh38
AGTATGGGTTAGCAGA-1,3422,17,GRCh38
AGTATGGGTTAGCCTG-1,151,34,GRCh38
AGTATGTTCGTGCCAG-1,827,49,GRCh38
AGTATTCAGGTCCATA-1,11324,95,GRCh38
AGTATTCAGTACCACA-1,2472,16,GRCh38
AGTATTCAGTGATCCA-1,26633,135,GRCh38
AGTATTGCAACCAGGC-1,122,33,GRCh38
AGTATTGCATCCGTGT-1,229,64,GRCh38
AGTCAACCAATCAGGT-1,14595,135,GRCh38
AGTCAACCACAATGAC-1,3023,64,GRCh38
AGTCAAGGTTAAGTGG-1,2105,78,GRCh38
AGTCAAGGTTATGTGC-1,63859,170,Multiplet
AGTCAATTCACTTGGA-1,1824,27,GRCh38
AGTCAATTCATACTCC-1,111,44,GRCh38
AGTCAATTCCGCCAGA-1,71878,172,Multiplet
AGTCAATTCCTTCATA-1,120,33,GRCh38
AGTCAATTCGATGTGC-1,180,38,GRCh38
AGTCAATTCGTAGTAT-1,215,33,GRCh38
AGTCACGCAATCTCTG-1,176,47,GRCh38
AGTCACGCATGCTACC-1,184,36,GRCh38
AGTCAGCTCGAAGCCT-1,9720,129,GRCh38
AGTCAGGAGGATCTGC-1,55909,159,Multiplet
AGTCAGGAGGGGCAAC-1,3607,136,GRCh38
AGTCAGGAGGTCGTAC-1,8111,369,Multiplet
AGTCAGTCACCTGCAT-1,111,34,GRCh38
AGTCAGTCATCCTGCG-1,248,52,GRCh38
AGTCAGTCATCGATCC-1,267,41,GRCh38
AGTCATTAGCATCCGG-1,279,33,GRCh38
AGTCATTAGGAACCAG-1,11513,87,GRCh38
AGTCATTAGGCGTATC-1,263,39,GRCh38
AGTCATTAGTAGGTAA-1,439,33,GRCh38
AGTCCAGCAAGGTCCA-1,18642,105,GRCh38
AGTCCAGCAAGTGAAG-1,42995,203,Multiplet
AGTCCAGCATTAACTC-1,132,48,GRCh38
AGTCCCAGTCTGTCGA-1,7257,58,GRCh38
AGTCCCAGTGCACCGT-1,626,57,GRCh38
AGTCCCAGTTCCGTTC-1,1676,26,GRCh38
AGTCCCAGTTTGAGAG-1,27659,147,Multiplet
AGTCCCTCAACTGGCA-1,17948,145,Multiplet
AGTCCCTCAAGTGCTG-1,399,238,Multiplet
AGTCCCTCACTATCAT-1,199,50,GRCh38
AGTCCCTCAGTAAGCT-1,699,30,GRCh38
AGTCCCTCATGATAGC-1,227,36,GRCh38
AGTCCCTCATGGCTGA-1,230,106,GRCh38
AGTCCTAAGGTCCCAG-1,45008,183,Multiplet
AGTCCTAAGTAGCTGC-1,15954,97,GRCh38
AGTCCTAAGTTAGGCC-1,223,45,GRCh38
AGTCCTGGTCAGTGCC-1,143,36,GRCh38
AGTCCTGGTGATGAAT-1,417,373,Multiplet
AGTCGAAGTGAGCCCT-1,221,35,GRCh38
AGTCGAAGTGAGCCGA-1,15565,126,GRCh38
AGTCGAAGTTCCTGCT-1,146,35,GRCh38
AGTCGATCAATCGAAC-1,246,40,GRCh38
AGTCGATCACATAGAC-1,111,34,GRCh38
AGTCGATCATCCTTAG-1,1013,34,GRCh38
AGTCGGGGTGATCCTG-1,978,180,Multiplet
AGTCGGTTCAATTAGC-1,3119,61,GRCh38
AGTCGGTTCGCTCCGT-1,1263,59,GRCh38
AGTCGTTGTAGTGCGG-1,27000,95,GRCh38
AGTCGTTGTGGGTTGG-1,2441,48,GRCh38
AGTCGTTGTTTCGGAT-1,10763,96,GRCh38
AGTCTCAAGCTATGAT-1,39970,190,Multiplet
AGTCTCAAGGGGTAAT-1,11969,84,GRCh38
AGTCTTAGTAGCCTTG-1,46049,162,Multiplet
AGTCTTAGTATTGAGG-1,743,33,GRCh38
AGTCTTAGTCAAGGTA-1,4032,46,GRCh38
AGTCTTAGTGCAGCCT-1,40520,111,GRCh38
AGTCTTAGTTCCATCC-1,129,33,GRCh38
AGTCTTAGTTTAGTGC-1,247,35,GRCh38
AGTCTTGAGCCTCTGC-1,122,34,GRCh38
AGTGAACAGGAACCTC-1,118,47,GRCh38
AGTGAACAGGTCCACG-1,4053,78,GRCh38
AGTGAACAGTTGCCTT-1,286,43,GRCh38
AGTGAATGTAAGGGCT-1,8357,50,GRCh38
AGTGAATGTCTAGCTG-1,202,37,GRCh38
AGTGAATGTGATGCCC-1,148,35,GRCh38
AGTGAATGTGGCGTAG-1,2665,34,GRCh38
AGTGACAGTGAAGTTG-1,23964,141,GRCh38
AGTGAGACAAGCGGTC-1,5815,46,GRCh38
AGTGAGACAGGATTAC-1,11710,96,GRCh38
AGTGAGACATCCATGC-1,1786,173,Multiplet
AGTGAGGTCACGCATA-1,1776,41,GRCh38
AGTGAGGTCCCGTAGG-1,10427,96,GRCh38
AGTGAGGTCCGTCACC-1,4932,44,GRCh38
AGTGAGGTCCTGCTAT-1,6079,51,GRCh38
AGTGAGGTCGACCAGT-1,1621,23,GRCh38
AGTGAGTAGGCTACAC-1,23345,147,Multiplet
AGTGAGTAGTAGGTCC-1,226,35,GRCh38
AGTGATCCAAGGGTAA-1,34839,161,Multiplet
AGTGATCCAATACGCG-1,5474,84,GRCh38
AGTGATCCAGCATGAT-1,28296,180,Multiplet
AGTGATCCATAACGTA-1,5520,70,GRCh38
AGTGATCCATAGGCAT-1,232,35,GRCh38
AGTGATGGTTCACCGA-1,18641,102,GRCh38
AGTGATGGTTCCTCAC-1,3450,27,GRCh38
AGTGATGGTTGCAGGG-1,5981,159,Multiplet
AGTGATTTCAGCAACC-1,214,39,GRCh38
AGTGATTTCCAACTTC-1,4263,46,GRCh38
AGTGATTTCCAATTCC-1,2200,54,GRCh38
AGTGATTTCCCTGTAT-1,107,70,GRCh38
AGTGATTTCCTCTACG-1,2532,33,GRCh38
AGTGATTTCTAATCGG-1,51159,146,Multiplet
AGTGCAAGTAACGAGC-1,28227,132,GRCh38
AGTGCAAGTAAGTCCT-1,18021,99,GRCh38
AGTGCAAGTGATGCGG-1,17463,87,GRCh38
AGTGCAAGTTAGCCGC-1,301,83,GRCh38
AGTGCATCAACCCTAC-1,2444,18,GRCh38
AGTGCATCAATAGAGG-1,27917,121,GRCh38
AGTGCATCAATCCGTC-1,128,34,GRCh38
AGTGCATCACCTGCCA-1,779,59,GRCh38
AGTGCATCATTAACCT-1,2751,45,GRCh38
AGTGCCCGTAAGTCCT-1,249,35,GRCh38
AGTGCCCGTTACTGCG-1,172,35,GRCh38
AGTGCCCGTTCCTGTC-1,119,51,GRCh38
AGTGCCCGTTCGGGTC-1,3231,30,GRCh38
AGTGCCCGTTGCAATC-1,104,36,GRCh38
AGTGCCCGTTGTGCAT-1,138,39,GRCh38
AGTGCGCCAAACTTGA-1,4905,113,GRCh38
AGTGCGCCACATTCGC-1,18673,107,GRCh38
AGTGCGCCAGGACATT-1,2284,36,GRCh38
AGTGCGCCATAACGCG-1,19826,124,GRCh38
AGTGCGGGTATGTGCT-1,170,33,GRCh38
AGTGCGGGTCTAACTA-1,851,22,GRCh38
AGTGCGGGTGCAGTCC-1,19130,90,GRCh38
AGTGCTCAGGTCCCGA-1,14480,77,GRCh38
AGTGCTTGTAGCTCGC-1,876,19,GRCh38
AGTGCTTGTTCCCGAA-1,25895,116,GRCh38
AGTGCTTGTTGTGGTT-1,273,43,GRCh38
AGTGGAACAAGGTATC-1,2004,44,GRCh38
AGTGGAACAGCACGGT-1,67650,163,Multiplet
AGTGGAACAGCCTATC-1,19114,177,Multiplet
AGTGGAACATGACGTG-1,6312,116,GRCh38
AGTGGAACATGATCGG-1,24730,141,GRCh38
AGTGGATAGCGAAGGC-1,2617,103,GRCh38
AGTGGATAGCGGGTAA-1,1267,34,GRCh38
AGTGGATAGGGGTTGA-1,150,82,GRCh38
AGTGGATAGTGATCGC-1,12257,87,GRCh38
AGTGGCGGTAGCAGTA-1,621,44,GRCh38
AGTGGCGGTTGTGCTG-1,203,80,GRCh38
AGTGGCGGTTTGATGC-1,63246,118,GRCh38
AGTGGCTTCACACACA-1,713,78,GRCh38
AGTGGCTTCACCCTGC-1,5569,52,GRCh38
AGTGGCTTCCTTCCTC-1,22030,125,GRCh38
AGTGGCTTCGAGGTCT-1,814,30,GRCh38
AGTGGCTTCGATATGT-1,211,39,GRCh38
AGTGGTGAGGGGCTAA-1,5029,175,Multiplet
AGTGGTGAGTTACAGT-1,7504,156,Multiplet
AGTGGTGAGTTGGACC-1,20137,104,GRCh38
AGTGTAAAGCGATTGC-1,282,42,GRCh38
AGTGTCATCGACATCA-1,1026,50,GRCh38
AGTGTCATCTAAGCAT-1,1664,157,Multiplet
AGTGTCGCACTAGCAG-1,46801,218,Multiplet
AGTGTCGCATGCTGTC-1,22850,185,Multiplet
AGTGTGAGTAGTCAGA-1,129,41,GRCh38
AGTGTGAGTGAGGTAC-1,218,33,GRCh38
AGTGTTGTCCATGCGG-1,236,42,GRCh38
AGTGTTGTCCCCAACC-1,675,23,GRCh38
AGTTAGAAGCGCCTTC-1,8525,59,GRCh38
AGTTAGAAGCGGGAAC-1,2599,47,GRCh38
AGTTAGAAGTGCCCGA-1,51292,246,Multiplet
AGTTAGCCAAAGGAGC-1,5321,60,GRCh38
AGTTAGCCAAATCGAC-1,2704,34,GRCh38
AGTTAGCCACAGCATG-1,181,37,GRCh38
AGTTAGCCATGGCTTC-1,361,77,GRCh38
AGTTATCAGCATCCAA-1,506,44,GRCh38
AGTTATCAGCTTAGGC-1,215,33,GRCh38
AGTTGAGGTAGCTCGC-1,363,57,GRCh38
AGTTGAGGTATGTGGA-1,166,34,GRCh38
AGTTGAGGTTCCCTGT-1,292,42,GRCh38
AGTTGCATCAGGCTCG-1,29311,107,GRCh38
AGTTGCATCAGGTGAG-1,24389,167,Multiplet
AGTTGCATCCCTTGAT-1,21162,120,GRCh38
AGTTGCATCCGTTGCC-1,154,33,GRCh38
AGTTGGGAGATTGCGC-1,4824,48,GRCh38
AGTTGGTCACTTCATG-1,276,41,GRCh38
AGTTGGTCATAGACCG-1,18151,114,GRCh38
AGTTTAGCAAAGGGTA-1,1737,25,GRCh38
AGTTTAGCACATGAAC-1,639,220,Multiplet
AGTTTAGCATGCAGGC-1,6296,104,GRCh38
AGTTTCAGTAACTCTA-1,154,34,GRCh38
AGTTTCAGTCATTGCG-1,21332,146,Multiplet
AGTTTCAGTCTTGCAG-1,145,33,GRCh38
AGTTTCAGTGGCCAAG-1,3591,102,GRCh38
AGTTTCAGTTGGATTC-1,171,33,GRCh38
AGTTTCCTCCCCAGCT-1,59308,91,GRCh38
AGTTTCCTCCCTGACC-1,686,46,GRCh38
AGTTTCCTCTAGTCTC-1,339,57,GRCh38
AGTTTCCTCTGGCCCT-1,6002,71,GRCh38
AGTTTGGTCATGTCAG-1,3781,188,Multiplet
AGTTTGGTCCCGTAGG-1,19539,130,GRCh38
AGTTTGGTCCGGACAT-1,182,33,GRCh38
ATAACCACAATTGCCC-1,124,35,GRCh38
ATAACCACACATTGAA-1,3654,44,GRCh38
ATAACCACAGCTAGTG-1,400,44,GRCh38
ATAACCACATCCAGCT-1,199,33,GRCh38
ATAACCACATCCCAAC-1,255,33,GRCh38
ATAACGAAGTCGAGCT-1,5450,42,GRCh38
ATAACGGGTAAGTTGG-1,192,33,GRCh38
ATAACGGGTAGGTACA-1,227,38,GRCh38
ATAACGGGTTAGTCCG-1,840,32,GRCh38
ATAACGGGTTCTGTGG-1,3294,108,GRCh38
ATAAGCAAGCGAACTC-1,57737,188,Multiplet
ATAAGCAAGCGCCATG-1,5598,137,GRCh38
ATAAGCAAGTAACGCC-1,49440,228,Multiplet
ATAAGCTTCATCGACA-1,2039,145,Multiplet
ATAAGCTTCCCTGATT-1,940,13,GRCh38
ATAAGCTTCGAGCACT-1,2359,26,GRCh38
ATAAGGATCAGCAGTC-1,1359,14,GRCh38
ATAAGGATCAGCTGCG-1,17207,91,GRCh38
ATAAGGATCCAGATGC-1,8482,139,GRCh38
ATAAGGATCCCTCAGC-1,167,46,GRCh38
ATAAGTGAGAACGGCA-1,155,48,GRCh38
ATAAGTGAGCCCTGAG-1,31964,212,Multiplet
ATAAGTGAGCCTGTAA-1,253,37,GRCh38
ATAAGTGAGGGTCAAG-1,2922,67,GRCh38
ATAAGTGAGGTACCGT-1,166,54,GRCh38
ATAAGTGAGGTTCACA-1,142,91,GRCh38
ATAAGTGAGTACGGCT-1,56601,199,Multiplet
ATAAGTGAGTTAGTAC-1,5975,91,GRCh38
ATAATCGCAAGTTCCC-1,706,27,GRCh38
ATAATCGCACTTACAT-1,360,365,Multiplet
ATAATCGCACTTGCGT-1,952,29,GRCh38
ATAATCGCATAATCTC-1,265,43,GRCh38
ATAATGCTCATGCTTC-1,25055,123,GRCh38
ATACACTAGCAACTGC-1,68846,105,GRCh38
ATACACTAGCATGCAC-1,380,33,GRCh38
ATACACTAGGTTGAGG-1,390,39,GRCh38
ATACAGCCACAATTAG-1,3784,38,GRCh38
ATACAGCCAGCCATCT-1,1759,229,Multiplet
ATACCAACAATGGGCC-1,1156,56,GRCh38
ATACCAACACAAGGTT-1,12691,71,GRCh38
ATACCATAGTCTAGCA-1,647,23,GRCh38
ATACCATAGTGCTTGA-1,1269,53,GRCh38
ATACCATAGTTGGTCA-1,37946,163,Multiplet
ATACCCTTCCACGGCA-1,2207,45,GRCh38
ATACCCTTCCAGATAT-1,9189,90,GRCh38
ATACCCTTCCTCATAC-1,116,34,GRCh38
ATACCCTTCCTTCCTC-1,11006,77,GRCh38
ATACCCTTCGTTGCCC-1,132,34,GRCh38
ATACCCTTCTGGGCAT-1,244,40,GRCh38
ATACCTAGTGATGCCC-1,130,38,GRCh38
ATACCTAGTTGGCTGC-1,148,49,GRCh38
ATACCTAGTTGGTCTG-1,260,65,GRCh38
ATACCTAGTTGTAGCT-1,136,40,GRCh38
ATACCTAGTTGTCCTC-1,138,39,GRCh38
ATACCTAGTTTCCTGC-1,166,35,GRCh38
ATACCTAGTTTCGATA-1,115,65,GRCh38
ATACGAAAGCTTAACG-1,518,20,GRCh38
ATACGATTCCATCCTG-1,279,51,GRCh38
ATACGATTCCATCTAC-1,7367,202,Multiplet
ATACGATTCCGTATGA-1,614,35,GRCh38
ATACGATTCCGTGTCC-1,11794,120,GRCh38
ATACGATTCCTCAATC-1,16059,195,Multiplet
ATACGATTCCTTCCTC-1,168,38,GRCh38
ATACGATTCGATTCCT-1,237,42,GRCh38
ATACGATTCGTACGGT-1,42775,182,Multiplet
ATACGCGCAAATGCCG-1,1469,20,GRCh38
ATACGCGCAAGTAGCT-1,4462,122,GRCh38
ATACGCGCAATCTATC-1,152,37,GRCh38
ATACGGTCAAACTGTA-1,19628,101,GRCh38
ATACGGTCACAATGCG-1,9525,77,GRCh38
ATACGGTCAGCTACCT-1,11723,174,Multiplet
ATACGGTCATTCATGT-1,972,15,GRCh38
ATACGTTAGCGATGAG-1,3880,552,Multiplet
ATACGTTAGCGCATTA-1,287,52,GRCh38
ATACGTTAGGAGCCAA-1,27528,115,GRCh38
ATACTCCTCATACTCC-1,28460,200,Multiplet
ATACTCCTCATCTGTC-1,191,41,GRCh38
ATACTCCTCATGCCTT-1,2771,63,GRCh38
ATACTCCTCATGGCAC-1,23268,122,GRCh38
ATACTCCTCCCAATCT-1,628,34,GRCh38
ATACTCCTCCCTCACA-1,156,40,GRCh38
ATACTCCTCCGCACGA-1,145,33,GRCh38
ATACTCCTCCTCTAAC-1,134,34,GRCh38
ATACTCCTCGCGTTGG-1,143,37,GRCh38
ATACTCCTCGCTCGCT-1,8374,47,GRCh38
ATACTCCTCGCTTGCC-1,54274,337,Multiplet
ATACTGACAACTTCGC-1,136,33,GRCh38
ATACTGACACCATGCT-1,106,35,GRCh38
ATACTGACATGACGGC-1,1245,34,GRCh38
ATACTGGTCTATGCTC-1,125,35,GRCh38
ATACTGGTCTGTCACT-1,112,36,GRCh38
ATACTTGGTATTGGCT-1,251,43,GRCh38
ATACTTGGTGGCTGTC-1,120,39,GRCh38
ATACTTGGTTAACCAC-1,52245,210,Multiplet
ATACTTGGTTAACGCT-1,1398,32,GRCh38
ATACTTGGTTAGCTTA-1,35556,122,GRCh38
ATACTTGGTTATGTGC-1,131,34,GRCh38
ATACTTGGTTGACCGC-1,139,33,GRCh38
ATACTTGGTTGTCTAA-1,193,37,GRCh38
ATACTTGGTTTCCTGC-1,147,50,GRCh38
ATAGCAAAGGTAGCTC-1,164,36,GRCh38
ATAGCACCACATTCGC-1,116,40,GRCh38
ATAGCACCAGCCAGGT-1,673,21,GRCh38
ATAGCACCAGTACTCC-1,104,37,GRCh38
ATAGCACCATGCAGGC-1,58260,290,Multiplet
ATAGCAGGTGAGGATC-1,21556,145,Multiplet
ATAGCAGGTGATCCTG-1,893,44,GRCh38
ATAGCAGGTTAGTGGA-1,7047,75,GRCh38
ATAGCAGGTTCCTCGT-1,469,45,GRCh38
ATAGCAGGTTCGATGT-1,21975,161,Multiplet
ATAGCCATCAGCCTAA-1,1040,16,GRCh38
ATAGCCATCCATTACC-1,241,43,GRCh38
ATAGCCATCTCACCTG-1,135,36,GRCh38
ATAGCCATCTCATCAC-1,6119,72,GRCh38
ATAGCCTGTAACTGCT-1,235,38,GRCh38
ATAGCCTGTATTGCAC-1,148,34,GRCh38
ATAGCCTGTTGTCCCT-1,113,39,GRCh38
ATAGCCTGTTGTGGTT-1,267,63,GRCh38
ATAGCGAGTAACGTAG-1,5434,157,Multiplet
ATAGCGAGTCATGAGA-1,38406,136,GRCh38
ATAGCGAGTGAGGAGA-1,3722,42,GRCh38
ATAGCGAGTTAATTCG-1,3430,143,GRCh38
ATAGCGAGTTCATCCC-1,6238,142,GRCh38
ATAGCGCTCACTCCAT-1,4972,77,GRCh38
ATAGCGCTCGATACAT-1,194,41,GRCh38
ATAGCGCTCGCTGATA-1,3564,33,GRCh38
ATAGCGGAGCGCCAAT-1,148,81,GRCh38
ATAGCGGAGCTGGGAA-1,277,37,GRCh38
ATAGCGGAGGTATATC-1,641,36,GRCh38
ATAGGATGTAGTCAAG-1,18569,81,GRCh38
ATAGGATGTGGAGACT-1,5454,63,GRCh38
ATAGGATGTGGGTAAC-1,27710,103,GRCh38
ATAGGATGTTAGCTGT-1,233,48,GRCh38
ATAGGCCTCACACAGC-1,129,33,GRCh38
ATAGGCCTCCAGATGC-1,4168,22,GRCh38
ATAGGCCTCCCGCGTT-1,128,42,GRCh38
ATAGGCGAGCATCAAT-1,594,21,GRCh38
ATAGGCGAGCGATTGC-1,498,38,GRCh38
ATAGGCGAGCTTCCTG-1,195,52,GRCh38
ATAGGCGAGTAGGAGT-1,14500,80,GRCh38
ATAGGCTCAAACCGAT-1,10625,114,GRCh38
ATAGGCTCAAGCTAAC-1,2932,108,GRCh38
ATAGGCTCACCTGTCG-1,5286,55,GRCh38
ATAGGGCGTAACGACA-1,25491,132,GRCh38
ATAGGGCGTAAGCGAC-1,56676,205,Multiplet
ATAGGGCGTGAAGCCG-1,660,11,GRCh38
ATAGGGGTCACCCTAT-1,308,53,GRCh38
ATAGGGGTCAGGTTCA-1,2355,41,GRCh38
ATAGGGGTCTGGCAAC-1,1109,78,GRCh38
ATAGGGTAGCAATCTG-1,767,50,GRCh38
ATAGGGTAGCCGACTG-1,165,46,GRCh38
ATAGGGTAGCGGTCCA-1,789,10,GRCh38
ATAGGGTAGGGTGATG-1,1928,33,GRCh38
ATAGTCACAAAGGTTC-1,236,34,GRCh38
ATAGTCACAAGTGTGT-1,274,36,GRCh38
ATAGTCACACCATGCT-1,151,36,GRCh38
ATAGTCACAGTTGCTC-1,150,37,GRCh38
ATAGTCACATCGGGTA-1,14509,106,GRCh38
ATAGTCCGTCATTCCC-1,120,36,GRCh38
ATAGTCCGTTGGAATG-1,3671,45,GRCh38
ATAGTCCGTTTACCGG-1,241,41,GRCh38
ATATCACAGCGGTACT-1,23371,156,Multiplet
ATATCACAGGTAGGAT-1,228,35,GRCh38
ATATCAGCACTAACCC-1,280,39,GRCh38
ATATCAGCACTATATC-1,34232,138,GRCh38
ATATCAGCAGGGCAGA-1,144,43,GRCh38
ATATCCCTCAGTTGAT-1,249,42,GRCh38
ATATCCCTCGTTCGCC-1,1652,51,GRCh38
ATATCCCTCTGTGCCC-1,141,38,GRCh38
ATATGGCCAAGCCGAC-1,246,35,GRCh38
ATATGGCCAATACGAC-1,22321,42,GRCh38
ATATGGCCAATCTACT-1,166,47,GRCh38
ATATGGCCAATTAGGC-1,266,36,GRCh38
ATATGGCCACCTGTCG-1,151,33,GRCh38
ATATGGCCATTCCTCT-1,165,33,GRCh38
ATATGGCCATTCGTAT-1,156,35,GRCh38
ATATGGGGTCTCACGA-1,5108,142,GRCh38
ATATGGGGTTAGTCAC-1,49251,195,Multiplet
ATATGGGGTTGAAGCA-1,5800,74,GRCh38
ATATGGGGTTGCTTGG-1,143,35,GRCh38
ATATGGTTCCTGCGGA-1,39600,188,Multiplet
ATATGGTTCGTTAAGT-1,2536,443,Multiplet
ATATGTCAGCAACTAT-1,281,45,GRCh38
ATATGTCAGCGCAACT-1,6323,78,GRCh38
ATATGTCAGTAATCGT-1,355,85,GRCh38
ATATGTCAGTCGATTG-1,44251,174,Multiplet
ATATTCCCAAAGGATG-1,1482,46,GRCh38
ATATTCCCAACTTCAT-1,4460,53,GRCh38
ATATTCCCAATATGTG-1,310,34,GRCh38
ATATTCCCAATGGAGA-1,12536,89,GRCh38
ATATTCCCACATGAGT-1,28137,143,GRCh38
ATATTCCCACTAGCTC-1,1362,26,GRCh38
ATATTCCCACTTGAGG-1,14323,100,GRCh38
ATCAACTAGGTTACGC-1,620,92,GRCh38
ATCAAGCCACTTCGCG-1,304,39,GRCh38
ATCAAGCCAGCTCGTT-1,256,81,GRCh38
ATCAAGCCATCACTAT-1,2922,140,GRCh38
ATCAAGCCATCCGCTG-1,237,36,GRCh38
ATCAAGCCATCGGTTC-1,280,37,GRCh38
ATCAAGCCATGACCGA-1,985,53,GRCh38
ATCAAGGGTTACACCG-1,23979,160,Multiplet
ATCACAACAAACCACG-1,260,45,GRCh38
ATCACAACACATAGTA-1,242,49,GRCh38
ATCACAACATCCGCTG-1,4493,53,GRCh38
ATCACATAGCATCTAG-1,259,38,GRCh38
ATCACATAGGAATTGA-1,6849,65,GRCh38
ATCACATAGTTACGCA-1,279,33,GRCh38
ATCACCTTCAGTTGCA-1,134,60,GRCh38
ATCACCTTCCGTGGAT-1,8252,79,GRCh38
ATCACCTTCCTTCGGC-1,209,37,GRCh38
ATCACGATCATATGGT-1,306,49,GRCh38
ATCACGATCCCTGATT-1,23551,142,GRCh38
ATCACGATCGCTGGCA-1,443,36,GRCh38
ATCACGATCTCATCGT-1,20411,131,GRCh38
ATCACTTCAATTGGCG-1,13552,126,GRCh38
ATCACTTCACCAGGGT-1,38383,167,Multiplet
ATCACTTCATCGTTCA-1,264,40,GRCh38
ATCAGCCAGATAGATG-1,14905,56,GRCh38
ATCAGCCAGGCAACTC-1,5574,65,GRCh38
ATCAGCCAGGGCTAAG-1,462,84,GRCh38
ATCAGCCAGGGTCTCG-1,321,80,GRCh38
ATCAGCCAGGTTCGGT-1,283,40,GRCh38
ATCAGCCAGTATCTCC-1,153,38,GRCh38
ATCAGCCAGTCATCGA-1,277,52,GRCh38
ATCAGGCTCACAGACC-1,810,259,Multiplet
ATCAGGCTCACTGGTA-1,4078,30,GRCh38
ATCAGGCTCAGCGACT-1,14791,136,GRCh38
ATCAGGCTCATGTCAG-1,177,337,Multiplet
ATCAGGCTCCGGTACG-1,2421,54,GRCh38
ATCAGGCTCCTGTACT-1,2525,33,GRCh38
ATCAGGCTCGAGTCCG-1,10685,123,GRCh38
ATCAGGCTCGAGTCTA-1,4667,83,GRCh38
ATCAGGCTCGCGTAAC-1,6744,151,Multiplet
ATCAGGCTCGTTCGCC-1,12650,105,GRCh38
ATCAGGGAGATAGACA-1,523,34,GRCh38
ATCAGGGAGCCAGCAT-1,23750,129,GRCh38
ATCAGGGAGGATATAG-1,9128,79,GRCh38
ATCAGGGAGGTACCAC-1,37792,152,Multiplet
ATCAGGGAGTGGCCTG-1,31149,204,Multiplet
ATCAGGGAGTTAACCG-1,623,19,GRCh38
ATCAGGTCAGGACTAT-1,6025,50,GRCh38
ATCAGGTCATAACTCT-1,26208,139,GRCh38
ATCAGGTCATTAACCT-1,246,38,GRCh38
ATCAGTTAGAATCACT-1,214,39,GRCh38
ATCATCAGTCTAGCTG-1,137,33,GRCh38
ATCATCCTCACCTGCC-1,20814,128,GRCh38
ATCATCCTCAGGCTAC-1,1708,43,GRCh38
ATCATCCTCATCGACA-1,13450,230,Multiplet
ATCATCCTCCACCGTC-1,1212,32,GRCh38
ATCATCCTCGTTCATC-1,352,112,GRCh38
ATCATCCTCTATCTGC-1,9616,73,GRCh38
ATCATCTCAAATCGTA-1,32976,128,GRCh38
ATCATCTCAATCTATC-1,603,73,GRCh38
ATCATCTCACAACTAA-1,616,14,GRCh38
ATCATGGTCGACCAAC-1,190,50,GRCh38
ATCATGGTCGACCCAG-1,148,36,GRCh38
ATCATTCCAATACTAG-1,2310,61,GRCh38
ATCATTCCATTACCGC-1,130,39,GRCh38
ATCCAAGTCAGTTCGA-1,135,89,GRCh38
ATCCAAGTCCATGAAT-1,3920,152,Multiplet
ATCCAAGTCCGTAATG-1,456,34,GRCh38
ATCCAAGTCCTTGATC-1,15220,81,GRCh38
ATCCAAGTCTAAGCAT-1,34260,205,Multiplet
ATCCAATAGGATAGGT-1,26935,69,GRCh38
ATCCACAAGCGCTGAT-1,351,37,GRCh38
ATCCACAAGGCGAGTA-1,2370,14,GRCh38
ATCCACGGTAACCACT-1,181,37,GRCh38
ATCCACGGTTAACTGC-1,151,44,GRCh38
ATCCACGGTTTAATCG-1,261,38,GRCh38
ATCCACTTCCGCTACC-1,3640,126,GRCh38
ATCCATAGTTAGGCCC-1,239,51,GRCh38
ATCCATGAGAAGCGAT-1,238,34,GRCh38
ATCCATGAGAAGGATC-1,3212,43,GRCh38
ATCCATGAGCATGGCT-1,31849,224,Multiplet
ATCCATGAGCCACGCA-1,6165,86,GRCh38
ATCCATGAGCCATCAA-1,283,34,GRCh38
ATCCATGAGGTTGCGT-1,793,247,Multiplet
ATCCATGAGTCGCTCC-1,117,42,GRCh38
ATCCCAAAGCAAGGAT-1,1586,204,Multiplet
ATCCCAAAGCCGACTG-1,70289,133,GRCh38
ATCCCAAAGGCATCCG-1,1968,70,GRCh38
ATCCCAAAGGTAAGCG-1,316,129,GRCh38
ATCCCAGGTGCGCAGA-1,54891,89,GRCh38
ATCCCAGGTTAGCACT-1,4518,53,GRCh38
ATCCCAGGTTCTGGAT-1,3649,35,GRCh38
ATCCCAGGTTGCTTGG-1,504,40,GRCh38
ATCCCATTCCCGTTCA-1,8472,31,GRCh38
ATCCCATTCCGGAACT-1,267,37,GRCh38
ATCCCATTCCTGCTCA-1,134,39,GRCh38
ATCCCATTCGAATGGG-1,185,35,GRCh38
ATCCCATTCGATCAAT-1,10372,77,GRCh38
ATCCCCATCACCATAG-1,29117,135,GRCh38
ATCCCCATCCCAGGTG-1,12765,69,GRCh38
ATCCCCATCGATGGAG-1,171,50,GRCh38
ATCCCCTGTCTAGGCC-1,202,67,GRCh38
ATCCCCTGTGATTGCT-1,274,50,GRCh38
ATCCCGCTCACTAACG-1,160,52,GRCh38
ATCCCGCTCATAGGTT-1,30244,84,GRCh38
ATCCCGCTCATCAGGC-1,22129,135,GRCh38
ATCCCGCTCCAGGTGT-1,24778,146,Multiplet
ATCCCGCTCGACCCGA-1,187,35,GRCh38
ATCCCGCTCTGGTGAC-1,142,40,GRCh38
ATCCCTTAGAAGGACT-1,5911,33,GRCh38
ATCCCTTAGATTCGGC-1,6585,108,GRCh38
ATCCCTTAGGGGACTA-1,11270,161,Multiplet
ATCCCTTAGTACGGTC-1,12121,82,GRCh38
ATCCCTTAGTCAGTCA-1,13682,101,GRCh38
ATCCGACAGCTGGAGA-1,50333,150,Multiplet
ATCCGACAGGGCTAGA-1,9310,99,GRCh38
ATCCGACAGTAGCCAC-1,344,35,GRCh38
ATCCGACAGTAGCGTC-1,386,56,GRCh38
ATCCGACAGTAGGCAG-1,98,37,GRCh38
ATCCGACAGTAGTCGC-1,312,51,GRCh38
ATCCGACAGTCAGCAC-1,10085,119,GRCh38
ATCCGCCTCACCATGA-1,244,37,GRCh38
ATCCGCCTCACCTGCC-1,192,39,GRCh38
ATCCGCCTCACTCACT-1,40630,196,Multiplet
ATCCGCCTCCAGATTG-1,3794,68,GRCh38
ATCCGCCTCCTGCGGA-1,995,36,GRCh38
ATCCGCCTCGTTAGCA-1,17612,125,GRCh38
ATCCGGGTCACTATCC-1,3117,17,GRCh38
ATCCGGGTCCCATGAA-1,2477,455,Multiplet
ATCCGTAAGAACGGTG-1,3802,113,GRCh38
ATCCGTAAGCATGGCT-1,38256,136,GRCh38
ATCCGTAAGGTCCCAG-1,585,31,GRCh38
ATCCGTAAGGTGACTC-1,859,23,GRCh38
ATCCGTAAGTGAGAGT-1,22828,122,GRCh38
ATCCGTCCAACCATCC-1,156,37,GRCh38
ATCCGTCCACCTTAGC-1,134,38,GRCh38
ATCCGTCCAGTACCAG-1,24565,162,Multiplet
ATCCGTCCAGTTGGCA-1,238,43,GRCh38
ATCCGTCCATCCGTCG-1,124,33,GRCh38
ATCCGTCCATCGTTGC-1,22436,122,GRCh38
ATCCTAAGTAGTCAAG-1,24588,114,GRCh38
ATCCTAAGTTAGGCCC-1,294,37,GRCh38
ATCCTAAGTTCCTGTC-1,3982,56,GRCh38
ATCCTAAGTTGCATGT-1,389,61,GRCh38
ATCCTAGAGCAGGTCT-1,10077,58,GRCh38
ATCCTAGAGCATCCTT-1,17447,81,GRCh38
ATCCTAGAGGAGGCGT-1,19150,172,Multiplet
ATCCTAGAGGGCCATT-1,746,18,GRCh38
ATCCTCACAATCGTCC-1,23209,204,Multiplet
ATCCTCACAATGAGCT-1,1132,18,GRCh38
ATCCTCACACTTGCGT-1,12577,118,GRCh38
ATCCTCACAGCTCACT-1,297,47,GRCh38
ATCCTCCGTGGGTTGG-1,100,36,GRCh38
ATCCTCCGTTCGGGTC-1,7226,75,GRCh38
ATCCTCCGTTCGTCTC-1,157,37,GRCh38
ATCCTGTTCACTAGGC-1,6966,43,GRCh38
ATCCTGTTCATCTCAC-1,5690,48,GRCh38
ATCCTGTTCCTTCCTC-1,124,35,GRCh38
ATCCTGTTCGCTCTGC-1,324,57,GRCh38
ATCCTGTTCGTTACCT-1,180,33,GRCh38
ATCGAACCAAGTAACC-1,27663,201,Multiplet
ATCGAACCATCGACTC-1,38049,118,GRCh38
ATCGAACCATTACGAA-1,26259,190,Multiplet
ATCGAGGAGAAGGACT-1,7290,192,Multiplet
ATCGAGGAGATTCCAG-1,211,37,GRCh38
ATCGAGGAGTCGCTCC-1,2632,26,GRCh38
ATCGAGGAGTGAGGAT-1,17517,85,GRCh38
ATCGATTAGGTAAGCG-1,17448,78,GRCh38
ATCGCATGTGATGATG-1,133,33,GRCh38
ATCGCATGTTCCCGTT-1,40945,82,GRCh38
ATCGCATGTTGAGGAC-1,20239,126,GRCh38
ATCGCATGTTTACTAG-1,264,41,GRCh38
ATCGCCCTCATGTCCT-1,127,34,GRCh38
ATCGCCCTCCGCTGTC-1,166,42,GRCh38
ATCGCCCTCCGGTTGG-1,177,33,GRCh38
ATCGCCCTCGAAGTCC-1,757,23,GRCh38
ATCGCCCTCTAATGCG-1,30379,174,Multiplet
ATCGCCCTCTATGGAT-1,6006,48,GRCh38
ATCGCCTCAAAGGCAA-1,1415,25,GRCh38
ATCGCCTCAACTGGGC-1,31095,212,Multiplet
ATCGCCTCACTAGCAG-1,17946,96,GRCh38
ATCGCGCGTAGCCATT-1,17845,131,GRCh38
ATCGCGCGTAGTCCTG-1,38537,235,Multiplet
ATCGCGCGTGCACGCT-1,138,41,GRCh38
ATCGCGCGTTCCGGGT-1,9001,84,GRCh38
ATCGCGCGTTCGCATG-1,360,77,GRCh38
ATCGCGCGTTGCCTAG-1,136,37,GRCh38
ATCGGGCCAGGAGCAG-1,3891,57,GRCh38
ATCGGGCCAGGGCATC-1,135,52,GRCh38
ATCGGTCAGAACGGAT-1,24913,144,GRCh38
ATCGGTCAGCCATTAG-1,617,13,GRCh38
ATCGGTCAGCTATCTC-1,124,41,GRCh38
ATCGTACGTAGCGCCT-1,350,52,GRCh38
ATCGTACGTAGTGACA-1,44613,183,Multiplet
ATCGTACGTGGCCAGA-1,247,40,GRCh38
ATCGTACGTTCCTGTC-1,800,40,GRCh38
ATCGTACGTTCGCATG-1,5215,76,GRCh38
ATCGTACGTTGCACAT-1,179,35,GRCh38
ATCGTACGTTGGTGCC-1,139,36,GRCh38
ATCGTAGTCACAGACC-1,2352,35,GRCh38
ATCGTAGTCGAACCAC-1,19719,123,GRCh38
ATCGTCAAGCAAGTAA-1,23172,150,Multiplet
ATCGTCAAGCAGGGAC-1,302,98,GRCh38
ATCGTCAAGCATTCGA-1,35447,196,Multiplet
ATCGTTAGTGCATTAC-1,2761,61,GRCh38
ATCGTTAGTTTCGCAG-1,19501,112,GRCh38
ATCGTTGAGGCACTGT-1,135,35,GRCh38
ATCGTTGAGGGGACTA-1,30090,131,GRCh38
ATCGTTGAGTCAGGGA-1,1712,288,Multiplet
ATCTAACAGGTCCACG-1,58838,219,Multiplet
ATCTACCTCAGTATCG-1,89662,140,GRCh38
ATCTACCTCCCAGTCC-1,262,41,GRCh38
ATCTACCTCCCTCTGA-1,247,52,GRCh38
ATCTACCTCCGTTACT-1,225,38,GRCh38
ATCTACCTCGACCATA-1,290,39,GRCh38
ATCTACCTCGCTGATA-1,164,49,GRCh38
ATCTACCTCGTACCGG-1,259,48,GRCh38
ATCTACCTCTAGTGCA-1,265,37,GRCh38
ATCTACCTCTGTGGAC-1,166,34,GRCh38
ATCTACTCAATCTGCC-1,110,38,GRCh38
ATCTACTCACATTCGC-1,291,35,GRCh38
ATCTACTCACCAACGA-1,25216,121,GRCh38
ATCTACTCAGTTGGGC-1,3955,104,GRCh38
ATCTACTCATGACTCC-1,972,41,GRCh38
ATCTACTCATTGGAGT-1,833,54,GRCh38
ATCTATGGTAGTCAGA-1,231,38,GRCh38
ATCTATGGTGGGAATC-1,44495,186,Multiplet
ATCTATGGTTATCCAA-1,408,33,GRCh38
ATCTCATCACTTACAT-1,7688,119,GRCh38
ATCTCATCATGACCCT-1,594,25,GRCh38
ATCTCCACAGCCAGAC-1,319,52,GRCh38
ATCTCGCCAACTGCCT-1,155,33,GRCh38
ATCTCGCCAACTGGAT-1,134,34,GRCh38
ATCTCGCCACTCAGGA-1,1205,41,GRCh38
ATCTGAGTCATGAGCC-1,2274,26,GRCh38
ATCTGAGTCCACCTCA-1,568,17,GRCh38
ATCTGAGTCCTGTCCA-1,275,36,GRCh38
ATCTGCAAGCAACCAC-1,140,38,GRCh38
ATCTGCAAGCATGTCA-1,131,44,GRCh38
ATCTGCAAGGCAATCC-1,806,55,GRCh38
ATCTGCAAGGCATCCG-1,7052,33,GRCh38
ATCTGCAAGTGGGTAG-1,16225,146,Multiplet
ATCTGGATCCGGTAAC-1,4255,61,GRCh38
ATCTGGATCTAGTACG-1,10092,108,GRCh38
ATCTGTGAGATTACCG-1,197,56,GRCh38
ATCTGTGAGCCTGGTG-1,135,38,GRCh38
ATCTGTGAGGTCACGT-1,119,40,GRCh38
ATCTGTGAGTGCGGTT-1,30240,161,Multiplet
ATCTGTTCAGGAACTT-1,13038,73,GRCh38
ATCTGTTCATAACCTT-1,7017,301,Multiplet
ATCTGTTCATTCAGTT-1,22096,86,GRCh38
ATCTTAGGTAAGCAAT-1,152,34,GRCh38
ATCTTAGGTTTGGAGA-1,15955,129,GRCh38
ATCTTCATCCACCTGC-1,179,38,GRCh38
ATCTTCATCGATGGCT-1,972,422,Multiplet
ATCTTGCTCAATTAGC-1,7643,135,GRCh38
ATCTTGCTCACATAGT-1,3083,63,GRCh38
ATCTTGCTCACCAGCG-1,54062,83,GRCh38
ATCTTGCTCACTCCAT-1,207,38,GRCh38
ATCTTGCTCACTCTAC-1,6163,56,GRCh38
ATCTTGCTCCTGTGCC-1,234,69,GRCh38
ATCTTGCTCGACATGC-1,15798,98,GRCh38
ATCTTGCTCGCGCGTA-1,3494,23,GRCh38
ATCTTGCTCTAGTCGA-1,4617,141,GRCh38
ATGAAACGTAGCTTAC-1,5197,97,GRCh38
ATGAAACGTGCATCGC-1,29762,137,GRCh38
ATGAAACGTTAGTCGT-1,8170,28,GRCh38
ATGAAAGTCACTCATC-1,4853,30,GRCh38
ATGAAAGTCGTTCACT-1,29922,128,GRCh38
ATGAAAGTCTATCGCT-1,29089,227,Multiplet
ATGAACCCAATAGACC-1,7194,87,GRCh38
ATGAACCCAATTAGTG-1,4472,57,GRCh38
ATGAACGGTTGCTCAG-1,901,38,GRCh38
ATGAACGGTTGTCCCT-1,155,43,GRCh38
ATGACAGGTCTTGCGA-1,87,52,GRCh38
ATGACAGGTGGAGCCA-1,507,267,Multiplet
ATGACAGGTGGCCTGT-1,1546,24,GRCh38
ATGACCCAGAACGGAT-1,3957,101,GRCh38
ATGACCCAGTCGCTCC-1,193,39,GRCh38
ATGACCCAGTGCCAGT-1,1106,20,GRCh38
ATGACGGAGCCGACCA-1,19124,105,GRCh38
ATGACGGAGGGTACTC-1,552,22,GRCh38
ATGACGGAGGGTAGTG-1,3040,100,GRCh38
ATGACGGAGTAGTTCG-1,1070,58,GRCh38
ATGAGGCGTGAACCGG-1,14197,175,Multiplet
ATGAGGTAGCCTGGTG-1,173,34,GRCh38
ATGAGGTAGTTAACCG-1,19142,160,Multiplet
ATGAGTAAGCGATTGC-1,3992,66,GRCh38
ATGAGTAAGCTAGTTG-1,92,53,GRCh38
ATGAGTAAGCTGGGAA-1,3958,36,GRCh38
ATGAGTAAGGCTCCAG-1,28397,141,GRCh38
ATGAGTAAGGGGCAAC-1,21672,141,GRCh38
ATGAGTAAGGTGACTC-1,20047,119,GRCh38
ATGAGTAAGGTTGGGA-1,66467,191,Multiplet
ATGAGTAAGTCATGCA-1,172,41,GRCh38
ATGAGTTTCCTGGTAA-1,21974,149,Multiplet
ATGAGTTTCGCATGGT-1,3701,78,GRCh38
ATGAGTTTCGCGTTCC-1,18864,111,GRCh38
ATGATCCGTAGCTTCG-1,20500,128,GRCh38
ATGATCCGTATTGGTC-1,1579,42,GRCh38
ATGATCCGTTCGAGCC-1,114,42,GRCh38
ATGATCCGTTGGAGTA-1,5859,42,GRCh38
ATGATGAAGCAACCCG-1,18554,279,Multiplet
ATGATGTTCGTGCCGA-1,8826,58,GRCh38
ATGATTGCAAATGCTA-1,378,40,GRCh38
ATGATTGCAATCCCTA-1,146,34,GRCh38
ATGATTGCACAATTAG-1,265,36,GRCh38
ATGATTGCAGCTCAGA-1,6889,123,GRCh38
ATGCAAGGTCATGCCA-1,150,45,GRCh38
ATGCAAGGTTTGGTCG-1,1103,43,GRCh38
ATGCACGCAACCCGTT-1,226,36,GRCh38
ATGCACGCAACCTCGT-1,18865,134,GRCh38
ATGCACGCAACGTTCC-1,15966,140,GRCh38
ATGCACGCAATGCCCT-1,20316,146,Multiplet
ATGCACGCAATGCCGA-1,1752,16,GRCh38
ATGCACGCACTCAGGA-1,29114,210,Multiplet
ATGCAGCTCATGCAGC-1,3780,67,GRCh38
ATGCAGCTCTAGTCTC-1,21307,131,GRCh38
ATGCAGGAGGATTCGC-1,11490,105,GRCh38
ATGCAGGAGGTACGTC-1,5956,59,GRCh38
ATGCAGGAGTTACCTC-1,19754,133,GRCh38
ATGCAGGAGTTGCCGG-1,619,17,GRCh38
ATGCATTAGCTATCAG-1,217,45,GRCh38
ATGCATTAGGATTGGG-1,49119,231,Multiplet
ATGCATTAGTACCATG-1,550,50,GRCh38
ATGCCAATCAAGTGAA-1,555,34,GRCh38
ATGCCAATCATACTCC-1,151,44,GRCh38
ATGCCAATCCTGAGAC-1,336,45,GRCh38
ATGCCAATCCTGCACC-1,244,42,GRCh38
ATGCCAATCGATATAC-1,2647,59,GRCh38
ATGCCAATCTGGTCCC-1,36776,295,Multiplet
ATGCCACAGCAGGGAC-1,2884,34,GRCh38
ATGCCACAGGCGATGA-1,2346,50,GRCh38
ATGCCACAGTGCCGTG-1,1607,41,GRCh38
ATGCCAGCAAACCGGC-1,15870,103,GRCh38
ATGCCAGCAAAGGAAT-1,1563,39,GRCh38
ATGCCAGCAATACTCT-1,146,36,GRCh38
ATGCCAGCATGCTGTC-1,194,36,GRCh38
ATGCCAGCATTGGAAC-1,141,33,GRCh38
ATGCCCAGTAAGCGAC-1,195,43,GRCh38
ATGCCCAGTAGTTGGA-1,242,57,GRCh38
ATGCCCAGTTTCGACG-1,645,39,GRCh38
ATGCCCTCAAATGGTC-1,2574,128,GRCh38
ATGCCCTCAACTGGTG-1,225,39,GRCh38
ATGCCCTCAATCAGGT-1,65047,207,Multiplet
ATGCCCTCATCCGTCG-1,3995,45,GRCh38
ATGCCTAAGCAAGCTC-1,344,272,Multiplet
ATGCCTAAGCTACTTC-1,7467,23,GRCh38
ATGCCTAAGCTGGTGT-1,5504,36,GRCh38
ATGCCTAAGGATACCC-1,150,35,GRCh38
ATGCCTAAGTGATGGG-1,435,126,GRCh38
ATGCCTGGTAATCCGT-1,133,42,GRCh38
ATGCCTGGTAGCCCGT-1,124,35,GRCh38
ATGCCTGGTGAAGGTC-1,7532,40,GRCh38
ATGCCTGGTGAAGTTG-1,126,45,GRCh38
ATGCCTGGTGATTAGG-1,6112,44,GRCh38
ATGCCTGGTGCGCATC-1,166,39,GRCh38
ATGCCTGGTGCGGTCT-1,14000,144,GRCh38
ATGCCTGGTGGACATA-1,120,47,GRCh38
ATGCCTGGTGGGAATC-1,5746,124,GRCh38
ATGCCTGGTGGGTAAC-1,5558,87,GRCh38
ATGCCTGGTTCACGGC-1,125,36,GRCh38
ATGCCTGGTTCCGTCT-1,147,36,GRCh38
ATGCCTGGTTCCGTTC-1,171,34,GRCh38
ATGCCTGGTTGACGCC-1,31952,229,Multiplet
ATGCCTGGTTGCTCCT-1,180,51,GRCh38
ATGCGAAGTTGCGACC-1,1613,44,GRCh38
ATGCGAAGTTTGGAGA-1,3730,54,GRCh38
ATGCGGTTCATCTACC-1,279,51,GRCh38
ATGCGGTTCCTGCTCA-1,144,39,GRCh38
ATGCGGTTCGATCCTT-1,22310,161,Multiplet
ATGCGGTTCGATTGAT-1,2402,949,Multiplet
ATGCGGTTCGCGAACT-1,171,34,GRCh38
ATGCGGTTCGCTTCCA-1,24847,55,GRCh38
ATGCGGTTCTCACTAC-1,157,38,GRCh38
ATGCGGTTCTCATGTC-1,4301,55,GRCh38
ATGCTAACAATCCTCA-1,181,36,GRCh38
ATGCTAACACTATGCC-1,139,39,GRCh38
ATGCTAACAGCCATGA-1,311,57,GRCh38
ATGCTCCCAAGGTTCG-1,153,33,GRCh38
ATGCTCCCAATACTTC-1,485,35,GRCh38
ATGCTCCCACCATCAC-1,123,36,GRCh38
ATGCTCCCAGTTGCCT-1,170,35,GRCh38
ATGCTCCCATAAGGCT-1,28565,184,Multiplet
ATGCTCCCATGCTACC-1,3526,48,GRCh38
ATGCTGATCAATGTAC-1,9956,293,Multiplet
ATGCTTAGTAGTAGGC-1,9457,87,GRCh38
ATGCTTAGTGCAGGTG-1,23723,141,GRCh38
ATGCTTAGTTAGCACT-1,290,97,GRCh38
ATGCTTAGTTGGGCCT-1,207,42,GRCh38
ATGCTTGAGCAATCTG-1,13328,72,GRCh38
ATGCTTGAGGGTACTC-1,127,53,GRCh38
ATGCTTGAGTGCCCGA-1,303,40,GRCh38
ATGGACCTCACCTTCG-1,264,61,GRCh38
ATGGACCTCATCGACA-1,4158,79,GRCh38
ATGGACCTCGCGCCTT-1,206,66,GRCh38
ATGGACCTCGCGTTGG-1,21285,73,GRCh38
ATGGACTCAAAGGAAT-1,12099,52,GRCh38
ATGGACTCAATATCTC-1,4639,57,GRCh38
ATGGACTCACCTGGAA-1,17839,187,Multiplet
ATGGACTCACTAACCC-1,5984,85,GRCh38
ATGGACTCAGCATGAT-1,2424,32,GRCh38
ATGGAGACAACCTCAC-1,175,43,GRCh38
ATGGAGACAATCGGGC-1,4341,80,GRCh38
ATGGAGTAGATAGATG-1,10252,54,GRCh38
ATGGAGTAGCAGGTCT-1,5306,85,GRCh38
ATGGAGTAGCGCCATG-1,860,334,Multiplet
ATGGAGTAGTACGGGA-1,71610,100,GRCh38
ATGGATGGTAGCGAGT-1,2782,30,GRCh38
ATGGATGGTCATGGCC-1,114,37,GRCh38
ATGGATGGTCTTGCCT-1,125,37,GRCh38
ATGGATGGTGAGACAC-1,8292,118,GRCh38
ATGGATGGTTATCTCT-1,89,39,GRCh38
ATGGCAAGTTAGGGAC-1,123,33,GRCh38
ATGGCCCGTGATGCTT-1,122,40,GRCh38
ATGGCCCGTTCGCTGA-1,196,35,GRCh38
ATGGCCCGTTCTGTGG-1,1285,19,GRCh38
ATGGCCCGTTGGTTCG-1,27129,164,Multiplet
ATGGCGAAGGGCTAGA-1,1496,33,GRCh38
ATGGCGAAGGTTAGTT-1,1955,48,GRCh38
ATGGCGAAGTCATCGA-1,19530,144,GRCh38
ATGGCTATCACGTAGC-1,43846,236,Multiplet
ATGGCTATCCACCTAT-1,15455,139,GRCh38
ATGGCTATCGAACGCT-1,2681,97,GRCh38
ATGGCTATCGACCTGG-1,23533,169,Multiplet
ATGGCTGCAACTCGGA-1,246,51,GRCh38
ATGGCTGCAAGGTCTG-1,59901,180,Multiplet
ATGGCTGCAAGTCCCT-1,4521,110,GRCh38
ATGGCTGCAGCAGTAT-1,208,37,GRCh38
ATGGCTGCATAGAGAG-1,130,37,GRCh38
ATGGCTGCATTAGTGA-1,433,53,GRCh38
ATGGCTTGTGATTCGT-1,142,33,GRCh38
ATGGCTTGTGCGTACC-1,325,39,GRCh38
ATGGGATAGTCGAACC-1,35267,167,Multiplet
ATGGGCAAGCTTAGTG-1,60243,132,GRCh38
ATGGGCAAGGGCCATT-1,6945,69,GRCh38
ATGGGCAAGTGATTCG-1,480,36,GRCh38
ATGGGCTTCCACCAGG-1,26294,128,GRCh38
ATGGGCTTCCCCAGAG-1,105,51,GRCh38
ATGGGCTTCCTGATCT-1,25014,190,Multiplet
ATGGGCTTCGCGAACT-1,283,58,GRCh38
ATGGGGATCACCTGCC-1,177,69,GRCh38
ATGGGGATCCATGTGA-1,9649,141,GRCh38
ATGGGGATCCCATGAA-1,1006,34,GRCh38
ATGGGGATCCCCTTGA-1,217,40,GRCh38
ATGGGGATCGATCAAT-1,877,54,GRCh38
ATGGGTAGTAGCTGAA-1,1742,50,GRCh38
ATGGGTAGTATTAGCC-1,284,40,GRCh38
ATGGGTAGTCCATCCT-1,241,53,GRCh38
ATGGGTGAGCTGGGTT-1,8308,98,GRCh38
ATGGGTTCAAGGGTAA-1,10299,63,GRCh38
ATGGGTTCAGCTCAAG-1,19634,129,GRCh38
ATGGGTTCATAGGCGC-1,257,39,GRCh38
ATGGGTTCATTAGGCG-1,253,33,GRCh38
ATGGTAAAGGATATAG-1,31816,171,Multiplet
ATGGTAGGTCTAACCG-1,196,35,GRCh38
ATGGTAGGTCTAGGCC-1,21993,110,GRCh38
ATGGTAGGTGAAGTCA-1,4847,78,GRCh38
ATGGTAGGTGGGTACG-1,2465,183,Multiplet
ATGGTAGGTTGAAGGC-1,3296,58,GRCh38
ATGGTCATCATGCCAA-1,35980,205,Multiplet
ATGGTCATCATGGTAT-1,303,160,Multiplet
ATGGTCATCCGCGGTA-1,213,82,GRCh38
ATGGTCATCGCATGGT-1,394,35,GRCh38
ATGGTCATCGCGCTGA-1,246,41,GRCh38
ATGGTCATCTTGACAG-1,27831,166,Multiplet
ATGGTGAGTCATCCGA-1,24559,190,Multiplet
ATGGTGAGTTCCGTCT-1,175,33,GRCh38
ATGGTGAGTTTACACA-1,24828,138,GRCh38
ATGGTGGAGCATCGAC-1,45137,154,Multiplet
ATGGTGGAGCCCGTTC-1,672,9,GRCh38
ATGGTGGAGCCGATTA-1,13666,180,Multiplet
ATGGTGGAGCCTGGAT-1,21281,110,GRCh38
ATGGTGGAGGCTTCCC-1,249,44,GRCh38
ATGGTGGAGGGCTAGA-1,34947,112,GRCh38
ATGGTGGAGTATGGAA-1,2393,70,GRCh38
ATGGTGGAGTTGGGCT-1,4222,120,GRCh38
ATGGTTACAACTCGTC-1,45145,231,Multiplet
ATGGTTACATGAAGGA-1,16410,322,Multiplet
ATGGTTACATTGCCAC-1,32539,192,Multiplet
ATGGTTTAGCATTCGA-1,301,39,GRCh38
ATGGTTTAGCTACCTT-1,2876,78,GRCh38
ATGGTTTAGTCATGGC-1,331,43,GRCh38
ATGGTTTAGTTGGTCA-1,126,48,GRCh38
ATGTACCGTAGCCTCA-1,280,46,GRCh38
ATGTACCGTTGCGAGG-1,39090,195,Multiplet
ATGTAGCCAGGATCTG-1,208,42,GRCh38
ATGTAGCCAGGTAGTT-1,243,43,GRCh38
ATGTCAACAACCCTAC-1,1313,48,GRCh38
ATGTCAACAATACTCT-1,3453,53,GRCh38
ATGTCAACACCAGCAA-1,4657,61,GRCh38
ATGTCCCCAAGCCGAC-1,143,33,GRCh38
ATGTCCCCAAGCTCCT-1,610,59,GRCh38
ATGTCCCCATGGCCTT-1,53481,174,Multiplet
ATGTCCTTCACCCTGC-1,230,39,GRCh38
ATGTCCTTCCGTCATT-1,134,42,GRCh38
ATGTCCTTCCGTTGGG-1,7392,118,GRCh38
ATGTCCTTCGAACCGT-1,113,35,GRCh38
ATGTCCTTCTAGGCAC-1,128,36,GRCh38
ATGTGAAAGCATTCGA-1,149,40,GRCh38
ATGTGAAAGGAGCCAA-1,31664,197,Multiplet
ATGTGAAAGTAGGACG-1,127,409,mm10
ATGTGAGGTAAGCGCG-1,4381,63,GRCh38
ATGTGAGGTGACGTGG-1,21993,181,Multiplet
ATGTGCATCCATTAGG-1,145,64,GRCh38
ATGTGCATCGATGCTA-1,164,37,GRCh38
ATGTGCATCGATTCCT-1,242,50,GRCh38
ATGTGGCTCAATCCCT-1,507,18,GRCh38
ATGTGGGAGATACTAC-1,35830,169,Multiplet
ATGTGGGAGCTGGAAG-1,503,118,GRCh38
ATGTGGGAGTACGCAC-1,21005,123,GRCh38
ATGTGTTAGCCAGTCG-1,639,18,GRCh38
ATGTGTTAGGTAGCGA-1,219,36,GRCh38
ATGTGTTAGTCATGTG-1,198,60,GRCh38
ATGTTAGCACAGCGAC-1,40566,162,Multiplet
ATGTTAGCACCTGTCG-1,189,35,GRCh38
ATGTTAGCACGCCATT-1,120,33,GRCh38
ATGTTAGCATAACTGA-1,22262,194,Multiplet
ATGTTAGCATTACAGA-1,240,35,GRCh38
ATGTTCCTCAGTATGT-1,2273,71,GRCh38
ATGTTCCTCCAACCAA-1,11279,124,GRCh38
ATGTTCCTCCATCTCG-1,10660,124,GRCh38
ATGTTCCTCCCAATGA-1,21401,153,Multiplet
ATGTTCCTCCCCAGGA-1,61217,114,GRCh38
ATGTTCCTCCCGCACT-1,158,34,GRCh38
ATGTTCCTCCCTTGAT-1,39638,246,Multiplet
ATGTTCCTCCTCAGTT-1,361,61,GRCh38
ATGTTCCTCCTCTACG-1,210,35,GRCh38
ATGTTCCTCTCATCAC-1,904,40,GRCh38
ATGTTCTCAACGTGAT-1,168,33,GRCh38
ATGTTCTCAAGTTCGG-1,4552,63,GRCh38
ATGTTCTCACCATTGC-1,4653,64,GRCh38
ATTAAGCTCACTTGCT-1,233,39,GRCh38
ATTAAGCTCAGCAGGA-1,295,39,GRCh38
ATTAAGCTCATGACGC-1,188,332,Multiplet
ATTAAGCTCCATCATC-1,115,33,GRCh38
ATTAAGCTCCTCATAC-1,148,38,GRCh38
ATTAAGCTCCTCTACG-1,6037,92,GRCh38
ATTAAGCTCCTTCAAC-1,5180,125,GRCh38
ATTAAGCTCGATCCGG-1,256,38,GRCh38
ATTAAGCTCTAATGCG-1,1136,14,GRCh38
ATTACAGCAAACTAGC-1,31342,232,Multiplet
ATTACAGCACAATCGG-1,14747,129,GRCh38
ATTACAGCACTAAGCG-1,9237,66,GRCh38
ATTACAGCACTTAATC-1,3303,68,GRCh38
ATTACAGCAGGTTCCT-1,23320,135,GRCh38
ATTACCCTCATGACGC-1,268,59,GRCh38
ATTACCCTCCTGCCGT-1,20996,161,Multiplet
ATTACCCTCGCTGGCA-1,162,35,GRCh38
ATTACCCTCTATCAGG-1,4040,89,GRCh38
ATTACCCTCTCACATC-1,33475,364,Multiplet
ATTACCTCATCCTTGA-1,152,37,GRCh38
ATTACGTAGCGCCTCT-1,10881,77,GRCh38
ATTACGTAGCTATGCA-1,15596,109,GRCh38
ATTACGTAGTGAACGG-1,3463,136,GRCh38
ATTACGTAGTGAAGTA-1,4448,30,GRCh38
ATTACTGGTTAACCCG-1,170,34,GRCh38
ATTACTGGTTCCGGGT-1,139,103,GRCh38
ATTACTGGTTGAGTAG-1,1419,155,Multiplet
ATTATCCCAAGGTCTG-1,17687,91,GRCh38
ATTATCCCAAGTGGTT-1,3397,187,Multiplet
ATTATCCCAATGTGCG-1,8247,78,GRCh38
ATTATCCCATCCGCAT-1,392,33,GRCh38
ATTCACCTCACATGAT-1,255,46,GRCh38
ATTCACCTCACCTCTG-1,150,38,GRCh38
ATTCACCTCACTCGCC-1,144,34,GRCh38
ATTCACCTCAGCAGTC-1,291,39,GRCh38
ATTCACCTCATGCTTC-1,26993,145,Multiplet
ATTCACCTCCTCAGTT-1,3223,52,GRCh38
ATTCACCTCGATGTCA-1,243,45,GRCh38
ATTCACCTCTATGGAT-1,7953,66,GRCh38
ATTCACCTCTCACTAC-1,281,45,GRCh38
ATTCAGGTCGCGCATG-1,20884,153,Multiplet
ATTCAGGTCTAAGCGC-1,3738,47,GRCh38
ATTCAGGTCTGGGATC-1,671,41,GRCh38
ATTCAGTAGTGAACGG-1,228,35,GRCh38
ATTCATCCAAGCGCAC-1,321,33,GRCh38
ATTCATCCATAAGCCG-1,260,39,GRCh38
ATTCATCCATTGACGG-1,147,88,GRCh38
ATTCATGGTCTGTCGA-1,1097,23,GRCh38
ATTCATGGTTAGTGGA-1,17998,81,GRCh38
ATTCCAAGTAAGTGAT-1,35727,195,Multiplet
ATTCCAAGTGCAAGCG-1,23766,159,Multiplet
ATTCCAAGTTCACTGG-1,6427,71,GRCh38
ATTCCATCAATCCCTA-1,10420,164,Multiplet
ATTCCATCACAGGCAC-1,297,43,GRCh38
ATTCCATCACCTACCG-1,1263,57,GRCh38
ATTCCATCAGGGCTTA-1,660,107,GRCh38
ATTCCATCAGTTGCCT-1,294,51,GRCh38
ATTCCATCATTCGCCG-1,106,33,GRCh38
ATTCCCACAAGCATAC-1,181,64,GRCh38
ATTCCCACAAGGGTAA-1,42221,220,Multiplet
ATTCCCACAATACCTT-1,236,35,GRCh38
ATTCCGCCAAAGGCAA-1,15582,155,Multiplet
ATTCCGCCACATAGAC-1,470,41,GRCh38
ATTCCGCCACCAGGAC-1,2639,67,GRCh38
ATTCCGCCACTTCAAT-1,140,33,GRCh38
ATTCCGGGTGGGTCTC-1,3895,65,GRCh38
ATTCCGGGTTGCTTGG-1,241,33,GRCh38
ATTCCTTGTAATCGTC-1,130,46,GRCh38
ATTCCTTGTATTGCCG-1,121,42,GRCh38
ATTCCTTGTCAGGCTC-1,144,39,GRCh38
ATTCCTTGTCATCATA-1,153,38,GRCh38
ATTCCTTGTCTCACAG-1,166,41,GRCh38
ATTCCTTGTCTTGCCT-1,135,42,GRCh38
ATTCCTTGTGAGCGTG-1,92,37,GRCh38
ATTCCTTGTGATGCCC-1,97,34,GRCh38
ATTCCTTGTGCACCAC-1,381,113,GRCh38
ATTCCTTGTGCAGCCT-1,117,46,GRCh38
ATTCCTTGTGGCTGTC-1,156,48,GRCh38
ATTCCTTGTGGGTCGA-1,133,40,GRCh38
ATTCCTTGTTACACAC-1,120,45,GRCh38
ATTCCTTGTTAGAGAT-1,119,33,GRCh38
ATTCCTTGTTAGTAGG-1,131,34,GRCh38
ATTCCTTGTTATGTCA-1,127,48,GRCh38
ATTCCTTGTTCGCGGT-1,127,34,GRCh38
ATTCCTTGTTGCTTCC-1,53300,515,Multiplet
ATTCCTTGTTGGGCCT-1,150,41,GRCh38
ATTCCTTGTTGTCACG-1,2416,198,Multiplet
ATTCCTTGTTGTGCCA-1,215,41,GRCh38
ATTCGATAGTTAGCTG-1,16735,126,GRCh38
ATTCGCTTCACAGGTC-1,1169,25,GRCh38
ATTCGCTTCATGCGAC-1,145,58,GRCh38
ATTCGCTTCCGTCCGT-1,148,40,GRCh38
ATTCGCTTCCTTCGGC-1,105,41,GRCh38
ATTCGCTTCCTTGGTT-1,1451,108,GRCh38
ATTCGGGCAAGCACAT-1,19965,134,GRCh38
ATTCGGGCACCAACTC-1,52080,256,Multiplet
ATTCGGGCAGCCAGTA-1,49467,211,Multiplet
ATTCGGGCAGCTCATC-1,284,35,GRCh38
ATTCGGGCATGGAGCC-1,7281,61,GRCh38
ATTCGTAGTAGCGGAT-1,1471,12,GRCh38
ATTCGTAGTATTGCGT-1,1603,55,GRCh38
ATTCGTAGTCTAGCTG-1,272,34,GRCh38
ATTCGTTCACTATGCC-1,7005,142,GRCh38
ATTCGTTCACTTGATT-1,143,33,GRCh38
ATTCGTTCAGCTACCT-1,481,51,GRCh38
ATTCGTTCAGTTAGCG-1,937,19,GRCh38
ATTCGTTCATCACGGA-1,130,38,GRCh38
ATTCTCATCACGGACT-1,1270,47,GRCh38
ATTCTCATCAGGGACA-1,4309,93,GRCh38
ATTCTCATCCGCAGAT-1,20114,134,GRCh38
ATTCTCATCCGGATGT-1,148,34,GRCh38
ATTCTCATCGATGTCA-1,3405,38,GRCh38
ATTGACTAGCGAGACA-1,311,122,GRCh38
ATTGACTAGGAATGAC-1,241,38,GRCh38
ATTGACTAGGATGCAG-1,6886,123,GRCh38
ATTGACTAGGTACCCG-1,205,498,Multiplet
ATTGACTAGGTAGTAA-1,30199,137,GRCh38
ATTGAGAAGCAAGTAA-1,1164,8,GRCh38
ATTGAGAAGGTGCGTT-1,54827,195,Multiplet
ATTGAGAAGTAAGCCC-1,518,17,GRCh38
ATTGAGAAGTGCTGTA-1,773,57,GRCh38
ATTGATGCAAGTAGAG-1,51929,135,GRCh38
ATTGATGCACAAGCCA-1,24823,159,Multiplet
ATTGATGCACTAGGAT-1,2393,39,GRCh38
ATTGATGCACTTGGTC-1,1286,76,GRCh38
ATTGATGCAGCCATGA-1,136,35,GRCh38
ATTGATGCATTCCTGA-1,281,47,GRCh38
ATTGCCCCAATCCTTG-1,130,50,GRCh38
ATTGCCCCACCAGCTT-1,246,50,GRCh38
ATTGCCCCACCTTGCG-1,179,36,GRCh38
ATTGCCCCACTACCAC-1,192,76,GRCh38
ATTGCCCCACTTGCAC-1,10758,59,GRCh38
ATTGCCCCATAAGGTC-1,262,39,GRCh38
ATTGCCCCATTAGGAC-1,286,52,GRCh38
ATTGCCTTCACCATCT-1,205,35,GRCh38
ATTGCCTTCATCACTC-1,33067,163,Multiplet
ATTGCCTTCCTGCACC-1,117,38,GRCh38
ATTGCCTTCGAGTGTC-1,470,44,GRCh38
ATTGCCTTCGATGGAG-1,12520,74,GRCh38
ATTGCCTTCGCGAGTT-1,8012,89,GRCh38
ATTGCCTTCTAAGCTG-1,15212,86,GRCh38
ATTGGATTCAGCTCAA-1,14365,119,GRCh38
ATTGGCCAGCCTGCCT-1,7041,83,GRCh38
ATTGGCCAGCGGATAG-1,22254,219,Multiplet
ATTGGCCAGCTGGCAT-1,175,54,GRCh38
ATTGGCCAGCTGGCTG-1,157,52,GRCh38
ATTGGCCAGGATACCC-1,87,33,GRCh38
ATTGGCCAGGCGTCCA-1,1018,18,GRCh38
ATTGGCCAGTAGCACC-1,128,34,GRCh38
ATTGGCCAGTCAGCCG-1,181,33,GRCh38
ATTGGCGCAATAGGTC-1,18717,131,GRCh38
ATTGGCGCACAACGTG-1,286,43,GRCh38
ATTGGCGCATTAGGGT-1,1968,39,GRCh38
ATTGGCGCATTCGTCA-1,25353,153,Multiplet
ATTGGCTGTCAACTAC-1,279,34,GRCh38
ATTGGCTGTCATGAAG-1,13033,87,GRCh38
ATTGGCTGTCTTGGGC-1,183,56,GRCh38
ATTGGCTGTGAAGTAT-1,19500,123,GRCh38
ATTGGCTGTTCCTCAC-1,173,45,GRCh38
ATTGGGTCAAAGGTCT-1,2799,177,Multiplet
ATTGGGTCAAGTGAAG-1,238,45,GRCh38
ATTGGGTCACATTACT-1,43565,167,Multiplet
ATTGGGTCATCAAGTA-1,7692,65,GRCh38
ATTGGGTCATGCTTCA-1,19723,165,Multiplet
ATTGGGTCATGGTATA-1,251,41,GRCh38
ATTGGGTCATTACACT-1,306,42,GRCh38
ATTGGGTCATTACCTG-1,124,33,GRCh38
ATTGGGTCATTCAGTT-1,45392,226,Multiplet
ATTGGTTAGTGCTGGT-1,583,29,GRCh38
ATTGTCAGTCTAGCCA-1,10557,183,Multiplet
ATTGTCAGTCTGGTAT-1,51866,201,Multiplet
ATTGTCAGTTCCCAAG-1,235,38,GRCh38
CAAACCATCACCCTTG-1,264,37,GRCh38
CAAACCATCCATGAAT-1,3630,71,GRCh38
CAAACCATCCCGCGAA-1,666,16,GRCh38
CAAACCATCGATGCTA-1,200,33,GRCh38
CAAACCATCTATGCCT-1,3940,47,GRCh38
CAAACCCAGGGGTACA-1,166,51,GRCh38
CAAACCCAGGTACTTG-1,4994,27,GRCh38
CAAACCGCAAACTAGC-1,1121,17,GRCh38
CAAACCGCACCATGAG-1,3543,31,GRCh38
CAAACCGCAGGGACGA-1,4071,90,GRCh38
CAAACCGCATTCGGCT-1,284,38,GRCh38
CAAACGGAGCTACCTT-1,137,37,GRCh38
CAAACGGAGGCAATGG-1,20373,208,Multiplet
CAAACGGAGGTTGGTC-1,6768,109,GRCh38
CAAACGGAGTAATCCG-1,224,63,GRCh38
CAAACGGAGTGGCAAG-1,3411,24,GRCh38
CAAACTTAGCCACGCA-1,16205,99,GRCh38
CAAACTTAGCTGGTCG-1,20006,107,GRCh38
CAAACTTAGGATGCAG-1,111,33,GRCh38
CAAACTTAGGCTCTGG-1,1061,47,GRCh38
CAAAGCCTCCGCAAGT-1,894,16,GRCh38
CAAAGCGAGCCAATCA-1,291,58,GRCh38
CAAAGCGAGCGAGCAA-1,169,39,GRCh38
CAAAGCGAGCGGATTC-1,41874,170,Multiplet
CAAAGCGAGGTCATTG-1,15176,84,GRCh38
CAAAGCTCAACTGCCT-1,1609,32,GRCh38
CAAAGCTCAAGGGCTC-1,167,47,GRCh38
CAAAGGCGTGCAGTCC-1,19549,127,GRCh38
CAAAGGGTCCAGGGAA-1,611,267,Multiplet
CAAAGGGTCTGGTAAT-1,13280,66,GRCh38
CAAAGGTAGAACGAGT-1,10342,128,GRCh38
CAAAGGTAGGTGGCTT-1,239,34,GRCh38
CAAAGGTAGGTTCGAC-1,4467,153,Multiplet
CAAAGGTAGTACCATG-1,212,45,GRCh38
CAAAGGTAGTGAAGCG-1,15838,127,GRCh38
CAAAGGTAGTTACGTG-1,112,83,GRCh38
CAAAGTAAGATAGCCC-1,101,52,GRCh38
CAAAGTAAGTAGCATT-1,2047,80,GRCh38
CAAAGTAAGTGGCAAG-1,22215,128,GRCh38
CAAATCACAACGGTAT-1,2914,244,Multiplet
CAAATCACAGCTCAGA-1,214,37,GRCh38
CAAATCACAGCTCTAC-1,516,49,GRCh38
CAAATCACATCCATTG-1,21567,108,GRCh38
CAAATCACATCGACTC-1,25446,123,GRCh38
CAAATCACATGCTGTC-1,22365,118,GRCh38
CAAATCCGTAAGTCAG-1,38685,198,Multiplet
CAAATCCGTATGGTCT-1,276,40,GRCh38
CAAATCCGTATGGTGA-1,2823,118,GRCh38
CAAATCCGTGAACGCG-1,137,33,GRCh38
CAAATCCGTGAGGAGA-1,8189,21,GRCh38
CAAATCCGTGGACAGT-1,29060,154,Multiplet
CAAATGAAGCCAGTGT-1,6715,88,GRCh38
CAAATGAAGCGGTTAC-1,35831,181,Multiplet
CAAATGAAGTAGCAGG-1,19075,227,Multiplet
CAAATGAAGTCGAACC-1,250,34,GRCh38
CAAATGGGTAATGTGG-1,1533,165,Multiplet
CAAATGGGTAGGTCGG-1,4836,77,GRCh38
CAAATGGGTCAGGGCA-1,271,33,GRCh38
CAAATGGGTCATTCCC-1,10691,124,GRCh38
CAAATGGGTCTAGCAT-1,4680,91,GRCh38
CAAATGGGTGAGCGAT-1,14197,82,GRCh38
CAAATGGGTTGGCTGC-1,279,89,GRCh38
CAAATGTTCGCTTCGC-1,1342,12,GRCh38
CAAATTCAGGCACTCG-1,7703,143,GRCh38
CAACACGCAACCTGCT-1,127,41,GRCh38
CAACACGCACATGATA-1,159,34,GRCh38
CAACACGCATCACGGA-1,25217,167,Multiplet
CAACACGCATGCGTCT-1,255,34,GRCh38
CAACACGCATGCGTTC-1,129,33,GRCh38
CAACAGTCAATAGTTG-1,214,37,GRCh38
CAACAGTCACCTACGT-1,148,33,GRCh38
CAACATTAGCGATCAC-1,183,49,GRCh38
CAACATTAGGCTACTA-1,919,36,GRCh38
CAACATTAGGTTCATG-1,259,34,GRCh38
CAACCAATCCGGAACT-1,11659,34,GRCh38
CAACCAGCAAAGGGTA-1,22613,188,Multiplet
CAACCAGCAACCAGGC-1,147,73,GRCh38
CAACCAGCAATACTAG-1,538,35,GRCh38
CAACCAGCACCTATGC-1,171,43,GRCh38
CAACCAGCACCTCGTG-1,1002,41,GRCh38
CAACCAGCAGTACCCT-1,10059,96,GRCh38
CAACCAGCAGTTGAGT-1,20028,148,Multiplet
CAACCAGCATGTCGTC-1,401,60,GRCh38
CAACCCAGTGCGGTAG-1,468,33,GRCh38
CAACCCAGTGGGTCAG-1,3402,117,GRCh38
CAACCCAGTTTACGCG-1,166,35,GRCh38
CAACCCTCAAACTGAC-1,32002,215,Multiplet
CAACCCTCATGGTAAC-1,275,33,GRCh38
CAACCCTCATTAGTAG-1,2218,40,GRCh38
CAACGAAGTTGCGGTC-1,44275,86,GRCh38
CAACGAAGTTTACGAC-1,9932,373,Multiplet
CAACGATCAAGCTCGA-1,1253,59,GRCh38
CAACGATCAGGCTTAG-1,603,62,GRCh38
CAACGATCATGGAGCC-1,116,63,GRCh38
CAACGGGGTGCAGGAT-1,15727,82,GRCh38
CAACTAACAAGCCGAC-1,315,42,GRCh38
CAACTAACAAGTAGGA-1,31174,186,Multiplet
CAACTAACATTCAGGG-1,949,57,GRCh38
CAACTAGTCGAACCGT-1,130,45,GRCh38
CAACTCCCAATTCGTT-1,524,24,GRCh38
CAACTCCCACTCATGC-1,209,126,GRCh38
CAACTCCCATGGCGTA-1,1789,48,GRCh38
CAACTGATCATCTCAC-1,35115,176,Multiplet
CAACTGATCATGGCTA-1,224,49,GRCh38
CAACTGATCCCGTACC-1,429,46,GRCh38
CAACTGATCGTTCCAT-1,24871,189,Multiplet
CAACTGATCTGGCTGG-1,4433,128,GRCh38
CAAGACAGTAGTGCTT-1,474,34,GRCh38
CAAGACTCAACGTGGC-1,1635,51,GRCh38
CAAGACTCAAGGGACG-1,1419,13,GRCh38
CAAGACTCAATGTAGC-1,15296,91,GRCh38
CAAGATGGTCAATCGT-1,3684,43,GRCh38
CAAGATGGTCTCAGTG-1,213,34,GRCh38
CAAGATGGTGGACCGA-1,11385,57,GRCh38
CAAGATGGTTATCAGC-1,4726,42,GRCh38
CAAGATGGTTGCCTAG-1,272,39,GRCh38
CAAGCAAGTAGCGGTG-1,1346,247,Multiplet
CAAGCAAGTATGGAGC-1,20204,194,Multiplet
CAAGCAAGTCCATTCC-1,37210,215,Multiplet
CAAGCAAGTGAACGGT-1,859,58,GRCh38
CAAGCATCAATCTATC-1,17839,95,GRCh38
CAAGCCACAGGCATTG-1,390,42,GRCh38
CAAGCCACATAAGCAC-1,137,43,GRCh38
CAAGCCCGTAGGCGCA-1,6437,109,GRCh38
CAAGCCCGTAGTGCTT-1,5742,40,GRCh38
CAAGCCCGTCAAGCAA-1,20090,127,GRCh38
CAAGCCCGTCTGGTAT-1,271,33,GRCh38
CAAGCCCGTTCGGCGT-1,4161,10,GRCh38
CAAGCCCGTTGGACCC-1,289,40,GRCh38
CAAGCGAAGCATATAC-1,2065,194,Multiplet
CAAGCGCCAATCCGCT-1,45020,196,Multiplet
CAAGCGCCAATTGGAC-1,192,58,GRCh38
CAAGCGCCATAACTCT-1,2627,90,GRCh38
CAAGCGCCATGGTAGT-1,12062,108,GRCh38
CAAGCGGGTTATCCTT-1,4299,105,GRCh38
CAAGCGGGTTGCTCTC-1,8915,71,GRCh38
CAAGCTATCCATCCAT-1,319,33,GRCh38
CAAGCTATCTAGCCAA-1,171,35,GRCh38
CAAGCTATCTCACCAT-1,132,35,GRCh38
CAAGCTCAGGTTCCGG-1,62773,187,Multiplet
CAAGCTCAGTTGGATT-1,12615,104,GRCh38
CAAGCTGCAAACTCGG-1,15647,548,Multiplet
CAAGCTGCAAGTAAGG-1,23108,143,GRCh38
CAAGCTGCAATATGCA-1,6213,74,GRCh38
CAAGCTGCAGCCAGAC-1,155,34,GRCh38
CAAGCTGCAGCCTACT-1,158,41,GRCh38
CAAGGAACAATCTGGG-1,23181,246,Multiplet
CAAGGAACACCTATAT-1,231,34,GRCh38
CAAGGAACACTAACGG-1,176,47,GRCh38
CAAGGAACATGCTTCA-1,127,44,GRCh38
CAAGGAACATTCGGTC-1,227,35,GRCh38
CAAGGATAGATTAAGG-1,5339,95,GRCh38
CAAGGATAGGGCTACT-1,8780,56,GRCh38
CAAGGATAGTGCTGAC-1,716,53,GRCh38
CAAGGCAAGGAATGCG-1,966,17,GRCh38
CAAGGCAAGGTCCCGA-1,580,20,GRCh38
CAAGGCAAGGTGATGG-1,129,42,GRCh38
CAAGGCAAGTCAGGCT-1,123,62,GRCh38
CAAGGCGGTAGCGATA-1,215,50,GRCh38
CAAGGCGGTTAGTTGC-1,218,52,GRCh38
CAAGGGATCCCAGATA-1,914,33,GRCh38
CAAGGGATCCTGATGA-1,52201,85,GRCh38
CAAGGGATCCTGCTAT-1,248,45,GRCh38
CAAGGGATCCTTCGAT-1,213,43,GRCh38
CAAGGGATCGACCATA-1,3008,45,GRCh38
CAAGGGGCATAACGTA-1,276,46,GRCh38
CAAGGTAGTAGTCCCA-1,261,37,GRCh38
CAAGGTAGTCAATTCA-1,14997,87,GRCh38
CAAGGTAGTGGCTGAG-1,212,34,GRCh38
CAAGGTGAGGTTCAAT-1,12471,96,GRCh38
CAAGGTGAGTAGCCCG-1,3083,126,GRCh38
CAAGGTGAGTCATGCA-1,239,48,GRCh38
CAAGGTTCACTTGGCT-1,3508,80,GRCh38
CAAGGTTCATGACTAA-1,611,24,GRCh38
CAAGGTTCATGATTAG-1,529,29,GRCh38
CAAGGTTCATTCAGCC-1,601,26,GRCh38
CAAGTAAAGAATCGCC-1,3319,56,GRCh38
CAAGTAAAGTGACCTA-1,141,67,GRCh38
CAAGTAAAGTGACGGA-1,22567,122,GRCh38
CAAGTAGGTATAGTCC-1,6773,67,GRCh38
CAAGTAGGTTATAGGG-1,1307,18,GRCh38
CAAGTAGGTTGAGCCC-1,2157,40,GRCh38
CAAGTCATCAATTCCC-1,4675,71,GRCh38
CAAGTCATCAGGAGCA-1,19420,92,GRCh38
CAAGTCATCCGGTGAT-1,29630,169,Multiplet
CAAGTCATCCGGTTCC-1,8942,82,GRCh38
CAAGTCATCCTGGGAT-1,8126,72,GRCh38
CAAGTCATCTGTGAAT-1,143,33,GRCh38
CAAGTCGCAAAGGGAC-1,21564,133,GRCh38
CAAGTCGCACCTTCCC-1,3221,190,Multiplet
CAAGTCTGTGCAGTCC-1,44255,175,Multiplet
CAAGTCTGTTTGATTG-1,740,35,GRCh38
CAAGTGAGTAGCAGGT-1,23731,125,GRCh38
CAAGTGAGTCTCCACT-1,312,53,GRCh38
CAAGTGAGTTGCAGGG-1,6340,82,GRCh38
CAAGTTTAGCCGACTG-1,178,61,GRCh38
CAAGTTTAGTAGCACC-1,34746,218,Multiplet
CAATAGAAGCAAGCCT-1,1501,49,GRCh38
CAATAGAAGTGCTGAC-1,26554,172,Multiplet
CAATAGAAGTTGCTTC-1,198,56,GRCh38
CAATAGCCAACCGCTT-1,1749,23,GRCh38
CAATAGCCAGGCAGTC-1,12236,41,GRCh38
CAATAGCCATCACGCT-1,210,47,GRCh38
CAATAGCCATCCACGT-1,584,22,GRCh38
CAATATCAGCTTACTC-1,292,35,GRCh38
CAATATCAGTTGGCTA-1,24660,127,GRCh38
CAATATCAGTTGGTAT-1,17365,172,Multiplet
CAATCATAGAATCGAA-1,22292,168,Multiplet
CAATCATAGCCTGCCT-1,590,34,GRCh38
CAATCATAGGATGCTC-1,4117,42,GRCh38
CAATCATAGGCTTCGG-1,34891,165,Multiplet
CAATCCCCAAGGGATA-1,30382,131,GRCh38
CAATCCGGTAACGATG-1,15923,94,GRCh38
CAATCCGGTAGGTGCG-1,2811,60,GRCh38
CAATCCGGTCTTGCTC-1,2751,39,GRCh38
CAATCCTTCACCACGG-1,6598,116,GRCh38
CAATCCTTCCAACCTT-1,4858,90,GRCh38
CAATCCTTCCAGCCGA-1,1781,38,GRCh38
CAATCCTTCCGCTGTC-1,173,33,GRCh38
CAATCGATCAATCGCA-1,23281,151,Multiplet
CAATCGATCCATTAGG-1,23550,157,Multiplet
CAATCGATCCTCATTA-1,3174,34,GRCh38
CAATCGATCCTCTACG-1,2632,172,Multiplet
CAATCGATCGCTTGGG-1,4153,65,GRCh38
CAATCGATCGTGCTCC-1,23829,116,GRCh38
CAATCTTCAAGCGATT-1,5555,78,GRCh38
CAATCTTCAATGTCAA-1,13624,92,GRCh38
CAATCTTCATCACAGG-1,588,24,GRCh38
CAATCTTCATTGCCCG-1,259,48,GRCh38
CAATGCATCAGGCTCG-1,26290,145,Multiplet
CAATGCATCATACTCC-1,132,39,GRCh38
CAATGCATCCCATATC-1,2983,31,GRCh38
CAATGCATCCTGTGCC-1,126,37,GRCh38
CAATGCATCTAAGCTG-1,2934,46,GRCh38
CAATGCATCTGGATAT-1,116,33,GRCh38
CAATGCCAGAACGATA-1,3024,78,GRCh38
CAATGCCAGAAGCTCC-1,227,45,GRCh38
CAATGCCAGCCGCACA-1,3316,62,GRCh38
CAATGCCAGTGAGCAG-1,6580,143,GRCh38
CAATGGCTCATACTCC-1,160,37,GRCh38
CAATGGCTCCGTCCGT-1,3894,115,GRCh38
CAATGGCTCCTCTCAG-1,27895,190,Multiplet
CAATGGGAGCGGATAG-1,18298,112,GRCh38
CAATGGGAGGTAATGA-1,1025,26,GRCh38
CAATGGGAGGTTAATC-1,1015,63,GRCh38
CAATGGGAGTAACGAA-1,5644,82,GRCh38
CAATGGGAGTCGAAGG-1,122,35,GRCh38
CAATGGTCAAAGGGTA-1,113,33,GRCh38
CAATGGTCACATTAAG-1,350,58,GRCh38
CAATGGTCACCAGCAA-1,227,37,GRCh38
CAATGTTAGCTTCCGC-1,209,41,GRCh38
CAATGTTAGGATCATT-1,3419,52,GRCh38
CAATGTTAGGGCTTAC-1,3022,56,GRCh38
CAATGTTAGGTACTAT-1,19279,128,GRCh38
CAATGTTAGTAGCCCG-1,139,37,GRCh38
CAATGTTAGTGCGCCA-1,21790,186,Multiplet
CAATGTTAGTGTCCTT-1,1959,53,GRCh38
CAATTAGCACTTACAT-1,18061,91,GRCh38
CAATTAGCAGCCTAAG-1,3100,61,GRCh38
CAATTAGCATTGCCCG-1,1322,81,GRCh38
CAATTCCTCCAACTTC-1,155,34,GRCh38
CAATTCCTCCAATGTG-1,127,52,GRCh38
CAATTCCTCCATTCCG-1,1140,368,Multiplet
CAATTCCTCCGCGACA-1,258,55,GRCh38
CAATTCCTCGACCCAG-1,720,24,GRCh38
CAATTCCTCGCGACAT-1,628,88,GRCh38
CAATTCCTCGTTACAG-1,156,38,GRCh38
CAATTCCTCGTTACCT-1,141,42,GRCh38
CAATTGGTCCTTCCTC-1,240,47,GRCh38
CAATTGGTCGAACCGT-1,4903,68,GRCh38
CAATTGGTCGCGACAT-1,173,42,GRCh38
CAATTTCCAATGCGTG-1,128,33,GRCh38
CAATTTCCAATTAACG-1,55385,204,Multiplet
CACAACATCACCACTT-1,53945,154,Multiplet
CACAACATCATCAGCA-1,24389,132,GRCh38
CACAACATCCAGCGCA-1,38707,209,Multiplet
CACAACATCGATCACA-1,18320,217,Multiplet
CACAAGCTCCTGTCGC-1,18793,131,GRCh38
CACAAGCTCGTTAGCA-1,562,21,GRCh38
CACAAGCTCTATGCAG-1,139,165,mm10
CACAAGTCAAGCTATA-1,32206,154,Multiplet
CACAAGTCAAGTGCGC-1,9427,125,GRCh38
CACAAGTCAATGCCTC-1,145,40,GRCh38
CACAAGTCACCATGAG-1,10171,95,GRCh38
CACAAGTCAGTTGGTG-1,27100,140,GRCh38
CACAAGTCATCCACAC-1,973,35,GRCh38
CACAAGTCATGCTCAC-1,122,33,GRCh38
CACACAATCACCATAG-1,23140,101,GRCh38
CACACAATCCGGATGT-1,270,49,GRCh38
CACACAATCGACTGGT-1,311,36,GRCh38
CACACAATCTGGAAGG-1,19663,99,GRCh38
CACACACAGAACGAGT-1,720,21,GRCh38
CACACACAGCGAGCTT-1,148,37,GRCh38
CACACACAGCTAATGT-1,1146,29,GRCh38
CACACACAGTCTCTGT-1,276,58,GRCh38
CACACAGCAAGTGCTG-1,1343,13,GRCh38
CACACAGCATCAATTC-1,21443,165,Multiplet
CACACAGCATGCTGTC-1,147,47,GRCh38
CACACCCTCCCGCACT-1,22912,170,Multiplet
CACACCCTCCCTCAAT-1,33692,172,Multiplet
CACACCCTCCGGGCTA-1,22535,149,Multiplet
CACACCCTCCGTGCGA-1,930,64,GRCh38
CACACCCTCCTGCGTC-1,34439,184,Multiplet
CACACCCTCGAGGTCT-1,203,189,Multiplet
CACACCCTCGCTCCGT-1,24943,163,Multiplet
CACACCCTCTATCGCT-1,149,37,GRCh38
CACACCCTCTGTCAAG-1,23479,156,Multiplet
CACACCCTCTGTGGCG-1,26941,162,Multiplet
CACACCTCAGGAACTT-1,5075,181,Multiplet
CACACCTCATCCGCTG-1,1422,58,GRCh38
CACACTAAGAAGCTAA-1,245,35,GRCh38
CACACTAAGCATCCTT-1,8731,44,GRCh38
CACAGGTTCACCTAGA-1,305,65,GRCh38
CACATAACAAGGTAAG-1,128,33,GRCh38
CACATAACAATACCGG-1,34949,193,Multiplet
CACATAACAATGAGTC-1,1240,14,GRCh38
CACATAACACTTAGGG-1,320,44,GRCh38
CACATAACAGCTCTGT-1,5049,64,GRCh38
CACATAGTCGCGCTCT-1,314,51,GRCh38
CACATATAGCGATTGC-1,201,39,GRCh38
CACATATAGGATCCAC-1,66482,194,Multiplet
CACATATAGGCGAGGT-1,29399,165,Multiplet
CACATATAGTAAGCAA-1,140,48,GRCh38
CACATATAGTGACCCG-1,808,20,GRCh38
CACATCAAGCCCTACC-1,20290,154,Multiplet
CACATCAAGCGGTAAG-1,16531,168,Multiplet
CACATCAAGGTAACTT-1,27050,231,Multiplet
CACATCAAGTATCTGG-1,37445,160,Multiplet
CACATCAAGTCATCCT-1,360,43,GRCh38
CACATCAAGTCATCTC-1,243,36,GRCh38
CACATCCCAATCCTCA-1,328,158,Multiplet
CACATCCCAGGAAGCG-1,4470,84,GRCh38
CACATCCCAGGGCTTA-1,922,69,GRCh38
CACATCCCATAGGGCC-1,231,38,GRCh38
CACATCCCATCACTAT-1,229,43,GRCh38
CACATTAGTCATTCGG-1,209,44,GRCh38
CACATTAGTTCCGGGT-1,1852,20,GRCh38
CACATTTCAACCCTGT-1,155,41,GRCh38
CACCAAATCAAGTAGA-1,49345,135,GRCh38
CACCAAATCCATCGTT-1,194,74,GRCh38
CACCAAATCCCGCTTA-1,13520,152,Multiplet
CACCAAATCCGCTGCT-1,144,33,GRCh38
CACCAAATCGACTACA-1,4006,32,GRCh38
CACCAAATCGATTACG-1,1098,146,Multiplet
CACCAAATCGCTAATG-1,20214,156,Multiplet
CACCAACAGGAACTAA-1,33479,128,GRCh38
CACCAACAGGCAAGCA-1,1474,52,GRCh38
CACCAACAGGCTCCTC-1,20748,128,GRCh38
CACCAACAGGTAGACG-1,18503,125,GRCh38
CACCAACAGGTCATTG-1,162,35,GRCh38
CACCAACAGTAGCTCA-1,4692,43,GRCh38
CACCAACAGTAGGAGT-1,240,53,GRCh38
CACCAACAGTCAGGTC-1,26736,124,GRCh38
CACCAACAGTTACCAG-1,3947,98,GRCh38
CACCAATGTAACTCGT-1,23465,109,GRCh38
CACCAATGTAGCGGTG-1,2157,33,GRCh38
CACCAATGTGATGAAT-1,1244,154,Multiplet
CACCAATGTTTGGTCG-1,3767,30,GRCh38
CACCACCTCACCTGCC-1,170,35,GRCh38
CACCACCTCCCCAGTC-1,612,28,GRCh38
CACCACCTCCTGTCCA-1,172,33,GRCh38
CACCACCTCCTTCACG-1,701,29,GRCh38
CACCACCTCCTTCGTG-1,3841,105,GRCh38
CACCACCTCGATGCGT-1,2599,33,GRCh38
CACCACCTCTTGACAG-1,160,33,GRCh38
CACCAGACAATTGGAC-1,1297,22,GRCh38
CACCAGACACTTCAGC-1,14271,81,GRCh38
CACCAGACAGGTAGGG-1,442,44,GRCh38
CACCAGTAGCAACCTA-1,34342,258,Multiplet
CACCAGTAGCTTAGGC-1,53167,65,GRCh38
CACCAGTAGTGTCCTT-1,222,33,GRCh38
CACCATAAGCCATGCG-1,219,33,GRCh38
CACCATAAGCCGATGT-1,277,49,GRCh38
CACCATAAGCGGATGA-1,8525,76,GRCh38
CACCATAAGCTGGAGA-1,4181,38,GRCh38
CACCATAAGCTGGTAC-1,152,36,GRCh38
CACCATCCACTACCCG-1,307,37,GRCh38
CACCATCCATTACCCA-1,6646,48,GRCh38
CACCATCCATTCGGCT-1,247,58,GRCh38
CACCATCCATTGCACC-1,151,35,GRCh38
CACCATTTCAATGGCC-1,10505,78,GRCh38
CACCATTTCACTCGCC-1,6207,88,GRCh38
CACCATTTCAGCAACC-1,177,35,GRCh38
CACCATTTCCGGAACT-1,540,23,GRCh38
CACCATTTCCTCTCCT-1,20723,232,Multiplet
CACCATTTCCTGACCC-1,1916,29,GRCh38
CACCATTTCTATGGGC-1,6256,56,GRCh38
CACCATTTCTATGGTG-1,110,89,GRCh38
CACCCATCACTATCAT-1,11547,73,GRCh38
CACCCATCAGGTTGGC-1,535,40,GRCh38
CACCCATCATCACGGA-1,522,20,GRCh38
CACCCATCATCCGGTT-1,602,51,GRCh38
CACCCATCATGAAGTC-1,1273,49,GRCh38
CACCCGTTCACACCGG-1,61158,168,Multiplet
CACCCGTTCACGCACG-1,4765,193,Multiplet
CACCCGTTCACGGACT-1,295,43,GRCh38
CACCCGTTCAGTTAGT-1,241,46,GRCh38
CACCCGTTCCCGCTTA-1,161,37,GRCh38
CACCCGTTCCCTGTCA-1,1133,57,GRCh38
CACCCGTTCTAGTCTC-1,158,46,GRCh38
CACCCGTTCTGGAAGG-1,40032,270,Multiplet
CACCCTGCACAATTAG-1,123,47,GRCh38
CACCCTGCACCATGCT-1,63881,263,Multiplet
CACCCTGCATTGCCGT-1,7199,54,GRCh38
CACCCTTGTAGCTCCA-1,136,39,GRCh38
CACCCTTGTAGTGACA-1,155,36,GRCh38
CACCCTTGTCTAGGTT-1,166,34,GRCh38
CACCCTTGTGCAGGAT-1,22525,160,Multiplet
CACCCTTGTGCGTACC-1,181,41,GRCh38
CACCCTTGTTGCGTGC-1,73150,269,Multiplet
CACCCTTGTTGCTGTG-1,13567,76,GRCh38
CACCGAACAAGTAAGG-1,2210,79,GRCh38
CACCGAACAATTCAAG-1,139,42,GRCh38
CACCGAACACTTACTG-1,60840,163,Multiplet
CACCGAACAGGCTAAT-1,128,34,GRCh38
CACCGATAGCAAGTGG-1,665,43,GRCh38
CACCGATAGCGACTTA-1,4453,43,GRCh38
CACCGATAGTCGCTGG-1,249,42,GRCh38
CACCGCAAGAAGGACT-1,2536,49,GRCh38
CACCGCAAGTGGGTTC-1,19008,129,GRCh38
CACCGCTTCACCCTGC-1,2084,59,GRCh38
CACCGCTTCACTGGTA-1,155,64,GRCh38
CACCGCTTCCATCAAG-1,253,34,GRCh38
CACCGCTTCCATGACA-1,341,55,GRCh38
CACCGCTTCCGCACAG-1,560,35,GRCh38
CACCGCTTCCGTATAG-1,400,78,GRCh38
CACCGCTTCCGTGTCC-1,1576,64,GRCh38
CACCGCTTCTAGTGTG-1,662,47,GRCh38
CACCGTAGTAGTCAGA-1,5339,49,GRCh38
CACCGTAGTCAGGCTC-1,120,38,GRCh38
CACCGTAGTCAGTAGA-1,729,12,GRCh38
CACCGTAGTGGACCTC-1,277,38,GRCh38
CACCGTAGTTCCATCC-1,4802,73,GRCh38
CACCGTAGTTGCGCTA-1,985,18,GRCh38
CACCGTTCAATTAACG-1,31271,152,Multiplet
CACCGTTCAATTGGTA-1,150,38,GRCh38
CACCGTTCACTTCGCG-1,7509,59,GRCh38
CACCGTTCAGGCTCAA-1,15437,86,GRCh38
CACCGTTCATTCGTCA-1,5115,57,GRCh38
CACCTAAAGCCATAGC-1,21543,97,GRCh38
CACCTAAAGCCGACTG-1,125,37,GRCh38
CACCTAAAGGAGGACC-1,211,33,GRCh38
CACCTAAAGTGCAACC-1,325,37,GRCh38
CACCTATTCAAGTCCA-1,43824,227,Multiplet
CACCTATTCATCGAGC-1,1065,104,GRCh38
CACCTATTCCCATTAC-1,107,34,GRCh38
CACCTATTCCTGAAGC-1,1831,27,GRCh38
CACCTATTCTAATGAC-1,243,44,GRCh38
CACCTCATCCGTAGTA-1,452,56,GRCh38
CACCTCATCCTGCCAC-1,1948,48,GRCh38
CACCTCATCGTCTAAG-1,4664,50,GRCh38
CACCTCATCGTGAGAG-1,375,68,GRCh38
CACCTCATCTATGCTC-1,1168,44,GRCh38
CACCTCGCACATTGAA-1,18841,157,Multiplet
CACCTCGCAGCCATTC-1,26319,300,Multiplet
CACCTCGCAGGCTTAG-1,276,39,GRCh38
CACCTCGCATAATCCT-1,2727,53,GRCh38
CACCTCGCATGGATGT-1,65179,125,GRCh38
CACCTCGCATTACCGC-1,148,33,GRCh38
CACCTCGCATTGGAGT-1,2364,29,GRCh38
CACCTCTGTTGAGCGG-1,47504,150,Multiplet
CACCTCTGTTGCATTA-1,2062,25,GRCh38
CACCTCTGTTTCGTCC-1,5718,60,GRCh38
CACCTGCTCACTCGCC-1,321,40,GRCh38
CACCTGCTCCGCGCTT-1,153,33,GRCh38
CACCTGCTCGCGATAC-1,151,40,GRCh38
CACCTGCTCTGTCACT-1,272,48,GRCh38
CACCTTTAGCCAGTAC-1,4115,66,GRCh38
CACCTTTAGCCGACCA-1,1370,54,GRCh38
CACCTTTAGTATGAGA-1,538,41,GRCh38
CACGACCGTCAATTCA-1,13219,138,GRCh38
CACGACCGTTGAGGTA-1,17344,80,GRCh38
CACGACTAGATAGCTT-1,52648,91,GRCh38
CACGACTAGATAGTCT-1,533,20,GRCh38
CACGACTAGGATTCAT-1,140,33,GRCh38
CACGACTAGGTTACGC-1,445,47,GRCh38
CACGAGGGTAGTAAGT-1,4149,47,GRCh38
CACGAGGGTGATGATG-1,304,38,GRCh38
CACGAGGGTGGAGACT-1,3370,57,GRCh38
CACGAGGGTTCGTAAC-1,132,37,GRCh38
CACGAGGGTTTGAGCT-1,1528,34,GRCh38
CACGATGCAGCACCAA-1,4022,81,GRCh38
CACGATGCAGCTCGTT-1,216,33,GRCh38
CACGATGCAGGCAAGG-1,287,41,GRCh38
CACGATGCAGTACCTC-1,6491,121,GRCh38
CACGATGCATAGGTAC-1,13553,103,GRCh38
CACGATGCATCAAGTA-1,17671,150,Multiplet
CACGATGCATGAGTGT-1,3910,102,GRCh38
CACGATTGTCTAATCA-1,939,38,GRCh38
CACGATTGTGGACATA-1,1386,1226,Multiplet
CACGATTGTTGGAAGC-1,1851,37,GRCh38
CACGCAACACCTCAGT-1,7092,44,GRCh38
CACGCAACATTGGCAG-1,6753,63,GRCh38
CACGCCAAGAAGGGCC-1,64651,186,Multiplet
CACGCCAAGAATCCGC-1,7138,32,GRCh38
CACGCCAAGCAAGCCT-1,12174,111,GRCh38
CACGCCAAGCTACCAA-1,5376,140,GRCh38
CACGCCAAGGTACACC-1,238,46,GRCh38
CACGCCAAGGTGAACG-1,940,18,GRCh38
CACGCTAGTAATGCGA-1,114,42,GRCh38
CACGCTAGTCATGCCA-1,39899,177,Multiplet
CACGCTAGTCATTGCG-1,412,42,GRCh38
CACGCTAGTGAAGTAT-1,23003,109,GRCh38
CACGCTAGTTAACCCG-1,3245,103,GRCh38
CACGCTAGTTCGGGCT-1,121,38,GRCh38
CACGCTAGTTCGGTTG-1,13357,91,GRCh38
CACGCTAGTTCGTGTG-1,311,192,Multiplet
CACGCTAGTTGAGTGA-1,1294,73,GRCh38
CACGCTAGTTGCACAT-1,537,19,GRCh38
CACGCTAGTTGCGATT-1,22057,157,Multiplet
CACGCTAGTTGTGGTT-1,46960,145,Multiplet
CACGCTAGTTTCGACG-1,13840,81,GRCh38
CACGCTAGTTTGAGTC-1,5505,76,GRCh38
CACGGCTGTAATGCGA-1,351,38,GRCh38
CACGGCTGTATGGGTA-1,399,57,GRCh38
CACGGCTGTATGTGCT-1,114,37,GRCh38
CACGGCTGTCTTGACG-1,56215,199,Multiplet
CACGGCTGTGCGTGCT-1,289,37,GRCh38
CACGGCTGTTCGCGTA-1,21801,39,GRCh38
CACGGCTGTTTGGCTG-1,310,43,GRCh38
CACGGGTCAAGCTGGC-1,29034,210,Multiplet
CACGGGTCAATAGACC-1,25394,159,Multiplet
CACGGGTCAGTTGGCA-1,364,52,GRCh38
CACGGTTAGATTGACT-1,139,33,GRCh38
CACGGTTAGGAACCCT-1,27363,115,GRCh38
CACGGTTAGGGGCAGT-1,1231,25,GRCh38
CACGGTTAGTGGCGAA-1,1393,25,GRCh38
CACGGTTAGTTGGTGC-1,108,33,GRCh38
CACGTATGTCAACTTA-1,1814,19,GRCh38
CACGTATGTTAACTGC-1,132,37,GRCh38
CACGTTGGTAACCCTG-1,160,34,GRCh38
CACGTTGGTATTGGTC-1,945,51,GRCh38
CACGTTGGTCCATATA-1,15816,84,GRCh38
CACGTTGGTGATAGCA-1,12840,119,GRCh38
CACGTTGGTGATCCAT-1,1705,86,GRCh38
CACGTTGGTGCAGCGA-1,5440,68,GRCh38
CACGTTGGTTACACCG-1,50942,115,GRCh38
CACGTTGGTTAGACAG-1,1294,88,GRCh38
CACTAACGTTAGCAGA-1,24365,154,Multiplet
CACTACAAGGGTCTGT-1,18135,186,Multiplet
CACTACAAGGTGGCTT-1,165,34,GRCh38
CACTACAAGTAATTGC-1,247,36,GRCh38
CACTACAAGTAGAGCG-1,21173,103,GRCh38
CACTACCCAAAGGGTA-1,1008,14,GRCh38
CACTACCCAATCGCAG-1,338,38,GRCh38
CACTACCCACCATACC-1,35012,177,Multiplet
CACTACCCATAATCTC-1,24262,99,GRCh38
CACTACTTCCTGCGTC-1,653,73,GRCh38
CACTACTTCGAATGGG-1,104,42,GRCh38
CACTATGAGTACGGAG-1,3486,87,GRCh38
CACTATGAGTCAGGGA-1,3649,43,GRCh38
CACTATGAGTGCCCAG-1,228,35,GRCh38
CACTCAAAGCGGGTAA-1,4447,70,GRCh38
CACTCAAAGTAGGCGA-1,997,20,GRCh38
CACTCAAAGTCGAGTC-1,859,30,GRCh38
CACTCACCACTTGAGG-1,64014,184,Multiplet
CACTCACCATGCTCGT-1,238,43,GRCh38
CACTCCATCATCGTGA-1,5603,97,GRCh38
CACTCCATCATGCTTC-1,133,36,GRCh38
CACTCCATCCCGCATC-1,5713,146,Multiplet
CACTCCATCCTCAGCC-1,176,34,GRCh38
CACTCCATCGCTGAAC-1,131,34,GRCh38
CACTCCGCAACGGCAC-1,179,35,GRCh38
CACTCCGCAAGGGCTC-1,267,38,GRCh38
CACTCCGCAATTAGGC-1,15361,126,GRCh38
CACTCCGCAGCACCAA-1,299,41,GRCh38
CACTCCGCAGCAGGAG-1,220,36,GRCh38
CACTCCGCAGGGACAG-1,331,44,GRCh38
CACTCCGCATTCGGTC-1,858,34,GRCh38
CACTCGCTCATCTGTC-1,142,34,GRCh38
CACTCGCTCCAGCATA-1,257,40,GRCh38
CACTCGCTCCATCTCG-1,170,41,GRCh38
CACTCGCTCTATCTCA-1,306,42,GRCh38
CACTGCCTCAATCGCA-1,262,59,GRCh38
CACTGCCTCACACACA-1,304,49,GRCh38
CACTGCCTCACCCTGC-1,217,35,GRCh38
CACTGCCTCACCTGCC-1,168,34,GRCh38
CACTGCCTCAGCTACA-1,277,35,GRCh38
CACTGCCTCCGCCATC-1,167,42,GRCh38
CACTGCCTCCGCTGCT-1,191,38,GRCh38
CACTGCCTCCGTAAGC-1,128,35,GRCh38
CACTGCCTCCTGACTT-1,3253,194,Multiplet
CACTGCCTCGAAGCTC-1,126,35,GRCh38
CACTGCCTCGCGAGTT-1,125,35,GRCh38
CACTGCCTCTCACCGC-1,215,36,GRCh38
CACTGGACAACCTCTA-1,14159,102,GRCh38
CACTGGACAATTGCCC-1,189,46,GRCh38
CACTGGACACAAGCCA-1,282,41,GRCh38
CACTGGACACATAGGT-1,1709,29,GRCh38
CACTGGACATTAATCC-1,34078,156,Multiplet
CACTGGGTCACACTTC-1,17883,112,GRCh38
CACTGGGTCACCTGCC-1,1256,34,GRCh38
CACTGGGTCCCTTGAT-1,2647,11,GRCh38
CACTGTCCAACTATCT-1,5746,78,GRCh38
CACTGTCCACCTCATA-1,5547,48,GRCh38
CACTGTCCAGTACTAA-1,170,33,GRCh38
CACTGTCCATTCGTTG-1,577,25,GRCh38
CACTTCACAAGTCCTC-1,26783,194,Multiplet
CACTTCACAATGGGCC-1,309,43,GRCh38
CACTTCACACTCATAT-1,40246,154,Multiplet
CACTTCACATAACTTC-1,140,33,GRCh38
CAGCAAAGTATAGCCT-1,406,34,GRCh38
CAGCAAAGTCTGGTTG-1,1655,59,GRCh38
CAGCAAAGTTGCACCA-1,45386,270,Multiplet
CAGCAATCAATCAATG-1,1608,174,Multiplet
CAGCAATCATCCCTGG-1,234,35,GRCh38
CAGCAATCATGATCCC-1,132,38,GRCh38
CAGCACTAGCCTATCT-1,115,33,GRCh38
CAGCAGCCAATACGAC-1,13255,95,GRCh38
CAGCAGCCACAAGCCA-1,6670,49,GRCh38
CAGCAGCCATGGATCG-1,15562,119,GRCh38
CAGCATATCATGCGTA-1,2938,28,GRCh38
CAGCATATCCTGACGG-1,919,38,GRCh38
CAGCATATCGAACGTC-1,19065,154,Multiplet
CAGCATTGTAAGCAAT-1,252,39,GRCh38
CAGCATTGTATGTACC-1,311,34,GRCh38
CAGCATTGTTCCAGCA-1,1336,58,GRCh38
CAGCATTGTTCGTATA-1,247,49,GRCh38
CAGCATTGTTGGTGCC-1,185,34,GRCh38
CAGCCAACACAGGGTC-1,8406,76,GRCh38
CAGCCAACACTTGCGT-1,193,35,GRCh38
CAGCCATAGATACTGT-1,157,33,GRCh38
CAGCCATAGCTACTGA-1,4281,102,GRCh38
CAGCCATAGGGGTCAA-1,178,36,GRCh38
CAGCCTAGTCAACTTA-1,2092,77,GRCh38
CAGCCTAGTCATGGCC-1,120,34,GRCh38
CAGCCTAGTGCACGAG-1,27916,149,Multiplet
CAGCGAGGTCAAGTCT-1,214,38,GRCh38
CAGCGAGGTTCCCAAG-1,34759,145,Multiplet
CAGCGATTCCCCAGTC-1,11406,145,Multiplet
CAGCGATTCGATCCTT-1,1992,52,GRCh38
CAGCGATTCTGGCCTC-1,318,38,GRCh38
CAGCGCATCAGGTTCA-1,10089,61,GRCh38
CAGCGCATCCACCTTG-1,300,42,GRCh38
CAGCGCATCGATGCGT-1,198,51,GRCh38
CAGCGCATCTCATGCT-1,21565,181,Multiplet
CAGCGGTCACCATCGT-1,24051,108,GRCh38
CAGCGGTCACCATGTC-1,943,44,GRCh38
CAGCGGTCATGAATGC-1,1591,72,GRCh38
CAGCGGTCATTACCAT-1,6018,168,Multiplet
CAGCTAATCATATCCC-1,4134,83,GRCh38
CAGCTAATCGTGCATA-1,13978,121,GRCh38
CAGCTATGTGAGGCCA-1,15826,201,Multiplet
CAGCTATGTTACACCG-1,28367,273,Multiplet
CAGCTATGTTCCAGCA-1,11804,157,Multiplet
CAGCTATGTTGACCTG-1,125,37,GRCh38
CAGCTATGTTGGCTTG-1,1117,73,GRCh38
CAGCTATGTTGTCCAG-1,31120,158,Multiplet
CAGCTATGTTTGGCAT-1,921,31,GRCh38
CAGCTTGGTAACGTGA-1,12216,126,GRCh38
CAGCTTGGTGGCGCTT-1,123,41,GRCh38
CAGCTTGGTTCGTCAG-1,4770,90,GRCh38
CAGGAACGTGAACGAC-1,13052,182,Multiplet
CAGGAACGTTATCTAG-1,28771,139,GRCh38
CAGGAACGTTTACACA-1,132,51,GRCh38
CAGGACAAGCCTGCCT-1,127,36,GRCh38
CAGGACAAGTGACCAC-1,41989,173,Multiplet
CAGGACCCAACGGCTA-1,28770,215,Multiplet
CAGGACCCAGGTAGCC-1,513,30,GRCh38
CAGGACCCATCCATAT-1,12059,94,GRCh38
CAGGACCCATGGATCG-1,23901,207,Multiplet
CAGGAGGCAAGTCGTG-1,21901,172,Multiplet
CAGGAGGCAGCCTAAG-1,17257,268,Multiplet
CAGGAGGCATTCGTGC-1,7090,67,GRCh38
CAGGATAGTAATTGGG-1,25759,166,Multiplet
CAGGATAGTTGGCCTA-1,26371,152,Multiplet
CAGGATAGTTGTCAGT-1,2838,64,GRCh38
CAGGATAGTTTGCGAT-1,256,42,GRCh38
CAGGATTCATAACGTA-1,373,105,GRCh38
CAGGATTCATGGAATC-1,5595,51,GRCh38
CAGGCACCAATAGTCA-1,575,198,Multiplet
CAGGCACCACAAGGTT-1,43079,278,Multiplet
CAGGCACCACCTGTAC-1,1574,53,GRCh38
CAGGCACCAGCTAGGC-1,28861,160,Multiplet
CAGGCACCATGCTCAC-1,121,38,GRCh38
CAGGCACCATGGTTGG-1,272,135,GRCh38
CAGGCCATCCTCAGTT-1,129,33,GRCh38
CAGGCCATCCTGTGAA-1,323,33,GRCh38
CAGGCCATCGACATGC-1,34853,183,Multiplet
CAGGCCATCGCGCACA-1,1750,66,GRCh38
CAGGCCATCTGGATTG-1,341,35,GRCh38
CAGGCCATCTGGTAGC-1,1873,43,GRCh38
CAGGCGAGTAACGTAG-1,4436,422,Multiplet
CAGGCGAGTGATTCGT-1,1799,71,GRCh38
CAGGCGAGTGCACCGT-1,492,97,GRCh38
CAGGCGAGTGGCTGCT-1,1281,64,GRCh38
CAGGCGAGTTAGCAAG-1,533,9,GRCh38
CAGGCGAGTTCCCTGT-1,33060,176,Multiplet
CAGGCTTAGCCTGGTG-1,16419,124,GRCh38
CAGGCTTAGGTTCCGG-1,253,41,GRCh38
CAGGCTTAGTACGCAC-1,64670,137,GRCh38
CAGGCTTAGTGTCAAT-1,5676,105,GRCh38
CAGGGATGTGAGCAGT-1,46388,114,GRCh38
CAGGGATGTGAGGACT-1,20687,111,GRCh38
CAGGGATGTGATGAAT-1,221,89,GRCh38
CAGGGATGTTAAGTGG-1,19995,142,GRCh38
CAGGGATGTTCGCTCT-1,33558,193,Multiplet
CAGGGATGTTGACGCC-1,147,54,GRCh38
CAGGGCAGTGCAGCCT-1,11701,91,GRCh38
CAGGGCAGTTGACCAT-1,1556,28,GRCh38
CAGGGCAGTTTGCGAT-1,6256,84,GRCh38
CAGGGGACACAGGGTC-1,2073,87,GRCh38
CAGGGGACATTGCCCG-1,299,47,GRCh38
CAGGGGTAGCAGGTAG-1,21527,139,GRCh38
CAGGGGTAGCTTCCTG-1,744,37,GRCh38
CAGGGGTAGTAACCTG-1,4605,65,GRCh38
CAGGGTTTCACCTGAA-1,712,43,GRCh38
CAGGGTTTCAGCCATA-1,309,36,GRCh38
CAGGGTTTCCGGTTCC-1,35270,133,GRCh38
CAGGGTTTCGATCAAT-1,213,39,GRCh38
CAGGGTTTCTAATCGG-1,2465,33,GRCh38
CAGGGTTTCTCATGTC-1,502,43,GRCh38
CAGGTAAGTATAGCCT-1,233,47,GRCh38
CAGGTAAGTTTGACTA-1,303,36,GRCh38
CAGGTCACAACTGCCT-1,10082,142,GRCh38
CAGGTCACAAGCGTTG-1,550,70,GRCh38
CAGGTCACACCTCAAC-1,248,39,GRCh38
CAGGTCACAGTTAGTA-1,44653,235,Multiplet
CAGGTCACAGTTGAGT-1,130,33,GRCh38
CAGGTCACATCCCTAA-1,302,46,GRCh38
CAGGTCACATTCGCTA-1,237,39,GRCh38
CAGGTCCGTAGGTCAA-1,17365,159,Multiplet
CAGGTCCGTTCACTGG-1,113,33,GRCh38
CAGGTCCGTTGCTCCT-1,163,71,GRCh38
CAGGTGAAGTAGCCGT-1,994,70,GRCh38
CAGGTGAAGTGACCTA-1,203,38,GRCh38
CAGGTTATCACAGCGT-1,1927,79,GRCh38
CAGGTTATCTGTCTAC-1,8902,77,GRCh38
CAGTAACCATTCAGTT-1,1561,31,GRCh38
CAGTAAGGTAATCGGA-1,276,52,GRCh38
CAGTAAGGTAGCTCCA-1,3132,43,GRCh38
CAGTAAGGTGAGCAGT-1,50432,144,GRCh38
CAGTAAGGTTGGTGCC-1,128,35,GRCh38
CAGTACGCAACCTTCA-1,334,41,GRCh38
CAGTACGCACTATCAT-1,757,21,GRCh38
CAGTACGCATTCAACT-1,58577,127,GRCh38
CAGTAGCTCAGCCCAG-1,8572,96,GRCh38
CAGTAGCTCCGGAGTT-1,267,36,GRCh38
CAGTAGCTCCTGATTC-1,8361,111,GRCh38
CAGTAGCTCGATAGCC-1,26152,165,Multiplet
CAGTAGGAGAACCTTG-1,25320,197,Multiplet
CAGTAGGAGTAAGTGA-1,58329,113,GRCh38
CAGTAGGAGTTAGCTG-1,5401,83,GRCh38
CAGTAGTCAACGTGAT-1,7442,61,GRCh38
CAGTAGTCAAGCGTTG-1,112,35,GRCh38
CAGTAGTCAATATCAG-1,2755,35,GRCh38
CAGTAGTCACTCAAGG-1,20315,107,GRCh38
CAGTCAATCACAGAGG-1,15071,129,GRCh38
CAGTCAATCGCTCCAC-1,313,41,GRCh38
CAGTCAATCGTTAGGC-1,64094,178,Multiplet
CAGTCCCTCCATGCTT-1,247,34,GRCh38
CAGTCCCTCCCGCGTT-1,136,35,GRCh38
CAGTCCCTCCTCATGT-1,228,45,GRCh38
CAGTCCCTCCTGCGCT-1,10049,75,GRCh38
CAGTCCCTCGCGTTCC-1,168,36,GRCh38
CAGTCCCTCGTAATGT-1,161,34,GRCh38
CAGTCCCTCGTTGCTT-1,153,35,GRCh38
CAGTCCCTCTGGCCGA-1,213,40,GRCh38
CAGTCCTCAATCCCGT-1,28585,147,Multiplet
CAGTCCTCACAGCATG-1,64554,255,Multiplet
CAGTCCTCAGTTGACG-1,18011,140,GRCh38
CAGTCCTCATTACCAT-1,283,42,GRCh38
CAGTCTAAGGCTCCAG-1,18506,108,GRCh38
CAGTCTAAGTCAGGCT-1,6336,82,GRCh38
CAGTGTTGTAAGCAGC-1,268,39,GRCh38
CAGTGTTGTCATGGCC-1,146,33,GRCh38
CAGTGTTGTTAACGAG-1,21332,102,GRCh38
CAGTTAACAAGTCGAT-1,21694,137,GRCh38
CAGTTAACAATACCTT-1,67230,111,GRCh38
CAGTTAACACATTCGC-1,574,24,GRCh38
CAGTTAACAGGTTGCA-1,182,36,GRCh38
CAGTTACGTGAGCGAT-1,11948,129,GRCh38
CAGTTACGTGGCAGTG-1,847,150,Multiplet
CAGTTACGTGGCCTGT-1,3132,42,GRCh38
CAGTTAGTCACCTCGC-1,1007,36,GRCh38
CAGTTAGTCACTCGGG-1,257,37,GRCh38
CAGTTAGTCCACCGCT-1,24666,168,Multiplet
CAGTTAGTCCGTGGCA-1,247,36,GRCh38
CAGTTAGTCGATACAT-1,23492,115,GRCh38
CAGTTAGTCGCGACTG-1,167,37,GRCh38
CAGTTAGTCGCTCCGT-1,12361,75,GRCh38
CAGTTAGTCTATGCGA-1,151,33,GRCh38
CAGTTATAGCGACTAC-1,234,43,GRCh38
CAGTTATAGGGGCTAA-1,31390,145,Multiplet
CAGTTATAGGGGTAGC-1,97,52,GRCh38
CAGTTATAGTCGACAC-1,23760,153,Multiplet
CAGTTCAAGGTCATAT-1,70987,120,GRCh38
CAGTTCAAGGTTGGCT-1,6510,115,GRCh38
CAGTTCAAGTAGCTCA-1,7044,78,GRCh38
CAGTTCAAGTCATTCC-1,274,39,GRCh38
CAGTTCAAGTTAGCCA-1,253,43,GRCh38
CAGTTCCCAGGAACCC-1,138,121,GRCh38
CAGTTCCCAGTTGCTC-1,5282,62,GRCh38
CAGTTCCCATCGCGTT-1,172,39,GRCh38
CAGTTCCCATTACGTT-1,330,82,GRCh38
CAGTTCCCATTAGTTC-1,372,34,GRCh38
CAGTTTAGTAGCTGAA-1,9515,175,Multiplet
CAGTTTAGTATTGACC-1,1120,63,GRCh38
CAGTTTAGTTATGTGC-1,45422,156,Multiplet
CAGTTTAGTTTGACCG-1,109,74,GRCh38
CAGTTTGAGCGAGACA-1,2233,113,GRCh38
CAGTTTGAGCGCATAC-1,8106,140,GRCh38
CATAACTAGCCTTGGG-1,52615,231,Multiplet
CATAACTAGGTTGCGT-1,265,41,GRCh38
CATAACTAGTAGCTTG-1,794,50,GRCh38
CATAACTAGTTGGTCA-1,139,38,GRCh38
CATAAGCCAATATCCT-1,6425,104,GRCh38
CATAAGCCAGTACTAA-1,750,19,GRCh38
CATAAGGGTAACCACT-1,6972,143,GRCh38
CATAAGGGTGGAGCCA-1,2149,104,GRCh38
CATACAACAAATGCGT-1,1446,36,GRCh38
CATACAACAATAGCAC-1,838,25,GRCh38
CATACAACACAGGACC-1,37304,195,Multiplet
CATACAACACTATACT-1,26348,167,Multiplet
CATACAACACTTCACA-1,21515,143,GRCh38
CATACAACATCCATCA-1,7046,57,GRCh38
CATACAACATCGAAGT-1,523,80,GRCh38
CATACAACATCGCTCG-1,158,33,GRCh38
CATACATAGCGCGATT-1,48070,199,Multiplet
CATACATAGCGGTCCA-1,7361,126,GRCh38
CATACATAGCTTCCAT-1,22152,125,GRCh38
CATACCAAGCCACAGT-1,1565,26,GRCh38
CATACCAAGCCGACCA-1,145,33,GRCh38
CATACCAAGCTAAGTT-1,170,47,GRCh38
CATACCAAGGATCTGC-1,125,33,GRCh38
CATACCAAGGGTATGG-1,4014,67,GRCh38
CATACCAAGTGACCTA-1,277,39,GRCh38
CATACCAAGTGCTGAC-1,255,54,GRCh38
CATACCCCAAATGGTC-1,3660,117,GRCh38
CATACCCCACAGCCTT-1,243,49,GRCh38
CATACCCCACTATCCA-1,509,38,GRCh38
CATACCCCAGCTAGAT-1,6626,56,GRCh38
CATACCCCATGGCAGC-1,1106,35,GRCh38
CATACCCCATTCGCAC-1,72162,113,GRCh38
CATACCTTCCAGCAAC-1,29233,187,Multiplet
CATACCTTCCATCTAC-1,342,60,GRCh38
CATACCTTCCATTACC-1,1012,31,GRCh38
CATACCTTCCTTGATC-1,315,79,GRCh38
CATACCTTCGCTCTAT-1,3046,71,GRCh38
CATACCTTCGTTCCAT-1,30794,246,Multiplet
CATACTGAGCCACAGT-1,3908,52,GRCh38
CATACTGAGGAGTACG-1,512,18,GRCh38
CATACTGAGGGTGAAT-1,1059,22,GRCh38
CATACTGAGTAATGAG-1,42540,176,Multiplet
CATACTGAGTATGTGT-1,222,34,GRCh38
CATACTGAGTGCTCAA-1,10001,64,GRCh38
CATACTTCAATCTGAA-1,4417,79,GRCh38
CATACTTCATGGTCCT-1,48097,191,Multiplet
CATAGAGGTAACGAAT-1,193,49,GRCh38
CATAGAGGTAAGCGTA-1,4787,54,GRCh38
CATAGAGGTGGGAATC-1,30641,148,Multiplet
CATAGATTCAATGTAC-1,38574,100,GRCh38
CATAGATTCCTCTCAG-1,166,33,GRCh38
CATAGATTCTCACATC-1,63839,185,Multiplet
CATAGCATCACCTGAA-1,23247,122,GRCh38
CATAGCATCTAGTTGG-1,2752,43,GRCh38
CATAGCATCTATCCTA-1,173,34,GRCh38
CATAGCATCTATGGTG-1,1503,64,GRCh38
CATAGCCAGCCAGATC-1,1903,33,GRCh38
CATAGCCAGCGGTGAA-1,215,37,GRCh38
CATAGCCAGGTGCTTA-1,857,71,GRCh38
CATAGCCAGTAACGCC-1,132,33,GRCh38
CATAGCGCAACTGCCT-1,295,53,GRCh38
CATAGCGCACTCGCCA-1,182,53,GRCh38
CATAGCGCAGGACTGC-1,30045,190,Multiplet
CATAGCGCAGGGATGG-1,9849,78,GRCh38
CATAGCGCATCATCAT-1,22939,111,GRCh38
CATAGCTGTGGGTATA-1,4446,128,GRCh38
CATAGCTGTTTGGGAA-1,222,34,GRCh38
CATAGGCTCACGTAGC-1,4222,74,GRCh38
CATAGGCTCATCGTAG-1,23171,124,GRCh38
CATAGGCTCATGGTTG-1,205,37,GRCh38
CATAGGCTCCGGAGTT-1,13386,77,GRCh38
CATAGGCTCGAGCACT-1,202,33,GRCh38
CATAGGCTCGTACGGT-1,15751,76,GRCh38
CATAGGGAGCAAGCCT-1,285,83,GRCh38
CATAGGTCATAGGTAC-1,252,42,GRCh38
CATAGGTCATAGGTGT-1,263,42,GRCh38
CATAGGTCATTAACTC-1,212,34,GRCh38
CATAGGTCATTCGCGT-1,294,34,GRCh38
CATAGTTAGCCGACAT-1,32073,329,Multiplet
CATAGTTAGGCACAGA-1,2147,28,GRCh38
CATAGTTAGGTCAAGG-1,43789,163,Multiplet
CATATAGCATTCCTGA-1,12302,65,GRCh38
CATATCCTCAGGAAGT-1,230,37,GRCh38
CATATCCTCATACTCC-1,125,34,GRCh38
CATATCCTCCCGCGAA-1,118,36,GRCh38
CATATCCTCCCTGATT-1,240,73,GRCh38
CATATCCTCTATGTCC-1,5528,67,GRCh38
CATATCTCAACCGCTT-1,306,37,GRCh38
CATATCTCACCTTGAC-1,369,43,GRCh38
CATATCTCATCATCTG-1,4422,32,GRCh38
CATATGGTCACTCACT-1,965,317,Multiplet
CATATGGTCTAGCCTT-1,31072,158,Multiplet
CATATGGTCTAGTGTG-1,104,35,GRCh38
CATATTCCATTAGGGT-1,836,45,GRCh38
CATATTGGTCTTGCCT-1,1369,38,GRCh38
CATATTGGTTAACTGC-1,284,55,GRCh38
CATCAATAGAATCCGC-1,45216,205,Multiplet
CATCAATAGTCAAGGG-1,457,43,GRCh38
CATCACAAGATTCAGT-1,2254,35,GRCh38
CATCACAAGGCTTACA-1,287,63,GRCh38
CATCACAAGGTTCCGG-1,327,38,GRCh38
CATCACAAGTCAAGCC-1,1009,26,GRCh38
CATCACCCACCTGGAA-1,139,36,GRCh38
CATCACCCAGGAATGA-1,19053,134,GRCh38
CATCACTTCCGTATGA-1,50396,225,Multiplet
CATCACTTCTGTGCAA-1,16971,169,Multiplet
CATCAGGCAAAGGAGC-1,121,71,GRCh38
CATCAGGCAACTGTGG-1,14427,200,Multiplet
CATCAGGCAAGTAGGA-1,1953,40,GRCh38
CATCAGGCACCATGTC-1,15453,112,GRCh38
CATCAGGCAGTTGGAT-1,108,66,GRCh38
CATCAGGCATGAGTGT-1,4375,73,GRCh38
CATCATTCAATTACTC-1,287,34,GRCh38
CATCATTCACAGGCAC-1,288,33,GRCh38
CATCATTCAGCCAGTA-1,9466,84,GRCh38
CATCCAAAGAAGGTCG-1,3868,50,GRCh38
CATCCAAAGCCACGCA-1,7372,56,GRCh38
CATCCAAAGCCGATTA-1,4646,43,GRCh38
CATCCAAAGGCAACGA-1,6976,73,GRCh38
CATCCACCACCATACC-1,289,52,GRCh38
CATCCACCACTAAGCG-1,63523,233,Multiplet
CATCCAGGTAGTTGGA-1,20085,105,GRCh38
CATCCAGGTATGGACA-1,26933,145,Multiplet
CATCCAGGTCAGGCAG-1,241,160,Multiplet
CATCCAGGTTGTAGGA-1,242,45,GRCh38
CATCCCATCCTGCTGC-1,2205,59,GRCh38
CATCCCATCCTGTGCC-1,3881,59,GRCh38
CATCCCATCGTGACTA-1,21875,130,GRCh38
CATCCCGCAACCAGTG-1,34829,255,Multiplet
CATCCCTGTGAGCAAC-1,2855,91,GRCh38
CATCCCTGTTTGACCG-1,7781,22,GRCh38
CATCCGCTCCCCTGGT-1,137,37,GRCh38
CATCCGCTCCGGTTAA-1,9714,180,Multiplet
CATCCGCTCCTCAATC-1,5675,59,GRCh38
CATCCGCTCCTCATAC-1,1080,30,GRCh38
CATCCGCTCGCTTCGC-1,2798,38,GRCh38
CATCCGGAGGGTCTCG-1,15304,103,GRCh38
CATCGCCTCAGCTAAT-1,25024,169,Multiplet
CATCGCCTCAGGTGAG-1,12856,89,GRCh38
CATCGCCTCCGTGCGA-1,977,64,GRCh38
CATCGCCTCTCATGTC-1,17660,115,GRCh38
CATCGTCCAAGGTGCC-1,216,36,GRCh38
CATCGTCCAATGGAGA-1,5533,61,GRCh38
CATCGTTTCAGCAATT-1,61395,105,GRCh38
CATCGTTTCCTGTATC-1,1477,107,GRCh38
CATCGTTTCGCATCCC-1,409,53,GRCh38
CATCGTTTCGTAGTAT-1,187,34,GRCh38
CATCTAAGTCTCACAG-1,216,34,GRCh38
CATCTAAGTTTAGGTC-1,371,44,GRCh38
CATCTCACAAGGGACG-1,16818,187,Multiplet
CATCTCACACTTGACC-1,124,33,GRCh38
CATCTCACAGGTTACG-1,10842,101,GRCh38
CATCTGTTCAATCAGT-1,348,51,GRCh38
CATCTGTTCACACACA-1,177,36,GRCh38
CATCTGTTCACCATCT-1,127,33,GRCh38
CATCTGTTCAGCAAGG-1,16453,144,GRCh38
CATCTGTTCCATCCAT-1,224,40,GRCh38
CATCTGTTCCATTCCG-1,285,51,GRCh38
CATCTGTTCGCTCCAC-1,390,83,GRCh38
CATCTTGCAAGTGCGC-1,304,34,GRCh38
CATCTTGCAGCTAGAT-1,9422,68,GRCh38
CATCTTGCATGGATCG-1,1019,9,GRCh38
CATGAACCAAGCTCCT-1,356,121,GRCh38
CATGAACCAATTCAGA-1,13474,236,Multiplet
CATGAACCAATTGCCC-1,249,36,GRCh38
CATGAACCATGGCTAG-1,17771,114,GRCh38
CATGAAGGTAACTCGT-1,205,33,GRCh38
CATGAAGGTTGACTCG-1,143,34,GRCh38
CATGATTAGCATCACA-1,20006,110,GRCh38
CATGATTAGCCCTACC-1,279,56,GRCh38
CATGATTAGGTGATGG-1,416,42,GRCh38
CATGCAATCATGCTCT-1,119,33,GRCh38
CATGCAATCCAGATCA-1,2192,25,GRCh38
CATGCAATCGATGAGG-1,21487,113,GRCh38
CATGCAATCGCTCTGC-1,159,33,GRCh38
CATGCAATCTAACTCC-1,9668,112,GRCh38
CATGCCAGTAGGTCCC-1,160,35,GRCh38
CATGCCAGTCAGCCGT-1,166,36,GRCh38
CATGCCAGTCATTCCC-1,168,38,GRCh38
CATGCCAGTCATTGGT-1,183,41,GRCh38
CATGCCAGTCTAGAGA-1,20659,123,GRCh38
CATGCCAGTGCGTAGG-1,242,35,GRCh38
CATGCCAGTGGACCCT-1,28086,147,Multiplet
CATGCCAGTTATCTGA-1,31442,276,Multiplet
CATGCCAGTTCGCTCT-1,118,36,GRCh38
CATGCCTCAAATCGCG-1,33414,177,Multiplet
CATGCCTCAAATGCTA-1,190,72,GRCh38
CATGCCTCAAGTGGCC-1,24966,151,Multiplet
CATGCCTCAATAGCGT-1,838,91,GRCh38
CATGCCTCAGGAAGCG-1,1560,55,GRCh38
CATGCGCGTAACTCGT-1,171,38,GRCh38
CATGCTGGTGATGCTT-1,17551,128,GRCh38
CATGCTGGTTCACTCC-1,368,33,GRCh38
CATGGGTTCCCTCTCT-1,256,45,GRCh38
CATGGGTTCCGCTGGA-1,28170,217,Multiplet
CATGGGTTCCGGTGAT-1,764,37,GRCh38
CATGGGTTCCTGGTAA-1,15904,78,GRCh38
CATGGTCAGCAACCGT-1,206,47,GRCh38
CATGGTCAGCAATCCA-1,5630,68,GRCh38
CATGGTCAGGAATGTA-1,128,43,GRCh38
CATGGTTGTCATCAAC-1,206,36,GRCh38
CATGGTTGTCATTGCG-1,126,34,GRCh38
CATGGTTGTTAGTAGG-1,4194,53,GRCh38
CATGGTTGTTCCTGCT-1,151,34,GRCh38
CATGTCAAGCCACTCC-1,126,36,GRCh38
CATGTCAAGCCTGACG-1,753,11,GRCh38
CATGTCAAGCTTCCGC-1,1701,24,GRCh38
CATGTCAAGGCGTACT-1,68739,136,GRCh38
CATGTCAAGTTAGATC-1,122,145,mm10
CATGTTAGTTAGACTC-1,24983,145,Multiplet
CATGTTGAGAACCATT-1,12413,95,GRCh38
CATGTTGAGAATCCAT-1,33111,150,Multiplet
CATGTTGAGCCAACCG-1,388,37,GRCh38
CATGTTGAGGGTATGG-1,5898,136,GRCh38
CATTAACAGGCTTCGG-1,214,40,GRCh38
CATTACCTCAGTTAGT-1,20084,114,GRCh38
CATTACTCAAGCTAGT-1,240,39,GRCh38
CATTACTCAATACTCT-1,3678,32,GRCh38
CATTACTCAATAGGTC-1,643,21,GRCh38
CATTACTCAGGGCTTA-1,233,43,GRCh38
CATTACTCATCGCTGT-1,436,34,GRCh38
CATTAGGTCACGGATC-1,39746,193,Multiplet
CATTAGGTCGAAGCCT-1,21139,127,GRCh38
CATTAGGTCGATGATT-1,19554,129,GRCh38
CATTAGTAGTAAGGAC-1,22787,121,GRCh38
CATTAGTAGTCATTCC-1,21545,263,Multiplet
CATTAGTAGTGATCCA-1,40302,197,Multiplet
CATTAGTAGTGTCCGG-1,19630,168,Multiplet
CATTCAAGTTAGGCCC-1,784,38,GRCh38
CATTCAAGTTGGATGA-1,3768,33,GRCh38
CATTCAAGTTGTCACG-1,123,39,GRCh38
CATTCAAGTTTCCTTG-1,822,41,GRCh38
CATTCATCAGCACGAC-1,14991,88,GRCh38
CATTCATCAGGCTTAG-1,4165,34,GRCh38
CATTCATCATCGACAG-1,263,39,GRCh38
CATTCATCATCGGTAG-1,1171,39,GRCh38
CATTCGAAGATAGGAC-1,3936,39,GRCh38
CATTCGAAGCAACCGT-1,3684,45,GRCh38
CATTCGAAGCCCGTGA-1,131,288,mm10
CATTCGAAGCCTTCGC-1,521,72,GRCh38
CATTCGAAGCGACTAC-1,718,24,GRCh38
CATTCGAAGGCAATGG-1,2375,65,GRCh38
CATTCGAAGTAGCGAG-1,1308,38,GRCh38
CATTCGCCAATTACCT-1,5775,197,Multiplet
CATTCGTTCCGTTGGG-1,34725,195,Multiplet
CATTCTATCAAGTTCG-1,644,33,GRCh38
CATTCTATCACATTCC-1,374,51,GRCh38
CATTCTATCTAGTCCT-1,20971,125,GRCh38
CATTCTATCTGTCAAG-1,270,35,GRCh38
CATTGCTTCAAGTATC-1,147,33,GRCh38
CATTGCTTCACTTCCG-1,22386,134,GRCh38
CATTGCTTCATGCAGC-1,138,36,GRCh38
CATTGCTTCGTCTCTG-1,181,35,GRCh38
CATTGCTTCTCACCGC-1,25164,137,GRCh38
CATTGGATCCAATGCA-1,205,40,GRCh38
CATTGGGCAAAGGTTC-1,2559,69,GRCh38
CATTGGGCAATAGTCA-1,246,38,GRCh38
CATTGGGCACAATGAC-1,279,37,GRCh38
CATTGGGCATAATCTC-1,307,36,GRCh38
CATTGTGAGTAGTAGA-1,1122,64,GRCh38
CATTTCATCGAAGGGC-1,207,44,GRCh38
CATTTCATCGACATGC-1,2715,38,GRCh38
CATTTCATCTCACCGC-1,2022,28,GRCh38
CATTTCGCAACATGGT-1,1582,25,GRCh38
CATTTCGCAAGTAGTC-1,4331,102,GRCh38
CATTTCGCAATGTGCG-1,19608,117,GRCh38
CATTTCGCACCAATCC-1,3535,72,GRCh38
CATTTCGCACCTACCG-1,20391,125,GRCh38
CATTTCGCATCCAACC-1,297,44,GRCh38
CATTTGAGTAAGCATG-1,405,42,GRCh38
CATTTGAGTAGCTCAT-1,19844,130,GRCh38
CATTTGAGTTTGAGAG-1,7254,64,GRCh38
CATTTGCTCACCATGA-1,6901,91,GRCh38
CATTTGCTCAGCGGAA-1,51081,220,Multiplet
CATTTGCTCCAGCTCC-1,117,33,GRCh38
CATTTGCTCCTTCCTC-1,322,50,GRCh38
CATTTGCTCTCATCGT-1,126,36,GRCh38
CATTTGGAGAATCGTT-1,19458,105,GRCh38
CATTTGGAGGATTACT-1,142,49,GRCh38
CATTTGGAGGCACTGT-1,3172,33,GRCh38
CATTTGGAGTCATGCA-1,2751,80,GRCh38
CATTTGGAGTTAGCAT-1,8185,72,GRCh38
CCAAAGCTCCAATGCA-1,45540,191,Multiplet
CCAAAGCTCGATACGC-1,262,42,GRCh38
CCAAAGCTCGCGTGAT-1,236,42,GRCh38
CCAAAGCTCTATCTCA-1,8202,118,GRCh38
CCAAAGTCACTTGGGA-1,1040,32,GRCh38
CCAAAGTCATGCGTTC-1,15122,254,Multiplet
CCAAATGTCCGCGCTT-1,1919,23,GRCh38
CCAAATTAGAAGCATA-1,6116,69,GRCh38
CCAAATTAGGTAGATA-1,15474,111,GRCh38
CCAAATTAGTGTCCTT-1,6057,179,Multiplet
CCAACCCTCCAGGTAC-1,38557,251,Multiplet
CCAACCCTCCATCCTG-1,17294,231,Multiplet
CCAACCCTCCCGCTGT-1,173,50,GRCh38
CCAACCCTCGATGGGA-1,4245,77,GRCh38
CCAACCTCAACTTACT-1,306,43,GRCh38
CCAACCTCAAGTGGAA-1,32906,179,Multiplet
CCAACCTCACTATCGC-1,273,44,GRCh38
CCAACCTCAGCTATGG-1,6642,145,Multiplet
CCAACCTCAGGACTTG-1,139,44,GRCh38
CCAACCTCAGGCTACA-1,5771,142,GRCh38
CCAACCTCATGACGTG-1,3546,44,GRCh38
CCAACTAAGCCTGGAT-1,2502,14,GRCh38
CCAACTGGTCAGCCTA-1,45628,122,GRCh38
CCAACTGGTCTAATTG-1,15448,166,Multiplet
CCAACTGGTGGGTTGG-1,3546,64,GRCh38
CCAACTGGTTCCTCAC-1,28650,102,GRCh38
CCAAGGGGTAGCTTCG-1,27042,230,Multiplet
CCAAGGGGTATGGACA-1,2520,48,GRCh38
CCAAGGGGTATTGCAC-1,154,39,GRCh38
CCAAGGGGTTAGTGTC-1,11337,34,GRCh38
CCAAGGTTCACAGGTC-1,20525,119,GRCh38
CCAAGGTTCAGCACTA-1,1549,81,GRCh38
CCAAGGTTCATGCTAG-1,6139,88,GRCh38
CCAAGGTTCCACCGTC-1,13323,126,GRCh38
CCAAGGTTCCCTGTAT-1,124,45,GRCh38
CCAAGGTTCCTTCGGC-1,219,42,GRCh38
CCAAGGTTCGATCGTA-1,134,54,GRCh38
CCAAGGTTCGATGCTA-1,20036,140,GRCh38
CCAATAGTCACAGGGA-1,24724,84,GRCh38
CCAATAGTCCCTCAAT-1,2566,33,GRCh38
CCAATAGTCCGTATAG-1,2047,44,GRCh38
CCAATATAGCGCTATA-1,347,53,GRCh38
CCAATATAGGCTCCAG-1,2669,81,GRCh38
CCAATATAGTGAACTT-1,2384,22,GRCh38
CCAATCAAGGAGTCAG-1,1567,30,GRCh38
CCAATCAAGGTGACTC-1,30370,172,Multiplet
CCAATCCCAAGCTACG-1,4321,107,GRCh38
CCAATCCCACTTGCAC-1,40582,80,GRCh38
CCAATCCCATCATAGA-1,2680,54,GRCh38
CCAATCCCATTAGGAC-1,503,14,GRCh38
CCAATTAGTGAGCATA-1,23532,127,GRCh38
CCAATTAGTTTACTGA-1,137,55,GRCh38
CCAATTGAGGTCAATT-1,4044,36,GRCh38
CCAATTGAGTAATGGA-1,12492,97,GRCh38
CCAATTTCACATGCAG-1,707,100,GRCh38
CCAATTTCACTACCGT-1,219,34,GRCh38
CCAATTTCAGCTCAGA-1,42429,189,Multiplet
CCAATTTCATAGACCG-1,141,34,GRCh38
CCAATTTCATCGATCC-1,9114,115,GRCh38
CCACAACAGAAGGAAG-1,23080,166,Multiplet
CCACAACAGCCAGGTT-1,23472,146,Multiplet
CCACAACAGCGCTTAA-1,55047,150,Multiplet
CCACAACAGTCGCGTG-1,10296,142,GRCh38
CCACACAGTAGCCCTA-1,1248,65,GRCh38
CCACACAGTAGGTGTA-1,4865,92,GRCh38
CCACACAGTCTAATTG-1,217,43,GRCh38
CCACACAGTCTCACCT-1,2379,52,GRCh38
CCACACAGTTAGCAAG-1,205,169,Multiplet
CCACACAGTTCAAGCT-1,42919,209,Multiplet
CCACAGACAACGGCAC-1,133,43,GRCh38
CCACAGACAACGTTCC-1,35982,193,Multiplet
CCACAGACAATCGAGT-1,10917,85,GRCh38
CCACAGACAATCGCTC-1,27286,186,Multiplet
CCACAGACAGCCTACT-1,430,109,GRCh38
CCACATAAGAACCATT-1,2693,53,GRCh38
CCACATAAGGTGACTC-1,244,75,GRCh38
CCACATCCATAACGGT-1,703,21,GRCh38
CCACATGGTAATGAAC-1,2684,52,GRCh38
CCACATGGTAGCTAAG-1,46651,136,GRCh38
CCACATGGTCAATGTC-1,36599,111,GRCh38
CCACATGGTGAGCCCT-1,192,51,GRCh38
CCACATGGTGAGTGAC-1,19022,110,GRCh38
CCACATGGTGGCTCTA-1,23342,148,Multiplet
CCACATGGTTTAGGAG-1,500,30,GRCh38
CCACATGGTTTCCAGG-1,272,38,GRCh38
CCACATGGTTTCCGCT-1,232,36,GRCh38
CCACATGGTTTGGCAT-1,304,40,GRCh38
CCACCAAGTAGTGCTT-1,145,35,GRCh38
CCACCAAGTCATCCGA-1,46322,178,Multiplet
CCACCAAGTCTAAGCT-1,3856,74,GRCh38
CCACCAAGTGATGGGT-1,266,52,GRCh38
CCACCAAGTGGCTGTC-1,90,34,GRCh38
CCACCAAGTTGTGATC-1,256,41,GRCh38
CCACCAAGTTTCCGCT-1,255,55,GRCh38
CCACCATCAACCTCTA-1,38333,82,GRCh38
CCACCATCATAACTTC-1,24043,123,GRCh38
CCACCGTTCAGCCCGA-1,15358,248,Multiplet
CCACCGTTCGAACGGA-1,214,46,GRCh38
CCACCGTTCGAACGTC-1,185,57,GRCh38
CCACCTATCACACCAA-1,227,47,GRCh38
CCACCTATCCATGCAA-1,44422,178,Multiplet
CCACCTATCCCCAAGG-1,251,47,GRCh38
CCACCTATCCGCGCTT-1,206,33,GRCh38
CCACCTATCCTCACTG-1,198,40,GRCh38
CCACCTATCGAATGGG-1,228,45,GRCh38
CCACCTATCGATGACC-1,155,33,GRCh38
CCACCTATCGCGCTTC-1,145,36,GRCh38
CCACCTATCGTAGTTG-1,122,163,mm10
CCACCTATCTAGCTTC-1,616,35,GRCh38
CCACCTCAGATAGCGG-1,288,55,GRCh38
CCACCTCAGCTATGCA-1,142,34,GRCh38
CCACCTGCACCTGTCG-1,133,47,GRCh38
CCACCTGCAGGGACCT-1,148,35,GRCh38
CCACCTGCATCGACCT-1,119,40,GRCh38
CCACCTGCATGCTGTC-1,170,36,GRCh38
CCACCTTGTCAGTCCA-1,34626,174,Multiplet
CCACCTTGTTAACCAC-1,229,33,GRCh38
CCACCTTGTTATCCAA-1,419,60,GRCh38
CCACCTTGTTCCGTCT-1,80,34,GRCh38
CCACCTTGTTCGCGGT-1,150,36,GRCh38
CCACCTTGTTGGGATA-1,631,20,GRCh38
CCACCTTGTTGTAACC-1,36985,277,Multiplet
CCACCTTGTTTGCGTG-1,262,59,GRCh38
CCACGAACAAATGGTC-1,38884,273,Multiplet
CCACGAACAATATCTC-1,2376,35,GRCh38
CCACGAACACCATGCT-1,136,34,GRCh38
CCACGAACACTATGCC-1,176,37,GRCh38
CCACGAACACTTGACC-1,16305,137,GRCh38
CCACGAACAGGTAGTT-1,9768,72,GRCh38
CCACGATAGCAAGCGA-1,629,11,GRCh38
CCACGATAGCCACTCC-1,6580,119,GRCh38
CCACGATAGCTACCAA-1,3088,91,GRCh38
CCACGATAGGATTCGC-1,887,21,GRCh38
CCACGATAGGTGCGTT-1,195,43,GRCh38
CCACGCAAGCCATGAC-1,6552,84,GRCh38
CCACGCAAGCCTGAGT-1,2921,51,GRCh38
CCACGCAAGCTAGATT-1,5452,370,Multiplet
CCACGCAAGGAGGCAC-1,80453,175,Multiplet
CCACGCAAGGATAGTA-1,1995,75,GRCh38
CCACGCAAGGCACTCG-1,1451,42,GRCh38
CCACGCAAGTCAAGGG-1,272,34,GRCh38
CCACGCAAGTTACCCT-1,145,33,GRCh38
CCACGGATCATGGACC-1,28077,187,Multiplet
CCACGGATCGAACGTC-1,1015,42,GRCh38
CCACGGATCGACTTGA-1,222,34,GRCh38
CCACGGATCGCATCCC-1,334,37,GRCh38
CCACGGATCTGTGGAC-1,3240,215,Multiplet
CCACGTAGTATGTCCG-1,95,59,GRCh38
CCACGTAGTTCGCAGC-1,244,38,GRCh38
CCACGTAGTTGACTGT-1,698,18,GRCh38
CCACGTTCAACCTTGC-1,145,33,GRCh38
CCACGTTCAATCATAG-1,237,77,GRCh38
CCACGTTCACAGCGGT-1,1167,22,GRCh38
CCACGTTCACTAATCT-1,21402,139,GRCh38
CCACGTTCATCCCGAT-1,2996,70,GRCh38
CCACTAAAGCCAGATC-1,43860,180,Multiplet
CCACTAAAGGATCTGC-1,149,39,GRCh38
CCACTAAAGTTACCGA-1,21755,139,GRCh38
CCACTAGGTAGCTTAC-1,263,37,GRCh38
CCACTAGGTGAGAGTC-1,20318,112,GRCh38
CCACTAGGTGCACCGT-1,141,36,GRCh38
CCACTAGGTTAGGCTT-1,4507,96,GRCh38
CCACTAGGTTATGCAC-1,23553,89,GRCh38
CCACTATTCACTCGAA-1,4015,114,GRCh38
CCACTATTCAGCCTAA-1,1112,19,GRCh38
CCACTATTCCAGCACG-1,121,34,GRCh38
CCACTATTCCGCACGA-1,133,161,mm10
CCACTATTCCGCGGTA-1,643,166,Multiplet
CCACTATTCCGTGTGG-1,3249,40,GRCh38
CCACTATTCCTCACGC-1,147,36,GRCh38
CCACTATTCGTGATTG-1,33127,157,Multiplet
CCACTATTCTGGGACT-1,123,35,GRCh38
CCACTATTCTGGTAGC-1,155,35,GRCh38
CCACTCGCATGACACG-1,225,43,GRCh38
CCACTCGCATTAGGAC-1,253,45,GRCh38
CCACTTACAATACCAA-1,213,34,GRCh38
CCACTTACAGTACCCT-1,11223,100,GRCh38
CCACTTACAGTACCGA-1,247,38,GRCh38
CCACTTACATTGCCCG-1,210,40,GRCh38
CCAGAATCATAGATCA-1,17082,117,GRCh38
CCAGAATCATCCATGC-1,616,37,GRCh38
CCAGAATCATCCTGAC-1,130,33,GRCh38
CCAGAATCATTCAACT-1,5398,101,GRCh38
CCAGACCGTATGGTGA-1,1896,67,GRCh38
CCAGACCGTCAATTCA-1,34369,213,Multiplet
CCAGACCGTGCACGAG-1,188,56,GRCh38
CCAGACCGTTTACAGC-1,23670,112,GRCh38
CCAGACCGTTTCGGCA-1,4720,101,GRCh38
CCAGACTAGATTCGGC-1,62677,212,Multiplet
CCAGACTAGCTATCAG-1,428,50,GRCh38
CCAGAGAAGCAACCGT-1,29281,134,GRCh38
CCAGAGAAGGATGCTC-1,11046,199,Multiplet
CCAGAGGGTATAGTGG-1,2268,40,GRCh38
CCAGATGCAACTGTGG-1,128,37,GRCh38
CCAGATGCAAGGTGCC-1,386,54,GRCh38
CCAGATGCACAGGGCT-1,16766,92,GRCh38
CCAGATGCACCTTACA-1,49497,238,Multiplet
CCAGATGCAGCTCAGA-1,18152,136,GRCh38
CCAGATTGTAGCAGGT-1,631,93,GRCh38
CCAGATTGTCAGTCCA-1,2721,136,GRCh38
CCAGATTGTCATGGAA-1,234,33,GRCh38
CCAGATTGTGGACTAA-1,2134,145,Multiplet
CCAGATTGTTCAAGGA-1,177,44,GRCh38
CCAGATTGTTGACCGC-1,1873,83,GRCh38
CCAGATTGTTGGAAGC-1,22806,158,Multiplet
CCAGCAACAACCAGGC-1,3199,57,GRCh38
CCAGCAACAACTTACT-1,759,35,GRCh38
CCAGCAACAACTTCCA-1,67855,216,Multiplet
CCAGCAACAATCGACG-1,1252,58,GRCh38
CCAGCAACACCTCGAT-1,53371,74,GRCh38
CCAGCAACAGGAAGGT-1,74145,175,Multiplet
CCAGCAACAGGTTGCA-1,867,33,GRCh38
CCAGCAACATCCATTG-1,167,53,GRCh38
CCAGCCAAGGGTGACA-1,176,78,GRCh38
CCAGCCTTCAATTCCC-1,2523,10,GRCh38
CCAGCCTTCACTTGCT-1,539,35,GRCh38
CCAGCCTTCATGCCAA-1,374,34,GRCh38
CCAGCCTTCCGGAGTT-1,3267,53,GRCh38
CCAGCCTTCCTCATAC-1,139,34,GRCh38
CCAGCCTTCGACCGCA-1,196,33,GRCh38
CCAGCCTTCGTTCGCC-1,85404,270,Multiplet
CCAGCTAGTAACCACT-1,157,33,GRCh38
CCAGCTAGTGACTCGC-1,291,44,GRCh38
CCAGCTAGTGCAAGGT-1,645,101,GRCh38
CCAGCTAGTTAGTTCA-1,477,34,GRCh38
CCAGCTAGTTGGTGCC-1,400,37,GRCh38
CCAGGCATCAATTAGC-1,971,107,GRCh38
CCAGGCATCACTTGCT-1,158,34,GRCh38
CCAGGCATCATATCGG-1,71767,196,Multiplet
CCAGGCATCCCATATC-1,24383,148,Multiplet
CCAGGCATCCTGAGTA-1,459,41,GRCh38
CCAGGCATCCTTCGAT-1,227,45,GRCh38
CCAGGTTAGTGCTGTA-1,927,22,GRCh38
CCAGTAATCACCTCAT-1,946,14,GRCh38
CCAGTAATCACTTCCG-1,304,36,GRCh38
CCAGTAATCCAGCAGT-1,258,36,GRCh38
CCAGTAATCCCGCAAG-1,1675,42,GRCh38
CCAGTAATCGCTCATT-1,4956,64,GRCh38
CCAGTATGTAATGGCA-1,319,39,GRCh38
CCAGTATGTCATGAAG-1,6674,134,GRCh38
CCAGTATGTTGGGTCC-1,70182,148,Multiplet
CCAGTATGTTTCGTAA-1,6399,58,GRCh38
CCAGTATGTTTGGCGC-1,4733,72,GRCh38
CCAGTCCTCATCACGA-1,1148,39,GRCh38
CCAGTCCTCCCCAGCT-1,35041,172,Multiplet
CCAGTCCTCCCTGTCA-1,59786,115,GRCh38
CCAGTCCTCCGCTGTC-1,182,33,GRCh38
CCAGTCCTCCGTTAAG-1,35104,212,Multiplet
CCAGTCCTCCTGCTGC-1,169,34,GRCh38
CCAGTTAAGCGGTAAG-1,7053,71,GRCh38
CCAGTTAAGCTAATCG-1,817,21,GRCh38
CCAGTTGGTAACTCTA-1,619,23,GRCh38
CCAGTTGGTATGGCCC-1,154,53,GRCh38
CCAGTTGGTGAACTGA-1,201,52,GRCh38
CCAGTTGGTGCACGTC-1,28211,126,GRCh38
CCAGTTGGTGCATCCA-1,11975,138,GRCh38
CCAGTTGGTTCCAGTG-1,241,34,GRCh38
CCATAACGTAACCGAA-1,47475,158,Multiplet
CCATAACGTAGCGATA-1,130,39,GRCh38
CCATAACGTAGGTCCC-1,133,34,GRCh38
CCATAACGTAGTGCCC-1,260,35,GRCh38
CCATAACGTGGCGCAA-1,53283,163,Multiplet
CCATAACGTTGGTGCC-1,127,39,GRCh38
CCATAAGTCCACCTTG-1,1440,73,GRCh38
CCATAAGTCGCGACTG-1,1885,95,GRCh38
CCATAAGTCTGGCATA-1,107,33,GRCh38
CCATAATAGCATGACC-1,642,32,GRCh38
CCATACTTCCCCATAT-1,1273,327,Multiplet
CCATACTTCCTTCCAG-1,318,54,GRCh38
CCATACTTCGCTAGAC-1,27011,125,GRCh38
CCATATAGTAACGGGT-1,1160,13,GRCh38
CCATATAGTGAAGGTC-1,18835,106,GRCh38
CCATATAGTGACTCGC-1,2696,57,GRCh38
CCATCACCAACTTCGC-1,4374,87,GRCh38
CCATCACCACATAGTA-1,7049,55,GRCh38
CCATCACCACCATGCT-1,139,33,GRCh38
CCATCACCACTAGGGC-1,126,40,GRCh38
CCATCACCAGGGCTTA-1,10637,104,GRCh38
CCATCAGGTTACACCG-1,2912,43,GRCh38
CCATCAGGTTGGCATT-1,17497,118,GRCh38
CCATCATTCCAGATAT-1,1852,29,GRCh38
CCATCATTCCGGAACT-1,582,39,GRCh38
CCATCATTCCTCACGC-1,373,34,GRCh38
CCATCCGCAAGCTGCA-1,240,49,GRCh38
CCATCCGCAATGTAGC-1,237,33,GRCh38
CCATCCGCACTATGCC-1,244,42,GRCh38
CCATCCGCATCCTTGA-1,470,37,GRCh38
CCATCCGCATCGTAGG-1,1844,40,GRCh38
CCATCCTGTAACGATG-1,19275,147,Multiplet
CCATCCTGTCATGTGT-1,386,70,GRCh38
CCATCCTGTCTTGCAG-1,14177,75,GRCh38
CCATCCTGTTAGTACC-1,136,33,GRCh38
CCATCCTGTTGCGTGC-1,100,34,GRCh38
CCATCGCTCAATCTGG-1,141,42,GRCh38
CCATCGCTCCCGTGCT-1,16522,123,GRCh38
CCATCGCTCCTCACTG-1,145,33,GRCh38
CCATCGCTCTATGAGT-1,4429,127,GRCh38
CCATCTTAGGGTTGCT-1,8844,66,GRCh38
CCATCTTAGGTTGGTC-1,160,40,GRCh38
CCATCTTAGTATGAAG-1,214,47,GRCh38
CCATCTTAGTCAGGCT-1,2291,34,GRCh38
CCATGCCTCAGGTCCG-1,173,39,GRCh38
CCATGCCTCCCATTCG-1,11279,77,GRCh38
CCATGCCTCTGTGAAT-1,330,140,GRCh38
CCATGGGTCCGTGGAT-1,184,33,GRCh38
CCATGGGTCGTTCGGG-1,2792,49,GRCh38
CCATGTCCAACGTTCC-1,46592,173,Multiplet
CCATGTCCACAATCAA-1,211,35,GRCh38
CCATTAAGTAAGTCTC-1,446,41,GRCh38
CCATTAAGTCTTGCCT-1,1287,47,GRCh38
CCATTAAGTGCAGCTC-1,2622,277,Multiplet
CCATTAGAGATTGAGA-1,59083,120,GRCh38
CCATTAGAGGAGGTTG-1,50232,153,Multiplet
CCATTAGAGTCATTCC-1,2390,86,GRCh38
CCATTTCAGGATACTT-1,26919,197,Multiplet
CCATTTCAGTCAGCGT-1,313,86,GRCh38
CCATTTGCAAAGGTGA-1,303,66,GRCh38
CCATTTGCAATCGAAC-1,1693,33,GRCh38
CCATTTGCACTCGCCA-1,2156,698,Multiplet
CCCAAATGTAATGGGC-1,6683,97,GRCh38
CCCAAATGTAGTCATC-1,11785,68,GRCh38
CCCAAATGTATGGCTT-1,129,65,GRCh38
CCCAAATGTTATGAGG-1,260,33,GRCh38
CCCAAATGTTGAGTTC-1,704,45,GRCh38
CCCAACCTCATACTCC-1,150,33,GRCh38
CCCAACCTCCGTCCTA-1,226,43,GRCh38
CCCAAGGTCAATGGCC-1,297,39,GRCh38
CCCAAGGTCATCGTTC-1,3850,92,GRCh38
CCCAAGGTCATGTAAC-1,40930,194,Multiplet
CCCAAGGTCCGCGATG-1,25047,151,Multiplet
CCCAAGGTCCGGTTAA-1,3094,63,GRCh38
CCCAAGGTCCTTCCTC-1,19596,151,Multiplet
CCCAAGGTCGAATGGG-1,2024,94,GRCh38
CCCAATCCAAGCGGAG-1,94,34,GRCh38
CCCAATCCAATAGAGG-1,256,34,GRCh38
CCCAATCCAATCGTGG-1,48292,238,Multiplet
CCCAATCCACAAGGCC-1,19228,144,GRCh38
CCCAATTTCAGCTCAA-1,10604,282,Multiplet
CCCAATTTCGTACCGG-1,6371,122,GRCh38
CCCAATTTCGTTAGTG-1,1632,137,GRCh38
CCCACGTTCACCTCAT-1,17275,170,Multiplet
CCCACGTTCGCTCTCA-1,7045,89,GRCh38
CCCACGTTCTGTCAAG-1,431,71,GRCh38
CCCACGTTCTTGATCC-1,173,53,GRCh38
CCCACTATCACATGGC-1,52883,202,Multiplet
CCCACTATCCGTGCTC-1,147,39,GRCh38
CCCACTATCCTCTCGA-1,840,178,Multiplet
CCCACTATCGCTGACG-1,62949,187,Multiplet
CCCACTATCGTCTATC-1,274,55,GRCh38
CCCACTATCGTGATAT-1,2238,181,Multiplet
CCCACTATCTGGTCGG-1,197,50,GRCh38
CCCACTTGTAGCTGCC-1,166,37,GRCh38
CCCACTTGTATAGCTC-1,4337,81,GRCh38
CCCACTTGTCATGCGC-1,58264,156,Multiplet
CCCACTTGTGAGTATG-1,175,43,GRCh38
CCCACTTGTTCACGAT-1,156,34,GRCh38
CCCACTTGTTGCATTA-1,10370,129,GRCh38
CCCAGCAAGATAGATG-1,38478,192,Multiplet
CCCAGCAAGCATGACC-1,498,33,GRCh38
CCCAGCAAGCTACGCG-1,913,17,GRCh38
CCCAGCAAGGCAACCT-1,3774,85,GRCh38
CCCAGCAAGGGGATTG-1,2536,69,GRCh38
CCCAGCAAGTAGCTTG-1,268,34,GRCh38
CCCAGCAAGTCGACAC-1,600,136,GRCh38
CCCAGGATCAGCGAAG-1,1724,122,GRCh38
CCCAGGATCCGTTAGA-1,3527,77,GRCh38
CCCAGGATCCTGTGAA-1,250,46,GRCh38
CCCAGTGAGAAGCGTG-1,18704,109,GRCh38
CCCAGTGAGCCACTCC-1,97,40,GRCh38
CCCAGTGAGGCTACGT-1,43894,189,Multiplet
CCCATAGGTTGCTCTC-1,312,35,GRCh38
CCCATATTCCACCATT-1,36874,143,GRCh38
CCCATCATCAGTTAGT-1,139,36,GRCh38
CCCATCATCCGGAGTT-1,1154,86,GRCh38
CCCATCGCATAACTCT-1,13242,88,GRCh38
CCCATCTGTAACGAAT-1,29126,198,Multiplet
CCCATCTGTCTTGCCT-1,225,49,GRCh38
CCCATCTGTGCAACGG-1,618,19,GRCh38
CCCATCTGTGCAGTCC-1,11762,104,GRCh38
CCCATCTGTTCGGGTC-1,936,37,GRCh38
CCCATCTGTTTGCCCT-1,2504,78,GRCh38
CCCATGAGTGATCCCA-1,266,35,GRCh38
CCCATGAGTGCAGGTG-1,14445,80,GRCh38
CCCATGAGTTGGTGCC-1,79626,216,Multiplet
CCCATGAGTTGTGACT-1,677,25,GRCh38
CCCATGAGTTTACTGA-1,5613,41,GRCh38
CCCATGCTCACGGCTG-1,1107,26,GRCh38
CCCATGCTCCCGTTGC-1,144,45,GRCh38
CCCATTGTCAGCCACG-1,1012,25,GRCh38
CCCATTGTCCCGTTCA-1,4818,69,GRCh38
CCCATTGTCGATCCGG-1,26263,89,GRCh38
CCCATTGTCGCTCTGC-1,31403,133,GRCh38
CCCATTGTCTGTGATG-1,16935,110,GRCh38
CCCATTTAGGTGGCTT-1,217,39,GRCh38
CCCATTTAGTTAATGC-1,15900,73,GRCh38
CCCGAACGTAGGCTGG-1,756,78,GRCh38
CCCGAACGTGGAGCCA-1,279,35,GRCh38
CCCGAACGTTATGGGA-1,136,34,GRCh38
CCCGAACGTTCCGTCT-1,137,33,GRCh38
CCCGAACGTTGGACCC-1,280,56,GRCh38
CCCGAATAGCCAGATC-1,707,21,GRCh38
CCCGAATAGCCGCATG-1,259,38,GRCh38
CCCGAATAGTTGCGAC-1,259,33,GRCh38
CCCGACAAGCAAGGAT-1,13368,336,Multiplet
CCCGACAAGCCTCTCA-1,9751,126,GRCh38
CCCGACAAGCTTCCTG-1,5862,29,GRCh38
CCCGACAAGTAGCGGA-1,145,36,GRCh38
CCCGACAAGTAGGAGT-1,210,37,GRCh38
CCCGACAAGTCAGCTA-1,166,41,GRCh38
CCCGATAGTCTTACCC-1,8543,143,GRCh38
CCCGATAGTTAAGTCC-1,1397,51,GRCh38
CCCGATAGTTGTCATA-1,156,95,GRCh38
CCCGATGAGCGGATTC-1,67665,121,GRCh38
CCCGATGAGTAAGCAA-1,12091,88,GRCh38
CCCGATTCACCTCAAC-1,22186,160,Multiplet
CCCGATTCACTTGGCT-1,33767,216,Multiplet
CCCGATTCAGCAGGTC-1,22593,125,GRCh38
CCCGATTCAGCTATGG-1,32427,215,Multiplet
CCCGATTCATAGACAC-1,895,19,GRCh38
CCCGATTCATAGAGGA-1,15416,113,GRCh38
CCCGATTCATGAGCAT-1,22843,124,GRCh38
CCCGCATTCACCTAGA-1,255,43,GRCh38
CCCGCATTCAGTATCG-1,2667,113,GRCh38
CCCGCATTCAGTTGAT-1,402,51,GRCh38
CCCGCATTCCCAGGTG-1,453,52,GRCh38
CCCGCTTAGATTGCCA-1,24369,155,Multiplet
CCCGCTTAGTTACCAG-1,552,36,GRCh38
CCCGGTAAGAACCTTG-1,6079,60,GRCh38
CCCGGTAAGCTTACCT-1,183,36,GRCh38
CCCGGTAAGCTTAGAT-1,4524,105,GRCh38
CCCGGTAAGTGCTTGA-1,971,374,Multiplet
CCCGGTTTCACGGCCA-1,2243,75,GRCh38
CCCGGTTTCTAACCAG-1,56580,114,GRCh38
CCCGGTTTCTATCCGT-1,280,50,GRCh38
CCCGGTTTCTCACATC-1,356,43,GRCh38
CCCGTAAGTAACGACA-1,260,51,GRCh38
CCCGTAAGTAAGCAAT-1,35456,184,Multiplet
CCCGTAAGTGACCGAG-1,38688,170,Multiplet
CCCGTAAGTTCCTCAC-1,144,33,GRCh38
CCCGTTATCAGCCCGA-1,1155,38,GRCh38
CCCGTTATCCATCCAT-1,2957,210,Multiplet
CCCGTTATCCTGCACC-1,158,42,GRCh38
CCCGTTATCGCTATGA-1,248,37,GRCh38
CCCGTTATCTATGGCA-1,448,71,GRCh38
CCCGTTGCAACCCTAC-1,127,37,GRCh38
CCCGTTGCAACGGTCA-1,178,36,GRCh38
CCCGTTGCAACTGCGA-1,23566,119,GRCh38
CCCGTTGCAACTGGTG-1,312,35,GRCh38
CCCGTTGCAATCCTGC-1,259,42,GRCh38
CCCGTTGCAATGGGCC-1,9507,130,GRCh38
CCCGTTGCACCATCCG-1,124,36,GRCh38
CCCGTTGCATAACCGG-1,294,48,GRCh38
CCCTAACCACATTGAA-1,18440,127,GRCh38
CCCTAACCACTCATAT-1,25819,156,Multiplet
CCCTAACCAGCATGTG-1,1436,24,GRCh38
CCCTAATTCAAGTCTG-1,18816,70,GRCh38
CCCTAATTCCAATTCC-1,135,33,GRCh38
CCCTAATTCCATCATC-1,1364,83,GRCh38
CCCTAATTCCTCTACG-1,3120,126,GRCh38
CCCTAATTCCTGTGAA-1,739,59,GRCh38
CCCTAATTCTCATGTC-1,207,39,GRCh38
CCCTACGCAACTGGCA-1,286,54,GRCh38
CCCTACGCAAGCCATG-1,1019,24,GRCh38
CCCTACGCAAGCCGAC-1,253,33,GRCh38
CCCTACGCAAGTGGTT-1,38760,154,Multiplet
CCCTACGCAATTGGTA-1,312,44,GRCh38
CCCTACGCACTCGCCA-1,552,30,GRCh38
CCCTACGCAGGCTATG-1,241,45,GRCh38
CCCTACGCATAACTAG-1,16816,90,GRCh38
CCCTACGCATGCTGAG-1,4615,99,GRCh38
CCCTACGCATGGATGT-1,9068,133,GRCh38
CCCTAGCTCAGCCCAG-1,356,48,GRCh38
CCCTAGCTCCGTTAAG-1,1985,37,GRCh38
CCCTAGCTCGAGCACT-1,159,40,GRCh38
CCCTAGTCAACATCCC-1,10136,78,GRCh38
CCCTAGTCAATCAAGC-1,236,35,GRCh38
CCCTAGTCAGCACTGA-1,554,20,GRCh38
CCCTAGTCATCCTGTA-1,1675,37,GRCh38
CCCTATGTCATCAGGC-1,6850,83,GRCh38
CCCTATGTCCTTAGTC-1,11288,67,GRCh38
CCCTCAATCATGATCG-1,15833,157,Multiplet
CCCTCAATCCAGGTGT-1,224,36,GRCh38
CCCTCAATCCATGCCC-1,161,36,GRCh38
CCCTCAATCGCTCCAC-1,158,34,GRCh38
CCCTCAATCTGTCACT-1,3579,124,GRCh38
CCCTCACAGCAAGGCA-1,697,32,GRCh38
CCCTCACAGCCTGCTC-1,12333,180,Multiplet
CCCTCACAGGCTCTCC-1,161,39,GRCh38
CCCTCACAGTAATCCG-1,122,35,GRCh38
CCCTCAGCAACCAGGC-1,577,114,GRCh38
CCCTCAGCAAGTGTGT-1,223,33,GRCh38
CCCTCAGCAATCGTCC-1,128,35,GRCh38
CCCTCAGCACTAGGCA-1,65380,270,Multiplet
CCCTCAGCAGCATGGC-1,1963,35,GRCh38
CCCTCAGCAGGATGGG-1,2728,40,GRCh38
CCCTCAGCATTCATAC-1,3480,115,GRCh38
CCCTGAGAGGTAAGTA-1,32876,53,GRCh38
CCCTGAGAGGTCCCAG-1,58550,161,Multiplet
CCCTGGTTCAGTTCCT-1,335,64,GRCh38
CCCTGGTTCATCGTCT-1,292,41,GRCh38
CCCTGGTTCCATCCCA-1,425,44,GRCh38
CCCTGGTTCGATTCCT-1,28468,146,Multiplet
CCCTGTTGTCATTACA-1,21164,109,GRCh38
CCCTGTTGTCATTAGC-1,126,33,GRCh38
CCCTGTTGTCTAGTAC-1,110,33,GRCh38
CCCTGTTGTGCGTACC-1,132,34,GRCh38
CCCTGTTGTTAGGCTT-1,680,28,GRCh38
CCCTGTTGTTATCTGA-1,580,28,GRCh38
CCCTGTTGTTCGCCTT-1,536,89,GRCh38
CCCTTAACAACTACGG-1,103,81,GRCh38
CCCTTAACAATATGTG-1,290,46,GRCh38
CCCTTAACAATGTGCG-1,464,33,GRCh38
CCCTTAACACCTGTCG-1,3327,48,GRCh38
CCCTTAACACTAGTCC-1,170,34,GRCh38
CCCTTAACACTTGGAG-1,487,36,GRCh38
CCCTTAACAGGCAGCT-1,133,33,GRCh38
CCCTTAACATCCACTA-1,228,44,GRCh38
CCCTTAACATTAGGAC-1,24236,194,Multiplet
CCCTTACGTAAGGGTC-1,21484,117,GRCh38
CCCTTACGTAGCAGCG-1,28449,216,Multiplet
CCCTTACGTGCATTAC-1,127,35,GRCh38
CCCTTACGTTAGCCTG-1,113,40,GRCh38
CCCTTACGTTCCAGTG-1,565,40,GRCh38
CCCTTACGTTTCGGTG-1,2025,43,GRCh38
CCCTTAGTCAAGTTCG-1,4287,55,GRCh38
CCCTTAGTCACCTTAC-1,327,49,GRCh38
CCCTTAGTCATACAGT-1,2409,120,GRCh38
CCCTTAGTCCGGATGT-1,1186,39,GRCh38
CCCTTTAGTAGCTCCA-1,149,37,GRCh38
CCCTTTAGTAGTCCGC-1,116,35,GRCh38
CCCTTTAGTTCCATCC-1,21841,257,Multiplet
CCCTTTAGTTCGCTGA-1,267,46,GRCh38
CCCTTTAGTTGGTGCC-1,134,33,GRCh38
CCGAAATCAAGTCCCT-1,1510,35,GRCh38
CCGAAATCAGCATGAT-1,391,249,Multiplet
CCGAAATCAGCCTAGA-1,22988,165,Multiplet
CCGAAATCATAGGCCA-1,17386,147,Multiplet
CCGAAATCATGGCGAC-1,114,33,GRCh38
CCGAAATCATTAACTC-1,432,43,GRCh38
CCGAACTAGGGCCATT-1,5474,63,GRCh38
CCGAACTAGGGGCAAC-1,133,55,GRCh38
CCGAACTAGGGGTTGA-1,63504,151,Multiplet
CCGAACTAGGTAGCAG-1,13819,235,Multiplet
CCGAACTAGGTGGATG-1,1634,40,GRCh38
CCGAACTAGTCGACAC-1,26792,200,Multiplet
CCGAATATCACGCCAG-1,189,40,GRCh38
CCGAATATCCCCATTG-1,1706,23,GRCh38
CCGAATATCCGTATGA-1,39609,185,Multiplet
CCGAATGCAAATTACG-1,12221,96,GRCh38
CCGAATGCAATATCCT-1,16045,152,Multiplet
CCGAATGCATCCAACC-1,10240,157,Multiplet
CCGAATGCATCCGTCG-1,1695,144,GRCh38
CCGAATGCATTCGCTA-1,182,39,GRCh38
CCGAATTGTAGCGGCA-1,66190,182,Multiplet
CCGAATTGTATTGCGT-1,174,36,GRCh38
CCGAATTGTCAATCGT-1,282,37,GRCh38
CCGAATTGTTGCCTAG-1,141,33,GRCh38
CCGAATTGTTGGACCC-1,177,33,GRCh38
CCGACAACAACTGCGA-1,167,36,GRCh38
CCGACAACACAGCAAT-1,111,34,GRCh38
CCGACAACACATGCAG-1,540,91,GRCh38
CCGACAACACTACCCG-1,366,57,GRCh38
CCGACAACAGCATGAT-1,168,53,GRCh38
CCGACAACATTACCAT-1,179,38,GRCh38
CCGACATAGGAACCTC-1,13284,104,GRCh38
CCGACATAGGTAGTCC-1,225,52,GRCh38
CCGACATAGTCGAATT-1,17524,160,Multiplet
CCGACCAAGCTAGGGA-1,67915,146,Multiplet
CCGACCAAGGATGTCC-1,17697,144,GRCh38
CCGACCAAGGTACACC-1,3922,79,GRCh38
CCGACCAAGTACGCAC-1,19840,179,Multiplet
CCGACCAAGTTAGATC-1,634,139,GRCh38
CCGACCAAGTTAGGTT-1,13927,250,Multiplet
CCGACCTTCACTCCAT-1,282,43,GRCh38
CCGACCTTCACTCCTG-1,161,33,GRCh38
CCGACCTTCAGCATCA-1,1441,31,GRCh38
CCGACCTTCATGCACA-1,168,38,GRCh38
CCGACCTTCCACCTCA-1,23403,187,Multiplet
CCGACCTTCCAGATCA-1,109,34,GRCh38
CCGACCTTCCATAGGC-1,149,61,GRCh38
CCGACCTTCCCGTGTC-1,125,38,GRCh38
CCGACCTTCCTGCCGT-1,155,34,GRCh38
CCGACCTTCCTTCGCA-1,170,33,GRCh38
CCGACCTTCGCTGGCA-1,158,36,GRCh38
CCGACCTTCGTTACCT-1,125,36,GRCh38
CCGACTAGTAACGACA-1,127,35,GRCh38
CCGACTAGTAATCGAG-1,117,38,GRCh38
CCGACTAGTAGGTGCG-1,936,27,GRCh38
CCGACTAGTAGTAACG-1,147,33,GRCh38
CCGACTAGTCATCCCT-1,320,39,GRCh38
CCGACTAGTCTGGCAC-1,145,35,GRCh38
CCGACTAGTGCACGAG-1,152,33,GRCh38
CCGACTAGTGCGATCC-1,2003,23,GRCh38
CCGACTAGTTATGCTA-1,116,36,GRCh38
CCGACTAGTTCCTGTC-1,102,37,GRCh38
CCGACTAGTTCGGTTG-1,194,41,GRCh38
CCGACTAGTTCTGGCA-1,145,39,GRCh38
CCGACTAGTTGAAGTG-1,118,34,GRCh38
CCGACTAGTTGGAAGC-1,247,53,GRCh38
CCGACTAGTTTACCAA-1,193,35,GRCh38
CCGACTTCAAACCGGC-1,118,38,GRCh38
CCGACTTCAACGTGCA-1,137,41,GRCh38
CCGACTTCAAGGTCTG-1,136,42,GRCh38
CCGACTTCAAGTGCCA-1,148,36,GRCh38
CCGACTTCAATATACG-1,97,36,GRCh38
CCGACTTCAATTGGTA-1,165,38,GRCh38
CCGACTTCACCATCAC-1,142,38,GRCh38
CCGACTTCACTATGGG-1,176,36,GRCh38
CCGACTTCAGCAGTTG-1,28013,258,Multiplet
CCGACTTCAGGTTAGT-1,102,40,GRCh38
CCGACTTCATAACGAC-1,122,35,GRCh38
CCGACTTCATAGATTG-1,181,42,GRCh38
CCGACTTCATCAATTC-1,3176,86,GRCh38
CCGACTTCATCCTGTA-1,1615,210,Multiplet
CCGACTTCATGCTCTA-1,159,38,GRCh38
CCGACTTCATTCGCAC-1,156,39,GRCh38
CCGATTAAGGTCCCAG-1,233,40,GRCh38
CCGATTAAGTCATTCC-1,1491,25,GRCh38
CCGATTAAGTTAGTCG-1,177,36,GRCh38
CCGATTGGTAACCACT-1,262,34,GRCh38
CCGATTGGTGAGTCGG-1,14716,63,GRCh38
CCGATTGGTTAAGCAG-1,309,33,GRCh38
CCGCAAGTCACGTGCG-1,257,39,GRCh38
CCGCAATAGGATCAGG-1,4346,172,Multiplet
CCGCAATAGGATTACT-1,257,44,GRCh38
CCGCAATAGTAATCGT-1,270,45,GRCh38
CCGCATGAGAATCGGG-1,8683,132,GRCh38
CCGCATGAGATTGATC-1,21637,111,GRCh38
CCGCATGAGCGCATCG-1,15590,91,GRCh38
CCGCATGAGGTAGATA-1,19505,97,GRCh38
CCGCATGAGGTATGAA-1,36218,216,Multiplet
CCGCATTCAAGTAGGA-1,1064,60,GRCh38
CCGCATTCACAACCGA-1,274,52,GRCh38
CCGCATTCACCTCACG-1,4616,128,GRCh38
CCGCATTCACTTCACA-1,289,49,GRCh38
CCGCATTCATAGGTTA-1,47191,197,Multiplet
CCGCATTCATCATAGA-1,2485,133,GRCh38
CCGCATTCATGAATGC-1,166,51,GRCh38
CCGCCAAAGTAGGCAG-1,2984,62,GRCh38
CCGCCAAAGTGAAGCG-1,38691,176,Multiplet
CCGCCATTCACAGGTC-1,174,35,GRCh38
CCGCCATTCCAGCCGA-1,278,41,GRCh38
CCGCCATTCCAGGTAC-1,258,34,GRCh38
CCGCCATTCCTGCCAC-1,1033,28,GRCh38
CCGCCATTCCTGTCTG-1,126,44,GRCh38
CCGCCATTCGAACCCG-1,507,100,GRCh38
CCGCCATTCTGGTCCC-1,139,36,GRCh38
CCGCCATTCTGTGAAT-1,181,40,GRCh38
CCGCCTTAGGTTCCGG-1,264,38,GRCh38
CCGCCTTAGTAGACTT-1,275,56,GRCh38
CCGCGAATCAGTTAGT-1,33337,140,GRCh38
CCGCGAATCTATCGAG-1,12313,116,GRCh38
CCGCGATGTAAGCATG-1,271,46,GRCh38
CCGCGATGTGCGCATC-1,291,38,GRCh38
CCGCGATGTTGACGCC-1,129,34,GRCh38
CCGCGTTTCATGTGCA-1,210,51,GRCh38
CCGCGTTTCCATCACT-1,5937,98,GRCh38
CCGCGTTTCGCGTTCC-1,295,34,GRCh38
CCGCTAAGTAGGTTGA-1,5299,86,GRCh38
CCGCTAAGTGGGTCGA-1,91,39,GRCh38
CCGCTAAGTTGGACGG-1,74686,148,Multiplet
CCGCTAAGTTGGGACG-1,732,62,GRCh38
CCGCTAGAGCGCCTAG-1,3615,78,GRCh38
CCGCTAGAGCTTAGAT-1,17359,102,GRCh38
CCGCTAGAGTAATGAG-1,24539,214,Multiplet
CCGCTAGAGTGATGCC-1,3382,83,GRCh38
CCGCTCACATCCACTA-1,31579,212,Multiplet
CCGCTCACATGCTCGT-1,217,59,GRCh38
CCGCTCACATTCCTTC-1,3281,88,GRCh38
CCGCTTATCACGTGCG-1,246,39,GRCh38
CCGCTTATCAGGACTC-1,572,73,GRCh38
CCGCTTATCAGGCAGA-1,7757,145,Multiplet
CCGCTTATCGATTGCA-1,904,48,GRCh38
CCGCTTGCAACCCTAC-1,139,33,GRCh38
CCGCTTGCAAGCCTAG-1,135,35,GRCh38
CCGCTTGCAAGCTCTC-1,185,36,GRCh38
CCGCTTGCAAGGTGAA-1,8585,77,GRCh38
CCGCTTGCATCCTTAG-1,131,34,GRCh38
CCGGAACCATGCTCTA-1,25036,110,GRCh38
CCGGAAGGTGACTTCG-1,21803,153,Multiplet
CCGGAAGGTGCAGGTG-1,4479,250,Multiplet
CCGGAAGGTGGACTAA-1,17399,90,GRCh38
CCGGAAGGTTCACGGC-1,670,24,GRCh38
CCGGAAGGTTGACGGG-1,16007,116,GRCh38
CCGGATTAGCGATGCT-1,17619,168,Multiplet
CCGGATTAGGGGATTG-1,22212,106,GRCh38
CCGGCAATCATCACAG-1,6779,129,GRCh38
CCGGCAATCCCTCTCT-1,272,70,GRCh38
CCGGCAATCGATGGGA-1,213,35,GRCh38
CCGGCAATCGATTGGC-1,236,59,GRCh38
CCGGCAATCTATCACC-1,255,40,GRCh38
CCGGCATGTCAATGTC-1,19018,183,Multiplet
CCGGCATGTCATCCTC-1,302,47,GRCh38
CCGGCATGTCTGGCAC-1,212,37,GRCh38
CCGGCATGTCTTGAAC-1,333,47,GRCh38
CCGGCATGTTCCGGGT-1,654,15,GRCh38
CCGGCATGTTCCTCGT-1,155,37,GRCh38
CCGGCATGTTGTGCAT-1,412,44,GRCh38
CCGGCTAAGCAATTCG-1,19545,124,GRCh38
CCGGCTAAGCTAGGCT-1,16807,92,GRCh38
CCGGCTAAGGCAATGG-1,13242,75,GRCh38
CCGGCTAAGGTACCAC-1,116,37,GRCh38
CCGGCTAAGGTGGCTT-1,510,35,GRCh38
CCGGCTAAGTAGTGCC-1,27881,270,Multiplet
CCGGCTAAGTGCCAGT-1,2365,20,GRCh38
CCGGGTTGTCTAGCCA-1,1402,51,GRCh38
CCGGGTTGTGACGTGG-1,1765,48,GRCh38
CCGGGTTGTTCAATCA-1,286,40,GRCh38
CCGGGTTGTTCGCCAA-1,170,38,GRCh38
CCGGGTTGTTGAGGAC-1,5283,47,GRCh38
CCGGGTTGTTGCCCTT-1,1475,33,GRCh38
CCGGTACGTAATCCTA-1,982,40,GRCh38
CCGGTACGTTCGCTAG-1,241,44,GRCh38
CCGGTATAGCATAGGG-1,8457,59,GRCh38
CCGGTCAAGTCGAAGG-1,12763,79,GRCh38
CCGGTTAGTGAAGTGC-1,603,19,GRCh38
CCGGTTAGTGAGACTA-1,1470,51,GRCh38
CCGGTTAGTGGCTGAG-1,36270,94,GRCh38
CCGGTTAGTTCGTGGC-1,2644,50,GRCh38
CCGGTTGAGCAAGCGA-1,3403,82,GRCh38
CCGGTTGAGGCTGTAC-1,146,43,GRCh38
CCGGTTGAGGTAGTCC-1,228,34,GRCh38
CCGGTTGAGTTAGTAC-1,247,36,GRCh38
CCGTAAATCACAGCGT-1,21660,115,GRCh38
CCGTAAATCACTTGAG-1,3462,59,GRCh38
CCGTAAATCAGCTGCG-1,236,75,GRCh38
CCGTAAATCAGGCAAG-1,3125,50,GRCh38
CCGTAAATCCCGCACT-1,804,53,GRCh38
CCGTAAATCGAACGAG-1,2652,41,GRCh38
CCGTAAATCGAATGGG-1,5593,31,GRCh38
CCGTAACAGGCTACCG-1,1905,32,GRCh38
CCGTAACAGTCATTCC-1,4135,57,GRCh38
CCGTAATGTTGTGCAT-1,924,162,Multiplet
CCGTACCTCAATTCGG-1,1207,44,GRCh38
CCGTACCTCACCTTCG-1,158,34,GRCh38
CCGTACCTCCGCGTGA-1,140,34,GRCh38
CCGTACCTCCTTCCTC-1,46594,227,Multiplet
CCGTACCTCGCTAGAC-1,111,33,GRCh38
CCGTACCTCGTAACCA-1,266,47,GRCh38
CCGTACCTCTGGATTG-1,6068,44,GRCh38
CCGTAGTAGGCGTATC-1,235,41,GRCh38
CCGTATGGTAAGCGAC-1,19085,90,GRCh38
CCGTATGGTGATGCCC-1,212,40,GRCh38
CCGTATGGTGGCGTAG-1,180,365,Multiplet
CCGTATGGTGGCTACC-1,181,47,GRCh38
CCGTATGGTTCGGTAT-1,4001,116,GRCh38
CCGTATGGTTGTAGAG-1,464,35,GRCh38
CCGTCAAGTAGGTGCG-1,321,59,GRCh38
CCGTCAAGTCTTACGG-1,105,34,GRCh38
CCGTCAAGTGAAGTAT-1,2053,153,Multiplet
CCGTCAAGTGATGATG-1,9007,104,GRCh38
CCGTCAAGTTCGATAC-1,531,33,GRCh38
CCGTCAAGTTTGCCAG-1,236,39,GRCh38
CCGTCAAGTTTGGTAC-1,7613,79,GRCh38
CCGTCATCAATTGAGC-1,18445,135,GRCh38
CCGTCATCACTCGCTG-1,311,52,GRCh38
CCGTCATCACTTGGCT-1,433,40,GRCh38
CCGTCATCAGGGCTGT-1,239,36,GRCh38
CCGTCATCAGTTAATG-1,25281,127,GRCh38
CCGTCCACAAACTGGT-1,11305,82,GRCh38
CCGTCCACAAATCCGG-1,189,41,GRCh38
CCGTCCACAAGTTAGC-1,174,36,GRCh38
CCGTCCACAGGAGCGA-1,46304,200,Multiplet
CCGTCCACAGGTTAGT-1,503,34,GRCh38
CCGTCGAAGCGATACC-1,34614,203,Multiplet
CCGTCGAAGCGCCTAG-1,17033,93,GRCh38
CCGTCGAAGGATGTAA-1,20508,112,GRCh38
CCGTCTATCATACTGG-1,1937,134,GRCh38
CCGTCTATCATCTCAC-1,278,35,GRCh38
CCGTCTATCTGGCCTC-1,461,59,GRCh38
CCGTGATAGCAATCAT-1,5875,79,GRCh38
CCGTGATAGCCGACTG-1,136,53,GRCh38
CCGTGATAGCGAACCT-1,17094,93,GRCh38
CCGTGATAGGGTCACT-1,2087,57,GRCh38
CCGTGATAGGGTGAAT-1,21562,91,GRCh38
CCGTGATAGGTCATAT-1,3389,75,GRCh38
CCGTGATAGGTCCCAG-1,7902,50,GRCh38
CCGTGATAGTACGGCT-1,198,66,GRCh38
CCGTGCAAGCATAGTT-1,203,39,GRCh38
CCGTGCAAGGGGTAGC-1,19115,130,GRCh38
CCGTGCAAGTCATGGC-1,205,43,GRCh38
CCGTGCTTCCCTGACC-1,23091,171,Multiplet
CCGTGCTTCGCGCCAA-1,118,93,GRCh38
CCGTGCTTCGCTAGGT-1,597,22,GRCh38
CCGTGGATCCTCGATT-1,102,33,GRCh38
CCGTGGATCTGTCACT-1,20324,142,GRCh38
CCGTGTGAGCGCCTAG-1,898,43,GRCh38
CCGTTAGGTATTGCAC-1,278,37,GRCh38
CCGTTAGGTTCCAGCA-1,239,38,GRCh38
CCGTTCATCAGTTAGT-1,163,36,GRCh38
CCGTTCATCCAGCAAC-1,373,36,GRCh38
CCGTTCATCCTGTCCA-1,929,22,GRCh38
CCGTTCATCGCGATTA-1,38818,150,Multiplet
CCGTTCATCGTCTATC-1,131,42,GRCh38
CCGTTCATCTAACCAG-1,1858,27,GRCh38
CCGTTCATCTATCTCA-1,278,33,GRCh38
CCGTTCGCACAGCGAC-1,2005,25,GRCh38
CCGTTCGCACTTGATT-1,161,34,GRCh38
CCGTTCGCAGCATGAT-1,154,51,GRCh38
CCGTTCGCAGTTGCAG-1,15581,85,GRCh38
CCGTTCGCATGGCCTT-1,156,36,GRCh38
CCGTTGAGTAGGTTGA-1,233,37,GRCh38
CCGTTGAGTGCGATCC-1,214,41,GRCh38
CCGTTGAGTGGGTATA-1,240,44,GRCh38
CCGTTGAGTTCGCGGT-1,125,34,GRCh38
CCGTTGCTCATCGACA-1,885,39,GRCh38
CCGTTGCTCATCGTGA-1,138,33,GRCh38
CCGTTGCTCCGGGCTA-1,26540,154,Multiplet
CCGTTGCTCCGTCCGT-1,178,34,GRCh38
CCGTTGCTCGCTCCAC-1,122,36,GRCh38
CCGTTGCTCTCACTAC-1,5011,43,GRCh38
CCGTTGCTCTGGGCTG-1,2403,142,GRCh38
CCGTTGGAGATAGGAC-1,25002,135,GRCh38
CCGTTGGAGCAGGTGA-1,2664,30,GRCh38
CCGTTGGAGTGCGGTT-1,501,10,GRCh38
CCTAACCCAATCTCGC-1,727,25,GRCh38
CCTAACCCAATGTCGG-1,44403,218,Multiplet
CCTAACCCACATGCCT-1,239,65,GRCh38
CCTAACCCACCTATGC-1,1408,19,GRCh38
CCTAACCCAGCTATCC-1,120,67,GRCh38
CCTAACCCAGGCAATT-1,660,67,GRCh38
CCTAACTTCCACCGCT-1,257,51,GRCh38
CCTAACTTCCGCGACA-1,902,46,GRCh38
CCTAACTTCGACTACA-1,3694,80,GRCh38
CCTAATGAGGTAGACG-1,4648,88,GRCh38
CCTAATGAGGTTCCGG-1,37887,171,Multiplet
CCTAATGAGTAGAGCG-1,3815,44,GRCh38
CCTAATGAGTTGGACC-1,412,48,GRCh38
CCTAATTCAAGTTACA-1,1697,71,GRCh38
CCTAATTCAAGTTCCC-1,186,54,GRCh38
CCTAATTCACCTAACC-1,4243,33,GRCh38
CCTAATTCACCTTGCG-1,177,58,GRCh38
CCTAATTCATAGGTAC-1,30598,145,Multiplet
CCTACAGGTAGCGGAT-1,1174,62,GRCh38
CCTACAGGTCAACTGT-1,258,37,GRCh38
CCTACAGGTCATCATA-1,147,37,GRCh38
CCTACAGGTTAACGAG-1,429,58,GRCh38
CCTACAGGTTGCTCCT-1,36768,216,Multiplet
CCTACCATCACGCATA-1,39189,176,Multiplet
CCTACCATCATATAGC-1,523,17,GRCh38
CCTACCATCCCAGGCA-1,250,41,GRCh38
CCTACCATCGAGCACT-1,1060,23,GRCh38
CCTACCATCTAGGCGT-1,3696,98,GRCh38
CCTACCGCAACCGTCT-1,168,42,GRCh38
CCTACCGCAATACTCT-1,10576,118,GRCh38
CCTACCGCAATCCTAT-1,194,71,GRCh38
CCTACCGCACATTCGC-1,175,35,GRCh38
CCTACCGCAGTACTAA-1,3554,88,GRCh38
CCTACCTGTCCATAGT-1,955,52,GRCh38
CCTACCTGTGAAGTTG-1,266,38,GRCh38
CCTACCTGTGAGTTGA-1,140,38,GRCh38
CCTACCTGTGCAGGAT-1,129,34,GRCh38
CCTACCTGTGCGGTCT-1,854,45,GRCh38
CCTACCTGTTCACCAG-1,144,36,GRCh38
CCTACCTGTTCCAGCA-1,120,36,GRCh38
CCTACCTGTTCCCGTT-1,119,35,GRCh38
CCTACCTGTTGCAATC-1,141,37,GRCh38
CCTACCTGTTGCCTCT-1,114,44,GRCh38
CCTACCTGTTGCGATT-1,133,41,GRCh38
CCTACCTGTTGGCGAG-1,235,57,GRCh38
CCTACCTGTTGTGCCA-1,141,33,GRCh38
CCTACCTGTTTGCCCT-1,146,35,GRCh38
CCTACGGAGATAGCCC-1,156,63,GRCh38
CCTACGGAGCATCGAC-1,1453,348,Multiplet
CCTACGGAGGATCCAC-1,30312,137,GRCh38
CCTAGCCTCACGCACG-1,296,39,GRCh38
CCTAGCCTCAGTACGC-1,278,47,GRCh38
CCTAGCCTCATGGCTA-1,10340,140,GRCh38
CCTAGCCTCCATCTAC-1,3859,58,GRCh38
CCTAGCCTCCCCAGGA-1,749,76,GRCh38
CCTAGCCTCCTGCCAC-1,135,36,GRCh38
CCTAGCCTCTGTCTAC-1,329,36,GRCh38
CCTAGCGAGCCATCAA-1,721,55,GRCh38
CCTAGCGAGCGCTGAT-1,8183,68,GRCh38
CCTAGCGAGGATTCGC-1,49001,121,GRCh38
CCTAGCTCAAACCAAC-1,19259,108,GRCh38
CCTAGCTCAATCAGAC-1,32526,217,Multiplet
CCTAGCTCACTATGGG-1,1540,41,GRCh38
CCTAGCTCATAGGGTT-1,25261,170,Multiplet
CCTAGCTCATCCTGGT-1,164,38,GRCh38
CCTAGCTCATGAGTTA-1,139,42,GRCh38
CCTAGGGTCGATCGCG-1,2008,31,GRCh38
CCTAGGGTCGTCTCCA-1,1804,15,GRCh38
CCTAGGGTCTGGCCCT-1,9451,52,GRCh38
CCTAGGTAGTGCTTGA-1,9471,107,GRCh38
CCTAGTAAGCGAAGCA-1,21962,160,Multiplet
CCTAGTAAGCGATCAC-1,304,59,GRCh38
CCTAGTTTCGCATCGG-1,574,24,GRCh38
CCTATAGAGCCTTCGC-1,442,43,GRCh38
CCTATAGAGTCAAGTT-1,235,36,GRCh38
CCTATCACAATATCTC-1,16960,164,Multiplet
CCTATCACACAAGCCA-1,8900,141,GRCh38
CCTATCACAGCTACCT-1,174,33,GRCh38
CCTATCACAGGGCAGA-1,6252,69,GRCh38
CCTATCACATGCTTGC-1,64286,229,Multiplet
CCTATCACATGGATAC-1,159,37,GRCh38
CCTATCCGTAGTGTGA-1,1803,43,GRCh38
CCTATCCGTGAGGCTG-1,16837,104,GRCh38
CCTATCCGTTCACTGG-1,206,34,GRCh38
CCTATGAAGCAATCCA-1,3999,55,GRCh38
CCTATGAAGGATTCAT-1,1124,38,GRCh38
CCTATGGGTCATCGTG-1,3069,61,GRCh38
CCTATGGGTGCATCCA-1,233,44,GRCh38
CCTATGGGTTGCCCAA-1,4550,65,GRCh38
CCTATGTTCATCATCC-1,9898,77,GRCh38
CCTATGTTCGATTACG-1,153,33,GRCh38
CCTATTCAGCAGGTTC-1,900,51,GRCh38
CCTATTCAGCTATGAT-1,18486,106,GRCh38
CCTATTCAGGATCCAC-1,9285,22,GRCh38
CCTATTCAGTCAATCG-1,3124,55,GRCh38
CCTATTCAGTGTCCTT-1,280,49,GRCh38
CCTCAACCAACTAAGC-1,260,295,Multiplet
CCTCAACCACAGCAGC-1,867,18,GRCh38
CCTCAACCACTACCCG-1,137,37,GRCh38
CCTCAACCAGCCAAGC-1,4000,33,GRCh38
CCTCAAGGTAACTCGT-1,260,49,GRCh38
CCTCAAGGTATGTCCG-1,1428,34,GRCh38
CCTCAAGGTCAACTGT-1,45406,250,Multiplet
CCTCAAGGTGAACGCG-1,13607,146,Multiplet
CCTCAAGGTTGAAGGC-1,9229,46,GRCh38
CCTCAAGGTTGCACCA-1,144,34,GRCh38
CCTCAATTCAATCTCC-1,38291,236,Multiplet
CCTCAATTCACTTCGT-1,120,56,GRCh38
CCTCAATTCATCACGA-1,30650,184,Multiplet
CCTCAATTCGACTGGT-1,9853,102,GRCh38
CCTCAATTCGATATAC-1,311,33,GRCh38
CCTCAATTCGATCAGC-1,8147,110,GRCh38
CCTCACGCAAACCACG-1,179,35,GRCh38
CCTCACGCAATAGTTG-1,1140,25,GRCh38
CCTCACGCAATCTATC-1,236,43,GRCh38
CCTCACGCAGCCATCT-1,150,34,GRCh38
CCTCACGCATCATCGC-1,313,41,GRCh38
CCTCAGCTCAGTGCCG-1,3414,51,GRCh38
CCTCAGCTCCCATGCC-1,202,33,GRCh38
CCTCAGCTCCTGCCGT-1,112,37,GRCh38
CCTCAGCTCGCGAGTT-1,252,33,GRCh38
CCTCAGCTCGCTCGCT-1,55858,137,GRCh38
CCTCAGCTCGCTCTGC-1,204,61,GRCh38
CCTCAGTCAAGTATCA-1,20375,133,GRCh38
CCTCAGTCACAAGGAA-1,1232,22,GRCh38
CCTCAGTCAGGATGAA-1,3823,77,GRCh38
CCTCAGTCATGTCGTC-1,15915,113,GRCh38
CCTCAGTCATTCGGCT-1,155,37,GRCh38
CCTCATTAGGTGCAAG-1,245,59,GRCh38
CCTCATTAGTGGCCTG-1,2248,46,GRCh38
CCTCCAGCAACCGCAA-1,29577,130,GRCh38
CCTCCAGCAACTACCC-1,99,34,GRCh38
CCTCCAGCATAGACCG-1,102,34,GRCh38
CCTCCAGCATCAAGTA-1,4148,118,GRCh38
CCTCCAGCATGCTGAG-1,207,34,GRCh38
CCTCCTAAGAATCCTG-1,119,37,GRCh38
CCTCCTAAGCCTGACG-1,778,25,GRCh38
CCTCCTAAGGTACTTG-1,453,57,GRCh38
CCTCCTAAGGTTGGGA-1,27243,203,Multiplet
CCTCCTAAGTATCTGG-1,144,35,GRCh38
CCTCCTGGTAGCTTAC-1,50621,126,GRCh38
CCTCCTGGTCAGGAGT-1,153,38,GRCh38
CCTCCTGGTGCACCGT-1,214,62,GRCh38
CCTCCTGGTTAACCAC-1,169,33,GRCh38
CCTCCTGGTTCCCTGT-1,172,39,GRCh38
CCTCGAAGTAGCTAAG-1,1483,49,GRCh38
CCTCGAAGTCATCAAC-1,3501,186,Multiplet
CCTCGAAGTGGGTATA-1,51580,181,Multiplet
CCTCGATCAAATTCGA-1,252,33,GRCh38
CCTCGATCAAGGTATC-1,226,38,GRCh38
CCTCGATCACAGCACA-1,28970,190,Multiplet
CCTCGATCACTAACGG-1,27566,131,GRCh38
CCTCGGTTCACCACTT-1,20419,163,Multiplet
CCTCGGTTCCATCAAG-1,232,38,GRCh38
CCTCGGTTCCCCAGCT-1,9293,106,GRCh38
CCTCGGTTCCCTCACA-1,30279,396,Multiplet
CCTCGGTTCCTCTAAC-1,4805,46,GRCh38
CCTCGGTTCGCATACA-1,34639,181,Multiplet
CCTCGGTTCTGTGATG-1,1128,33,GRCh38
CCTCGTTGTAAGGTCA-1,11433,92,GRCh38
CCTCGTTGTAGTTACC-1,5123,71,GRCh38
CCTCGTTGTATAGCAG-1,7848,39,GRCh38
CCTCGTTGTGAGTGGT-1,113,33,GRCh38
CCTCGTTGTGATGCTT-1,185,37,GRCh38
CCTCGTTGTTAAGTCC-1,213,55,GRCh38
CCTCGTTGTTGGGCCT-1,202,36,GRCh38
CCTCGTTGTTTCCTTG-1,281,57,GRCh38
CCTCTAACAAGGTGCC-1,8951,117,GRCh38
CCTCTAACAAGTGCAT-1,153,45,GRCh38
CCTCTAACAATAGTTG-1,1894,35,GRCh38
CCTCTAACAATCCTCA-1,635,24,GRCh38
CCTCTAACACCACACT-1,288,51,GRCh38
CCTCTAACATTAAGCA-1,565,35,GRCh38
CCTCTAACATTGGCGA-1,23848,159,Multiplet
CCTCTGATCATCACCT-1,26135,172,Multiplet
CCTCTGATCTCATCAC-1,415,82,GRCh38
CCTCTTAGTATGGCTT-1,520,126,GRCh38
CCTCTTAGTCATGGCC-1,156,35,GRCh38
CCTCTTAGTGCGGCTT-1,2387,100,GRCh38
CCTCTTAGTGGCTAGG-1,4119,55,GRCh38
CCTCTTAGTTCTGTAA-1,913,46,GRCh38
CCTCTTAGTTGCGGCT-1,173,38,GRCh38
CCTGAACAGAACCATT-1,51137,271,Multiplet
CCTGAACAGCAACCGT-1,1397,38,GRCh38
CCTGAACAGCAATGAA-1,679,34,GRCh38
CCTGAACAGCTACCAA-1,659,71,GRCh38
CCTGAACAGGATCATT-1,10159,99,GRCh38
CCTGAATGTAGGTGAC-1,23332,120,GRCh38
CCTGAATGTCATGCGC-1,310,50,GRCh38
CCTGAATGTCTCACTC-1,4161,229,Multiplet
CCTGAATGTGAGCAGT-1,44190,102,GRCh38
CCTGAATGTGATAGCA-1,13772,165,Multiplet
CCTGAATGTTAGCCTG-1,161,48,GRCh38
CCTGAATGTTGGCCGT-1,256,69,GRCh38
CCTGAGACAACCTGCT-1,17871,110,GRCh38
CCTGAGACAACGGGCT-1,40097,163,Multiplet
CCTGAGACAACTGGGC-1,227,41,GRCh38
CCTGAGACAATACCTT-1,70484,155,Multiplet
CCTGAGACAATCTAAG-1,283,349,Multiplet
CCTGAGACAATGAAGG-1,510,64,GRCh38
CCTGAGACACCATGAG-1,170,35,GRCh38
CCTGAGTAGTCAAGTT-1,3263,46,GRCh38
CCTGAGTAGTGAACTT-1,1286,23,GRCh38
CCTGAGTAGTGATGCC-1,128,34,GRCh38
CCTGAGTAGTGCCAGT-1,779,45,GRCh38
CCTGATCCAATGTATG-1,4119,115,GRCh38
CCTGATCCACAATGAC-1,279,43,GRCh38
CCTGATCCATGATTGA-1,2643,22,GRCh38
CCTGATGGTGAGCCAG-1,127,33,GRCh38
CCTGATGGTGCAGCCT-1,282,50,GRCh38
CCTGATGGTTCGCCTT-1,147,33,GRCh38
CCTGATGGTTGAAGCA-1,21088,132,GRCh38
CCTGATGGTTGCACTG-1,381,49,GRCh38
CCTGATGGTTGCCCTT-1,111,41,GRCh38
CCTGATGGTTTGCCCT-1,130,33,GRCh38
CCTGATTTCCTGCTCA-1,254,47,GRCh38
CCTGATTTCGATAGCC-1,2346,35,GRCh38
CCTGCAAGTATAGCCT-1,17139,114,GRCh38
CCTGCAAGTCTTGGGC-1,20643,275,Multiplet
CCTGCAAGTGATGACA-1,23541,162,Multiplet
CCTGCAAGTTGGTGCC-1,175,88,GRCh38
CCTGCATCAATACTAG-1,293,45,GRCh38
CCTGCATCACAAGCTG-1,238,35,GRCh38
CCTGCATCACTACCCG-1,12150,126,GRCh38
CCTGCATCAGTACTAA-1,115,33,GRCh38
CCTGCATCATCCATAT-1,323,38,GRCh38
CCTGCCACAACGGTGC-1,16179,89,GRCh38
CCTGCCACACAATCCC-1,144,38,GRCh38
CCTGCCACACCATAGG-1,9376,520,Multiplet
CCTGCGAAGTAACGCC-1,17843,122,GRCh38
CCTGCGAAGTTGCTCT-1,157,33,GRCh38
CCTGCGAAGTTGGCTA-1,886,514,Multiplet
CCTGCTCAGCGCTGAT-1,168,37,GRCh38
CCTGCTCAGCGGGAAC-1,118,45,GRCh38
CCTGCTCAGGCGTCCA-1,8588,68,GRCh38
CCTGCTCAGGTTACGC-1,401,36,GRCh38
CCTGCTCAGTTGGGTC-1,32950,167,Multiplet
CCTGGCAAGAACCTTG-1,269,206,Multiplet
CCTGGCAAGTAGCGTC-1,892,15,GRCh38
CCTGGCTTCAATCGCA-1,2414,50,GRCh38
CCTGGCTTCAGGTCTA-1,860,46,GRCh38
CCTGGCTTCATGCAAT-1,2047,21,GRCh38
CCTGGCTTCGATGTGC-1,151,40,GRCh38
CCTGGTAGTAATCCGT-1,290,42,GRCh38
CCTGGTAGTAGCTGCC-1,145,35,GRCh38
CCTGGTAGTAGGTGTA-1,488,42,GRCh38
CCTGGTAGTTCGTCTC-1,20774,143,GRCh38
CCTGGTAGTTGCCCTT-1,126,50,GRCh38
CCTGGTAGTTTCAGTA-1,254,52,GRCh38
CCTGGTGAGATTCGTG-1,15379,95,GRCh38
CCTGGTGAGCGCCTTC-1,184,55,GRCh38
CCTGGTGAGGCTACAC-1,33219,153,Multiplet
CCTGGTGAGTAGTCGC-1,2290,38,GRCh38
CCTGGTGAGTCGCAAC-1,990,24,GRCh38
CCTGGTTCAACTCGTC-1,4566,127,GRCh38
CCTGGTTCAATCGGCA-1,682,189,Multiplet
CCTGGTTCAGCCATTC-1,122,42,GRCh38
CCTGGTTCAGGAAGCG-1,7243,39,GRCh38
CCTGGTTCAGGGACTC-1,26867,147,Multiplet
CCTGTAAAGATTACGT-1,5250,86,GRCh38
CCTGTAAAGATTCCGA-1,9299,112,GRCh38
CCTGTAAAGCAAGCTC-1,33518,141,GRCh38
CCTGTAAAGCCAGCCA-1,12902,90,GRCh38
CCTGTAAAGCGATCTA-1,12818,106,GRCh38
CCTGTAAAGTAGAGCG-1,8687,140,GRCh38
CCTGTCATCCATGCGG-1,808,51,GRCh38
CCTGTCATCGAATCAT-1,56362,169,Multiplet
CCTGTCATCTCACTAC-1,15818,148,Multiplet
CCTGTCGCAATGCCAG-1,394,48,GRCh38
CCTGTCGCACCTGGAA-1,11461,346,Multiplet
CCTGTCGCACTATCAT-1,3524,59,GRCh38
CCTGTCGCAGCACTTC-1,1310,28,GRCh38
CCTGTCGCAGCTCAGA-1,14447,89,GRCh38
CCTGTGAGTCTCCAAG-1,19637,146,Multiplet
CCTGTGAGTTAGCGAA-1,20088,155,Multiplet
CCTGTGAGTTCATCCC-1,187,33,GRCh38
CCTGTGAGTTTAGTTG-1,1781,73,GRCh38
CCTGTGGAGGAGCTAG-1,28674,184,Multiplet
CCTGTGGAGGGTACTC-1,4269,106,GRCh38
CCTGTGGAGTCGAAGG-1,5786,71,GRCh38
CCTGTTGTCCGCTGTC-1,142,36,GRCh38
CCTGTTGTCCTCAATC-1,9119,179,Multiplet
CCTGTTGTCGATTCCT-1,159,42,GRCh38
CCTGTTGTCGCATCAA-1,205,43,GRCh38
CCTGTTGTCGCTCTAT-1,15454,98,GRCh38
CCTGTTGTCGTTAGTG-1,225,35,GRCh38
CCTGTTGTCTAGGCCG-1,24318,177,Multiplet
CCTTAATCAAACTCAA-1,1958,63,GRCh38
CCTTAATCAATCCCGT-1,26360,184,Multiplet
CCTTAATCACTATGGG-1,19615,96,GRCh38
CCTTAATCATTACGCC-1,277,39,GRCh38
CCTTAGAAGGTTCGAC-1,27604,119,GRCh38
CCTTAGAAGTGATGGG-1,265,35,GRCh38
CCTTAGCCAAGGGATA-1,375,116,GRCh38
CCTTAGCCAGGAACGG-1,148,35,GRCh38
CCTTATATCACATTCC-1,29763,206,Multiplet
CCTTATATCACCACTT-1,232,50,GRCh38
CCTTATATCAGCTGCG-1,2778,42,GRCh38
CCTTATATCCATTCGT-1,4291,98,GRCh38
CCTTATATCCGTCATT-1,2507,19,GRCh38
CCTTATCAGCCTGCTC-1,2073,54,GRCh38
CCTTATCAGCGACTTA-1,298,37,GRCh38
CCTTATCAGGCTCAGT-1,1257,23,GRCh38
CCTTATCAGGTCCAAC-1,142,33,GRCh38
CCTTCCTTCAATCCTC-1,329,36,GRCh38
CCTTCCTTCAATCGCA-1,150,51,GRCh38
CCTTCCTTCACATGCA-1,148,33,GRCh38
CCTTCCTTCATACTGG-1,285,53,GRCh38
CCTTCCTTCATGGCGT-1,1706,89,GRCh38
CCTTCCTTCCGCAACG-1,19334,613,Multiplet
CCTTCCTTCCTCACTG-1,271,58,GRCh38
CCTTCCTTCCTTGGTT-1,268,64,GRCh38
CCTTCCTTCGCTCGCT-1,172,35,GRCh38
CCTTCCTTCTAGTTGG-1,277,44,GRCh38
CCTTCGATCCGGGTAT-1,16089,144,GRCh38
CCTTCGATCCTCAGTT-1,195,108,GRCh38
CCTTCGATCCTGCACC-1,170,33,GRCh38
CCTTGAAAGCCTGTGG-1,9162,47,GRCh38
CCTTGAAAGTCATCCT-1,32715,197,Multiplet
CCTTGAAAGTCATGCA-1,3910,32,GRCh38
CCTTGAGGTAACTGCT-1,51159,147,Multiplet
CCTTGAGGTATGTGAG-1,42296,161,Multiplet
CCTTGAGGTCTAGGTT-1,174,41,GRCh38
CCTTGAGGTGGACACG-1,15884,99,GRCh38
CCTTGAGGTTATGCGT-1,138,42,GRCh38
CCTTGGGAGCCTGAAC-1,123,41,GRCh38
CCTTGGGAGCGGGTAA-1,1221,55,GRCh38
CCTTGGGAGGCGTAGA-1,76,44,GRCh38
CCTTGGGAGGGTAGGC-1,31654,118,GRCh38
CCTTGGTCAGTTAGTA-1,108,36,GRCh38
CCTTGGTCATAAGGTC-1,1069,55,GRCh38
CCTTGGTCATCATCAT-1,18150,124,GRCh38
CCTTGGTCATCCAATT-1,767,26,GRCh38
CCTTGGTCATTACACT-1,126,35,GRCh38
CCTTTAATCACGCCAG-1,24310,155,Multiplet
CCTTTAATCATCAGGC-1,98,37,GRCh38
CCTTTAATCCGTATGA-1,29472,141,GRCh38
CCTTTAATCTAGTGTG-1,189,68,GRCh38
CCTTTAGCAAACTGCG-1,702,41,GRCh38
CCTTTAGCACATGCTC-1,12076,193,Multiplet
CCTTTAGCACTTGACC-1,315,409,Multiplet
CCTTTAGCATTCCTTC-1,3405,50,GRCh38
CCTTTCAGTTTCCATT-1,155,33,GRCh38
CCTTTCCTCCAGATTG-1,25667,212,Multiplet
CCTTTCCTCCATGCCC-1,115,37,GRCh38
CCTTTCCTCCTGATAG-1,224,34,GRCh38
CCTTTCCTCGACCAGT-1,263,56,GRCh38
CCTTTCCTCGATTGCA-1,474,34,GRCh38
CCTTTGGTCACCTTCG-1,170,34,GRCh38
CCTTTGGTCCAGCGAT-1,3902,40,GRCh38
CCTTTGGTCCGCCATC-1,700,42,GRCh38
CCTTTGGTCCTGGGAT-1,285,38,GRCh38
CCTTTGGTCGTGCCAG-1,2195,44,GRCh38
CCTTTGGTCTGTGAGC-1,20075,99,GRCh38
CGAAACCTCAGCGATC-1,1443,211,Multiplet
CGAAACCTCCATCGCC-1,267,48,GRCh38
CGAAACCTCCGCGTCT-1,17595,114,GRCh38
CGAAACCTCGCTCAGG-1,16621,131,GRCh38
CGAAACCTCGTGCCCT-1,12932,89,GRCh38
CGAAACCTCTATCCTA-1,10710,81,GRCh38
CGAACATCAAATCCGG-1,11503,147,Multiplet
CGAACATCAAGCATTA-1,38598,149,Multiplet
CGAACCACAACATGCG-1,23376,146,Multiplet
CGAACCACAACTTCAT-1,2821,119,GRCh38
CGAACCACACATAGTA-1,49295,162,Multiplet
CGAACCACAGGTAGTT-1,56819,178,Multiplet
CGAACCACATCCAACC-1,1096,38,GRCh38
CGAACCACATCGAACG-1,3215,56,GRCh38
CGAACGAAGGGTAGCA-1,221,73,GRCh38
CGAACGAAGTTAGATC-1,3648,53,GRCh38
CGAACGGGTCTAGAGA-1,22355,169,Multiplet
CGAACGGGTTGACTAC-1,2132,47,GRCh38
CGAACTATCAGCGATC-1,24318,136,GRCh38
CGAACTTGTCAGGCAG-1,144,33,GRCh38
CGAACTTGTGCGCGTT-1,3497,42,GRCh38
CGAACTTGTGGCAGCA-1,28750,163,Multiplet
CGAACTTGTTATGACC-1,167,38,GRCh38
CGAACTTGTTCGCTCT-1,3099,68,GRCh38
CGAACTTGTTGCTCCT-1,456,34,GRCh38
CGAACTTGTTGGCGCT-1,59396,125,GRCh38
CGAAGCAAGCTGGTGT-1,780,37,GRCh38
CGAAGCAAGGCTCCGA-1,3824,84,GRCh38
CGAAGCAAGTAGGCAG-1,1128,21,GRCh38
CGAAGCAAGTCGCTGG-1,3588,97,GRCh38
CGAAGGATCCCTCGAC-1,21704,129,GRCh38
CGAAGTGAGTTACCCT-1,154,53,GRCh38
CGAATAGGTCATTCAA-1,2146,98,GRCh38
CGAATAGGTGACGACG-1,33238,146,Multiplet
CGAATAGGTGCAGGAT-1,7333,98,GRCh38
CGAATAGGTTATCAGC-1,257,39,GRCh38
CGAATAGGTTGCGTGC-1,2617,152,Multiplet
CGAATAGGTTGTCCTC-1,12498,57,GRCh38
CGAATCATCCCTGGCT-1,1534,32,GRCh38
CGAATCATCCGTTGGG-1,2363,64,GRCh38
CGAATCATCCTGTGCC-1,20832,114,GRCh38
CGAATCATCTGTCTGT-1,5526,65,GRCh38
CGAATCTGTCAACCTG-1,56855,215,Multiplet
CGAATCTGTCTGGTAT-1,368,58,GRCh38
CGAATCTGTTAGCCTG-1,7951,121,GRCh38
CGAATTTAGCCTGGTG-1,144,41,GRCh38
CGAATTTAGCGATCCG-1,204,35,GRCh38
CGAATTTAGCGGATTC-1,6517,36,GRCh38
CGACAATCAAGGGTCC-1,26402,179,Multiplet
CGACAATCATTCAGTT-1,268,34,GRCh38
CGACACTAGGCTCCTC-1,252,46,GRCh38
CGACACTAGGGTCATC-1,537,27,GRCh38
CGACACTAGTGCCCGA-1,5068,89,GRCh38
CGACAGCCAATCCATT-1,234,34,GRCh38
CGACAGCCACAACCTC-1,286,39,GRCh38
CGACAGCCATCGCTTA-1,175,36,GRCh38
CGACCAACACCAGCTT-1,131,39,GRCh38
CGACCAACACTTGGGA-1,29518,230,Multiplet
CGACCAACAGCTCAAG-1,7600,119,GRCh38
CGACCAACAGTTGCAG-1,1525,44,GRCh38
CGACCATAGTCAGCAC-1,2914,59,GRCh38
CGACCCTTCACCAGAC-1,904,61,GRCh38
CGACCCTTCCAACCTT-1,841,78,GRCh38
CGACCGATCCTCTATA-1,177,33,GRCh38
CGACCGATCGCATCGG-1,968,11,GRCh38
CGACCGATCGTCTCAT-1,6292,64,GRCh38
CGACCTAGTTTACACA-1,160,42,GRCh38
CGACGTTAGCAGGCAA-1,4880,70,GRCh38
CGACGTTAGCTTAGGC-1,41433,154,Multiplet
CGACGTTAGGTTGACC-1,554,39,GRCh38
CGACGTTAGTTACGAT-1,182,35,GRCh38
CGACGTTAGTTACGTG-1,1495,155,Multiplet
CGACTAATCACCATTC-1,1047,391,Multiplet
CGACTAATCCCAGTCC-1,518,50,GRCh38
CGACTAATCCTTGAGA-1,29822,165,Multiplet
CGACTAATCGAAGCTC-1,1403,242,Multiplet
CGACTAATCGCTCGTC-1,2200,44,GRCh38
CGACTAATCTGGATGC-1,23338,147,Multiplet
CGACTAGCACGCCATT-1,18304,85,GRCh38
CGACTAGCAGCTAACG-1,314,51,GRCh38
CGACTAGCAGCTCGTT-1,36394,142,GRCh38
CGACTATGTAACTGTC-1,5047,40,GRCh38
CGACTATGTAGGCGTG-1,8105,119,GRCh38
CGACTATGTCTTGAAC-1,5463,87,GRCh38
CGACTATGTTACTGCG-1,491,43,GRCh38
CGACTATGTTCACGGC-1,17009,81,GRCh38
CGACTATGTTCCTCAC-1,917,28,GRCh38
CGACTATGTTGCAATC-1,1381,106,GRCh38
CGACTCCTCCATGTGA-1,17365,119,GRCh38
CGACTCCTCTATGTGG-1,54058,184,Multiplet
CGACTGACAAACCAAC-1,297,65,GRCh38
CGACTGACAAACCGCA-1,186,38,GRCh38
CGACTGACAAGTAGAG-1,3763,24,GRCh38
CGACTGACACCTATCA-1,22041,175,Multiplet
CGACTGACATGATTAG-1,2128,72,GRCh38
CGACTGGTCACTTCAC-1,133,34,GRCh38
CGACTGGTCAGTACGC-1,250,42,GRCh38
CGACTGGTCCATGCTT-1,2807,71,GRCh38
CGACTGGTCCTGCGCT-1,150,39,GRCh38
CGACTTGGTAATGCTC-1,138,34,GRCh38
CGACTTGGTAGTCCGC-1,6733,245,Multiplet
CGACTTGGTCAACTCG-1,1222,75,GRCh38
CGACTTGGTGCAACCC-1,315,52,GRCh38
CGACTTGGTTCCGCTT-1,271,63,GRCh38
CGACTTGGTTGGTGCC-1,128,39,GRCh38
CGACTTGGTTTGAGCT-1,5342,57,GRCh38
CGAGCAAAGCAACCAC-1,164,34,GRCh38
CGAGCAAAGCCAGCAT-1,691,68,GRCh38
CGAGCAAAGTCAGCAC-1,294,77,GRCh38
CGAGCACCACCAGGGT-1,735,18,GRCh38
CGAGCACCAGCCATAG-1,245,36,GRCh38
CGAGCACCATAACCTT-1,825,58,GRCh38
CGAGCACCATCACTAT-1,22752,141,GRCh38
CGAGCACCATCCGCTG-1,243,44,GRCh38
CGAGCACCATGACCAG-1,8788,50,GRCh38
CGAGCAGGTAGCAGAC-1,5917,33,GRCh38
CGAGCAGGTAGCGATA-1,989,72,GRCh38
CGAGCAGGTTCACTAA-1,37342,202,Multiplet
CGAGCAGGTTCGGCTA-1,23402,160,Multiplet
CGAGCCATCCTGATTC-1,276,50,GRCh38
CGAGCCATCTCACAGA-1,7453,30,GRCh38
CGAGCCATCTGTGATG-1,6840,128,GRCh38
CGAGCCTGTGATGGAC-1,30026,126,GRCh38
CGAGCGAGTAACCGAA-1,20948,102,GRCh38
CGAGCGAGTGGCGTGA-1,17471,127,GRCh38
CGAGGAATCATACTCC-1,128,38,GRCh38
CGAGGAATCCCAATTC-1,19471,116,GRCh38
CGAGGAATCGAATCTG-1,39958,192,Multiplet
CGAGGAATCGATTAGT-1,5488,40,GRCh38
CGAGGAATCGTCTATC-1,732,20,GRCh38
CGAGGATGTAATCGTC-1,3819,38,GRCh38
CGAGGATGTCATTAGC-1,866,22,GRCh38
CGAGGATGTCTGTGGC-1,3152,113,GRCh38
CGAGGATGTTGCTGAT-1,2098,85,GRCh38
CGAGGATGTTTCCTTG-1,4216,97,GRCh38
CGAGGGACAATCGCCT-1,332,45,GRCh38
CGAGGGACACTTCAAT-1,42530,187,Multiplet
CGAGGGACATCGTAGG-1,141,40,GRCh38
CGAGGGACATTACTGT-1,8133,181,Multiplet
CGAGGGACATTAGTGA-1,55987,182,Multiplet
CGAGGGTAGTATGGAA-1,22285,121,GRCh38
CGAGTAAGTAGTTGCT-1,8455,117,GRCh38
CGAGTAAGTCTGGCTA-1,24294,171,Multiplet
CGAGTAAGTGAGGTGT-1,11168,68,GRCh38
CGAGTAAGTTATGGAG-1,255,42,GRCh38
CGAGTAAGTTTGGCTG-1,5225,80,GRCh38
CGAGTCACAACTTAGA-1,23012,161,Multiplet
CGAGTCACATCCCAGT-1,43799,137,GRCh38
CGAGTCCGTATGGCAA-1,31045,144,GRCh38
CGAGTCCGTCTAACCG-1,7191,142,GRCh38
CGAGTCCGTTTCCGTC-1,145,35,GRCh38
CGAGTGAAGGGGCATA-1,1723,70,GRCh38
CGAGTGAAGGGTTGAG-1,132,88,GRCh38
CGATAACCAGTTGGGC-1,703,19,GRCh38
CGATAACCATCCTTGA-1,7984,50,GRCh38
CGATAAGGTAGTCCTG-1,246,37,GRCh38
CGATAAGGTCTCAGGC-1,1159,41,GRCh38
CGATAAGGTGGCTCTA-1,22060,135,GRCh38
CGATAAGGTTAAGGTG-1,4356,90,GRCh38
CGATAGCTCCTCGACC-1,2898,38,GRCh38
CGATAGCTCTGGTAAT-1,111,45,GRCh38
CGATAGCTCTGTGCAA-1,23963,151,Multiplet
CGATAGTCAGGATCAT-1,24329,123,GRCh38
CGATAGTCATCGAAGT-1,548,53,GRCh38
CGATAGTCATTACTGT-1,189,43,GRCh38
CGATCAATCGTTCATC-1,18050,191,Multiplet
CGATCAATCTGGCTCC-1,139,33,GRCh38
CGATCACAGCAAGGTG-1,8934,75,GRCh38
CGATCACAGGTTGCCG-1,692,22,GRCh38
CGATCACAGTAATTGC-1,278,33,GRCh38
CGATCACAGTTAGCTG-1,1570,62,GRCh38
CGATCAGCAATTACTC-1,299,37,GRCh38
CGATCAGCAGGGACCT-1,174,36,GRCh38
CGATCAGCATTAGCCC-1,297,39,GRCh38
CGATCAGCATTGCGTC-1,1777,32,GRCh38
CGATCCCTCCAGGTGT-1,153,52,GRCh38
CGATCCCTCCATTACC-1,4892,57,GRCh38
CGATCCCTCCATTCCG-1,131,47,GRCh38
CGATCCCTCCCTGACC-1,148,36,GRCh38
CGATCCCTCCTCGTGC-1,154,33,GRCh38
CGATCCTCAAGTGGTT-1,252,163,Multiplet
CGATCCTCAGTTGCCT-1,73650,168,Multiplet
CGATCCTCATCGACCT-1,7174,95,GRCh38
CGATCCTCATCGCTAC-1,2034,97,GRCh38
CGATCTAAGCTTCCCA-1,28266,133,GRCh38
CGATCTAAGGAGTCGA-1,22327,143,GRCh38
CGATCTAAGGTACCAC-1,2720,62,GRCh38
CGATCTAAGTGAACTT-1,5195,83,GRCh38
CGATGGGGTAGCCTCA-1,138,93,GRCh38
CGATGGGGTTAGCCGC-1,9750,134,GRCh38
CGATGGTTCAATTCGG-1,119,59,GRCh38
CGATGGTTCCCAGGTG-1,33286,117,GRCh38
CGATGGTTCCCGCAAG-1,11695,196,Multiplet
CGATGGTTCGTTCACT-1,222,37,GRCh38
CGATGTCAGGATTCAT-1,2363,53,GRCh38
CGATGTCAGTTGGGTC-1,33853,214,Multiplet
CGATGTTGTTAAGCAG-1,4607,133,GRCh38
CGATGTTGTTATCGGT-1,383,34,GRCh38
CGATGTTGTTCCTGTC-1,237,40,GRCh38
CGATGTTGTTGCGTGC-1,37390,216,Multiplet
CGATGTTGTTTACTGA-1,30379,153,Multiplet
CGATTAACACTCAACC-1,5904,96,GRCh38
CGATTAACACTCGGTT-1,18192,107,GRCh38
CGATTAACATCCTGGT-1,21244,112,GRCh38
CGATTAACATCGACCT-1,29449,192,Multiplet
CGATTACGTAGGTCGG-1,3707,136,GRCh38
CGATTACGTCAAGCGG-1,1777,44,GRCh38
CGATTACGTTCCTGTC-1,125,33,GRCh38
CGATTACGTTTCCTAT-1,253,36,GRCh38
CGATTAGTCAGCCATA-1,21014,129,GRCh38
CGATTAGTCAGCGGTT-1,99,39,GRCh38
CGATTAGTCCATGCGG-1,5382,65,GRCh38
CGATTAGTCCTGAGTA-1,16264,111,GRCh38
CGATTATAGCCTGCTC-1,533,16,GRCh38
CGATTATAGCGCTATA-1,4957,34,GRCh38
CGATTATAGCGCTCAG-1,422,39,GRCh38
CGATTATAGGCACTAC-1,26204,157,Multiplet
CGATTCAAGCAATCCA-1,1048,43,GRCh38
CGATTCAAGCGGTACT-1,253,40,GRCh38
CGATTCAAGCTAGTGC-1,151,54,GRCh38
CGATTCAAGCTAGTTG-1,24412,118,GRCh38
CGATTCCCACTCATAT-1,240,44,GRCh38
CGATTTAGTTCCTGTC-1,228,50,GRCh38
CGATTTAGTTGCTTAA-1,1155,18,GRCh38
CGATTTGAGATACTCG-1,16809,159,Multiplet
CGATTTGAGGATCACC-1,16621,104,GRCh38
CGATTTGAGGATCCAC-1,10103,74,GRCh38
CGATTTGAGGATGTAA-1,232,35,GRCh38
CGATTTGAGGCTACAC-1,40010,238,Multiplet
CGCAAATCAAAGGATG-1,7424,119,GRCh38
CGCAAATCAACGTGAT-1,320,33,GRCh38
CGCAAATCACTCAATT-1,2089,44,GRCh38
CGCAAATCACTCAGCT-1,17780,126,GRCh38
CGCAAATCAGCCTAGA-1,290,57,GRCh38
CGCAAATCATGGATAC-1,229,41,GRCh38
CGCAACTAGCAAGGCA-1,532,29,GRCh38
CGCAACTAGCGCAACT-1,2040,22,GRCh38
CGCAATATCACTCCGC-1,518,17,GRCh38
CGCAATATCCTTCAAC-1,586,40,GRCh38
CGCAATTGTGATGACA-1,223,44,GRCh38
CGCAATTGTTTCCTAT-1,14943,151,Multiplet
CGCAATTGTTTGAGGA-1,1323,17,GRCh38
CGCACAACACAGGCAC-1,696,62,GRCh38
CGCACAACATGCTCCG-1,7506,106,GRCh38
CGCACATAGGATGTGG-1,382,40,GRCh38
CGCACATAGGCGAATG-1,4376,33,GRCh38
CGCACCTTCAATCAGT-1,136,36,GRCh38
CGCACCTTCACCATTC-1,207,40,GRCh38
CGCACCTTCACGCAAC-1,24144,118,GRCh38
CGCACCTTCCCATGCC-1,417,37,GRCh38
CGCACCTTCCTTCGTG-1,113,33,GRCh38
CGCACCTTCGACCCGA-1,254,42,GRCh38
CGCACGATCAGGTCTA-1,2752,88,GRCh38
CGCACGATCATGGACC-1,222,38,GRCh38
CGCACTTCAAATGACC-1,3258,37,GRCh38
CGCACTTCAATTGGTA-1,121,38,GRCh38
CGCACTTCACATGCCT-1,147,33,GRCh38
CGCACTTCACATTACT-1,168,34,GRCh38
CGCACTTCACTAGCCT-1,125,36,GRCh38
CGCACTTCACTATACT-1,373,34,GRCh38
CGCACTTCATCCTAAT-1,207,42,GRCh38
CGCACTTCATGACGTG-1,10952,97,GRCh38
CGCAGATTCACTCAAG-1,1092,16,GRCh38
CGCAGATTCCCCAGTC-1,38848,142,GRCh38
CGCAGATTCCTCACGC-1,330,48,GRCh38
CGCAGATTCCTTAACC-1,18196,109,GRCh38
CGCAGCTGTAATGCGA-1,35898,104,GRCh38
CGCAGCTGTCAGTGCC-1,20755,117,GRCh38
CGCAGCTGTGAGGTAC-1,176,34,GRCh38
CGCAGCTGTGAGTAAT-1,173,41,GRCh38
CGCAGCTGTGATCAGA-1,271,35,GRCh38
CGCAGCTGTGCGATGG-1,48036,217,Multiplet
CGCAGCTGTGCGGAAT-1,53602,167,Multiplet
CGCAGCTGTGCGGCTT-1,172,37,GRCh38
CGCAGGTCACATTCGC-1,152,33,GRCh38
CGCAGGTCACTATCCA-1,30946,163,Multiplet
CGCAGGTCATGACCGA-1,190,36,GRCh38
CGCAGGTCATTAGCTT-1,263,42,GRCh38
CGCAGTTAGAAGGTCG-1,17468,73,GRCh38
CGCAGTTAGCAATTCG-1,809,16,GRCh38
CGCAGTTAGCGCATTA-1,4967,55,GRCh38
CGCAGTTAGCTGGAGA-1,34164,103,GRCh38
CGCAGTTAGTAGGGCA-1,5354,66,GRCh38
CGCATAATCCAGCTCC-1,189,37,GRCh38
CGCATAATCGATGTCA-1,51643,182,Multiplet
CGCATAGCATAGGGCC-1,5907,72,GRCh38
CGCATATGTAATCACC-1,51220,204,Multiplet
CGCATATGTTAAGCCT-1,11126,70,GRCh38
CGCATATGTTAGAGGC-1,621,26,GRCh38
CGCATATGTTGAGGAC-1,2638,48,GRCh38
CGCATCAGTAATCAGG-1,1014,34,GRCh38
CGCATCAGTTCCTGAG-1,4823,20,GRCh38
CGCATCCTCATATCCC-1,900,13,GRCh38
CGCATCCTCCCGCGAA-1,408,41,GRCh38
CGCATCCTCCGCCTTA-1,1025,37,GRCh38
CGCATCCTCCTCTCTC-1,23657,105,GRCh38
CGCATCTCAAGTAGAG-1,503,9,GRCh38
CGCATCTCATCACAGG-1,24810,161,Multiplet
CGCATGGTCCAGATTG-1,1140,21,GRCh38
CGCATGGTCCTCAACT-1,127,48,GRCh38
CGCATGGTCCTCATAC-1,256,34,GRCh38
CGCATGGTCGTCTATC-1,33962,241,Multiplet
CGCATTCCACTCATGC-1,4940,63,GRCh38
CGCATTCCACTTCATG-1,3394,158,Multiplet
CGCATTCCAGGGCCAT-1,387,52,GRCh38
CGCATTCCATTACGAA-1,44551,245,Multiplet
CGCATTCCATTAGGTA-1,3883,93,GRCh38
CGCCAAGTCAGGCACT-1,276,99,GRCh38
CGCCAAGTCCATGCTT-1,13776,62,GRCh38
CGCCAAGTCCCATGCC-1,4648,42,GRCh38
CGCCAAGTCGATCGCG-1,39926,214,Multiplet
CGCCAAGTCGTGCATA-1,17387,171,Multiplet
CGCCAATAGGAGTCGA-1,26012,129,GRCh38
CGCCAATAGTGAAGCG-1,1822,47,GRCh38
CGCCACAAGGTAGATA-1,8630,62,GRCh38
CGCCACAAGGTATGAA-1,4610,163,Multiplet
CGCCACAAGTAATGTC-1,718,72,GRCh38
CGCCACAAGTCGCTAA-1,156,55,GRCh38
CGCCACAAGTGAACCC-1,2175,42,GRCh38
CGCCACAAGTGAGAGT-1,11824,84,GRCh38
CGCCACAAGTGAGTCC-1,217,35,GRCh38
CGCCACAAGTGGCTGT-1,60135,124,GRCh38
CGCCACTTCAATCGGC-1,30254,140,GRCh38
CGCCACTTCCAGCAGT-1,556,26,GRCh38
CGCCACTTCGTACTTC-1,147,41,GRCh38
CGCCATAGTATGGGTA-1,252,46,GRCh38
CGCCATAGTCAGCATT-1,1075,56,GRCh38
CGCCATAGTCTGGGTC-1,168,49,GRCh38
CGCCATAGTGATTGAG-1,122,39,GRCh38
CGCCATAGTTGTCCTC-1,208,42,GRCh38
CGCCATGAGCGATTCA-1,8145,129,GRCh38
CGCCATGAGGTAGGCA-1,5530,109,GRCh38
CGCCATTCAAACCGTG-1,45614,121,GRCh38
CGCCATTCACTAAGGT-1,530,60,GRCh38
CGCCATTCATTAGGGT-1,283,37,GRCh38
CGCCCAAAGCCTGACG-1,4722,217,Multiplet
CGCCCATTCAATCTCC-1,56067,207,Multiplet
CGCCCATTCACCAGAC-1,1580,122,GRCh38
CGCCCATTCACTCCGC-1,30517,155,Multiplet
CGCCCATTCACTCGTT-1,20721,138,GRCh38
CGCCCATTCAGGAGCA-1,1385,32,GRCh38
CGCCCATTCCCAGGCA-1,29271,106,GRCh38
CGCCCATTCCGCACGA-1,260,33,GRCh38
CGCCCATTCCGGACAT-1,196,38,GRCh38
CGCCCATTCCTCACGC-1,4388,71,GRCh38
CGCCCTTAGCCCGTTC-1,326,48,GRCh38
CGCCCTTAGCTTCCGC-1,18813,115,GRCh38
CGCCTAAGTAAGCCAA-1,50655,229,Multiplet
CGCCTAAGTTTAGGCT-1,12270,151,Multiplet
CGCCTAGAGATTGATC-1,123,43,GRCh38
CGCCTAGAGGCAATGG-1,3758,67,GRCh38
CGCCTCACAAGGTCAT-1,5217,167,Multiplet
CGCCTCACACAATGCG-1,215,37,GRCh38
CGCCTCACACATGACG-1,2820,67,GRCh38
CGCCTCACAGGCAAGG-1,59009,169,Multiplet
CGCCTCACAGGCATTG-1,19551,122,GRCh38
CGCCTCACAGGGCAGA-1,131,57,GRCh38
CGCCTCACATCCGGTT-1,20465,107,GRCh38
CGCCTCACATTCAGCC-1,20402,126,GRCh38
CGCCTGAAGAAGCTGG-1,191,37,GRCh38
CGCCTGAAGTGAGCCT-1,113,33,GRCh38
CGCCTGTTCAATCACG-1,1776,18,GRCh38
CGCCTGTTCAATCTGG-1,6433,72,GRCh38
CGCCTGTTCCGTCATT-1,123,33,GRCh38
CGCCTGTTCCTGCGTC-1,1014,20,GRCh38
CGCCTGTTCCTTGATC-1,44233,234,Multiplet
CGCCTGTTCGATGCCG-1,18537,100,GRCh38
CGCCTGTTCGCTTCGC-1,1297,73,GRCh38
CGCCTTGCACATACGG-1,296,62,GRCh38
CGCCTTGCAGGTAGTT-1,20227,126,GRCh38
CGCCTTGCAGTAAGGA-1,42937,226,Multiplet
CGCCTTGCATCCGTTA-1,338,46,GRCh38
CGCGAACCAAACCGAT-1,23229,131,GRCh38
CGCGAACCAACCTACC-1,4247,38,GRCh38
CGCGAACCAAGCGTAT-1,1402,44,GRCh38
CGCGAACCACATGCCT-1,284,53,GRCh38
CGCGAACCAGCACTCT-1,218,47,GRCh38
CGCGAACCATAGGGCC-1,220,41,GRCh38
CGCGAACCATCATAGA-1,322,39,GRCh38
CGCGAAGGTAGCGACG-1,4642,173,Multiplet
CGCGAAGGTCATTCAA-1,5627,261,Multiplet
CGCGAAGGTCTAAGGA-1,135,48,GRCh38
CGCGAAGGTGGGTTGG-1,4288,61,GRCh38
CGCGAAGGTTAGCAGA-1,3584,73,GRCh38
CGCGATTAGGGTTAGG-1,73,81,mm10
CGCGATTAGTCGATCA-1,16823,158,Multiplet
CGCGATTAGTTACCGA-1,1355,33,GRCh38
CGCGATTAGTTGGCTA-1,11411,82,GRCh38
CGCGCAATCACCTCTG-1,5939,81,GRCh38
CGCGCAATCAGCACCG-1,2630,73,GRCh38
CGCGCAATCCACCTGC-1,199,40,GRCh38
CGCGCAATCCCAATGA-1,714,6,GRCh38
CGCGCAATCCCAGGAT-1,1346,21,GRCh38
CGCGCAATCCGCTGGA-1,26027,163,Multiplet
CGCGCAATCCGGTGTG-1,121,63,GRCh38
CGCGCAATCCTGTCTG-1,124,35,GRCh38
CGCGCATGTCTGGTTG-1,10235,104,GRCh38
CGCGCATGTTCATCGG-1,5151,56,GRCh38
CGCGCATGTTCCGTTC-1,228,41,GRCh38
CGCGCATGTTGCCTAG-1,198,36,GRCh38
CGCGCATGTTTCCGAG-1,19738,94,GRCh38
CGCGGTTGTATGGTGA-1,261,47,GRCh38
CGCGGTTGTCAACTAC-1,4346,46,GRCh38
CGCGGTTGTTGTCAGT-1,5676,38,GRCh38
CGCGTACGTCTGGTGC-1,101,44,GRCh38
CGCGTACGTTAAGCCT-1,4714,24,GRCh38
CGCGTACGTTAGAGCA-1,5711,42,GRCh38
CGCGTACGTTGGGCAG-1,53646,148,Multiplet
CGCGTACGTTTGGAGA-1,153,230,Multiplet
CGCGTCAAGCGAGCAA-1,6073,208,Multiplet
CGCGTCAAGCGGTCCA-1,3314,55,GRCh38
CGCGTTAGTATAGCAG-1,194,79,GRCh38
CGCGTTAGTCTGTCCT-1,147,37,GRCh38
CGCGTTAGTTCACTCC-1,143,37,GRCh38
CGCTAAATCATGCTGA-1,1217,53,GRCh38
CGCTAAATCATGGTAT-1,330,33,GRCh38
CGCTAAATCGAGTCCG-1,3091,39,GRCh38
CGCTAACAGGCTCAGT-1,128,36,GRCh38
CGCTAACAGGTAATTC-1,6904,220,Multiplet
CGCTAACAGTCGAGAG-1,38942,262,Multiplet
CGCTAATGTAACCACT-1,5028,188,Multiplet
CGCTAATGTAATGAGT-1,9964,58,GRCh38
CGCTAATGTTAACGCT-1,9022,68,GRCh38
CGCTAATGTTTCGCTC-1,268,67,GRCh38
CGCTACCTCAAGTGCC-1,5652,98,GRCh38
CGCTACCTCACCTTCG-1,137,33,GRCh38
CGCTACCTCAGCTAAT-1,3791,35,GRCh38
CGCTACCTCATCAGGC-1,645,18,GRCh38
CGCTACCTCGCGATTA-1,257,43,GRCh38
CGCTACCTCGTGCTCC-1,129,34,GRCh38
CGCTACCTCTAAGCTG-1,17992,104,GRCh38
CGCTACTCACCAACGA-1,233,47,GRCh38
CGCTACTCATAGAGAG-1,1762,39,GRCh38
CGCTATGGTCAACCTG-1,25173,120,GRCh38
CGCTATGGTCAATCCG-1,3327,36,GRCh38
CGCTATGGTTTCGGGC-1,147,37,GRCh38
CGCTCATCAACCATCC-1,229,52,GRCh38
CGCTCATCAACCGCAA-1,223,42,GRCh38
CGCTCATCAATCAGGT-1,215,38,GRCh38
CGCTCATCACTATCTG-1,553,33,GRCh38
CGCTCATCATGGTAAC-1,166,40,GRCh38
CGCTCCACAACTGTAA-1,135,34,GRCh38
CGCTCCACAAGTGCGC-1,151,37,GRCh38
CGCTCCACAATGCCAG-1,117,36,GRCh38
CGCTCCACACATGAAC-1,1222,87,GRCh38
CGCTCCACACCTAACC-1,154,38,GRCh38
CGCTCCACACTAGCTC-1,124,35,GRCh38
CGCTGATAGGCTCTCC-1,4606,45,GRCh38
CGCTGATAGGTGGATG-1,1348,53,GRCh38
CGCTGATAGTCGATCA-1,42069,173,Multiplet
CGCTGCAAGCAGTTCA-1,7899,29,GRCh38
CGCTGCTTCAGTTGAT-1,116,45,GRCh38
CGCTGCTTCCAGGTAC-1,469,48,GRCh38
CGCTGCTTCCCATTAC-1,1336,81,GRCh38
CGCTGCTTCCTCACCA-1,1072,44,GRCh38
CGCTGCTTCGACCGTG-1,31030,184,Multiplet
CGCTGCTTCTGGGATC-1,285,51,GRCh38
CGCTGCTTCTTGACAG-1,964,107,GRCh38
CGCTGGATCCACCGTC-1,4428,54,GRCh38
CGCTGGATCCAGCATA-1,190,37,GRCh38
CGCTGGATCCAGGTAC-1,37133,199,Multiplet
CGCTGGATCTGTGAAT-1,15147,141,GRCh38
CGCTGTGAGTAGTCAT-1,1418,59,GRCh38
CGCTGTGAGTATGTAC-1,189,36,GRCh38
CGCTGTGAGTTGCCGG-1,20771,176,Multiplet
CGCTGTTCAATTAGGC-1,4627,64,GRCh38
CGCTTAGGTAATCGGA-1,30761,130,GRCh38
CGCTTAGGTGCGGTTC-1,227,36,GRCh38
CGCTTAGGTTCGGTGC-1,290,42,GRCh38
CGCTTAGGTTGCTGGC-1,138,35,GRCh38
CGCTTAGGTTGTGAGA-1,62666,98,GRCh38
CGCTTAGGTTTAGTCA-1,145,34,GRCh38
CGCTTAGGTTTGAGGA-1,356,74,GRCh38
CGCTTCATCACATGCA-1,5103,39,GRCh38
CGCTTCATCGCATCAA-1,22984,165,Multiplet
CGCTTCATCGTTCCGC-1,272,63,GRCh38
CGCTTGCTCACCTCAT-1,4390,91,GRCh38
CGCTTGCTCACGCCTC-1,135,35,GRCh38
CGCTTGCTCGATCATG-1,861,30,GRCh38
CGCTTGCTCGCTTCGC-1,46082,211,Multiplet
CGCTTGCTCTAGTCCT-1,122,35,GRCh38
CGGAAAGTCAATTCCC-1,26441,112,GRCh38
CGGAACCCAATCCATT-1,55193,173,Multiplet
CGGAACCCACAGCAGC-1,535,26,GRCh38
CGGAACCCAGGCAAGG-1,395,44,GRCh38
CGGAACGGTTAGCTTA-1,921,22,GRCh38
CGGACAGGTCAGCGAG-1,16200,90,GRCh38
CGGACAGGTCTAGGAA-1,203,41,GRCh38
CGGACAGGTTATGGGA-1,1434,38,GRCh38
CGGACATTCATCACGA-1,22095,169,Multiplet
CGGACATTCCATCCTG-1,890,39,GRCh38
CGGACATTCCGTAGTA-1,333,41,GRCh38
CGGACTTAGATAGACA-1,5799,38,GRCh38
CGGACTTAGCAGGTAG-1,209,108,GRCh38
CGGACTTAGCAGTCTA-1,23422,130,GRCh38
CGGATAAGTCTAAGTC-1,36787,133,GRCh38
CGGATCACAATACGAC-1,419,43,GRCh38
CGGATCACACCACATC-1,919,19,GRCh38
CGGATCACATTACCTG-1,15694,97,GRCh38
CGGATTCAGAACCATT-1,2506,121,GRCh38
CGGATTCAGAATCCGC-1,237,34,GRCh38
CGGCAAGGTGGAAGCT-1,12118,94,GRCh38
CGGCATTAGGATACCC-1,166,54,GRCh38
CGGCATTAGGCGCTAT-1,14964,117,GRCh38
CGGCATTAGTCAGCTA-1,240,39,GRCh38
CGGCCAATCAATCCGA-1,182,33,GRCh38
CGGCCAATCCTTCCAG-1,180,34,GRCh38
CGGCCTAAGTCAGGAG-1,104,33,GRCh38
CGGCCTAAGTTAGACT-1,731,39,GRCh38
CGGCTAACAAGCATAC-1,504,41,GRCh38
CGGCTAACAAGTGATC-1,152,123,GRCh38
CGGCTAACAATCGCAG-1,19044,168,Multiplet
CGGCTAACAATCGGCA-1,19842,105,GRCh38
CGGCTAACACATTGCC-1,144,38,GRCh38
CGGCTAACATCCTTAG-1,4283,109,GRCh38
CGGCTAGTCCTCTCCT-1,7443,152,Multiplet
CGGCTAGTCGATGACC-1,35824,168,Multiplet
CGGCTCAAGCGAACCT-1,282,48,GRCh38
CGGCTCAAGGTATGAA-1,18836,128,GRCh38
CGGCTCAAGGTCGAGA-1,16672,98,GRCh38
CGGCTCAAGTTAGTAC-1,264,35,GRCh38
CGGCTGATCAAGTCCA-1,106,35,GRCh38
CGGCTGATCCAACCAA-1,25695,130,GRCh38
CGGCTGATCCATTCGT-1,33278,145,Multiplet
CGGCTGATCCGCATCC-1,2253,41,GRCh38
CGGCTGATCTAGTAAC-1,236,37,GRCh38
CGGCTTAGTAACGGCG-1,218,42,GRCh38
CGGCTTAGTAGCGACG-1,52151,247,Multiplet
CGGCTTAGTGAGAGCT-1,21639,129,GRCh38
CGGCTTAGTGATGGAC-1,1047,13,GRCh38
CGGCTTAGTTTGATGC-1,1185,12,GRCh38
CGGCTTGAGCCAGACT-1,7802,70,GRCh38
CGGCTTGAGCGATGAG-1,3245,24,GRCh38
CGGGACTCAACTAATG-1,6290,39,GRCh38
CGGGACTCACTTCGCG-1,22506,206,Multiplet
CGGGACTCATCCGCTG-1,651,25,GRCh38
CGGGACTCATGCTCCG-1,57469,196,Multiplet
CGGGACTCATGGTTGG-1,3138,93,GRCh38
CGGGATGGTAACGAGC-1,763,41,GRCh38
CGGGATGGTGAGGCCA-1,961,53,GRCh38
CGGGATGGTTAAGGGC-1,27306,188,Multiplet
CGGGCAAGTCTCAGGC-1,733,79,GRCh38
CGGGCAAGTTGCTTGG-1,211,47,GRCh38
CGGGCTATCAATCCTC-1,222,42,GRCh38
CGGGCTATCACCCTGC-1,282,43,GRCh38
CGGGCTATCGCATCAA-1,49117,137,GRCh38
CGGGCTATCGTAACCA-1,126,33,GRCh38
CGGGCTTGTTTGCCCT-1,20808,154,Multiplet
CGGGGAACAAATGACC-1,5624,42,GRCh38
CGGGGAACATAGGGTT-1,23214,149,Multiplet
CGGGGAACATCACTGC-1,172,35,GRCh38
CGGGGAACATCGAAGT-1,32070,211,Multiplet
CGGGGAACATGAAGTC-1,264,104,GRCh38
CGGGGAACATGACACG-1,152,38,GRCh38
CGGGGAACATTGCGTC-1,236,38,GRCh38
CGGGGATAGGAGTAAC-1,26354,178,Multiplet
CGGGGATAGGCATTCA-1,1350,41,GRCh38
CGGGGTAGTCCATAGT-1,25114,137,GRCh38
CGGGTAAAGGCGCATT-1,23347,100,GRCh38
CGGGTAAAGGTGCAGA-1,6277,34,GRCh38
CGGGTCATCCCTCTGA-1,488,42,GRCh38
CGGGTCATCCGCACAG-1,185,53,GRCh38
CGGGTGAGTAATGCGA-1,32408,162,Multiplet
CGGGTGAGTTGCAGGG-1,863,302,Multiplet
CGGGTGAGTTGGATCT-1,2934,53,GRCh38
CGGGTGAGTTTCGGCA-1,5341,61,GRCh38
CGGGTTACACTATGGG-1,19023,75,GRCh38
CGGGTTACAGCCAATG-1,19708,110,GRCh38
CGGGTTACATCACACC-1,115,36,GRCh38
CGGGTTACATCCATGC-1,31720,152,Multiplet
CGGGTTTAGGATGGTG-1,117,33,GRCh38
CGGGTTTAGGTGACTC-1,353,88,GRCh38
CGGTAAAGTCAACCAT-1,417,33,GRCh38
CGGTAAAGTTGGTGCC-1,205,33,GRCh38
CGGTAATCAAAGGATG-1,1689,40,GRCh38
CGGTAATCAATCCTAT-1,377,64,GRCh38
CGGTAATCACTTGCCG-1,362,43,GRCh38
CGGTATATCCGGGTTG-1,19504,109,GRCh38
CGGTATATCCTGACCC-1,1485,42,GRCh38
CGGTATATCGTCTCAT-1,17374,72,GRCh38
CGGTATTGTAGTCAGA-1,41511,119,GRCh38
CGGTATTGTCAGCCTA-1,17174,77,GRCh38
CGGTATTGTCTCACAG-1,215,40,GRCh38
CGGTATTGTTTCACGG-1,237,41,GRCh38
CGGTGAAAGCATGCCG-1,246,48,GRCh38
CGGTGAAAGGGCTCCA-1,37763,65,GRCh38
CGGTGAAAGTGACCGT-1,248,33,GRCh38
CGGTGAAAGTTAGCAT-1,16541,80,GRCh38
CGGTGAGGTTCAATCA-1,17592,120,GRCh38
CGGTGCATCATGTGTG-1,2235,52,GRCh38
CGGTGCATCCTCATGT-1,283,41,GRCh38
CGGTGCATCCTCTCGA-1,27727,258,Multiplet
CGGTGCATCGAGTCTA-1,29306,137,GRCh38
CGGTGCATCGCGATAC-1,2816,75,GRCh38
CGGTGCATCTGTGCCC-1,5893,48,GRCh38
CGGTGTTAGGAATCAA-1,11534,57,GRCh38
CGGTGTTAGGTCCATA-1,4177,42,GRCh38
CGGTGTTAGGTCGATC-1,301,39,GRCh38
CGGTTAATCATAGACT-1,162,41,GRCh38
CGGTTAATCATCATCC-1,307,84,GRCh38
CGGTTAATCCATTAGG-1,677,20,GRCh38
CGGTTAATCTGTAACG-1,3550,71,GRCh38
CGGTTAGCACATATAG-1,626,36,GRCh38
CGGTTAGCAGCTCGTT-1,6744,77,GRCh38
CGGTTAGCAGGGCCAT-1,1108,18,GRCh38
CGGTTAGCATCAAGTA-1,47969,129,GRCh38
CGGTTATGTCATCGCA-1,3527,61,GRCh38
CGGTTATGTCTCCAGA-1,205,33,GRCh38
CGGTTATGTCTGGTTG-1,155,46,GRCh38
CGGTTATGTCTTGCCT-1,133,37,GRCh38
CGGTTATGTGCACCGT-1,449,38,GRCh38
CGGTTATGTTCGCGTA-1,688,25,GRCh38
CGGTTATGTTCGGGTC-1,228,40,GRCh38
CGGTTCCTCAGGTGAG-1,145,45,GRCh38
CGGTTCCTCCCTGACC-1,271,56,GRCh38
CGGTTCCTCGTGCTAA-1,606,20,GRCh38
CGGTTCCTCTAAGCAT-1,650,17,GRCh38
CGGTTCTCAACATACA-1,17313,103,GRCh38
CGGTTCTCAACTGTGG-1,14064,80,GRCh38
CGGTTCTCACTCATCA-1,24990,155,Multiplet
CGGTTCTCACTTGCCG-1,12638,165,Multiplet
CGGTTCTCATGCGGAC-1,868,27,GRCh38
CGGTTTCCACTATACT-1,143,42,GRCh38
CGTAAACCAACCTGAG-1,212,50,GRCh38
CGTAAACCAATGCCTC-1,310,51,GRCh38
CGTAAACCAGGATTAC-1,680,48,GRCh38
CGTAAACCATCGACTC-1,323,40,GRCh38
CGTAAAGGTAGTGCGG-1,1507,70,GRCh38
CGTAAAGGTGCGCCAT-1,4360,61,GRCh38
CGTAAAGGTTATGCAC-1,6361,52,GRCh38
CGTAAATTCAAGTCGC-1,4228,45,GRCh38
CGTAAATTCATCAGCA-1,2770,20,GRCh38
CGTAAATTCCCTCGGT-1,308,35,GRCh38
CGTAAATTCCGGGTAT-1,282,43,GRCh38
CGTAAATTCCGGTTCC-1,7556,35,GRCh38
CGTAAATTCGAGTCTA-1,3634,51,GRCh38
CGTAAATTCTGTGGCG-1,1820,22,GRCh38
CGTAACATCAGGGATG-1,1943,27,GRCh38
CGTAACATCGCTTCCA-1,265,37,GRCh38
CGTAATGTCACTCCAT-1,13226,225,Multiplet
CGTAATGTCCAGCACG-1,356,41,GRCh38
CGTAATGTCCGCATGG-1,790,51,GRCh38
CGTAATGTCGAACCTA-1,27697,129,GRCh38
CGTAATTAGGGTTGAG-1,3902,139,GRCh38
CGTACAGCAACCATCC-1,178,40,GRCh38
CGTACAGCAGCCTATC-1,790,52,GRCh38
CGTACAGCATTACGGG-1,5339,77,GRCh38
CGTACCCTCCCTTGAT-1,136,34,GRCh38
CGTACCCTCCGTCCGT-1,132,36,GRCh38
CGTACCCTCCTGACTT-1,185,36,GRCh38
CGTACCTCAACCTGCT-1,137,36,GRCh38
CGTACCTCAATCGACG-1,17556,133,GRCh38
CGTACCTCAATCTGCC-1,353,72,GRCh38
CGTACCTCACATGCCT-1,270,50,GRCh38
CGTACCTCAGTTGGAT-1,16854,86,GRCh38
CGTACCTCATTAGGCG-1,38762,156,Multiplet
CGTACGTAGCATGGAG-1,134,36,GRCh38
CGTACGTAGCGCTTGG-1,25867,137,GRCh38
CGTACTAAGCCCTGAG-1,10944,313,Multiplet
CGTACTAAGCGCTATA-1,1700,79,GRCh38
CGTACTAAGGTAGGAT-1,17456,125,GRCh38
CGTACTGGTAAGTGGC-1,5958,83,GRCh38
CGTACTGGTAATGGGC-1,21064,133,GRCh38
CGTACTGGTAGCCAGG-1,15098,82,GRCh38
CGTACTGGTAGGTGAC-1,1400,20,GRCh38
CGTACTGGTCTGGGTC-1,124,35,GRCh38
CGTACTGGTGATCCTG-1,119,36,GRCh38
CGTACTGGTGCGTGTC-1,39603,182,Multiplet
CGTACTGGTTAATCGC-1,110,33,GRCh38
CGTACTGGTTAGCCTG-1,144,33,GRCh38
CGTACTGGTTTCCTCA-1,135,41,GRCh38
CGTACTGGTTTGGTGT-1,3364,42,GRCh38
CGTAGGCCAAATTCAG-1,837,62,GRCh38
CGTAGGCCAATAGGTC-1,19533,95,GRCh38
CGTAGGCCACCATTGC-1,35033,226,Multiplet
CGTAGGCCAGGGACGA-1,249,39,GRCh38
CGTAGGGGTAGCTTAC-1,2400,86,GRCh38
CGTAGGGGTCAACGGG-1,226,33,GRCh38
CGTAGGGGTGCGGCTT-1,44069,198,Multiplet
CGTAGGGGTGCGGTCT-1,2950,50,GRCh38
CGTAGGGGTGGCCAAG-1,882,18,GRCh38
CGTAGGGGTTCGCAGC-1,33933,145,Multiplet
CGTAGGGGTTGCTAAC-1,1349,323,Multiplet
CGTAGGGGTTTGCCTC-1,150,39,GRCh38
CGTAGGTTCACGGAGA-1,4429,55,GRCh38
CGTAGGTTCACTCTCG-1,262,38,GRCh38
CGTAGGTTCGATCAGC-1,6534,81,GRCh38
CGTAGGTTCGTGAGTC-1,5232,40,GRCh38
CGTAGTCAGCCCTTCA-1,134,58,GRCh38
CGTAGTCAGCTTACGA-1,7761,87,GRCh38
CGTAGTCAGGTCCCGA-1,3859,65,GRCh38
CGTAGTCAGTGCAATT-1,21381,142,GRCh38
CGTAGTTGTAGTTGCT-1,13934,106,GRCh38
CGTAGTTGTCAGCATT-1,2245,38,GRCh38
CGTAGTTGTGCACCAC-1,6547,46,GRCh38
CGTAGTTGTTAGAGTG-1,282,40,GRCh38
CGTAGTTGTTCACGAT-1,4077,49,GRCh38
CGTAGTTGTTCCTCAC-1,231,41,GRCh38
CGTAGTTGTTGTGCAT-1,8873,99,GRCh38
CGTATATAGATTAAGG-1,23905,141,GRCh38
CGTATATAGGTGAACG-1,11058,84,GRCh38
CGTATATAGTGATGCC-1,879,33,GRCh38
CGTATATAGTTGGTTG-1,2871,73,GRCh38
CGTATCCCAAATGACC-1,9796,70,GRCh38
CGTATCCCAAGTGATC-1,253,58,GRCh38
CGTATCCCACTACCCG-1,5746,68,GRCh38
CGTATCCCAGCCAGAC-1,3142,96,GRCh38
CGTATCCCAGGACTAT-1,642,37,GRCh38
CGTATCCCATCACGCT-1,4745,51,GRCh38
CGTATGATCTAATCGG-1,3205,62,GRCh38
CGTATTAGTGCAACGG-1,22087,141,GRCh38
CGTATTAGTGCGGCTT-1,483,37,GRCh38
CGTATTAGTTAACTGC-1,2936,123,GRCh38
CGTATTGAGGGCAGAC-1,3159,34,GRCh38
CGTATTGAGTGATGGG-1,1140,77,GRCh38
CGTCAAATCTCACTCG-1,29104,172,Multiplet
CGTCAATGTAAGGACC-1,38866,186,Multiplet
CGTCAATGTCTTGACG-1,29108,118,GRCh38
CGTCACCTCACTCGTT-1,15012,79,GRCh38
CGTCACCTCCGCGTCT-1,47724,173,Multiplet
CGTCACCTCTAGTACG-1,540,16,GRCh38
CGTCAGGTCAGTGCGT-1,42956,174,Multiplet
CGTCAGGTCATGCCTT-1,18056,118,GRCh38
CGTCAGGTCGATAGCC-1,6991,61,GRCh38
CGTCAGGTCGCTCACC-1,172,41,GRCh38
CGTCAGGTCTGTCTGT-1,109,34,GRCh38
CGTCAGTAGCGAAGCA-1,128,520,mm10
CGTCATAAGCCCGTCT-1,5952,82,GRCh38
CGTCATAAGTGAGATA-1,118,34,GRCh38
CGTCATAAGTGCGGTT-1,2702,100,GRCh38
CGTCATAAGTTAACGT-1,3892,38,GRCh38
CGTCATAAGTTACGGC-1,21315,146,Multiplet
CGTCATAAGTTGGATT-1,1968,43,GRCh38
CGTCATCCACAAGGAA-1,2770,81,GRCh38
CGTCATCCATCCGGTT-1,261,35,GRCh38
CGTCATGGTAGGTCCC-1,16437,104,GRCh38
CGTCATGGTTTGCAGT-1,923,38,GRCh38
CGTCATTTCCCAGGTG-1,116,43,GRCh38
CGTCATTTCCCTCTCT-1,180,35,GRCh38
CGTCATTTCCGTGAGT-1,247,34,GRCh38
CGTCATTTCGACCGCA-1,1031,65,GRCh38
CGTCCAAGTGCGAGCA-1,23487,112,GRCh38
CGTCCAAGTTCAATCA-1,5718,69,GRCh38
CGTCCAAGTTGAGCAA-1,27365,122,GRCh38
CGTCCAAGTTGCGAGG-1,6706,66,GRCh38
CGTCCATCAAGGTGCC-1,2822,131,GRCh38
CGTCCATCAAGTCGCA-1,858,77,GRCh38
CGTCCATCAGGACATT-1,136,35,GRCh38
CGTCCCACAAAGGGAC-1,1504,70,GRCh38
CGTCCCACAATGACAC-1,553,27,GRCh38
CGTCCCACACTTCGTA-1,23042,128,GRCh38
CGTCCCACAGTTGCCT-1,19414,98,GRCh38
CGTCCCACATTGGAGT-1,9924,138,GRCh38
CGTCCGTTCAGCGAAG-1,6761,85,GRCh38
CGTCCGTTCCATCCAT-1,8919,70,GRCh38
CGTCCGTTCGCTCCAC-1,269,70,GRCh38
CGTCCGTTCTAAGCAT-1,19470,113,GRCh38
CGTCCGTTCTGGATAT-1,5695,39,GRCh38
CGTCCTCAGATAGTCT-1,12544,65,GRCh38
CGTCCTCAGATTCACG-1,2783,58,GRCh38
CGTCCTCAGGGGACTA-1,28031,156,Multiplet
CGTCCTCAGTGATACT-1,732,39,GRCh38
CGTCCTCAGTGTCCGG-1,182,34,GRCh38
CGTCCTGCAACCCTTA-1,1054,33,GRCh38
CGTCCTGCAACCTGTC-1,197,36,GRCh38
CGTCCTGCAATGTAGC-1,144,35,GRCh38
CGTCCTGCACATTAGA-1,796,144,GRCh38
CGTCCTGCACCTCGTG-1,479,40,GRCh38
CGTCCTGCATAGGTGT-1,24185,89,GRCh38
CGTCCTTGTAGGTACA-1,6776,82,GRCh38
CGTCCTTGTTAGTCGT-1,119,73,GRCh38
CGTCCTTGTTATCAGC-1,252,48,GRCh38
CGTCCTTGTTCACGCA-1,23675,143,GRCh38
CGTCCTTGTTCCGTCT-1,139,35,GRCh38
CGTCCTTGTTCCTGCT-1,123,34,GRCh38
CGTCCTTGTTGGAGTA-1,15504,124,GRCh38
CGTCCTTGTTGGGTCC-1,165,38,GRCh38
CGTCCTTGTTGTCCTC-1,2341,56,GRCh38
CGTCGCTTCATCTGTC-1,7985,60,GRCh38
CGTCGCTTCCGTGTCC-1,110,33,GRCh38
CGTCGCTTCCTGCCAC-1,5787,151,Multiplet
CGTCGCTTCCTGCTCA-1,4183,50,GRCh38
CGTCGTAGTGAAGCTA-1,47608,132,GRCh38
CGTCGTTCAAGCATCG-1,3219,73,GRCh38
CGTCGTTCAGTTGGAT-1,2523,35,GRCh38
CGTCTATTCCATAGAT-1,187,41,GRCh38
CGTCTATTCCCCTTAG-1,127,34,GRCh38
CGTCTATTCTGGGCTG-1,17626,120,GRCh38
CGTCTCATCAATTGCG-1,184,39,GRCh38
CGTCTCATCATCATCC-1,574,37,GRCh38
CGTCTCATCCATAGAT-1,36740,150,Multiplet
CGTCTCATCCATGAAT-1,1575,49,GRCh38
CGTCTCATCGCTCACC-1,21812,108,GRCh38
CGTCTCATCGTGCATA-1,176,47,GRCh38
CGTCTTGTCACCTTAC-1,2372,25,GRCh38
CGTCTTGTCATCGTGA-1,44986,110,GRCh38
CGTCTTGTCCGTTACT-1,156,34,GRCh38
CGTCTTGTCTAATCGG-1,1350,20,GRCh38
CGTGAAAGTAGTCCAT-1,14570,79,GRCh38
CGTGACCGTCATCCGA-1,1094,12,GRCh38
CGTGACCGTTAGGCAA-1,1811,17,GRCh38
CGTGACCGTTATCATG-1,2005,41,GRCh38
CGTGACCGTTCCGGTA-1,411,78,GRCh38
CGTGACCGTTTGAGAG-1,1458,68,GRCh38
CGTGAGAAGCTACCTT-1,9858,69,GRCh38
CGTGAGAAGGTGACTC-1,175,50,GRCh38
CGTGAGGGTGGGAACT-1,3736,70,GRCh38
CGTGATGCAAGCACGC-1,1440,194,Multiplet
CGTGATTGTCCATCCT-1,637,14,GRCh38
CGTGATTGTTGAGGAC-1,50462,72,GRCh38
CGTGATTGTTGAGGCG-1,46821,143,GRCh38
CGTGATTGTTGGTCTG-1,3791,65,GRCh38
CGTGCAACAACCTGGA-1,682,25,GRCh38
CGTGCAACAGTTGGAT-1,44426,157,Multiplet
CGTGCAACATGCAGGC-1,3776,35,GRCh38
CGTGCCTTCCGCTGTC-1,254,35,GRCh38
CGTGCTAGTAGCTCAT-1,5476,42,GRCh38
CGTGCTAGTGATCCAT-1,56838,95,GRCh38
CGTGCTAGTTTCAGTA-1,37920,219,Multiplet
CGTGCTGAGCAATTCG-1,821,20,GRCh38
CGTGCTGAGCATAGCC-1,3763,66,GRCh38
CGTGCTGAGGCATCAC-1,2920,47,GRCh38
CGTGCTGAGGGTCATC-1,13480,128,GRCh38
CGTGCTGAGTAAGCCC-1,181,38,GRCh38
CGTGCTGAGTAGGTAA-1,16216,132,GRCh38
CGTGCTGAGTGCTGTA-1,1616,90,GRCh38
CGTGGATTCAGGCACT-1,2156,49,GRCh38
CGTGGATTCCATATCC-1,3460,228,Multiplet
CGTGGATTCGTAGTTG-1,217,39,GRCh38
CGTGGATTCGTCTCGC-1,2744,80,GRCh38
CGTGGCTGTAGCCTGC-1,54362,137,GRCh38
CGTGGCTGTAGTAAGT-1,376,61,GRCh38
CGTGGGTCAAACCGCA-1,53173,102,GRCh38
CGTGGGTCATGACACG-1,4623,64,GRCh38
CGTGGGTCATGATAGC-1,21208,133,GRCh38
CGTGGGTCATGCAGGC-1,3484,51,GRCh38
CGTGGTTAGAAGGATC-1,52954,132,GRCh38
CGTGGTTAGATAGCGG-1,1593,43,GRCh38
CGTGGTTAGCAAGCCT-1,358,57,GRCh38
CGTGGTTAGGATGAGT-1,2103,13,GRCh38
CGTGGTTAGGTATATC-1,1225,22,GRCh38
CGTGTATGTAAGTGAT-1,7745,29,GRCh38
CGTGTATGTGCGATGG-1,6175,51,GRCh38
CGTGTCAGTTAAGCAG-1,13945,134,GRCh38
CGTGTTAAGGATGGTG-1,1252,9,GRCh38
CGTGTTAAGGGGATGC-1,17153,112,GRCh38
CGTGTTGGTGATGCCC-1,741,15,GRCh38
CGTTAATAGCAGGTCT-1,34981,61,GRCh38
CGTTAATAGGCATCCG-1,627,22,GRCh38
CGTTAATAGGTTGGCT-1,1147,197,Multiplet
CGTTACTTCACTGGCG-1,4433,39,GRCh38
CGTTACTTCATGTCTC-1,39112,153,Multiplet
CGTTACTTCCATGACA-1,206,35,GRCh38
CGTTACTTCCCAGGAT-1,42865,155,Multiplet
CGTTACTTCGCTCTCA-1,57012,185,Multiplet
CGTTATAGTAAGTAAC-1,40855,187,Multiplet
CGTTATAGTCATGAAG-1,958,54,GRCh38
CGTTATAGTTAATCTG-1,2038,36,GRCh38
CGTTATGAGCCCTGTC-1,47069,85,GRCh38
CGTTATGAGCTAATGT-1,37178,184,Multiplet
CGTTATGAGGAACCGA-1,51444,139,GRCh38
CGTTATGAGGGTGAAT-1,1125,38,GRCh38
CGTTCACCAAGGGCTC-1,2202,74,GRCh38
CGTTCACCACATACGG-1,4399,86,GRCh38
CGTTCACCAGGCAGGA-1,405,51,GRCh38
CGTTCACCATCACTGC-1,2016,73,GRCh38
CGTTCACCATCCCGAT-1,262,77,GRCh38
CGTTCACCATCGGGAC-1,34189,293,Multiplet
CGTTCACCATTCGGCT-1,19593,150,Multiplet
CGTTCAGGTCATGGTT-1,22533,166,Multiplet
CGTTCAGGTTCCAGGC-1,255,39,GRCh38
CGTTCAGGTTGCTTAA-1,4362,45,GRCh38
CGTTCAGGTTTCGGGC-1,210,38,GRCh38
CGTTCATTCACATGAT-1,242,40,GRCh38
CGTTCATTCACCTTAC-1,301,39,GRCh38
CGTTCATTCACGCAAC-1,16322,106,GRCh38
CGTTCATTCACGCGCA-1,133,33,GRCh38
CGTTCATTCCAGCAAC-1,134,35,GRCh38
CGTTCCATCATGCACA-1,154,35,GRCh38
CGTTCCATCGCTGGCA-1,3470,93,GRCh38
CGTTCCATCGCTTGCC-1,180,33,GRCh38
CGTTCCGCACAGCGGT-1,25373,108,GRCh38
CGTTCCGCACAGGATT-1,168,35,GRCh38
CGTTCCGCAGCTCACT-1,189,33,GRCh38
CGTTCCGCATAATCTC-1,17432,170,Multiplet
CGTTCCGCATCCTAAT-1,135,46,GRCh38
CGTTCCGCATTACTAC-1,269,41,GRCh38
CGTTCCTGTAAGTGGC-1,19031,95,GRCh38
CGTTCCTGTCAGCTAT-1,9640,195,Multiplet
CGTTCCTGTCAGGACG-1,40263,140,GRCh38
CGTTCCTGTGAAGCCG-1,198,33,GRCh38
CGTTCCTGTGGCGTTC-1,104,33,GRCh38
CGTTCCTGTTCCATCC-1,286,49,GRCh38
CGTTCCTGTTGAATCC-1,11331,84,GRCh38
CGTTCCTGTTTGGAGA-1,244,36,GRCh38
CGTTCGCTCATGCCGG-1,136,34,GRCh38
CGTTCGCTCCATCGCC-1,128,34,GRCh38
CGTTCGCTCGATGTCA-1,1430,147,Multiplet
CGTTCGCTCTGGCTCC-1,270,75,GRCh38
CGTTGAATCAATTGCG-1,7224,59,GRCh38
CGTTGAATCCTCGACC-1,31578,143,GRCh38
CGTTGCCTCCGTTAGA-1,122,40,GRCh38
CGTTGCCTCGTGATAT-1,204,36,GRCh38
CGTTGCCTCTGGTGAC-1,251,34,GRCh38
CGTTGGACAAACCGTG-1,212,49,GRCh38
CGTTGGACAACTAGAC-1,9524,62,GRCh38
CGTTGGACACAGCCTT-1,319,46,GRCh38
CGTTGGACATCCTTAG-1,127,46,GRCh38
CGTTGGGTCCCGCTGT-1,236,42,GRCh38
CGTTGGGTCGAAGGGC-1,362,42,GRCh38
CGTTGGGTCGAAGTCC-1,1587,63,GRCh38
CGTTGGGTCGCTCTCA-1,2713,43,GRCh38
CGTTGGGTCTAGCTGA-1,11878,125,GRCh38
CGTTGTAAGCATATCG-1,51900,98,GRCh38
CGTTGTAAGCTTAGGC-1,37724,248,Multiplet
CGTTGTAAGGTGGAGC-1,25015,116,GRCh38
CGTTGTCCAAATTCAG-1,191,38,GRCh38
CGTTGTCCAACGTGCA-1,501,21,GRCh38
CGTTGTCCAATCATCT-1,11503,78,GRCh38
CGTTTAAGTAATGTCC-1,3316,72,GRCh38
CGTTTAAGTTCCAGTG-1,2062,36,GRCh38
CGTTTAAGTTCTGGCA-1,282,97,GRCh38
CGTTTCACAATACCGG-1,149,34,GRCh38
CGTTTCACAATCGGGC-1,278,42,GRCh38
CGTTTCACACCTACCG-1,1027,84,GRCh38
CGTTTCACAGGACTAT-1,33314,200,Multiplet
CGTTTCCGTATTGCGT-1,12498,155,Multiplet
CGTTTCCGTCAAGGGT-1,238,58,GRCh38
CGTTTCCGTGGCCATC-1,143,34,GRCh38
CGTTTCCGTGGCTGCT-1,156,38,GRCh38
CGTTTCCGTTAACTGC-1,10546,84,GRCh38
CGTTTCCGTTCCGGGT-1,22348,120,GRCh38
CGTTTCCGTTGTAGGA-1,245,43,GRCh38
CGTTTGAAGAAGGTAC-1,826,9,GRCh38
CGTTTGAAGGAGCTGA-1,648,35,GRCh38
CGTTTGAAGGATAGCG-1,580,15,GRCh38
CGTTTGAAGGCACTGT-1,186,43,GRCh38
CGTTTGGGTGGCTTGC-1,278,47,GRCh38
CGTTTGGGTGGGAATC-1,2731,232,Multiplet
CGTTTGGGTTTAATCG-1,228,43,GRCh38
CTAAACCGTCAGCATT-1,2931,145,Multiplet
CTAAACCGTCCATATA-1,162,40,GRCh38
CTAAACCGTCTGGTCA-1,230,66,GRCh38
CTAAACCGTGAGTTGA-1,114,34,GRCh38
CTAAACCGTTAGCGTT-1,1602,21,GRCh38
CTAAACCGTTGCATGT-1,2807,10,GRCh38
CTAAACTAGAAGCACG-1,222,34,GRCh38
CTAAACTAGCATAGGG-1,33677,154,Multiplet
CTAAACTAGCTATGGC-1,4154,128,GRCh38
CTAAACTAGGTGACGA-1,1306,123,GRCh38
CTAAAGCCAAACCTGG-1,19975,157,Multiplet
CTAAAGCCAAATGCCG-1,22211,96,GRCh38
CTAAAGCCAATCCTAT-1,3566,42,GRCh38
CTAAAGCCACATGCAG-1,17027,83,GRCh38
CTAAAGCCAGCACGAC-1,49212,193,Multiplet
CTAAAGCCAGGTTAGT-1,6631,35,GRCh38
CTAAAGCCATCAATCT-1,160,42,GRCh38
CTAAAGCCATCCGTCG-1,94,34,GRCh38
CTAAAGCCATTCATAC-1,221,43,GRCh38
CTAAAGGGTTAGGTTC-1,191,42,GRCh38
CTAAAGGGTTGGCTTG-1,1847,34,GRCh38
CTAAATGCAATAGCCG-1,266,40,GRCh38
CTAAATGCAATTGACA-1,183,61,GRCh38
CTAAATGCATGCTCAC-1,165,41,GRCh38
CTAACATAGTCGACAC-1,1336,29,GRCh38
CTAACATAGTCGCAAC-1,274,90,GRCh38
CTAACATAGTTAGCAT-1,11971,165,Multiplet
CTAACCAAGCGCTTGG-1,677,68,GRCh38
CTAACCTTCCGTGTCC-1,171,34,GRCh38
CTAACCTTCCGTTGCC-1,211,37,GRCh38
CTAACCTTCGAATCTG-1,253,34,GRCh38
CTAACCTTCGATATGT-1,26411,147,Multiplet
CTAACCTTCGCTCTGC-1,338,56,GRCh38
CTAACCTTCTCATTGC-1,264,37,GRCh38
CTAACCTTCTGGTAAT-1,15465,58,GRCh38
CTAACGATCCGCGCAA-1,36182,152,Multiplet
CTAACGATCCTGCTGC-1,3723,88,GRCh38
CTAACGATCGCGCACA-1,6851,361,Multiplet
CTAAGCATCACCTCTG-1,142,34,GRCh38
CTAAGCATCACTAACG-1,286,38,GRCh38
CTAAGCATCCGGTAAC-1,203,43,GRCh38
CTAAGCATCCGGTACG-1,858,18,GRCh38
CTAAGCATCGAATGAA-1,5591,11,GRCh38
CTAAGCCAGCAACCAC-1,233,58,GRCh38
CTAAGCCAGGTGCGTT-1,135,44,GRCh38
CTAAGCCAGTACCAGC-1,838,16,GRCh38
CTAAGCCAGTAGAGGT-1,11434,78,GRCh38
CTAAGCCAGTCGCATA-1,16943,110,GRCh38
CTAAGCCAGTGGCGAA-1,106,39,GRCh38
CTAAGGCTCCGCGGTA-1,127,38,GRCh38
CTAAGGCTCTGGCTGG-1,3897,82,GRCh38
CTAAGGGAGAACGAGT-1,5562,70,GRCh38
CTAAGGGAGATAGAGC-1,31960,124,GRCh38
CTAAGGGAGATAGCTT-1,3613,93,GRCh38
CTAAGGGAGCCAGCAT-1,760,117,GRCh38
CTAAGGTCAAAGGTGA-1,203,33,GRCh38
CTAAGGTCAAGCACCA-1,9246,52,GRCh38
CTAAGGTCACCTCGTG-1,5871,68,GRCh38
CTAAGGTCATCGGGTA-1,6116,61,GRCh38
CTAAGGTCATGGTAAC-1,28023,168,Multiplet
CTAATCCTCATGGTTG-1,5656,29,GRCh38
CTAATCCTCCGCAAGT-1,33706,228,Multiplet
CTAATCCTCCTGTGCC-1,114,33,GRCh38
CTAATCCTCGCGCGTA-1,1292,16,GRCh38
CTAATCCTCGCTGAGT-1,7458,105,GRCh38
CTAATCTCAAGTCCTC-1,9473,64,GRCh38
CTAATGGTCCAGATGC-1,219,44,GRCh38
CTAATGGTCGTTACTC-1,4291,42,GRCh38
CTAATGGTCTAGTGCA-1,308,62,GRCh38
CTAATTGGTCAATCAC-1,257,45,GRCh38
CTAATTGGTGAGCCCT-1,277,33,GRCh38
CTACAATAGCGGAGAC-1,4940,86,GRCh38
CTACAATAGGATCTGC-1,141,35,GRCh38
CTACAATAGGTGAAGT-1,5420,67,GRCh38
CTACAATAGGTGGCAA-1,1441,7,GRCh38
CTACAATAGTCGAATT-1,214,33,GRCh38
CTACACAAGAATCATC-1,656,44,GRCh38
CTACACAAGCAAGGTG-1,98,45,GRCh38
CTACACAAGGTACTGC-1,27093,274,Multiplet
CTACACCCAAGCTGAT-1,226,42,GRCh38
CTACACCCAATTCGCC-1,7088,57,GRCh38
CTACACCCACGCCATT-1,1256,25,GRCh38
CTACACCCAGTTAGTA-1,143,33,GRCh38
CTACACCCATCGAAGT-1,50698,103,GRCh38
CTACACCCATGGCGTA-1,173,50,GRCh38
CTACAGGCAACCATCC-1,148,39,GRCh38
CTACAGGCAACGGGTC-1,238,39,GRCh38
CTACAGGCAAGCTGCA-1,3856,23,GRCh38
CTACAGGCACAATGGT-1,16884,46,GRCh38
CTACAGGCATGACCGA-1,662,61,GRCh38
CTACAGGCATTCGCAC-1,16151,103,GRCh38
CTACAGGCATTCGTTG-1,152,37,GRCh38
CTACATAGTATAGCTC-1,14252,82,GRCh38
CTACATAGTCTTGCTC-1,111,33,GRCh38
CTACATAGTTCCGTAG-1,18655,111,GRCh38
CTACATAGTTTCCGTC-1,189,36,GRCh38
CTACATAGTTTGACAC-1,10649,85,GRCh38
CTACATGAGTCAATGT-1,45032,172,Multiplet
CTACATTCAAATGGTC-1,3452,144,GRCh38
CTACATTCAACGGCAC-1,251,37,GRCh38
CTACATTCAGTTGCAG-1,13272,115,GRCh38
CTACATTCATAAGCGT-1,14733,70,GRCh38
CTACATTCATTCGGCT-1,2102,66,GRCh38
CTACCAAAGGTGCTCG-1,680,25,GRCh38
CTACCATTCGTACCAA-1,32417,155,Multiplet
CTACCATTCTAGTACG-1,1189,104,GRCh38
CTACCATTCTGTGCCC-1,261,61,GRCh38
CTACCCGCAACCTGTC-1,148,33,GRCh38
CTACCCGCAATCTCTG-1,696,37,GRCh38
CTACCCGCACTAACCC-1,136,33,GRCh38
CTACCCGCACTTAGCC-1,141,33,GRCh38
CTACCCGCAGCAGGGA-1,119,249,mm10
CTACCCGCATTCGCCG-1,160,34,GRCh38
CTACCCGCATTGCCGT-1,241,83,GRCh38
CTACCCTGTATTGCTA-1,184,37,GRCh38
CTACCCTGTCATCCAG-1,1408,43,GRCh38
CTACCCTGTTCCTCGT-1,320,64,GRCh38
CTACCCTGTTCGCAAT-1,261,49,GRCh38
CTACCCTGTTCGCACA-1,20008,92,GRCh38
CTACCCTGTTCTGGCA-1,243,35,GRCh38
CTACCCTGTTGGTTAC-1,11966,120,GRCh38
CTACCGCTCAGCGATC-1,1736,102,GRCh38
CTACCGCTCATACTCC-1,118,34,GRCh38
CTACCGCTCCATGCGG-1,2263,35,GRCh38
CTACCGCTCGAGTGTC-1,5816,149,Multiplet
CTACCGCTCTATCGCT-1,36075,212,Multiplet
CTACCGCTCTGGGACT-1,515,34,GRCh38
CTACGAATCATACTCC-1,157,56,GRCh38
CTACGAATCATCACTC-1,271,34,GRCh38
CTACGAATCGCATCGG-1,136,70,GRCh38
CTACGACAGCATAGCC-1,124,34,GRCh38
CTACGACAGCATTAGT-1,11034,56,GRCh38
CTACGACAGCTATGAT-1,16528,96,GRCh38
CTACGACAGGTATGGG-1,904,161,Multiplet
CTACGACAGTGATCTG-1,12880,76,GRCh38
CTACGATGTCAATGCT-1,289,47,GRCh38
CTACGATGTCTCAGTG-1,10965,102,GRCh38
CTACGATGTCTCCAAG-1,32208,132,GRCh38
CTACGATGTGAGACTA-1,198,34,GRCh38
CTACGATGTTAGACAG-1,223,39,GRCh38
CTACGATGTTCCGTTC-1,261,41,GRCh38
CTACGATGTTGAAGGC-1,7635,56,GRCh38
CTACGATGTTTGGACT-1,125,35,GRCh38
CTACGCCTCTAACCGA-1,23015,134,GRCh38
CTACGGACAATATCTC-1,5370,71,GRCh38
CTACGGACACCTCACG-1,209,39,GRCh38
CTACGGACACTTACTG-1,198,33,GRCh38
CTACGGACAGGAATCT-1,173,56,GRCh38
CTACGGACAGGATGAA-1,1957,33,GRCh38
CTACGGACATGCTTCA-1,18889,132,GRCh38
CTACGGGTCACCTAGA-1,1209,45,GRCh38
CTACGTCCAAGCTACG-1,169,41,GRCh38
CTACGTCCAGTTGGGC-1,8632,67,GRCh38
CTACGTTTCGCGCTCT-1,37089,179,Multiplet
CTACTCACAAAGGAGC-1,16277,65,GRCh38
CTACTCACAACATTAG-1,123,34,GRCh38
CTACTCACACCTCACG-1,199,33,GRCh38
CTACTCACAGGTTGGC-1,7429,101,GRCh38
CTACTCACATAGAGCT-1,357,197,Multiplet
CTACTCACATGGCTTC-1,30017,237,Multiplet
CTACTCCGTGCGCATC-1,603,35,GRCh38
CTACTCCGTTAACCGT-1,5472,68,GRCh38
CTACTGTTCCATGCCC-1,113,35,GRCh38
CTACTGTTCCCAATCT-1,35010,50,GRCh38
CTACTGTTCCCCTTGA-1,324,171,Multiplet
CTACTTATCATGGTTG-1,139,35,GRCh38
CTACTTATCCTGCGCT-1,15433,110,GRCh38
CTACTTGCAAGCATAC-1,133,35,GRCh38
CTACTTGCAATTGGAC-1,6371,93,GRCh38
CTACTTGCACCAGGGT-1,217,35,GRCh38
CTACTTGCACCTATAT-1,956,200,Multiplet
CTACTTGCACTAGGAT-1,13030,91,GRCh38
CTACTTGCACTTACAT-1,239,40,GRCh38
CTACTTGCAGCACTAG-1,191,39,GRCh38
CTACTTGCAGCCATGA-1,246,59,GRCh38
CTACTTGCATGGATCG-1,1862,175,Multiplet
CTACTTGCATTAGACA-1,113,35,GRCh38
CTAGAACCAGCTAAGT-1,219,49,GRCh38
CTAGAACCATAACGCG-1,238,35,GRCh38
CTAGAAGGTCAGGCTC-1,75757,118,GRCh38
CTAGAAGGTTCGCTCT-1,196,35,GRCh38
CTAGAAGGTTGCACGC-1,9607,57,GRCh38
CTAGAAGGTTTCACGG-1,17126,123,GRCh38
CTAGATTAGGTGAGTG-1,917,125,GRCh38
CTAGATTAGGTTCGTA-1,214,40,GRCh38
CTAGATTAGTCATCGA-1,47355,211,Multiplet
CTAGATTAGTTGCTTC-1,6313,48,GRCh38
CTAGCATGTATGGTTC-1,186,43,GRCh38
CTAGCATGTCAAGTCT-1,245,44,GRCh38
CTAGCATGTGCATCGC-1,2893,34,GRCh38
CTAGCATGTTAATCTG-1,4900,102,GRCh38
CTAGCATGTTAATTCG-1,14328,75,GRCh38
CTAGCATGTTATCTAG-1,219,42,GRCh38
CTAGCATGTTCGTAGT-1,239,43,GRCh38
CTAGCATGTTCGTATA-1,168,33,GRCh38
CTAGCCAGTAGTTAGG-1,311,41,GRCh38
CTAGCCAGTCTGGGCT-1,28381,174,Multiplet
CTAGCCAGTGGGTAGT-1,4188,10,GRCh38
CTAGCCTCACATGCTC-1,150,33,GRCh38
CTAGCCTCACTAGTAA-1,10912,75,GRCh38
CTAGCGCGTAATGCCT-1,220,36,GRCh38
CTAGCGCGTATGGTGA-1,58962,128,GRCh38
CTAGCGCGTCATTCCC-1,131,36,GRCh38
CTAGCGCGTTATGCAC-1,37971,217,Multiplet
CTAGCGCGTTGACGTT-1,217,40,GRCh38
CTAGCGCGTTTAGGAG-1,1289,11,GRCh38
CTAGCTGGTAATCCGT-1,221,45,GRCh38
CTAGCTGGTTCGTCAG-1,149,34,GRCh38
CTAGCTGGTTGTGACT-1,119,36,GRCh38
CTAGCTGGTTTGAGCT-1,432,33,GRCh38
CTAGCTGGTTTGAGTC-1,185,60,GRCh38
CTAGGTTGTCTAGCTG-1,223,33,GRCh38
CTAGGTTGTGAGAGCT-1,12817,59,GRCh38
CTAGGTTGTTCGTCTC-1,23687,137,GRCh38
CTAGGTTGTTGCATGT-1,98,37,GRCh38
CTAGTAACACAACTAA-1,47347,98,GRCh38
CTAGTAACAGGTAATC-1,57202,168,Multiplet
CTAGTATAGTCATTGG-1,253,39,GRCh38
CTAGTCAAGAATCAAG-1,534,13,GRCh38
CTAGTCAAGAATCGCC-1,146,38,GRCh38
CTAGTCAAGGTCACTA-1,224,48,GRCh38
CTAGTCAAGTAGGATA-1,45917,197,Multiplet
CTAGTTAGTGAACCGG-1,12221,146,Multiplet
CTAGTTAGTTTACGCG-1,2891,45,GRCh38
CTAGTTGAGCATATAC-1,263,42,GRCh38
CTAGTTGAGCCTGAGT-1,30740,174,Multiplet
CTAGTTGAGCCTGTAA-1,19881,125,GRCh38
CTAGTTGAGCGGATAG-1,1655,119,GRCh38
CTAGTTGAGCGGGTAA-1,32298,113,GRCh38
CTAGTTGAGTGATGGG-1,16956,95,GRCh38
CTATAGGTCCCTCTCT-1,159,42,GRCh38
CTATAGTAGATACTGT-1,743,42,GRCh38
CTATAGTAGCCAGTAC-1,16195,95,GRCh38
CTATATGGTAACCCAT-1,70579,141,GRCh38
CTATATGGTGCGAGCA-1,222,36,GRCh38
CTATATGGTGGACATA-1,2828,72,GRCh38
CTATATGGTTATCGGT-1,44028,104,GRCh38
CTATATGGTTGGCCGT-1,671,503,Multiplet
CTATCAAGTCCATACG-1,3031,37,GRCh38
CTATCAAGTCTTGCCT-1,232,47,GRCh38
CTATCAAGTTGCATGT-1,10902,469,Multiplet
CTATCATCAAGCGATT-1,75646,105,GRCh38
CTATCATCAAGTGTGT-1,2933,32,GRCh38
CTATCATCACCAGCAA-1,341,35,GRCh38
CTATCATCATGGTAGT-1,345,51,GRCh38
CTATCGAAGGCTCCAG-1,34452,301,Multiplet
CTATCGCCAAGGTGCC-1,1467,74,GRCh38
CTATCGCCACTCAATT-1,24342,123,GRCh38
CTATCGTTCACTCACT-1,28032,92,GRCh38
CTATCGTTCCAACTAG-1,908,39,GRCh38
CTATCGTTCGACTACA-1,45413,97,GRCh38
CTATCGTTCGCTTCGC-1,14524,84,GRCh38
CTATCTATCCGTCACC-1,4550,56,GRCh38
CTATGCAAGGTGCTCG-1,6224,70,GRCh38
CTATGCTTCGACCTGG-1,1042,32,GRCh38
CTATGCTTCGCTTGAA-1,936,4,GRCh38
CTATGGATCACTCCAT-1,44834,206,Multiplet
CTATGGATCAGGCTAC-1,38569,131,GRCh38
CTATGGATCATGGCGT-1,3675,44,GRCh38
CTATGGATCCTCTAAC-1,131,36,GRCh38
CTATGGATCCTGTCTG-1,151,78,GRCh38
CTATGGATCTGGGAAG-1,16877,78,GRCh38
CTATGGGCAAGCGATT-1,7745,64,GRCh38
CTATGGGCAAGGTGCC-1,5242,100,GRCh38
CTATGGGCACAGGCTA-1,3214,104,GRCh38
CTATGGGCACTATCGC-1,24079,148,Multiplet
CTATGGGCACTCAGGA-1,781,29,GRCh38
CTATGTGAGCCACTCC-1,9217,171,Multiplet
CTATGTTCAAATTCAG-1,688,43,GRCh38
CTATGTTCAATCCTGC-1,248,53,GRCh38
CTATGTTCACCATACC-1,6066,123,GRCh38
CTATGTTCACTCAATT-1,6553,101,GRCh38
CTATTCATCAGGCATC-1,121,41,GRCh38
CTATTGAGTCCCGAGT-1,11184,57,GRCh38
CTATTGAGTCTAATTG-1,18664,74,GRCh38
CTATTGAGTCTGTCCT-1,310,59,GRCh38
CTATTGAGTTAAGGGC-1,5410,157,Multiplet
CTATTGAGTTATGACC-1,827,536,Multiplet
CTATTGCTCACGCCAG-1,6067,83,GRCh38
CTATTGCTCCTTCGGC-1,128,37,GRCh38
CTCAAAGTCACCAGAC-1,63920,180,Multiplet
CTCAAAGTCACCTTAC-1,50643,233,Multiplet
CTCAAAGTCCCTTGCA-1,10553,86,GRCh38
CTCAAAGTCTGGTCCC-1,32668,175,Multiplet
CTCAACGGTTTGGAGA-1,43790,133,GRCh38
CTCAACTTCAGCAAGG-1,45579,156,Multiplet
CTCAACTTCATCGAAT-1,274,41,GRCh38
CTCAACTTCGAACCAC-1,113,35,GRCh38
CTCAACTTCGCGAGTT-1,17437,110,GRCh38
CTCAATAGTCTTGGAT-1,1863,30,GRCh38
CTCAATTCAACTATCT-1,955,34,GRCh38
CTCACACCAAACCGGC-1,2442,49,GRCh38
CTCACACCAACATACA-1,255,40,GRCh38
CTCACACCACTTACGC-1,2158,47,GRCh38
CTCACACCAGGAACCC-1,2521,63,GRCh38
CTCACACCATTACACT-1,159,34,GRCh38
CTCACATTCACATGCA-1,148,35,GRCh38
CTCACATTCCAACTCT-1,1856,188,Multiplet
CTCACATTCGACATTG-1,807,72,GRCh38
CTCACATTCTTGAGCA-1,302,52,GRCh38
CTCACCATCAATCCGA-1,149,42,GRCh38
CTCACCATCAGGCTCG-1,260,51,GRCh38
CTCACCATCATGCCGG-1,485,46,GRCh38
CTCACCATCCAGCCGA-1,310,39,GRCh38
CTCACCATCCGGGTCA-1,6331,85,GRCh38
CTCACCATCTATCAGG-1,141,35,GRCh38
CTCACCTGTAACCGAA-1,643,38,GRCh38
CTCACCTGTAATGGTG-1,133,36,GRCh38
CTCACCTGTCAACTCG-1,265,36,GRCh38
CTCACCTGTCAAGCGG-1,128,33,GRCh38
CTCACCTGTGGCTCAC-1,128,33,GRCh38
CTCACCTGTTCACTGG-1,128,36,GRCh38
CTCACCTGTTCGCTCT-1,124,35,GRCh38
CTCACCTGTTGCGACC-1,2099,39,GRCh38
CTCACCTGTTTCGTCC-1,137,38,GRCh38
CTCACGAGTGGCGTGA-1,8604,60,GRCh38
CTCACGAGTTCTGGCA-1,35751,98,GRCh38
CTCACGAGTTGGGTAA-1,17284,100,GRCh38
CTCACGAGTTTGCCCT-1,164,35,GRCh38
CTCAGCTCAAACTAGC-1,1446,53,GRCh38
CTCAGCTCAATACTAG-1,150,66,GRCh38
CTCAGCTCAATAGGAG-1,19522,140,GRCh38
CTCAGCTCAGGCAGCT-1,28429,526,Multiplet
CTCAGCTCATAGACGT-1,952,4,GRCh38
CTCAGCTCATTAGTCT-1,2122,70,GRCh38
CTCAGGTAGTTACCAG-1,3581,77,GRCh38
CTCAGTAAGCAAGGAT-1,932,476,Multiplet
CTCAGTAAGCCAGGAA-1,642,15,GRCh38
CTCAGTAAGCGCATAC-1,6628,120,GRCh38
CTCAGTAAGCGCCTTC-1,1432,24,GRCh38
CTCAGTAAGGTACTGC-1,181,39,GRCh38
CTCAGTTTCAATTGCG-1,336,38,GRCh38
CTCAGTTTCATACTCC-1,119,43,GRCh38
CTCAGTTTCCATCTAC-1,2514,25,GRCh38
CTCAGTTTCCGTTAGA-1,214,38,GRCh38
CTCATAAGTAATTGCC-1,364,165,Multiplet
CTCATAAGTCTAAGCT-1,348,47,GRCh38
CTCATAAGTCTGGTCA-1,19423,260,Multiplet
CTCATAAGTGAACGAC-1,246,37,GRCh38
CTCATAAGTGAGAGCT-1,10625,90,GRCh38
CTCATAGAGAAGGATC-1,526,25,GRCh38
CTCATAGAGCCTTCGC-1,357,44,GRCh38
CTCATAGAGTGCAACC-1,37894,234,Multiplet
CTCATCACAAGGTAAG-1,207,34,GRCh38
CTCATCACAATCATCT-1,240,52,GRCh38
CTCATCACACCACATC-1,18995,149,Multiplet
CTCATCCGTCTAATCA-1,1547,18,GRCh38
CTCATCCGTTACACAC-1,28476,143,GRCh38
CTCATCCGTTGCGATT-1,334,33,GRCh38
CTCATGAAGCAAGCCT-1,1079,17,GRCh38
CTCATGAAGGCACGAA-1,5063,102,GRCh38
CTCATGAAGTAGGCGA-1,2925,73,GRCh38
CTCATGAAGTTACCTC-1,13353,65,GRCh38
CTCATGGGTAATGAGT-1,5502,61,GRCh38
CTCATGGGTTAGAGCA-1,21961,129,GRCh38
CTCATGGGTTTCCGTC-1,2964,46,GRCh38
CTCATGTTCAGTTGGC-1,2706,66,GRCh38
CTCATGTTCCCATACT-1,3441,100,GRCh38
CTCATGTTCCTGCGGA-1,13805,143,GRCh38
CTCATGTTCGAACCTA-1,550,66,GRCh38
CTCATGTTCGATGTCA-1,22757,141,GRCh38
CTCATGTTCGCGCTAG-1,1425,19,GRCh38
CTCATTATCCGGATAC-1,156,33,GRCh38
CTCATTATCCGTATGA-1,33603,124,GRCh38
CTCATTATCGACTGAC-1,22432,176,Multiplet
CTCATTCAGGCGTCCA-1,118,35,GRCh38
CTCATTCAGGTCGATC-1,463,36,GRCh38
CTCATTCAGGTGGCAA-1,144,34,GRCh38
CTCATTCAGGTTCAAT-1,5553,60,GRCh38
CTCATTCAGTAAGTTC-1,36105,144,GRCh38
CTCATTCAGTCTAGGC-1,4213,88,GRCh38
CTCATTCAGTGAGGAT-1,150,34,GRCh38
CTCATTGCAAATCGCG-1,287,38,GRCh38
CTCATTGCAATGGGCC-1,170,42,GRCh38
CTCATTGCATCGGTAG-1,149,52,GRCh38
CTCCAACCACTAGGCA-1,31185,205,Multiplet
CTCCAACCATAAGTGC-1,23438,162,Multiplet
CTCCAACCATCGCTAC-1,38854,81,GRCh38
CTCCAACCATGCTCCG-1,282,57,GRCh38
CTCCAAGGTCATTCCC-1,29006,128,GRCh38
CTCCAAGGTGAGATTG-1,683,25,GRCh38
CTCCAAGGTGGACATA-1,1307,42,GRCh38
CTCCAAGGTTCCTGAG-1,31599,131,GRCh38
CTCCAATTCACGCGCA-1,1412,22,GRCh38
CTCCAATTCCAACTCT-1,252,43,GRCh38
CTCCAATTCGACCTAA-1,59797,179,Multiplet
CTCCAGCTCCCCTGAC-1,55760,269,Multiplet
CTCCAGCTCCGCACAG-1,32165,107,GRCh38
CTCCAGCTCCGGTGAT-1,113,45,GRCh38
CTCCATTAGATAGGCG-1,6767,67,GRCh38
CTCCATTAGGGTACTC-1,21635,149,Multiplet
CTCCATTAGTAGTGCC-1,23663,126,GRCh38
CTCCATTAGTCATCCT-1,168,484,Multiplet
CTCCATTAGTGCTTGA-1,4387,63,GRCh38
CTCCCAATCCATCGAA-1,249,33,GRCh38
CTCCCAATCCGTAGCG-1,44106,225,Multiplet
CTCCCAATCCGTGATA-1,252,39,GRCh38
CTCCCAATCGAATCAT-1,6771,48,GRCh38
CTCCCAATCGCGCGTA-1,473,36,GRCh38
CTCCCACAGATTGCAT-1,3153,46,GRCh38
CTCCCACAGGTCATTG-1,243,40,GRCh38
CTCCCTAAGCGCTACG-1,314,49,GRCh38
CTCCCTAAGGCTATAT-1,18604,99,GRCh38
CTCCCTAAGGGCCATT-1,571,123,GRCh38
CTCCCTGGTAATTGCC-1,114,34,GRCh38
CTCCCTGGTATGTGTC-1,1273,73,GRCh38
CTCCCTGGTCCATCTC-1,37330,235,Multiplet
CTCCCTGGTCTGGCTA-1,3001,80,GRCh38
CTCCCTGGTGAGCGCA-1,22509,94,GRCh38
CTCCCTGGTGATCCAT-1,107,39,GRCh38
CTCCCTGGTGCGTGAG-1,138,34,GRCh38
CTCCCTGGTTAGCCTG-1,126,35,GRCh38
CTCCCTGGTTAGCGCC-1,151,33,GRCh38
CTCCCTGGTTCGTTCC-1,113,47,GRCh38
CTCCCTGGTTGACGCC-1,181,60,GRCh38
CTCCCTGGTTGCACTG-1,141,37,GRCh38
CTCCCTGGTTGCAGTT-1,4204,46,GRCh38
CTCCCTGGTTTAGGCT-1,144,35,GRCh38
CTCCCTGGTTTGCCTC-1,149,33,GRCh38
CTCCGTTGTTCGAGCC-1,7425,65,GRCh38
CTCCGTTGTTGGCTGC-1,116,39,GRCh38
CTCCGTTGTTTACGCG-1,8922,131,GRCh38
CTCCTAGTCCTGTATC-1,35476,207,Multiplet
CTCCTAGTCGATTGCA-1,33287,198,Multiplet
CTCCTAGTCGCATCGG-1,14555,157,Multiplet
CTCCTCAAGCGATACC-1,13733,96,GRCh38
CTCCTCAAGGCTTCCC-1,23882,194,Multiplet
CTCCTCAAGTTAGCAT-1,178,33,GRCh38
CTCCTCAAGTTGCAGC-1,260,39,GRCh38
CTCCTCAAGTTGCCTT-1,4206,53,GRCh38
CTCCTGATCCAGCACG-1,245,33,GRCh38
CTCCTGATCCTGAGAC-1,28174,184,Multiplet
CTCCTGATCGTAGTTG-1,1989,65,GRCh38
CTCCTGATCTGTGAAT-1,1508,32,GRCh38
CTCCTTAGTCAGCCAC-1,163,34,GRCh38
CTCCTTAGTTGACGGG-1,46529,248,Multiplet
CTCCTTAGTTTACGCG-1,1948,46,GRCh38
CTCCTTGAGTGGCGTT-1,1954,44,GRCh38
CTCGAACAGTGATAGA-1,270,34,GRCh38
CTCGAACAGTGCCCGA-1,4758,46,GRCh38
CTCGAACAGTGTCCGG-1,114,36,GRCh38
CTCGAATGTGCATCTG-1,516,26,GRCh38
CTCGAATGTGCGGTTC-1,56923,201,Multiplet
CTCGACTCATGAGTTA-1,7403,57,GRCh38
CTCGATCCATTCGCTA-1,159,44,GRCh38
CTCGATTTCACCTCTG-1,28524,123,GRCh38
CTCGATTTCATGGACC-1,142,35,GRCh38
CTCGATTTCCACCGCT-1,176,44,GRCh38
CTCGATTTCTAGTGAT-1,204,40,GRCh38
CTCGATTTCTGGATGC-1,20584,114,GRCh38
CTCGCCACAAGTCCCT-1,751,25,GRCh38
CTCGCCACAAGTTCCC-1,2601,76,GRCh38
CTCGCCACAATGCCTC-1,253,47,GRCh38
CTCGCCACAATTGCCC-1,169,34,GRCh38
CTCGCCACACAGCAGC-1,2659,26,GRCh38
CTCGCCACACCATCTA-1,385,35,GRCh38
CTCGCCACAGCTCTCG-1,153,38,GRCh38
CTCGCCACATGCTGTC-1,315,57,GRCh38
CTCGCCACATTCGGGA-1,202,34,GRCh38
CTCGCGAAGGATGTAA-1,1384,76,GRCh38
CTCGCGAAGGGTGATG-1,8155,115,GRCh38
CTCGCGAAGTGACGGA-1,1775,113,GRCh38
CTCGCGTTCACAGCGT-1,255,33,GRCh38
CTCGCGTTCCGGTTCC-1,13622,137,GRCh38
CTCGCGTTCGATAGGG-1,3458,24,GRCh38
CTCGCTATCCATCTCG-1,135,33,GRCh38
CTCGCTATCCCTCTGA-1,52334,181,Multiplet
CTCGCTATCCTGGGAT-1,9831,106,GRCh38
CTCGCTATCGACTATG-1,4383,50,GRCh38
CTCGCTATCGACTGGT-1,123,39,GRCh38
CTCGCTATCTGGTGTA-1,10785,107,GRCh38
CTCGCTGCACAACCCT-1,308,44,GRCh38
CTCGCTGCATAAGGGA-1,22034,117,GRCh38
CTCGCTGCATTCGGTC-1,211,48,GRCh38
CTCGCTTGTCTAGGAA-1,106,33,GRCh38
CTCGCTTGTCTGGTGC-1,262,58,GRCh38
CTCGCTTGTGAGAGGA-1,15090,93,GRCh38
CTCGCTTGTTCGTGCA-1,346,58,GRCh38
CTCGGATAGCCTGTGG-1,6482,140,GRCh38
CTCGGATAGGAGGACC-1,1959,43,GRCh38
CTCGGATAGGAGGCTA-1,21215,103,GRCh38
CTCGGATAGGGGTAGC-1,931,442,Multiplet
CTCGGATAGGGTAGAT-1,241,34,GRCh38
CTCGGCAAGAAGGGTT-1,1492,29,GRCh38
CTCGGCAAGATTCGCA-1,15353,105,GRCh38
CTCGGCAAGCCACGAT-1,4704,116,GRCh38
CTCGGCAAGCCGACCA-1,260,40,GRCh38
CTCGGCAAGCGGATGA-1,41492,233,Multiplet
CTCGGCAAGTCATTCC-1,264,49,GRCh38
CTCGGTTCAAGCCGGT-1,24244,142,GRCh38
CTCGGTTCATCACTGC-1,138,34,GRCh38
CTCGTAAAGCAACTGC-1,228,36,GRCh38
CTCGTAAAGCTAGGCT-1,229,46,GRCh38
CTCGTAAAGCTGGACT-1,928,62,GRCh38
CTCGTAAAGGATATGA-1,538,17,GRCh38
CTCGTAAAGGCAAGTG-1,505,20,GRCh38
CTCGTAAAGGTACGGA-1,21055,102,GRCh38
CTCGTAAAGTTGGGTC-1,16573,100,GRCh38
CTCGTAGGTAACGCTT-1,250,67,GRCh38
CTCGTAGGTTACACGT-1,61685,180,Multiplet
CTCGTAGGTTGGTCAT-1,5896,65,GRCh38
CTCGTCTGTCAACTGT-1,4029,89,GRCh38
CTCGTCTGTCAAGGCG-1,2154,163,Multiplet
CTCGTCTGTCAGTATC-1,414,139,GRCh38
CTCGTCTGTTCGATGT-1,129,34,GRCh38
CTCGTGAGTAACTCGT-1,1015,19,GRCh38
CTCGTGAGTAGCAGAC-1,1988,78,GRCh38
CTCGTGAGTCAACGGG-1,3620,52,GRCh38
CTCGTGAGTCATTACA-1,411,108,GRCh38
CTCGTGAGTCTTGGTG-1,20377,124,GRCh38
CTCGTTACAAACTAGC-1,36830,176,Multiplet
CTCGTTACACCTTAAT-1,13987,88,GRCh38
CTCGTTACACCTTGCG-1,140,35,GRCh38
CTCGTTACACTCAGCT-1,6045,37,GRCh38
CTCGTTGTCACTGGGT-1,178,39,GRCh38
CTCGTTGTCCATCAAG-1,113,64,GRCh38
CTCGTTGTCCGGATAC-1,15062,136,GRCh38
CTCGTTGTCCGTGCGA-1,24660,116,GRCh38
CTCGTTGTCGACTAGC-1,8695,85,GRCh38
CTCGTTGTCGTTACCT-1,3848,27,GRCh38
CTCTAGAAGGCGAGTA-1,5024,59,GRCh38
CTCTAGCCACCTATCA-1,19618,106,GRCh38
CTCTAGCCACCTATGC-1,16511,128,GRCh38
CTCTAGCCACTAGCCT-1,252,38,GRCh38
CTCTAGCCAGCTAGGC-1,62270,132,GRCh38
CTCTAGCCATCGACTC-1,239,45,GRCh38
CTCTATATCAATCGGC-1,1044,16,GRCh38
CTCTATATCCGCAGTG-1,8820,30,GRCh38
CTCTATATCCTTCGTG-1,266,38,GRCh38
CTCTATATCTAGCCGG-1,242,39,GRCh38
CTCTATATCTCACCTG-1,200,44,GRCh38
CTCTATTGTTGCCTTC-1,165,34,GRCh38
CTCTATTGTTGTGGAA-1,4026,80,GRCh38
CTCTCAACAACTGTCC-1,152,33,GRCh38
CTCTCAACATGGCTAG-1,51166,182,Multiplet
CTCTCGATCACGGAGA-1,54247,150,Multiplet
CTCTCGATCACTTCGT-1,3462,50,GRCh38
CTCTCGATCCGCATGG-1,8736,87,GRCh38
CTCTGACCAGCTAGGC-1,31521,157,Multiplet
CTCTGACCATGGTGAT-1,235,40,GRCh38
CTCTGACCATTCCTGA-1,385,43,GRCh38
CTCTGATTCAATGTAC-1,9794,109,GRCh38
CTCTGATTCCATGACA-1,2652,216,Multiplet
CTCTGATTCGATCCTT-1,47055,257,Multiplet
CTCTGCATCACATTCC-1,291,39,GRCh38
CTCTGCATCAGTAGGG-1,608,38,GRCh38
CTCTGCATCATAGACT-1,15291,66,GRCh38
CTCTGCATCCGCCTAC-1,296,40,GRCh38
CTCTGCATCGATCATG-1,974,43,GRCh38
CTCTGGTCAATCGAAC-1,2473,110,GRCh38
CTCTGGTCACATATAG-1,7526,227,Multiplet
CTCTGGTCACTACCCG-1,139,35,GRCh38
CTCTGGTCATAAGTCA-1,271,42,GRCh38
CTCTGGTCATGACGTG-1,27127,165,Multiplet
CTCTGGTCATTAAGTG-1,24447,140,GRCh38
CTCTGTTAGCGAGGAC-1,8798,37,GRCh38
CTCTGTTAGCGGTCCA-1,4115,55,GRCh38
CTCTGTTAGGAGTCAG-1,1432,22,GRCh38
CTCTGTTAGGCTCTCC-1,184,38,GRCh38
CTCTTAATCCCTGACC-1,2662,60,GRCh38
CTCTTAATCCTTCCTC-1,244,52,GRCh38
CTCTTAATCGTGCCGA-1,39779,202,Multiplet
CTCTTGGTCACCAGAC-1,10855,150,Multiplet
CTCTTGGTCACCCTGC-1,24098,164,Multiplet
CTCTTGGTCACTCCGC-1,25038,173,Multiplet
CTCTTGGTCAGGAGCA-1,108,53,GRCh38
CTCTTGGTCATCAGTG-1,16822,167,Multiplet
CTCTTGGTCCGTGTCC-1,131,36,GRCh38
CTCTTGGTCCGTTAAG-1,334,36,GRCh38
CTCTTGGTCGCTGACG-1,4869,103,GRCh38
CTCTTGGTCTATGAAC-1,5914,82,GRCh38
CTGAAAGGTAACTCTA-1,26678,176,Multiplet
CTGAAAGGTGAACCGG-1,4119,23,GRCh38
CTGAAAGGTGGCCTGT-1,1744,88,GRCh38
CTGAAAGGTTGTGCCA-1,16213,97,GRCh38
CTGAAAGGTTTCCAGG-1,35999,125,GRCh38
CTGAAAGGTTTCCATT-1,153,42,GRCh38
CTGAACATCAGCAATT-1,922,78,GRCh38
CTGAACATCTAACCAG-1,3814,58,GRCh38
CTGAATGTCCGTGCGA-1,114,38,GRCh38
CTGAATGTCGTAGTGC-1,4324,49,GRCh38
CTGAATGTCTATCCTA-1,206,38,GRCh38
CTGAATGTCTCATTGC-1,6030,92,GRCh38
CTGAATTAGCAGGGAC-1,1952,19,GRCh38
CTGAATTAGGTGACAG-1,379,86,GRCh38
CTGACAATCACGGAGA-1,6191,84,GRCh38
CTGACAATCACGTTGA-1,272,54,GRCh38
CTGACAATCATGTCTC-1,260,37,GRCh38
CTGACAATCGACCCGA-1,3789,44,GRCh38
CTGACAATCGCTTGGG-1,265,37,GRCh38
CTGACAATCTCATCGT-1,3165,22,GRCh38
CTGACACAGGGTACGA-1,115,33,GRCh38
CTGACACAGTTACCCT-1,57013,72,GRCh38
CTGACCAGTAAGTGCA-1,6608,46,GRCh38
CTGACCAGTGGCTTGC-1,493,44,GRCh38
CTGACCAGTTGGCCTA-1,11115,90,GRCh38
CTGACCCTCCGCCATC-1,141,34,GRCh38
CTGACCCTCGCGCGTA-1,22739,131,GRCh38
CTGACCCTCGCGCTCT-1,36448,181,Multiplet
CTGACCTCAAACTGTA-1,358,36,GRCh38
CTGACCTCAAATGGTC-1,145,36,GRCh38
CTGACCTCACATTACT-1,246,40,GRCh38
CTGACCTCACTCAACC-1,27703,115,GRCh38
CTGACCTCATTAGTTC-1,26870,142,GRCh38
CTGACGTAGGAGGTAT-1,1508,109,GRCh38
CTGACGTAGGATCCAC-1,2690,224,Multiplet
CTGACGTAGGTACATT-1,503,41,GRCh38
CTGACGTAGTATGATC-1,457,78,GRCh38
CTGACGTAGTCTCTGT-1,18855,157,Multiplet
CTGATAGTCATGCCTT-1,1187,36,GRCh38
CTGATAGTCATGCTCT-1,107,34,GRCh38
CTGATAGTCCTCATGT-1,732,24,GRCh38
CTGATAGTCCTGTAAG-1,253,37,GRCh38
CTGATAGTCCTGTCTG-1,247,44,GRCh38
CTGATAGTCTGTCAAG-1,5226,38,GRCh38
CTGATATAGCATTACG-1,242,40,GRCh38
CTGATATAGGGCTCCA-1,198,33,GRCh38
CTGATCAAGCCAGTCG-1,224,72,GRCh38
CTGATTAGTGCATCTG-1,33682,262,Multiplet
CTGATTAGTTATGACC-1,5474,55,GRCh38
CTGATTAGTTTACGAC-1,17402,101,GRCh38
CTGATTAGTTTCGACG-1,39765,244,Multiplet
CTGATTGAGATACTCG-1,10748,117,GRCh38
CTGATTTCAACCGGAC-1,222,46,GRCh38
CTGATTTCAAGCACAT-1,249,44,GRCh38
CTGATTTCAATTCATC-1,14463,62,GRCh38
CTGATTTCAATTCGCC-1,175,34,GRCh38
CTGATTTCATGTCGTC-1,7387,98,GRCh38
CTGCAAATCACTATGG-1,197,44,GRCh38
CTGCAACAGGCAACGA-1,11380,75,GRCh38
CTGCAACAGGGCTACT-1,754,61,GRCh38
CTGCAACAGGGGTACA-1,2312,45,GRCh38
CTGCAACAGTAATTGC-1,998,55,GRCh38
CTGCAACAGTTGGTGC-1,212,87,GRCh38
CTGCAATGTATAGTGG-1,8317,135,GRCh38
CTGCAATGTGAGAGCT-1,31290,156,Multiplet
CTGCAATGTTCCATCC-1,133,37,GRCh38
CTGCAATGTTGGCTGC-1,147,33,GRCh38
CTGCAATGTTGTCCGA-1,231,37,GRCh38
CTGCAATGTTGTGCCA-1,170,200,Multiplet
CTGCAATGTTTCGCTC-1,168,33,GRCh38
CTGCACCTCACACCGG-1,12789,140,GRCh38
CTGCACCTCACCAATG-1,128,35,GRCh38
CTGCACCTCACCAGCG-1,283,48,GRCh38
CTGCACCTCCATCCGC-1,172,33,GRCh38
CTGCACCTCCATTGCT-1,15303,152,Multiplet
CTGCACCTCCCCATAT-1,36279,147,Multiplet
CTGCACCTCCTTGACT-1,2940,18,GRCh38
CTGCATCCACCAACTC-1,137,43,GRCh38
CTGCATCCATGCTCAC-1,114,34,GRCh38
CTGCATGGTCAGCTTG-1,212,59,GRCh38
CTGCATGGTGCACGTC-1,1059,20,GRCh38
CTGCATGGTTATGTGC-1,220,37,GRCh38
CTGCATTTCAGGTCGT-1,20406,124,GRCh38
CTGCATTTCCAACTTC-1,4344,55,GRCh38
CTGCATTTCCAGCGCA-1,274,47,GRCh38
CTGCATTTCCAGCTCC-1,161,33,GRCh38
CTGCATTTCCGTGCTC-1,1379,30,GRCh38
CTGCATTTCCTCAGCC-1,1653,41,GRCh38
CTGCATTTCCTTCAGT-1,1305,38,GRCh38
CTGCATTTCGTTGCCC-1,138,34,GRCh38
CTGCCATCAATACGAC-1,5926,55,GRCh38
CTGCCATCACTACCTA-1,145,34,GRCh38
CTGCCATCACTCATGC-1,446,78,GRCh38
CTGCCTATCACGCTCC-1,156,40,GRCh38
CTGCCTATCAGGTCTA-1,267,123,GRCh38
CTGCCTATCCGCACTC-1,159,36,GRCh38
CTGCCTATCCGCCACT-1,155,34,GRCh38
CTGCCTATCCTTCAAC-1,135,36,GRCh38
CTGCCTATCGCGTTGG-1,160,37,GRCh38
CTGCCTGCAACGTGGC-1,3730,77,GRCh38
CTGCCTGCAAGGTAAG-1,18357,105,GRCh38
CTGCCTGCACAAGCAT-1,155,43,GRCh38
CTGCCTGCACCTAACC-1,278,44,GRCh38
CTGCCTGCACTTCGCG-1,186,44,GRCh38
CTGCCTGCATAGGTAC-1,48107,171,Multiplet
CTGCCTGCATCATACT-1,136,37,GRCh38
CTGCCTGCATCCTGTA-1,5493,87,GRCh38
CTGCCTTGTAGGTGAC-1,485,39,GRCh38
CTGCCTTGTCAAGCAA-1,181,64,GRCh38
CTGCCTTGTCTTGAAC-1,18529,111,GRCh38
CTGCCTTGTCTTGGTG-1,13001,80,GRCh38
CTGCCTTGTTATGGTC-1,188,42,GRCh38
CTGCCTTGTTGACCAT-1,136,38,GRCh38
CTGCCTTGTTGTCCTC-1,165,40,GRCh38
CTGCCTTGTTTCGCTC-1,132,37,GRCh38
CTGCGATAGATACTAC-1,178,36,GRCh38
CTGCGATAGATACTCG-1,179,34,GRCh38
CTGCGATAGCCCTGCT-1,273,34,GRCh38
CTGCGATAGCTGGCAT-1,229,38,GRCh38
CTGCGATAGGTCCACG-1,123,41,GRCh38
CTGCGATAGTAGCACC-1,194,34,GRCh38
CTGCGATAGTGATACT-1,157,38,GRCh38
CTGCGCAAGAACCTGC-1,133,34,GRCh38
CTGCGCAAGAAGCATA-1,173,37,GRCh38
CTGCGCAAGAAGCTCC-1,148,33,GRCh38
CTGCGCAAGCCCTTGC-1,7613,77,GRCh38
CTGCGCAAGCCTGTGG-1,210,41,GRCh38
CTGCGCAAGGATGGAT-1,127,36,GRCh38
CTGCGCAAGGCACACT-1,181,35,GRCh38
CTGCGCAAGGCTCTCC-1,173,44,GRCh38
CTGCGCAAGGGTGATG-1,135,34,GRCh38
CTGCGCAAGGTACACC-1,135,50,GRCh38
CTGCGCAAGGTAGGGC-1,6189,88,GRCh38
CTGCGCAAGTAAGCCC-1,215,36,GRCh38
CTGCGCAAGTACCAAT-1,134,36,GRCh38
CTGCGCAAGTATCTGG-1,190,33,GRCh38
CTGCGCAAGTCAAGCC-1,150,39,GRCh38
CTGCGCAAGTCATGCA-1,138,40,GRCh38
CTGCGCAAGTTAGTGT-1,147,33,GRCh38
CTGCGGATCATACTCC-1,11401,79,GRCh38
CTGCGGATCCATGCTT-1,212,40,GRCh38
CTGCGGATCCCAGGTG-1,140,40,GRCh38
CTGCGGATCCGCACAG-1,163,33,GRCh38
CTGCGGATCCGCTACC-1,294,61,GRCh38
CTGCGGATCCGTTACT-1,154,33,GRCh38
CTGCGTAGTAACGTGA-1,196,42,GRCh38
CTGCGTAGTAATCCCG-1,17860,263,Multiplet
CTGCGTAGTAGCAGTA-1,7810,372,Multiplet
CTGCGTAGTAGTCCCA-1,191,40,GRCh38
CTGCGTAGTAGTTACC-1,155,34,GRCh38
CTGCGTAGTCAAGTTC-1,179,34,GRCh38
CTGCGTAGTCATGTGT-1,169,38,GRCh38
CTGCGTAGTCCATCCT-1,213,45,GRCh38
CTGCGTAGTGATGCAA-1,13521,94,GRCh38
CTGCGTAGTTCCGCAA-1,162,39,GRCh38
CTGCGTAGTTCCTGCT-1,198,42,GRCh38
CTGCGTAGTTCGTGGC-1,347,60,GRCh38
CTGCGTAGTTCTGGTG-1,28821,172,Multiplet
CTGCGTAGTTTAAGCC-1,159,50,GRCh38
CTGCGTAGTTTGGTAC-1,140,35,GRCh38
CTGCTAAAGTGAACTT-1,38699,195,Multiplet
CTGCTCGCAAATGAGG-1,542,38,GRCh38
CTGCTCGCAAGGTTAC-1,16413,73,GRCh38
CTGCTCGCACTATCCA-1,219,40,GRCh38
CTGCTCGCATAAGCAC-1,228,38,GRCh38
CTGCTCGCATCACTGC-1,151,47,GRCh38
CTGCTCGCATCCCAGT-1,253,33,GRCh38
CTGCTCTGTAATGCTC-1,129,35,GRCh38
CTGCTCTGTAATGTCC-1,169,38,GRCh38
CTGCTCTGTAGTCCGC-1,145,35,GRCh38
CTGCTCTGTGAGCAGT-1,435,66,GRCh38
CTGCTCTGTTCACGCA-1,302,50,GRCh38
CTGCTCTGTTCCGTTC-1,290,84,GRCh38
CTGCTCTGTTGGAATG-1,7101,99,GRCh38
CTGCTGCTCACGCTCC-1,168,37,GRCh38
CTGCTGCTCAGCTGGT-1,974,15,GRCh38
CTGCTGCTCCATTGCT-1,157,33,GRCh38
CTGCTGCTCGCTCGCT-1,121,34,GRCh38
CTGCTGCTCGTCTCCA-1,477,49,GRCh38
CTGCTTACAACCTGCT-1,4230,127,GRCh38
CTGCTTACAACGGTCA-1,268,44,GRCh38
CTGCTTACACCTGTCG-1,3347,59,GRCh38
CTGCTTACACTACCAC-1,2539,75,GRCh38
CTGCTTACAGCACTAG-1,170,35,GRCh38
CTGCTTACAGCATGTG-1,212,41,GRCh38
CTGCTTACAGGAACTT-1,192,38,GRCh38
CTGCTTACATCACTGC-1,169,34,GRCh38
CTGCTTACATCCACGT-1,154,38,GRCh38
CTGCTTACATGACCGA-1,29382,114,GRCh38
CTGCTTACATTACCCA-1,133,49,GRCh38
CTGGAAAGTCATGTGT-1,20617,117,GRCh38
CTGGAAAGTGGCCAAG-1,22609,137,GRCh38
CTGGAAAGTGGCCATC-1,26785,81,GRCh38
CTGGAAAGTTATCAGC-1,11232,73,GRCh38
CTGGACTAGCGGATAG-1,1676,30,GRCh38
CTGGATGCAGTACCTC-1,131,38,GRCh38
CTGGCAACAATATCCT-1,272,33,GRCh38
CTGGCAACAATCGAAC-1,189,42,GRCh38
CTGGCAACAATCGAGT-1,1034,18,GRCh38
CTGGCAACACCTGCTG-1,146,36,GRCh38
CTGGCAACACTAGCCT-1,2320,40,GRCh38
CTGGCAACATTGGGCA-1,5524,72,GRCh38
CTGGCCAAGATTGGTT-1,1583,42,GRCh38
CTGGCCAAGCGAGACA-1,299,33,GRCh38
CTGGCCAAGGTTGGCT-1,39029,153,Multiplet
CTGGCCAAGGTTGGTC-1,27097,164,Multiplet
CTGGCCAAGTACGGGA-1,57561,227,Multiplet
CTGGCCAAGTAGCTCA-1,15873,108,GRCh38
CTGGCTAGTAAGGACC-1,427,75,GRCh38
CTGGCTAGTAGCGCGA-1,8540,118,GRCh38
CTGGCTAGTCAGGCGA-1,3580,34,GRCh38
CTGGCTAGTCATTCAA-1,7806,106,GRCh38
CTGGCTAGTCCATATA-1,1268,38,GRCh38
CTGGCTAGTCTAATCA-1,19478,117,GRCh38
CTGGCTAGTCTCCAGA-1,3021,48,GRCh38
CTGGCTAGTGACGAGT-1,702,52,GRCh38
CTGGCTAGTTGGTAGA-1,236,37,GRCh38
CTGGCTAGTTGTCAGT-1,2439,50,GRCh38
CTGGGCATCACCTCGC-1,161,41,GRCh38
CTGGGCATCAGGATGG-1,862,11,GRCh38
CTGGGCATCGCTAGTA-1,38167,135,GRCh38
CTGGGCATCGCTATCT-1,344,35,GRCh38
CTGGGCATCTGGCAAC-1,53906,240,Multiplet
CTGGGCATCTGGTCGG-1,103,34,GRCh38
CTGGGGTCAAGCTCAG-1,2054,120,GRCh38
CTGGGGTCAATCTGAA-1,16124,169,Multiplet
CTGGGGTCATGGTCTC-1,2317,54,GRCh38
CTGGGTTAGCGATGGA-1,210,33,GRCh38
CTGGGTTAGCTGGGTT-1,122,36,GRCh38
CTGGGTTAGGTCATGC-1,115,36,GRCh38
CTGGGTTAGTTAGACT-1,246,35,GRCh38
CTGGTAATCGTGCTAA-1,19005,98,GRCh38
CTGGTATGTGGGTTGG-1,463,48,GRCh38
CTGGTCAGTGGACCCT-1,139,37,GRCh38
CTGGTCAGTGGCCTGT-1,44259,101,GRCh38
CTGGTCAGTTAACTGC-1,1031,28,GRCh38
CTGGTCAGTTCGCTTC-1,120,36,GRCh38
CTGGTTAAGCTAGCGT-1,20010,125,GRCh38
CTGGTTAAGCTGGACT-1,225,40,GRCh38
CTGGTTAAGTTACGCA-1,8790,55,GRCh38
CTGGTTGGTGGCGAAT-1,205,37,GRCh38
CTGGTTGGTTGACCCA-1,18944,118,GRCh38
CTGTAACGTCAACTAC-1,235,34,GRCh38
CTGTAACGTGAGAGCT-1,24565,93,GRCh38
CTGTAACGTTGACCGC-1,184,33,GRCh38
CTGTAAGTCCTCATTA-1,6873,117,GRCh38
CTGTAAGTCGAACCCG-1,932,37,GRCh38
CTGTAATAGGAACCGA-1,17922,125,GRCh38
CTGTAATAGGGTCTAC-1,252,38,GRCh38
CTGTAATAGGTGATCC-1,151,39,GRCh38
CTGTACCCACCAACTC-1,3213,132,GRCh38
CTGTACCCAGCATGAT-1,278,43,GRCh38
CTGTACCCAGTTAGTA-1,6014,311,Multiplet
CTGTACGGTAGCCCGT-1,447,114,GRCh38
CTGTACGGTATAGTCC-1,146,37,GRCh38
CTGTACGGTCAGGACG-1,1362,24,GRCh38
CTGTACGGTCCATAGT-1,7418,137,GRCh38
CTGTACGGTCTAGAGA-1,7874,146,Multiplet
CTGTACGGTCTTGAAC-1,22620,126,GRCh38
CTGTACGGTCTTGCTC-1,4892,81,GRCh38
CTGTACGGTTCCTGTC-1,117,33,GRCh38
CTGTACGGTTCTGTAA-1,397,33,GRCh38
CTGTACGGTTGCCTAG-1,8519,140,GRCh38
CTGTACGGTTGGTGCC-1,298,73,GRCh38
CTGTACGGTTGTAGGA-1,449,41,GRCh38
CTGTACGGTTTACGCG-1,378,35,GRCh38
CTGTACTTCATCTCTA-1,659,10,GRCh38
CTGTACTTCCACCGGA-1,139,37,GRCh38
CTGTACTTCCGCCTAC-1,1825,53,GRCh38
CTGTACTTCGTTCCAT-1,264,39,GRCh38
CTGTATAGTCAATCGT-1,4979,134,GRCh38
CTGTATAGTCTTGCTC-1,4440,46,GRCh38
CTGTATAGTGACTTCG-1,22670,129,GRCh38
CTGTATAGTTCCGGGT-1,10659,132,GRCh38
CTGTATAGTTTGCGAT-1,2557,42,GRCh38
CTGTCAAAGCATCGCG-1,46351,251,Multiplet
CTGTCAAAGCCAGTGT-1,567,55,GRCh38
CTGTCAAAGGCTATAT-1,1967,19,GRCh38
CTGTCAAAGTTAGGAA-1,7501,115,GRCh38
CTGTCACCAACATGGT-1,2230,183,Multiplet
CTGTCACCAAGCGACC-1,4716,80,GRCh38
CTGTCACCACTTGATT-1,171,43,GRCh38
CTGTCACCATAATCGA-1,24646,157,Multiplet
CTGTCACCATCCACAC-1,1564,39,GRCh38
CTGTCACCATTAGTTC-1,62217,127,GRCh38
CTGTCATTCCCTGGAG-1,14231,84,GRCh38
CTGTCATTCGTACACA-1,9252,77,GRCh38
CTGTCATTCTGGTCCC-1,121,40,GRCh38
CTGTCCATCAGGCATC-1,1169,56,GRCh38
CTGTCCATCGACTGCG-1,6226,60,GRCh38
CTGTCCATCGTTCACT-1,187,58,GRCh38
CTGTCCATCTAGCTGA-1,16432,128,GRCh38
CTGTCCATCTAGTCCT-1,147,34,GRCh38
CTGTCGCTCACAGCGT-1,1879,13,GRCh38
CTGTCGCTCCAGGTGT-1,16343,102,GRCh38
CTGTCGCTCCCGCTAC-1,2443,54,GRCh38
CTGTCGCTCCTTCGCA-1,333,58,GRCh38
CTGTCGCTCGACCGTG-1,121,36,GRCh38
CTGTCGCTCGCTAGGT-1,14287,98,GRCh38
CTGTCGCTCTCATCTA-1,2192,21,GRCh38
CTGTCGCTCTGGCATA-1,231,35,GRCh38
CTGTGAATCAATGTCG-1,216,33,GRCh38
CTGTGAATCAGGTCAC-1,4291,59,GRCh38
CTGTGAATCCGGTTCC-1,4366,214,Multiplet
CTGTGAATCCTGCTGC-1,165,37,GRCh38
CTGTGAATCCTTAACC-1,13222,145,Multiplet
CTGTGAATCGATTCCT-1,112,34,GRCh38
CTGTGAATCTATCTCA-1,7187,81,GRCh38
CTGTGATGTAGTTGCT-1,11726,60,GRCh38
CTGTGATGTATAGTCC-1,292,167,Multiplet
CTGTGATGTTAATGGG-1,28937,166,Multiplet
CTGTGCCTCACCCTTG-1,163,49,GRCh38
CTGTGCCTCAGGCAGA-1,14564,113,GRCh38
CTGTGCCTCCGTCCGT-1,175,46,GRCh38
CTGTGCCTCCGTTACT-1,181,34,GRCh38
CTGTGCCTCGAATCTG-1,2991,57,GRCh38
CTGTGCCTCTGGATGC-1,289,45,GRCh38
CTGTGCCTCTGGGACT-1,26471,121,GRCh38
CTGTGCCTCTTGAACG-1,114,33,GRCh38
CTGTGGACAAACCATA-1,28099,137,GRCh38
CTGTGGACAGGGCATC-1,389,60,GRCh38
CTGTGGACATGCTGTC-1,165,34,GRCh38
CTGTGGACATGGAATC-1,32151,116,GRCh38
CTGTGGGTCCTTCGAT-1,187,69,GRCh38
CTGTGGGTCGATATAC-1,4989,96,GRCh38
CTGTGGGTCGCGCCTT-1,1290,28,GRCh38
CTGTGTCCAATAGAGG-1,164,69,GRCh38
CTGTGTCCAATTGACA-1,7438,413,Multiplet
CTGTGTCCACATAGTA-1,16672,72,GRCh38
CTGTGTCCAGGTTCAG-1,8532,78,GRCh38
CTGTGTCCATAGAGTC-1,10358,62,GRCh38
CTGTTAAGTCCATCGA-1,62482,143,GRCh38
CTGTTAAGTCTGGTTG-1,4659,139,GRCh38
CTGTTAAGTGGCCAGA-1,9006,253,Multiplet
CTGTTAAGTTCCTTCA-1,382,46,GRCh38
CTGTTAAGTTCGGCGT-1,60341,144,GRCh38
CTGTTAAGTTGACCTG-1,51389,173,Multiplet
CTGTTAGAGCTAACTG-1,66012,131,GRCh38
CTGTTAGAGGAGCCAA-1,6202,88,GRCh38
CTGTTAGAGGTGAGCA-1,41672,173,Multiplet
CTGTTAGAGTAGACCC-1,22043,129,GRCh38
CTGTTAGAGTCATTCC-1,10158,62,GRCh38
CTGTTCCGTGGCGATG-1,227,58,GRCh38
CTGTTCCGTTTGCCTC-1,6113,47,GRCh38
CTGTTGAAGCGACTAC-1,3588,143,GRCh38
CTGTTGAAGCGCGATT-1,4908,52,GRCh38
CTGTTGGGTAAGTAGT-1,212,51,GRCh38
CTGTTGGGTGCAACCC-1,4156,94,GRCh38
CTGTTGGGTGGGAACT-1,126,36,GRCh38
CTGTTGGGTTGCACCA-1,157,34,GRCh38
CTTAACCTCCATGCCC-1,144,52,GRCh38
CTTAACCTCGAAGTCC-1,115,34,GRCh38
CTTAACCTCTAATCCC-1,115,35,GRCh38
CTTAATCCAAATTCCT-1,2327,51,GRCh38
CTTAATCCAAGCTAAC-1,3371,136,GRCh38
CTTAATCCACAAGCTG-1,318,35,GRCh38
CTTAATCCAGGGCACT-1,53806,215,Multiplet
CTTAATGGTGCACCAC-1,176,40,GRCh38
CTTAATGGTTAGACCT-1,186,35,GRCh38
CTTAATGGTTCGCATG-1,8766,60,GRCh38
CTTAATGGTTCGTCCT-1,1269,34,GRCh38
CTTACAAGTGGCTGTC-1,30838,188,Multiplet
CTTACATCAAGCTGCA-1,5507,121,GRCh38
CTTACATCAATGACAC-1,17248,98,GRCh38
CTTACATCACTCATAT-1,21168,122,GRCh38
CTTACATCATAGACAC-1,274,40,GRCh38
CTTACATCATAGACGT-1,3123,70,GRCh38
CTTACATCATCAATTC-1,59615,126,GRCh38
CTTACATCATGAATGC-1,63163,151,Multiplet
CTTACATCATGAATTG-1,223,46,GRCh38
CTTACGAAGATTGCTG-1,100,34,GRCh38
CTTACGAAGCCATTGA-1,2634,72,GRCh38
CTTACGCCAATTACTC-1,8345,90,GRCh38
CTTACGCCATAATTCC-1,248,34,GRCh38
CTTACGCCATCATACT-1,522,44,GRCh38
CTTACGCCATCCAACC-1,6633,126,GRCh38
CTTACGGGTAGCGAGT-1,263,39,GRCh38
CTTACGGGTAGTAACG-1,2276,78,GRCh38
CTTACGGGTCTAGGTT-1,47686,216,Multiplet
CTTACGGGTGCATCGC-1,9515,99,GRCh38
CTTACGGGTGGGAATC-1,106,33,GRCh38
CTTACGGGTTTGGGCC-1,165,37,GRCh38
CTTACGTTCCACGGAT-1,21672,114,GRCh38
CTTACGTTCCCGGCAA-1,876,66,GRCh38
CTTACGTTCCCTCAGC-1,13132,75,GRCh38
CTTACGTTCCGCCTAC-1,2286,93,GRCh38
CTTACGTTCCGGAACT-1,147,43,GRCh38
CTTACGTTCCTGTCTG-1,69070,175,Multiplet
CTTACGTTCTCATCGT-1,15005,124,GRCh38
CTTACTATCACGTAGC-1,2593,93,GRCh38
CTTACTATCACTCGCC-1,6120,100,GRCh38
CTTACTATCATGCTAG-1,3497,43,GRCh38
CTTACTTGTTGCAGGG-1,6616,142,GRCh38
CTTACTTGTTGCCCAA-1,37107,207,Multiplet
CTTAGCAAGAAGCCAG-1,240,34,GRCh38
CTTAGCAAGAAGCGAT-1,656,22,GRCh38
CTTAGCAAGCGCAACT-1,25529,136,GRCh38
CTTAGCAAGGTTCGGT-1,5857,69,GRCh38
CTTAGCAAGTGGCTAC-1,110,48,GRCh38
CTTAGCGGTCAGTAAG-1,5907,86,GRCh38
CTTAGCGGTCATCCCT-1,25467,126,GRCh38
CTTAGCGGTGATCCAT-1,176,34,GRCh38
CTTAGCGGTGCACCAC-1,175,34,GRCh38
CTTAGCGGTTGACTGT-1,216,46,GRCh38
CTTAGCTTCAGTTAGT-1,180,54,GRCh38
CTTAGCTTCCCCAGCT-1,5985,95,GRCh38
CTTAGCTTCGTTCCAT-1,22689,124,GRCh38
CTTAGGATCCAGGTCG-1,1868,17,GRCh38
CTTAGGATCCGTAGGT-1,3133,43,GRCh38
CTTAGGATCGAAGTCC-1,6993,65,GRCh38
CTTAGGATCGATACAT-1,241,33,GRCh38
CTTAGGATCGCGTCTC-1,12819,93,GRCh38
CTTAGTAGTAGCTGCC-1,252,47,GRCh38
CTTAGTAGTCAGTAGA-1,782,40,GRCh38
CTTAGTAGTCAGTCGC-1,6798,56,GRCh38
CTTAGTAGTGCACGCT-1,306,54,GRCh38
CTTAGTAGTGGCTGTC-1,291,41,GRCh38
CTTAGTAGTTAACTGC-1,285,54,GRCh38
CTTAGTAGTTATCCGG-1,139,34,GRCh38
CTTAGTAGTTCCTCGT-1,3339,66,GRCh38
CTTAGTAGTTTAGCAC-1,146,33,GRCh38
CTTAGTAGTTTCGCCT-1,56063,147,Multiplet
CTTAGTGAGGCACTGT-1,998,20,GRCh38
CTTAGTGAGTTGCTGA-1,29160,190,Multiplet
CTTATAGGTAACGCAA-1,9784,128,GRCh38
CTTATAGGTAGCGGAT-1,155,57,GRCh38
CTTATAGGTAGCTAAG-1,224,34,GRCh38
CTTATAGGTCAGTAAG-1,296,46,GRCh38
CTTATAGGTCTAGGCC-1,21430,101,GRCh38
CTTATAGGTTAGTTGC-1,1572,44,GRCh38
CTTATCGCATTCGCTA-1,4553,52,GRCh38
CTTATCTGTAACGCGG-1,5705,100,GRCh38
CTTATCTGTAATCGGA-1,26480,134,GRCh38
CTTATCTGTAGGTCGG-1,6367,123,GRCh38
CTTATCTGTCATTAGC-1,17567,108,GRCh38
CTTATCTGTCTGGGTC-1,309,45,GRCh38
CTTATCTGTGCACGCT-1,22331,144,GRCh38
CTTATCTGTTATGTCA-1,31007,158,Multiplet
CTTATGAGTGAGTAGC-1,5018,33,GRCh38
CTTATGAGTTATAGGG-1,5263,51,GRCh38
CTTATGAGTTTCACTT-1,9595,97,GRCh38
CTTATGCTCACGGCTG-1,125,36,GRCh38
CTTATGCTCATCTACC-1,21055,128,GRCh38
CTTATGCTCCGTCCGT-1,161,35,GRCh38
CTTATGCTCGAGCACT-1,216,47,GRCh38
CTTATGCTCGTTGCGG-1,244,33,GRCh38
CTTATGGAGCGCTTCC-1,3492,59,GRCh38
CTTATGGAGCGGATCT-1,1739,24,GRCh38
CTTATGGAGTAGCGGA-1,3317,12,GRCh38
CTTATGGAGTTACCTC-1,5037,92,GRCh38
CTTCAATCAAACCCAG-1,632,13,GRCh38
CTTCAATCAAAGGCCC-1,220,41,GRCh38
CTTCAATCAGCTAGGC-1,1178,40,GRCh38
CTTCAATCATGCAGAT-1,21258,110,GRCh38
CTTCAGCCAATTCGGG-1,5806,57,GRCh38
CTTCAGCCACCTCGTG-1,6398,92,GRCh38
CTTCAGCCATTCCTTC-1,169,39,GRCh38
CTTCATATCTCACACT-1,3684,81,GRCh38
CTTCATATCTGGTCGG-1,26095,115,GRCh38
CTTCATCAGCGAATGG-1,1702,43,GRCh38
CTTCATCAGTCATCGA-1,261,41,GRCh38
CTTCATTGTAACGTCT-1,115,33,GRCh38
CTTCATTGTCTTGCGA-1,1389,118,GRCh38
CTTCATTGTGGCCAGA-1,1753,44,GRCh38
CTTCATTGTTATCCAA-1,21287,177,Multiplet
CTTCGAGGTAGCAGCG-1,3499,70,GRCh38
CTTCGAGGTTAATCCA-1,11280,70,GRCh38
CTTCGAGGTTTACAGC-1,822,32,GRCh38
CTTCGATTCAGTAGCC-1,14014,366,Multiplet
CTTCGATTCCCATGCC-1,21886,48,GRCh38
CTTCGATTCCGCGTCT-1,17868,93,GRCh38
CTTCGATTCCTTGGAA-1,163,44,GRCh38
CTTCGCGCAATTCGCC-1,44568,290,Multiplet
CTTCGCGCACTAGCTC-1,330,38,GRCh38
CTTCGCGCATAAGGCT-1,355,43,GRCh38
CTTCGGCTCACGTTGA-1,168,36,GRCh38
CTTCGGCTCCCCTGGT-1,6155,95,GRCh38
CTTCGGCTCCGTGAAC-1,16260,86,GRCh38
CTTCGGCTCTATGGAT-1,26003,153,Multiplet
CTTCGGTCACCACAGA-1,6874,84,GRCh38
CTTCGGTCATGCTCCG-1,113,91,GRCh38
CTTCGTTAGCCAACCG-1,2274,296,Multiplet
CTTCGTTAGTACGCAC-1,109,130,mm10
CTTCTAATCAGCGATC-1,10203,47,GRCh38
CTTCTAATCATCTCAC-1,308,43,GRCh38
CTTCTAATCCTCTAGT-1,282,50,GRCh38
CTTCTAATCGCTCCTA-1,244,43,GRCh38
CTTCTAATCTGGGACT-1,5849,42,GRCh38
CTTCTATGTATGGCTT-1,1191,85,GRCh38
CTTCTATGTCAACTCG-1,27298,143,GRCh38
CTTCTATGTCAGCTTG-1,121,33,GRCh38
CTTCTATGTGCAATTC-1,26878,129,GRCh38
CTTCTATGTTCCGGTA-1,34597,142,GRCh38
CTTCTCCTCACCATCT-1,354,111,GRCh38
CTTCTCCTCAGTTGCA-1,825,22,GRCh38
CTTCTCCTCATGCGAC-1,17528,105,GRCh38
CTTCTCCTCCGCCACT-1,167,42,GRCh38
CTTCTCCTCCGCCATC-1,137,34,GRCh38
CTTCTCCTCCTGCGAG-1,171,59,GRCh38
CTTCTCCTCGCGCTGA-1,17276,101,GRCh38
CTTCTCCTCGTGAACC-1,251,36,GRCh38
CTTCTGGTCCATGAAT-1,145,33,GRCh38
CTTCTGGTCGAGTGTC-1,3007,80,GRCh38
CTTCTGGTCTGGCCGA-1,1936,43,GRCh38
CTTGAACGTGAACGAC-1,7947,74,GRCh38
CTTGAACGTGCATTCG-1,111,53,GRCh38
CTTGAACGTTCACTCC-1,153,36,GRCh38
CTTGAACGTTGCGCTA-1,716,106,GRCh38
CTTGACCCAACTATGA-1,4651,127,GRCh38
CTTGACCCAACTCGTC-1,20364,153,Multiplet
CTTGACCCAACTGTAA-1,6039,121,GRCh38
CTTGACCCATGGTCCT-1,26589,145,Multiplet
CTTGACCCATTACAGA-1,21179,168,Multiplet
CTTGACCCATTACATC-1,17339,117,GRCh38
CTTGACTTCACGCTAA-1,279,41,GRCh38
CTTGACTTCCAGCACG-1,254,43,GRCh38
CTTGACTTCCATCGAA-1,112,36,GRCh38
CTTGACTTCCGTTGCC-1,5603,213,Multiplet
CTTGACTTCGAAGTCC-1,195,38,GRCh38
CTTGAGGCAATTCGCC-1,1645,27,GRCh38
CTTGAGGCATAATTGG-1,283,41,GRCh38
CTTGATAGTAAGTGAT-1,133,39,GRCh38
CTTGATAGTCAACGAA-1,3970,85,GRCh38
CTTGATAGTGAGCGAT-1,157,45,GRCh38
CTTGATAGTTAGTAGG-1,1579,43,GRCh38
CTTGATAGTTCGTCAG-1,905,36,GRCh38
CTTGATGAGGATGAGT-1,18721,103,GRCh38
CTTGATGAGTCAGCTA-1,2309,33,GRCh38
CTTGATGAGTTGGCCG-1,116,44,GRCh38
CTTGCAAAGAACCTGC-1,502,43,GRCh38
CTTGCAAAGAACGGCA-1,114,80,GRCh38
CTTGCAAAGATTCGAT-1,871,41,GRCh38
CTTGCAAAGTGAACTT-1,4876,51,GRCh38
CTTGCACCAACTACTT-1,293,38,GRCh38
CTTGCACCAACTTCGC-1,26655,197,Multiplet
CTTGCACCAATTACTC-1,292,60,GRCh38
CTTGCACCACATGAGT-1,546,34,GRCh38
CTTGCACCAGCATGGC-1,407,135,GRCh38
CTTGCACCAGCTCAAG-1,321,45,GRCh38
CTTGCACCAGTTGGAT-1,5881,101,GRCh38
CTTGCACCATCCCAGT-1,137,33,GRCh38
CTTGCACCATTAGGAC-1,144,36,GRCh38
CTTGCATTCACACCGG-1,30334,81,GRCh38
CTTGCATTCCATCCGC-1,267,44,GRCh38
CTTGCATTCGAAGTCC-1,7328,64,GRCh38
CTTGCATTCGTACACA-1,262,39,GRCh38
CTTGCCATCCAGCCCT-1,190,144,GRCh38
CTTGCCATCCTTAACC-1,22180,213,Multiplet
CTTGCCATCTAGTCCT-1,8567,118,GRCh38
CTTGCCATCTATGCTC-1,168,33,GRCh38
CTTGCCTGTAGCCCGT-1,812,40,GRCh38
CTTGCCTGTATAGCAG-1,51656,125,GRCh38
CTTGCCTGTGGCTAGG-1,638,48,GRCh38
CTTGCCTGTTTCGCTC-1,154,37,GRCh38
CTTGCGAGTGCATTAC-1,135,35,GRCh38
CTTGCGAGTGCGTACC-1,54023,154,Multiplet
CTTGCGAGTTCGGTAT-1,22213,121,GRCh38
CTTGCGAGTTTCCGAG-1,211,33,GRCh38
CTTGCGAGTTTGAGAG-1,16874,131,GRCh38
CTTGCGGAGCGATGTC-1,299,35,GRCh38
CTTGCTTAGCTAGCCG-1,13160,60,GRCh38
CTTGCTTAGTATGATC-1,144,35,GRCh38
CTTGCTTAGTCGCTCC-1,145,39,GRCh38
CTTGGATGTCATCGCA-1,142,49,GRCh38
CTTGGATGTTCCTGTC-1,126,38,GRCh38
CTTGGATGTTGCCCTT-1,91,33,GRCh38
CTTGGATGTTTACTGA-1,17190,86,GRCh38
CTTGGATGTTTCGCAG-1,40648,146,Multiplet
CTTGGCCTCCGTAAGC-1,287,46,GRCh38
CTTGGCCTCCTTCGAT-1,9058,91,GRCh38
CTTGGCCTCTCACTTA-1,11643,91,GRCh38
CTTGGCCTCTGGCCGA-1,46900,129,GRCh38
CTTGGCGAGCCAACTA-1,190,34,GRCh38
CTTGGCGAGCCGCAAT-1,47695,172,Multiplet
CTTGGCGAGGATGATA-1,30343,143,GRCh38
CTTGGCTCAACGTTCC-1,13657,129,GRCh38
CTTGGCTCAAGTCCTC-1,267,38,GRCh38
CTTGGCTCATCGCTTA-1,3613,37,GRCh38
CTTGGGACACAATTAG-1,2060,63,GRCh38
CTTGGGACACCTGTGT-1,583,30,GRCh38
CTTGGGACATGGCCTT-1,325,53,GRCh38
CTTGGGCGTGCGATCC-1,12201,85,GRCh38
CTTGGGCGTTCCGCTT-1,8332,97,GRCh38
CTTGGGCGTTGTGGAA-1,5978,60,GRCh38
CTTGGGGTCAGCGACT-1,59146,191,Multiplet
CTTGGGGTCAGGCTAC-1,258,52,GRCh38
CTTGGGGTCATCAGCA-1,59672,110,GRCh38
CTTGGGGTCGCTTGGG-1,719,3,GRCh38
CTTGGGTAGGTTGGGA-1,1583,28,GRCh38
CTTGGGTAGTCGCAAC-1,814,99,GRCh38
CTTGGGTAGTTGCTTC-1,3528,48,GRCh38
CTTGGTAAGCAAGTGG-1,50426,82,GRCh38
CTTGTAAGTAACCCAT-1,213,33,GRCh38
CTTGTAAGTAACGTGA-1,3523,106,GRCh38
CTTGTAAGTAGCGACG-1,2423,254,Multiplet
CTTGTCCGTTCAAGTC-1,5366,77,GRCh38
CTTGTCCGTTGTGCAT-1,29116,199,Multiplet
CTTGTCCGTTTGGCGC-1,120,34,GRCh38
CTTGTGAAGATAGGAC-1,17322,102,GRCh38
CTTGTGAAGATAGGTA-1,10181,67,GRCh38
CTTGTGAAGATTGCCA-1,132,98,GRCh38
CTTGTGAAGCCAGATC-1,905,36,GRCh38
CTTGTGAAGGATCTGC-1,17738,119,GRCh38
CTTGTGAAGTAAGGAC-1,40592,179,Multiplet
CTTGTGTTCACCATTC-1,253,35,GRCh38
CTTGTGTTCACTGGTA-1,3731,67,GRCh38
CTTGTGTTCCAATTCC-1,6143,84,GRCh38
CTTGTGTTCCAGCTCC-1,135,38,GRCh38
CTTGTGTTCGACCGTG-1,1556,34,GRCh38
CTTGTGTTCTCATCTA-1,5677,91,GRCh38
GCAAACCTCAGCCAAC-1,303,36,GRCh38
GCAAACCTCATCTGGA-1,1703,50,GRCh38
GCAAACCTCATGACGC-1,26381,139,GRCh38
GCAAACCTCCAGCTCC-1,382,34,GRCh38
GCAAACCTCCATCATC-1,50887,79,GRCh38
GCAAACCTCCGCTGCT-1,165,35,GRCh38
GCAAACCTCCGTCCTA-1,322,37,GRCh38
GCAAACCTCTAACTGG-1,468,49,GRCh38
GCAAACCTCTGGCCTC-1,4586,76,GRCh38
GCAAACCTCTGGTGAC-1,252,35,GRCh38
GCAAACCTCTTGAACG-1,509,21,GRCh38
GCAAAGGTCACAGGAG-1,6244,66,GRCh38
GCAAAGGTCCGGATAC-1,4694,88,GRCh38
GCAACATCACTAGGAT-1,794,25,GRCh38
GCAACATCACTTACAT-1,13819,183,Multiplet
GCAACATCAGCAGGTC-1,1045,10,GRCh38
GCAACATCAGGAACTT-1,4764,62,GRCh38
GCAACATCAGGTAGTT-1,11461,186,Multiplet
GCAACATCATAACCTT-1,23346,145,Multiplet
GCAACCACAAATGACC-1,322,66,GRCh38
GCAACCACAACTGGAT-1,386,54,GRCh38
GCAACCACAAGTAGTC-1,182,37,GRCh38
GCAACCACAATTGCCC-1,160,42,GRCh38
GCAACCACACATGCCT-1,155,42,GRCh38
GCAACCACACCTTCAA-1,57996,161,Multiplet
GCAACCACACTCATGC-1,136,37,GRCh38
GCAACCACAGCACCTT-1,105,36,GRCh38
GCAACCACAGGCTAAT-1,161,38,GRCh38
GCAACCACATCATATC-1,53701,234,Multiplet
GCAACCACATCCCGAT-1,1188,71,GRCh38
GCAACGGGTTGACGAA-1,2513,53,GRCh38
GCAACGTTCACCCTGC-1,201,33,GRCh38
GCAACGTTCAGCGGTT-1,267,46,GRCh38
GCAACGTTCATACTCC-1,140,50,GRCh38
GCAACGTTCCAATGTG-1,261,35,GRCh38
GCAACGTTCCATTGCT-1,176,34,GRCh38
GCAACGTTCCTTGACT-1,179,33,GRCh38
GCAACTATCAATCTCC-1,157,33,GRCh38
GCAACTATCACAGCTA-1,126,37,GRCh38
GCAACTATCACCCTGC-1,1573,46,GRCh38
GCAACTATCCATCACT-1,8631,340,Multiplet
GCAACTATCGTAGTGC-1,864,1540,Multiplet
GCAACTATCTATCCTA-1,236,40,GRCh38
GCAACTATCTGGCTCC-1,29717,225,Multiplet
GCAAGCAAGGATAGCG-1,44532,245,Multiplet
GCAAGCAAGGTTAGTT-1,6211,64,GRCh38
GCAAGCAAGTAGGCGA-1,18370,191,Multiplet
GCAAGCTTCACTCTAC-1,147,37,GRCh38
GCAAGCTTCCTTCGGC-1,124,40,GRCh38
GCAAGCTTCGTTCGGG-1,3272,31,GRCh38
GCAAGGATCAGGTCAC-1,48811,221,Multiplet
GCAAGGATCCAGCCTC-1,248,40,GRCh38
GCAAGGATCGTTCACT-1,21552,144,GRCh38
GCAAGGATCTGGCCGA-1,22859,151,Multiplet
GCAAGTGAGCTACGGT-1,8079,72,GRCh38
GCAAGTGAGGTCGTTA-1,2040,298,Multiplet
GCAAGTGAGTGCAATT-1,1307,27,GRCh38
GCAAGTGAGTTAGGTT-1,316,45,GRCh38
GCAATAGGTTATCCGG-1,136,34,GRCh38
GCAATAGGTTATCGTA-1,32289,155,Multiplet
GCAATAGGTTCGCTAG-1,5097,95,GRCh38
GCAATAGGTTGCCCTT-1,143,44,GRCh38
GCAATAGGTTGCGGTC-1,5656,35,GRCh38
GCAATATTCCCTGGCT-1,27040,159,Multiplet
GCAATATTCCGGGTCA-1,4353,77,GRCh38
GCAATATTCCTCTCGA-1,9760,159,Multiplet
GCAATATTCGATGAGG-1,221,43,GRCh38
GCAATATTCGCGATAC-1,1262,70,GRCh38
GCAATCATCAGGGCAA-1,3453,91,GRCh38
GCAATCATCCATCCGC-1,192,35,GRCh38
GCAATCATCCTCTACG-1,6179,79,GRCh38
GCAATCATCGCGTTGG-1,18844,97,GRCh38
GCAATCGCAACATAGC-1,265,68,GRCh38
GCAATCGCAAGTGAAG-1,2394,130,GRCh38
GCAATCGCACAGCACA-1,5161,77,GRCh38
GCAATCGCAGCCATGA-1,216,37,GRCh38
GCAATCGCATCATAGA-1,6492,55,GRCh38
GCAATCTGTATGGCCC-1,192,42,GRCh38
GCAATGAGTAGGCGAT-1,7868,87,GRCh38
GCAATGAGTCAGGGAT-1,17999,87,GRCh38
GCAATGAGTCAGTCAT-1,17376,156,Multiplet
GCAATGAGTCATCACG-1,138,35,GRCh38
GCAATGAGTTCTGGCA-1,44392,216,Multiplet
GCAATGAGTTGTCTAA-1,256,41,GRCh38
GCAATGAGTTTCCTGC-1,161,33,GRCh38
GCAATTGTCACCCTGC-1,127,36,GRCh38
GCAATTGTCACCTGAA-1,13056,114,GRCh38
GCAATTGTCATGACTG-1,270,35,GRCh38
GCAATTGTCCACCTAT-1,141,33,GRCh38
GCAATTGTCGCATGTA-1,29609,165,Multiplet
GCAATTGTCGCGACTG-1,8956,104,GRCh38
GCAATTGTCGCTCCAC-1,190,39,GRCh38
GCAATTGTCGCTTGCC-1,23746,118,GRCh38
GCAATTGTCTAGTACG-1,122,38,GRCh38
GCAATTGTCTCACACT-1,122,35,GRCh38
GCAATTTAGCATATAC-1,821,63,GRCh38
GCAATTTAGCGCTTCC-1,3303,66,GRCh38
GCAATTTAGCTAGGTC-1,32158,85,GRCh38
GCAATTTAGGGTGATG-1,6206,68,GRCh38
GCAATTTAGTCATACG-1,20277,119,GRCh38
GCACAATCACAAGGTT-1,161,35,GRCh38
GCACAATCACTCGGTT-1,171,34,GRCh38
GCACACTAGCGCTTCC-1,135,34,GRCh38
GCACACTAGGCTGTAC-1,117,34,GRCh38
GCACACTAGGGGATCA-1,4363,48,GRCh38
GCACACTAGTAGTTAC-1,176,35,GRCh38
GCACACTAGTCGAGAG-1,1205,44,GRCh38
GCACAGCCAAGCTATA-1,36555,185,Multiplet
GCACAGCCAAGTAAGG-1,229,33,GRCh38
GCACAGCCAATTGGCG-1,190,37,GRCh38
GCACAGCCACAGCGGT-1,273,44,GRCh38
GCACAGCCAGGCAACC-1,6142,99,GRCh38
GCACAGCCAGGTAGTT-1,5248,25,GRCh38
GCACCAACAAATCATG-1,234,102,GRCh38
GCACCAACACAGGGTC-1,167,34,GRCh38
GCACCAACAGCCATTC-1,310,44,GRCh38
GCACCAACATAAGCCG-1,1796,55,GRCh38
GCACCAACATGCGCTT-1,384,41,GRCh38
GCACCAACATTACGTT-1,900,112,GRCh38
GCACCATAGCCAGCCA-1,148,40,GRCh38
GCACCATAGCGCTGTG-1,156,43,GRCh38
GCACCATAGTAGTTCG-1,22289,122,GRCh38
GCACCCTTCCCATACT-1,138,33,GRCh38
GCACCCTTCCCGTTCA-1,197,34,GRCh38
GCACCCTTCGTGCCCT-1,144,37,GRCh38
GCACCCTTCTCACTAC-1,289,60,GRCh38
GCACCGATCCTTGATC-1,255,34,GRCh38
GCACCGATCGCATAGC-1,215,42,GRCh38
GCACCGATCTAGTTCC-1,250,34,GRCh38
GCACCTAGTAAGTCCT-1,257,47,GRCh38
GCACCTAGTCTTGCTC-1,265,34,GRCh38
GCACCTAGTGCAAGTA-1,16488,98,GRCh38
GCACGAAAGCCCGTCT-1,1239,33,GRCh38
GCACGAAAGCGAGTGA-1,3041,66,GRCh38
GCACGAAAGCGCTCAG-1,214,40,GRCh38
GCACGAAAGTTGGGTC-1,2634,86,GRCh38
GCACGAGGTTCGTGTG-1,20859,171,Multiplet
GCACGATTCAGGATGG-1,19689,197,Multiplet
GCACGATTCCAATGTG-1,242,39,GRCh38
GCACGATTCCATTCCG-1,284,41,GRCh38
GCACGGTCACCATGAG-1,261,36,GRCh38
GCACGGTCACTTGGGA-1,176,37,GRCh38
GCACGTTAGCAAGGTG-1,851,29,GRCh38
GCACGTTAGGAGTATA-1,25293,119,GRCh38
GCACGTTAGGCTACCG-1,163,45,GRCh38
GCACTAATCACATGGC-1,1120,53,GRCh38
GCACTAATCAGCAGTC-1,121,35,GRCh38
GCACTAATCCCTGTCA-1,308,61,GRCh38
GCACTAATCTAAGTCG-1,32018,178,Multiplet
GCACTAGCAAGTAGGA-1,10049,123,GRCh38
GCACTAGCACTTCGCG-1,310,42,GRCh38
GCACTAGCAGGACTTG-1,611,39,GRCh38
GCACTAGCATCCTACA-1,156,37,GRCh38
GCACTAGCATTAGTTC-1,254,55,GRCh38
GCACTATGTAGCTGCC-1,132,33,GRCh38
GCACTATGTAGGCTGG-1,21731,129,GRCh38
GCACTATGTGGACCCT-1,14165,85,GRCh38
GCACTATGTTCGCCTT-1,216,34,GRCh38
GCACTATGTTGAGCCC-1,210,187,Multiplet
GCACTCCTCACACAGC-1,137,35,GRCh38
GCACTCCTCAGTAGGG-1,2588,52,GRCh38
GCACTCCTCCAGGGAA-1,4006,86,GRCh38
GCACTCCTCGAACGAG-1,221,41,GRCh38
GCACTCCTCGCATCGG-1,2649,46,GRCh38
GCACTGACAAATCGTA-1,247,33,GRCh38
GCACTGACACCATACC-1,138,36,GRCh38
GCACTGACACCTTCAA-1,285,46,GRCh38
GCACTGGTCACCCTGC-1,371,83,GRCh38
GCACTGGTCATGTAAC-1,117,35,GRCh38
GCACTGGTCCAACTGA-1,156,36,GRCh38
GCACTGGTCCATCACT-1,494,70,GRCh38
GCACTGGTCCCGTTGC-1,665,34,GRCh38
GCACTGGTCCGCGCTT-1,135,38,GRCh38
GCACTGGTCCTGCGCT-1,193,44,GRCh38
GCACTGGTCGAGCACT-1,1836,25,GRCh38
GCACTGGTCGATCCTT-1,186,41,GRCh38
GCACTGGTCTAGCTTC-1,169,33,GRCh38
GCACTTGGTAAGCTGA-1,22819,81,GRCh38
GCACTTGGTGGGTATA-1,627,37,GRCh38
GCACTTGGTTAAGCCT-1,196,62,GRCh38
GCACTTGGTTAGGCTT-1,137,41,GRCh38
GCACTTGGTTCAAGGA-1,274,47,GRCh38
GCACTTGGTTCACCGA-1,316,47,GRCh38
GCACTTGGTTGGGTCC-1,128,33,GRCh38
GCACTTGGTTGGTGCC-1,168,35,GRCh38
GCACTTGGTTTCCTGC-1,130,33,GRCh38
GCAGCCATCACTCCGC-1,135,50,GRCh38
GCAGCCATCCGTCATT-1,310,51,GRCh38
GCAGCCATCCTTCCTC-1,376,84,GRCh38
GCAGCCATCGATCACA-1,1060,38,GRCh38
GCAGCCATCGTACGGT-1,175,58,GRCh38
GCAGCCATCTAACTCC-1,156,48,GRCh38
GCAGCCATCTAATCCC-1,123,35,GRCh38
GCAGCGAGTCAGTAGA-1,13386,107,GRCh38
GCAGCGAGTTGAGGAC-1,25724,189,Multiplet
GCAGGATGTATAGCTC-1,1967,47,GRCh38
GCAGGATGTATTAGCC-1,469,55,GRCh38
GCAGGATGTCAGTAGA-1,2227,56,GRCh38
GCAGGATGTGGGTACG-1,75447,111,GRCh38
GCAGGATGTTAGCTCG-1,1888,29,GRCh38
GCAGGCTCAAACCCAG-1,158,33,GRCh38
GCAGGCTCAAGCTGAT-1,69830,242,Multiplet
GCAGGCTCACCTTGGT-1,339,39,GRCh38
GCAGGCTCAGTACTCC-1,144,33,GRCh38
GCAGGCTCATAAGTTG-1,295,34,GRCh38
GCAGGCTCATTCCTTC-1,230,52,GRCh38
GCAGGGACAAATCAGC-1,223,41,GRCh38
GCAGGGACAATCCCGT-1,30160,166,Multiplet
GCAGGGACACCTGCTG-1,657,24,GRCh38
GCAGGGACACTACCCG-1,1126,30,GRCh38
GCAGGGACACTACCGT-1,20349,239,Multiplet
GCAGGGTAGCCGATTA-1,242,36,GRCh38
GCAGTAAGTAGTGCCC-1,143,35,GRCh38
GCAGTAAGTAGTTACC-1,150,46,GRCh38
GCAGTGAAGGTTGACC-1,3067,59,GRCh38
GCAGTGAAGTATGGTT-1,34052,238,Multiplet
GCATAACCAAGCTTCC-1,171,52,GRCh38
GCATAACCACTTACTG-1,165,39,GRCh38
GCATAACCATGAGTGT-1,761,20,GRCh38
GCATAAGGTCTTGCTC-1,148,39,GRCh38
GCATAAGGTGGCTCAC-1,265,46,GRCh38
GCATAAGGTTATGGCT-1,157,36,GRCh38
GCATAAGGTTCGCGGT-1,14496,358,Multiplet
GCATAAGGTTGACGGG-1,161,39,GRCh38
GCATAAGGTTTACTCT-1,8644,71,GRCh38
GCATAGCTCACCAAGC-1,11368,72,GRCh38
GCATAGTCAATCCCGT-1,20346,178,Multiplet
GCATAGTCACTTGACC-1,254,34,GRCh38
GCATCAATCAATCGCA-1,20160,101,GRCh38
GCATCAATCAATGTCG-1,1261,27,GRCh38
GCATCAATCAGGAACG-1,4941,91,GRCh38
GCATCAATCCCAGTAA-1,27880,93,GRCh38
GCATCACAGCTGGATC-1,256,44,GRCh38
GCATCACAGCTGGTTA-1,264,37,GRCh38
GCATCCCTCACCACTT-1,3830,63,GRCh38
GCATCCCTCACGCTCC-1,9398,202,Multiplet
GCATCCCTCAGCGACT-1,25564,301,Multiplet
GCATCCCTCATGCCTT-1,4925,53,GRCh38
GCATCCCTCCAGCGTG-1,18135,113,GRCh38
GCATCCCTCGCTCCAC-1,329,84,GRCh38
GCATCCCTCTGTCTAC-1,152,36,GRCh38
GCATCCTCAGGGCCAT-1,1963,39,GRCh38
GCATCCTCAGTTGAGT-1,7932,82,GRCh38
GCATCCTCATAGGCGC-1,6084,75,GRCh38
GCATCTAAGATTCGAT-1,385,37,GRCh38
GCATCTAAGCCTGTGG-1,1597,80,GRCh38
GCATCTAAGGGTACTC-1,23199,146,Multiplet
GCATCTAAGGTCGTAC-1,2736,37,GRCh38
GCATCTAAGTACCAGC-1,14395,81,GRCh38
GCATGAGAGATTCAAC-1,5520,51,GRCh38
GCATGAGAGCATCCTT-1,11962,179,Multiplet
GCATGAGAGTGCGGTT-1,338,37,GRCh38
GCATGGGGTAGTAGAT-1,14296,111,GRCh38
GCATGGGGTCTAGTTA-1,251,35,GRCh38
GCATGGGGTTGACGAA-1,420,48,GRCh38
GCATGGTTCACGCACG-1,294,58,GRCh38
GCATGGTTCCCGCTAC-1,573,49,GRCh38
GCATGGTTCGAACCCG-1,179,36,GRCh38
GCATGGTTCGATTCCT-1,8047,33,GRCh38
GCATGGTTCTATGCCT-1,251,35,GRCh38
GCATGGTTCTGGAACC-1,44923,155,Multiplet
GCATGTCAGGATAGGT-1,21984,126,GRCh38
GCATGTCAGTCTAGGC-1,194,419,Multiplet
GCATGTTGTCATGAAG-1,2270,74,GRCh38
GCATGTTGTCTGGTGC-1,135,33,GRCh38
GCATGTTGTTACTGCG-1,210,34,GRCh38
GCATGTTGTTAGTACC-1,116,37,GRCh38
GCATGTTGTTAGTTCA-1,5142,36,GRCh38
GCATGTTGTTCACGAT-1,211,33,GRCh38
GCATTAACACATAGGT-1,2715,58,GRCh38
GCATTAACATAGGTAC-1,436,46,GRCh38
GCATTAACATGGCAGC-1,126,33,GRCh38
GCATTACGTATGTAGG-1,230,41,GRCh38
GCATTACGTGATGGTA-1,25269,129,GRCh38
GCATTACGTGCGAGCA-1,317,44,GRCh38
GCATTACGTTCGTTCC-1,178,33,GRCh38
GCATTACGTTCTGTCC-1,110,34,GRCh38
GCATTACGTTGAGCCC-1,869,24,GRCh38
GCATTAGTCACAGGCT-1,10605,30,GRCh38
GCATTAGTCATGCGTA-1,124,34,GRCh38
GCATTAGTCCCAATGA-1,19791,102,GRCh38
GCATTAGTCCCGCTGT-1,339,63,GRCh38
GCATTAGTCCGCGATG-1,367,58,GRCh38
GCATTATAGCCATCCC-1,236,39,GRCh38
GCATTATAGGGGACTA-1,122,38,GRCh38
GCATTATAGGTCAACC-1,1103,40,GRCh38
GCATTATAGTCTCTGT-1,154,52,GRCh38
GCATTATAGTGAGCAG-1,25712,157,Multiplet
GCATTATAGTTAGTAC-1,956,205,Multiplet
GCATTATAGTTGCGTA-1,1728,26,GRCh38
GCATTCAAGGTGACTC-1,142,34,GRCh38
GCATTCAAGGTTGGTC-1,611,26,GRCh38
GCATTCAAGTTGGGCT-1,19957,274,Multiplet
GCATTCCCAGGTTGCA-1,301,38,GRCh38
GCATTGATCCCTCTGA-1,2839,32,GRCh38
GCATTTAGTCTGTCGA-1,103,34,GRCh38
GCATTTAGTGGCCATC-1,126,34,GRCh38
GCATTTAGTTCTGGCA-1,317,38,GRCh38
GCATTTAGTTGAGCCC-1,172,37,GRCh38
GCATTTAGTTGCCTTC-1,254,57,GRCh38
GCATTTGAGCAAGGCA-1,20964,106,GRCh38
GCCAAATCAATCAGGT-1,371,35,GRCh38
GCCAAATCATTCCTGA-1,32285,140,GRCh38
GCCAACTAGCAAGTGG-1,27175,76,GRCh38
GCCAACTAGGCATCGT-1,508,13,GRCh38
GCCAACTAGGTTCCGG-1,150,33,GRCh38
GCCAACTAGTCAAGCC-1,203,33,GRCh38
GCCAAGCCAATGTCAA-1,3199,31,GRCh38
GCCAAGCCACCTTACA-1,166,33,GRCh38
GCCAAGCCATAGAGTC-1,2462,33,GRCh38
GCCAATATCAAGTTCG-1,4777,84,GRCh38
GCCAATATCACTCAGA-1,3427,168,Multiplet
GCCAATATCACTCCGC-1,12862,96,GRCh38
GCCAATATCCCTGATT-1,219,37,GRCh38
GCCAATATCGACTTAG-1,8502,96,GRCh38
GCCAATATCGAGTGTC-1,670,42,GRCh38
GCCAATATCTGGTCGG-1,5211,70,GRCh38
GCCAATGCAAGTCGCA-1,2346,27,GRCh38
GCCAATGCACCTGGAA-1,251,38,GRCh38
GCCAATGCACTTCGTA-1,323,39,GRCh38
GCCAATGCACTTGGGA-1,38916,180,Multiplet
GCCAATGCAGCTATCC-1,27036,193,Multiplet
GCCAATGCATCCGTAC-1,127,37,GRCh38
GCCAATGCATGCAGTG-1,74551,158,Multiplet
GCCAATTGTCAAGGCG-1,19132,113,GRCh38
GCCAATTGTCTGGCTA-1,119,46,GRCh38
GCCAATTGTGACGAGT-1,16035,267,Multiplet
GCCAATTGTGATCCGC-1,161,36,GRCh38
GCCAATTGTTAGCCAT-1,121,33,GRCh38
GCCAATTGTTGGTGCC-1,158,40,GRCh38
GCCAATTGTTTAGCCG-1,772,83,GRCh38
GCCACAACACTAGCAG-1,317,37,GRCh38
GCCACAACACTTCAAT-1,24117,176,Multiplet
GCCACAACATAACGTA-1,280,34,GRCh38
GCCACAACATCGGTGA-1,32396,141,GRCh38
GCCACAACATGGCTAG-1,2700,89,GRCh38
GCCACAACATTGCACC-1,145,37,GRCh38
GCCACATAGATTGAGA-1,151,35,GRCh38
GCCACATAGCCACAGT-1,19814,109,GRCh38
GCCACATAGCGGAGAC-1,981,15,GRCh38
GCCACATAGTTGCGTA-1,742,309,Multiplet
GCCACCTTCACTAGGC-1,6487,56,GRCh38
GCCACCTTCCTGGTCC-1,126,34,GRCh38
GCCACCTTCGACCAAC-1,228,39,GRCh38
GCCACCTTCGCGCTGA-1,1267,21,GRCh38
GCCACCTTCGTTACTC-1,31936,294,Multiplet
GCCACCTTCTATGCTC-1,155,33,GRCh38
GCCACTTCAACCTCTA-1,156,33,GRCh38
GCCACTTCAAGCTTAA-1,1042,35,GRCh38
GCCACTTCACCTCAGT-1,5145,136,GRCh38
GCCACTTCATCACTGC-1,185,38,GRCh38
GCCATAATCAAGTTAC-1,17459,200,Multiplet
GCCATAATCACAGACC-1,26250,122,GRCh38
GCCATAATCACTGGGT-1,38167,152,Multiplet
GCCATAATCGTGAGTC-1,672,27,GRCh38
GCCATAGCACATACCC-1,15975,132,GRCh38
GCCATATGTATTGGCT-1,245,33,GRCh38
GCCATATGTCAGCATT-1,50542,291,Multiplet
GCCATATGTGAGATCA-1,18117,107,GRCh38
GCCATATGTGCATCGC-1,15960,106,GRCh38
GCCATATGTTCACTCC-1,187,33,GRCh38
GCCATATGTTCATCGG-1,22215,159,Multiplet
GCCATATGTTCTGTCC-1,216,40,GRCh38
GCCATATGTTGACCGC-1,1280,107,GRCh38
GCCATATGTTGGATAG-1,308,57,GRCh38
GCCATCAGTTGAATCC-1,286,56,GRCh38
GCCATCCTCAAGTGCC-1,167,33,GRCh38
GCCATCCTCAATCGTG-1,17892,108,GRCh38
GCCATCCTCATAGGCC-1,135,50,GRCh38
GCCATCCTCCTGCCGT-1,159,37,GRCh38
GCCATCCTCCTTGATC-1,4387,114,GRCh38
GCCATCCTCGCGACTG-1,466,36,GRCh38
GCCATCCTCTGGTCCC-1,194,39,GRCh38
GCCATCCTCTGTGCTT-1,193,40,GRCh38
GCCATCCTCTTGATCC-1,145,38,GRCh38
GCCATCTCAAAGGACA-1,8208,50,GRCh38
GCCATCTCATGGCCTT-1,5962,76,GRCh38
GCCATCTCATTCGTAT-1,137,33,GRCh38
GCCATGGTCAATGGCC-1,595,19,GRCh38
GCCATGGTCCGTGTGG-1,165,37,GRCh38
GCCATGGTCCTCATTA-1,20913,111,GRCh38
GCCATGGTCCTGGTAA-1,21254,138,GRCh38
GCCATGGTCGCGAACT-1,1016,22,GRCh38
GCCATGGTCTGGCCTC-1,4791,185,Multiplet
GCCATGGTCTGGTAGC-1,268,39,GRCh38
GCCATGGTCTTGACAG-1,11505,77,GRCh38
GCCATTCCAACTTCAT-1,4012,39,GRCh38
GCCATTCCAATATCTC-1,126,35,GRCh38
GCCATTCCACAAGGCC-1,124,37,GRCh38
GCCATTCCACTTCAAT-1,127,36,GRCh38
GCCATTCCAGCCTACT-1,810,35,GRCh38
GCCATTCCAGCTAGGC-1,5109,35,GRCh38
GCCATTCCATCGTACC-1,14816,97,GRCh38
GCCCAAGTCAAGTTAC-1,240,35,GRCh38
GCCCAAGTCCGCGATG-1,53347,194,Multiplet
GCCCAAGTCGACTTAG-1,713,38,GRCh38
GCCCAATAGCGGTTCG-1,1635,34,GRCh38
GCCCAATAGTCGACCG-1,764,48,GRCh38
GCCCAATAGTCGCTCC-1,131,34,GRCh38
GCCCACTTCATGTGCA-1,21048,122,GRCh38
GCCCACTTCCATCGCC-1,853,143,GRCh38
GCCCACTTCCCGCTAC-1,143,37,GRCh38
GCCCACTTCCCTCGGT-1,2118,86,GRCh38
GCCCACTTCCGCGTCT-1,831,60,GRCh38
GCCCACTTCGATCAAT-1,28275,119,GRCh38
GCCCACTTCTATCCGT-1,39363,214,Multiplet
GCCCATAGTGATCCGC-1,126,33,GRCh38
GCCCATAGTGCAGCGA-1,268,125,GRCh38
GCCCATAGTTGGGTCC-1,17973,166,Multiplet
GCCCATTCACATTACT-1,8119,78,GRCh38
GCCCATTCAGGAAGTA-1,21238,148,Multiplet
GCCCATTCATCCTGCG-1,2015,127,GRCh38
GCCCCAAAGTTAGGCC-1,4939,88,GRCh38
GCCCCATTCAATCTCC-1,171,46,GRCh38
GCCCCATTCCTGCCTA-1,190,34,GRCh38
GCCCCATTCGAAGCTC-1,615,28,GRCh38
GCCCCATTCGATCAGC-1,1009,267,Multiplet
GCCCCTTAGCGAACTC-1,1187,53,GRCh38
GCCCCTTAGCTGAGTC-1,493,35,GRCh38
GCCCCTTAGTAACCAT-1,334,69,GRCh38
GCCCGTAAGCCACGCA-1,319,54,GRCh38
GCCCGTAAGCTAGTTG-1,22969,130,GRCh38
GCCCTAAGTTGGCGCT-1,257,41,GRCh38
GCCCTAGAGAACCATT-1,4213,34,GRCh38
GCCCTCACAATCTGCC-1,155,33,GRCh38
GCCCTCACAGTACTCC-1,256,56,GRCh38
GCCCTCACATCCTGAC-1,8409,184,Multiplet
GCCCTCACATGCTCCG-1,235,52,GRCh38
GCCCTCACATTACTAC-1,144,34,GRCh38
GCCCTGAAGCAAGTCC-1,4645,36,GRCh38
GCCCTGAAGCGCTACG-1,5565,56,GRCh38
GCCCTGAAGCGCTTCC-1,190,49,GRCh38
GCCCTGAAGGTACGCT-1,363,33,GRCh38
GCCCTGAAGGTGAGCA-1,2955,107,GRCh38
GCCCTGAAGTAGCCAC-1,1976,18,GRCh38
GCCCTGAAGTATGAAG-1,161,48,GRCh38
GCCCTGTTCACCTGGG-1,2577,79,GRCh38
GCCCTGTTCAGGAGCA-1,4697,168,Multiplet
GCCCTGTTCCCGCACT-1,6137,78,GRCh38
GCCCTGTTCCGGTTGG-1,277,59,GRCh38
GCCCTGTTCGCGAACT-1,207,49,GRCh38
GCCCTGTTCTATGCCT-1,5178,223,Multiplet
GCCCTGTTCTGTCACT-1,182,41,GRCh38
GCCGAACCAATACTCT-1,122,90,GRCh38
GCCGAACCAATCCTGC-1,166,35,GRCh38
GCCGAACCACAGCACA-1,327,50,GRCh38
GCCGAACCATCGGTCT-1,680,26,GRCh38
GCCGAACCATGCTTGC-1,800,42,GRCh38
GCCGAAGGTCTGTGTG-1,13576,91,GRCh38
GCCGAAGGTGAACTGA-1,66031,138,GRCh38
GCCGAAGGTTGACGAA-1,7894,69,GRCh38
GCCGAGTCAACCGTGA-1,295,38,GRCh38
GCCGAGTCAAGTAGGA-1,21342,138,GRCh38
GCCGAGTCACTCATCA-1,37527,106,GRCh38
GCCGATTAGAACCATT-1,1146,51,GRCh38
GCCGATTAGTCTCTGT-1,153,33,GRCh38
GCCGCTAAGATTAGGA-1,123,114,GRCh38
GCCGCTAAGCCACTCC-1,141,34,GRCh38
GCCGCTAAGCGCTACG-1,2625,58,GRCh38
GCCGCTAAGCTATCCT-1,141,37,GRCh38
GCCGGTTGTAGCCTGC-1,127,49,GRCh38
GCCGGTTGTAGCTTAC-1,171,33,GRCh38
GCCGGTTGTCAGGAAC-1,4344,78,GRCh38
GCCGGTTGTCTGGTCA-1,109,35,GRCh38
GCCGGTTGTGGCGCAA-1,312,59,GRCh38
GCCGGTTGTGGCTTCA-1,832,37,GRCh38
GCCGGTTGTTAACTGC-1,655,37,GRCh38
GCCGGTTGTTGGTTAC-1,109,39,GRCh38
GCCGGTTGTTTCGCTC-1,132,39,GRCh38
GCCGTACGTTGCGTGC-1,37371,174,Multiplet
GCCGTACGTTTACTTC-1,16192,84,GRCh38
GCCGTACGTTTCCTCA-1,24059,122,GRCh38
GCCGTAGTCCATGAAT-1,595,31,GRCh38
GCCGTAGTCCTGACGG-1,379,35,GRCh38
GCCGTAGTCGATACGC-1,252,38,GRCh38
GCCGTAGTCGCGTTCC-1,3794,44,GRCh38
GCCGTAGTCTCATCGT-1,10255,73,GRCh38
GCCGTAGTCTTGAGCA-1,60773,279,Multiplet
GCCGTCAAGAACGAGT-1,154,58,GRCh38
GCCGTCAAGAAGCATA-1,8537,69,GRCh38
GCCGTCAAGCCACATA-1,683,198,Multiplet
GCCGTCAAGCGATTGC-1,253,33,GRCh38
GCCGTCAAGCGGAGAC-1,16206,113,GRCh38
GCCGTCAAGCTACGCG-1,2646,73,GRCh38
GCCGTCAAGGCTACTA-1,3847,141,GRCh38
GCCGTTAGTTAGCCGC-1,3970,60,GRCh38
GCCGTTAGTTCCGTGA-1,1636,29,GRCh38
GCCGTTAGTTCCTGCT-1,116,36,GRCh38
GCCGTTAGTTCCTGTC-1,173,34,GRCh38
GCCGTTAGTTCGATGT-1,216,34,GRCh38
GCCGTTAGTTCGGGTC-1,41189,195,Multiplet
GCCGTTAGTTGTCTCC-1,61143,146,Multiplet
GCCGTTGAGAACCTGC-1,161,35,GRCh38
GCCGTTGAGCGGATTC-1,261,78,GRCh38
GCCGTTGAGCGGCATT-1,30077,154,Multiplet
GCCGTTGAGGGCTACT-1,255,47,GRCh38
GCCGTTGAGGTACTGC-1,190,37,GRCh38
GCCGTTGAGTCGAACC-1,166,39,GRCh38
GCCTAAATCCGCACCT-1,326,45,GRCh38
GCCTAAATCTGGATTG-1,245,36,GRCh38
GCCTAAATCTGTCATC-1,218,46,GRCh38
GCCTAACAGCGAACCT-1,801,20,GRCh38
GCCTAACAGTAGTCGC-1,3118,180,Multiplet
GCCTAATGTCAACTTA-1,221,34,GRCh38
GCCTAATGTCAATTCA-1,27411,219,Multiplet
GCCTAATGTCTCAGCA-1,232,35,GRCh38
GCCTAATGTTCGGCTA-1,283,43,GRCh38
GCCTAATGTTCGGGTC-1,104,51,GRCh38
GCCTACCTCAAGTAGA-1,152,33,GRCh38
GCCTACCTCACCACGG-1,142,42,GRCh38
GCCTACCTCACCCTGC-1,173,37,GRCh38
GCCTACCTCAGCGAGA-1,1713,160,Multiplet
GCCTACCTCCCCATGC-1,2874,42,GRCh38
GCCTACCTCCCTGTGC-1,136,37,GRCh38
GCCTACCTCGATGATT-1,191,51,GRCh38
GCCTACCTCGCGTTCC-1,156,34,GRCh38
GCCTACCTCGCTATGA-1,254,45,GRCh38
GCCTACTCAACCATCC-1,164,35,GRCh38
GCCTACTCAAGTGGAA-1,26788,286,Multiplet
GCCTACTCAGCTAAGT-1,257,48,GRCh38
GCCTACTCAGGATCTG-1,122,40,GRCh38
GCCTACTCATCCAGAG-1,187,64,GRCh38
GCCTATGGTAAGTGGC-1,209,34,GRCh38
GCCTATGGTCATTAGC-1,251,50,GRCh38
GCCTATGGTCATTCAA-1,1968,52,GRCh38
GCCTATGGTTGCCTTC-1,158,39,GRCh38
GCCTCATCATCCATAT-1,3213,97,GRCh38
GCCTCATCATCGGTCT-1,33977,117,GRCh38
GCCTCATCATTACCGC-1,300,50,GRCh38
GCCTCCACAAGCATTA-1,270,440,Multiplet
GCCTCCACAATCCAGG-1,119,35,GRCh38
GCCTCCACACATTAAG-1,543,56,GRCh38
GCCTCCACACATTACT-1,624,14,GRCh38
GCCTCCACATCGGTTC-1,176,37,GRCh38
GCCTCCACATTACCTG-1,131,34,GRCh38
GCCTGATAGCAATTCG-1,1255,14,GRCh38
GCCTGATAGCCTGGTG-1,125,33,GRCh38
GCCTGATAGCTAACCA-1,151,34,GRCh38
GCCTGATAGGAACCAG-1,753,36,GRCh38
GCCTGATAGGAATCAA-1,4549,93,GRCh38
GCCTGATAGTAGGCAG-1,2615,31,GRCh38
GCCTGATAGTTAGCCA-1,8498,170,Multiplet
GCCTGCAAGCGACTAC-1,213,34,GRCh38
GCCTGCTTCAATCCTC-1,294,36,GRCh38
GCCTGCTTCATCACCT-1,188,33,GRCh38
GCCTGCTTCATGACGC-1,8084,64,GRCh38
GCCTGCTTCCGTTGCC-1,360,88,GRCh38
GCCTGCTTCCTTGGTT-1,252,44,GRCh38
GCCTGCTTCGTTCATC-1,44537,162,Multiplet
GCCTGCTTCTCACAGA-1,25975,155,Multiplet
GCCTGGATCACCTGCC-1,148,48,GRCh38
GCCTGGATCATGCTAG-1,832,72,GRCh38
GCCTGGATCCAGCAGT-1,143,39,GRCh38
GCCTGGATCCAGCCCT-1,278,37,GRCh38
GCCTGGATCCCTGGCT-1,1584,33,GRCh38
GCCTGGATCCTTAGTC-1,225,36,GRCh38
GCCTGTTCAAAGGAAT-1,6657,68,GRCh38
GCCTGTTCACTATCAT-1,5851,56,GRCh38
GCCTGTTCATGCGTTC-1,171,35,GRCh38
GCCTTCATCATATGGT-1,381,106,GRCh38
GCCTTCATCCCAGAGT-1,1008,211,Multiplet
GCCTTCATCGTTCCGC-1,260,50,GRCh38
GCCTTGCTCACACCTT-1,328,42,GRCh38
GCCTTGCTCCATCACT-1,144,49,GRCh38
GCCTTGCTCGCTTCCA-1,375,35,GRCh38
GCCTTGCTCGTAGTGC-1,104,39,GRCh38
GCCTTGCTCTGGCCCT-1,280,35,GRCh38
GCGAAAGTCAGCAGGA-1,63383,178,Multiplet
GCGAAAGTCATCTGTC-1,408,38,GRCh38
GCGAAAGTCCAGCTAA-1,11339,63,GRCh38
GCGAAAGTCCGGTGTG-1,2556,376,Multiplet
GCGAAAGTCCTGAAGC-1,9171,69,GRCh38
GCGAAAGTCGCTAGGT-1,33595,129,GRCh38
GCGAATAGTAACTGTC-1,38111,239,Multiplet
GCGAATAGTAAGTAGT-1,275,48,GRCh38
GCGAATAGTTAGGTGA-1,178,33,GRCh38
GCGAATAGTTCCCGTT-1,7708,59,GRCh38
GCGAATTCACATTCGC-1,688,165,Multiplet
GCGAATTCAGGGATGG-1,30301,146,Multiplet
GCGAATTCATGTCGTC-1,9339,103,GRCh38
GCGAATTCATTCGGTC-1,254,37,GRCh38
GCGAATTCATTCGTCA-1,423,38,GRCh38
GCGACAGGTAGGCGAT-1,458,45,GRCh38
GCGACAGGTCATGTGT-1,229,40,GRCh38
GCGACAGGTGATGCCC-1,18696,169,Multiplet
GCGACAGGTTAATTCG-1,831,43,GRCh38
GCGACATTCACTCGCC-1,299,63,GRCh38
GCGACATTCAGGTAGG-1,5563,41,GRCh38
GCGACATTCATGTCCT-1,183,49,GRCh38
GCGACATTCCCTCTAG-1,1832,158,Multiplet
GCGACATTCGATGCGT-1,180,44,GRCh38
GCGACATTCTAACTCC-1,16733,130,GRCh38
GCGACTTAGATTAGGA-1,526,19,GRCh38
GCGACTTAGCCTGTAA-1,174,36,GRCh38
GCGACTTAGTCGACGT-1,32815,187,Multiplet
GCGACTTAGTTAGGTT-1,279,67,GRCh38
GCGAGGTAGCGATACC-1,141,33,GRCh38
GCGAGGTAGCTAAGGG-1,26006,153,Multiplet
GCGAGTAAGAATCATC-1,118,43,GRCh38
GCGAGTAAGCAAGCCT-1,234,44,GRCh38
GCGAGTAAGCATCGGT-1,30935,132,GRCh38
GCGAGTTTCATCTCTA-1,20832,146,Multiplet
GCGAGTTTCCTCACTG-1,173,42,GRCh38
GCGAGTTTCCTGAAGC-1,122,43,GRCh38
GCGAGTTTCGATACGC-1,1545,19,GRCh38
GCGAGTTTCGTTCGGG-1,226,36,GRCh38
GCGATAAGTGCAATTC-1,698,36,GRCh38
GCGATCCGTAATGGTG-1,9351,47,GRCh38
GCGATCCGTGAGTTGA-1,29313,139,GRCh38
GCGATCCGTTTCGCAG-1,390,35,GRCh38
GCGATGAAGCCACGCA-1,332,43,GRCh38
GCGATGAAGGTCGTTA-1,3949,45,GRCh38
GCGATGAAGGTGATCC-1,18981,104,GRCh38
GCGATGAAGTTGCACA-1,147,39,GRCh38
GCGATGTTCACGGCCA-1,58093,170,Multiplet
GCGATGTTCCTGTGCC-1,174,43,GRCh38
GCGATGTTCTAGTAAC-1,139,37,GRCh38
GCGATTCAGAATCCTG-1,145,33,GRCh38
GCGATTCAGTCGACCG-1,2872,90,GRCh38
GCGCAAGGTAGTAACG-1,1464,23,GRCh38
GCGCAAGGTTAAGGTG-1,21143,124,GRCh38
GCGCAAGGTTGAAGGC-1,40903,216,Multiplet
GCGCATTAGATTGAAG-1,29316,120,GRCh38
GCGCATTAGGTTCAAT-1,135,41,GRCh38
GCGCATTAGTCATTGG-1,546,51,GRCh38
GCGCCAATCAGTTGAT-1,112,34,GRCh38
GCGCCAATCCTCTCAG-1,1763,55,GRCh38
GCGCCAATCGCGTTCC-1,2950,62,GRCh38
GCGCCAATCGTTACAG-1,279,46,GRCh38
GCGCCAATCTCATGCT-1,275,63,GRCh38
GCGCCTAAGCTGGCAT-1,376,47,GRCh38
GCGCCTAAGGGCAGTA-1,1971,84,GRCh38
GCGCCTAAGTAGACTT-1,35746,158,Multiplet
GCGCCTAAGTAGTGCC-1,5648,86,GRCh38
GCGCTAACAAACTGCG-1,180,33,GRCh38
GCGCTAACAATACGAC-1,15490,170,Multiplet
GCGCTAACAATATGCA-1,19720,92,GRCh38
GCGCTAACACAGGCAC-1,1417,16412,Multiplet
GCGCTAACACTAAGCG-1,5041,57,GRCh38
GCGCTAACACTATGCC-1,183,35,GRCh38
GCGCTAACAGCTCTCG-1,23105,106,GRCh38
GCGCTAACATCATCTG-1,151,37,GRCh38
GCGCTAGTCACTCTGT-1,190,37,GRCh38
GCGCTAGTCACTGGTA-1,8118,143,GRCh38
GCGCTCAAGTTAGAGA-1,26491,182,Multiplet
GCGCTTAGTAATGTGG-1,170,103,GRCh38
GCGCTTAGTGGCGAAT-1,11864,109,GRCh38
GCGCTTAGTTCCGTAG-1,583,16,GRCh38
GCGCTTAGTTTCCGCT-1,313,49,GRCh38
GCGCTTAGTTTGGCTG-1,143,35,GRCh38
GCGCTTGAGATTACGT-1,141,38,GRCh38
GCGCTTGAGGCTTCCC-1,106,38,GRCh38
GCGCTTGAGTTACCCT-1,242,43,GRCh38
GCGGACTCACAATCAA-1,2802,39,GRCh38
GCGGACTCACTAATTC-1,9316,94,GRCh38
GCGGACTCAGCTATGG-1,286,41,GRCh38
GCGGACTCATAGGTTA-1,7367,88,GRCh38
GCGGACTCATCCTTAG-1,9852,81,GRCh38
GCGGACTCATTGCGTC-1,1314,42,GRCh38
GCGGAGACAACTACGG-1,539,19,GRCh38
GCGGAGACAATGGGCC-1,136,35,GRCh38
GCGGAGACAGCCAGAC-1,16424,105,GRCh38
GCGGAGACATCCATAT-1,269,33,GRCh38
GCGGAGTAGATAGGAC-1,4166,86,GRCh38
GCGGAGTAGCTATGGC-1,9043,34,GRCh38
GCGGAGTAGGAGTAAC-1,11842,92,GRCh38
GCGGATGGTGACTCTG-1,38166,149,Multiplet
GCGGATGGTTATGCTA-1,327,53,GRCh38
GCGGATGGTTCCTCGT-1,6515,95,GRCh38
GCGGCTATCACAGCGT-1,178,47,GRCh38
GCGGCTATCCAGAGCT-1,200,44,GRCh38
GCGGCTTGTAGGTTAG-1,21050,90,GRCh38
GCGGGAACACCTTCAA-1,1598,45,GRCh38
GCGGGATAGCCTGCGA-1,161,41,GRCh38
GCGGGATAGGATACTT-1,27559,202,Multiplet
GCGGGATAGGTTAGTT-1,5380,68,GRCh38
GCGGGATAGTAGGGCA-1,202,34,GRCh38
GCGGGTAGTAGCCTCA-1,136,33,GRCh38
GCGGGTAGTGAAGTTG-1,26324,167,Multiplet
GCGGGTAGTGATCCTG-1,2914,103,GRCh38
GCGGGTAGTGATGGCG-1,2272,91,GRCh38
GCGGGTAGTTAATGCC-1,20517,117,GRCh38
GCGGGTAGTTGCATGT-1,24276,102,GRCh38
GCGGGTAGTTGCTGTG-1,6902,60,GRCh38
GCGGGTTCAACTGTCC-1,130,34,GRCh38
GCGGGTTCAATTGCCC-1,161,36,GRCh38
GCGGGTTCACTTACGC-1,143,38,GRCh38
GCGGGTTCATCACTGC-1,156,39,GRCh38
GCGGTAAAGCATTCAG-1,1559,42,GRCh38
GCGGTAAAGCCGATAC-1,7389,38,GRCh38
GCGGTAAAGTCAGTAT-1,265,39,GRCh38
GCGGTAGGTCTAGCTG-1,228,57,GRCh38
GCGGTAGGTTTCCATT-1,64702,165,Multiplet
GCGGTCATCAGGTTGC-1,302,38,GRCh38
GCGGTCATCATGTGGC-1,180,46,GRCh38
GCGGTGAGTCCATCCT-1,10168,159,Multiplet
GCGGTGAGTGCATCCA-1,829,21,GRCh38
GCGGTGAGTGCGTACC-1,43100,191,Multiplet
GCGGTGAGTTTGGCTG-1,150,36,GRCh38
GCGGTTACAGCATGAT-1,123,34,GRCh38
GCGGTTACAGGTATCG-1,47677,190,Multiplet
GCGGTTACAGTTGCAG-1,175,48,GRCh38
GCGGTTACATCGCTTA-1,1768,153,Multiplet
GCGGTTTAGGCATGTC-1,19526,165,Multiplet
GCGGTTTAGGTATCTG-1,293,72,GRCh38
GCGGTTTAGGTTCCTT-1,166,33,GRCh38
GCGTAAAGTCAATGCT-1,19288,131,GRCh38
GCGTAAAGTCCCGTAA-1,156,33,GRCh38
GCGTAAAGTTCGTAAC-1,359,97,GRCh38
GCGTAAAGTTCTGTCC-1,103,39,GRCh38
GCGTAAAGTTGCACCA-1,129,33,GRCh38
GCGTAATCAAGCGTGC-1,42121,250,Multiplet
GCGTAATCAAGTGCTG-1,165,34,GRCh38
GCGTAATCAATCCTGC-1,219,37,GRCh38
GCGTAATCACTTCGTA-1,152,38,GRCh38
GCGTAATCATGGTTGG-1,356,67,GRCh38
GCGTAATCATTAGCCC-1,24596,116,GRCh38
GCGTAATCATTGCACC-1,161,33,GRCh38
GCGTACCGTAACGCTT-1,522,39,GRCh38
GCGTACCGTAATGCTC-1,217,33,GRCh38
GCGTACCGTCAGGAAC-1,27621,123,GRCh38
GCGTACCGTGAAGGCT-1,1909,40,GRCh38
GCGTACCGTTTACATG-1,1037,37,GRCh38
GCGTACCGTTTCGTCC-1,145,41,GRCh38
GCGTACCGTTTGAGCT-1,167,36,GRCh38
GCGTAGCCAAATCATG-1,1076,50,GRCh38
GCGTAGCCAAGTCCAG-1,1538,40,GRCh38
GCGTAGCCAATTAACG-1,653,93,GRCh38
GCGTAGCCAGCAGGCT-1,221,45,GRCh38
GCGTATATCAGTAGTT-1,135,33,GRCh38
GCGTATATCATGCTTC-1,124,33,GRCh38
GCGTATATCATGTAAC-1,236,45,GRCh38
GCGTATATCCACCGGA-1,5372,114,GRCh38
GCGTATATCCATGTCT-1,186,40,GRCh38
GCGTATATCCCTGTGC-1,1387,41,GRCh38
GCGTATATCCTGATCT-1,261,33,GRCh38
GCGTATATCTGGGACT-1,175,39,GRCh38
GCGTATTGTCAGCGAG-1,181,34,GRCh38
GCGTATTGTGCGCATC-1,3546,44,GRCh38
GCGTATTGTGGCTGTC-1,146,45,GRCh38
GCGTATTGTTCGCCAA-1,135,33,GRCh38
GCGTATTGTTCGGCAC-1,211,39,GRCh38
GCGTATTGTTGGGACG-1,436,91,GRCh38
GCGTCAACAGGCTAAT-1,124,98,GRCh38
GCGTCCTTCATGCTAG-1,462,35,GRCh38
GCGTCCTTCCGCACCT-1,110,33,GRCh38
GCGTCCTTCCTGCTGC-1,118,38,GRCh38
GCGTCCTTCGTGATGC-1,4884,40,GRCh38
GCGTGAAAGATAGCCC-1,799,32,GRCh38
GCGTGAAAGCGATGTC-1,137,47,GRCh38
GCGTGAAAGTATGTCG-1,18819,125,GRCh38
GCGTGAGGTATTGGCT-1,1067,55,GRCh38
GCGTGAGGTCAATGTC-1,23199,114,GRCh38
GCGTGAGGTTGAGCTT-1,22200,137,GRCh38
GCGTGAGGTTGGTTCG-1,25324,170,Multiplet
GCGTGCATCACTATCC-1,5899,143,GRCh38
GCGTGCATCCTGCATT-1,169,60,GRCh38
GCGTGCATCCTGCCGT-1,160,37,GRCh38
GCGTGCATCGCTCCAC-1,552,24,GRCh38
GCGTGCATCGTGACCG-1,143,35,GRCh38
GCGTGTTAGCCAGTCG-1,3103,69,GRCh38
GCGTGTTAGCGGATTC-1,18648,110,GRCh38
GCGTGTTAGGAGGTAT-1,4567,93,GRCh38
GCGTGTTAGGAGTAAC-1,316,66,GRCh38
GCGTGTTAGGATGTCC-1,54437,170,Multiplet
GCGTGTTAGGGGTTGA-1,19152,112,GRCh38
GCGTGTTAGTGATTCG-1,39195,168,Multiplet
GCGTTAATCACCCTAT-1,372,71,GRCh38
GCGTTAATCATGCGTA-1,149,38,GRCh38
GCGTTAATCCATGTCT-1,385,75,GRCh38
GCGTTAATCCCGCACT-1,161,39,GRCh38
GCGTTAATCCTGATGA-1,29629,150,Multiplet
GCGTTAATCCTGGTAA-1,138,34,GRCh38
GCGTTAATCGTTACCT-1,176,37,GRCh38
GCGTTAGCAAGTTAGC-1,2346,47,GRCh38
GCGTTAGCACAACGAT-1,1241,9,GRCh38
GCGTTAGCACTAATCT-1,415,80,GRCh38
GCGTTAGCAGTAAGGA-1,4380,168,Multiplet
GCGTTAGCATAAGCCG-1,7439,33,GRCh38
GCGTTAGCATGCTACC-1,72115,145,Multiplet
GCGTTAGCATTAGCGG-1,26847,187,Multiplet
GCGTTAGCATTGGCGA-1,18437,96,GRCh38
GCGTTATGTGCGTACC-1,166,37,GRCh38
GCGTTATGTTATAGGG-1,143,37,GRCh38
GCGTTATGTTATCGGT-1,165,35,GRCh38
GCGTTATGTTCCTTCA-1,133,34,GRCh38
GCGTTATGTTCGTATA-1,118,40,GRCh38
GCGTTATGTTGCGCGT-1,164,33,GRCh38
GCGTTATGTTGTCCCT-1,152,45,GRCh38
GCGTTATGTTTACTGA-1,131,35,GRCh38
GCGTTCCTCAAGTCGC-1,147,41,GRCh38
GCGTTCCTCAATGTGT-1,2169,593,Multiplet
GCGTTCCTCACCTGGG-1,332,68,GRCh38
GCGTTCCTCACTCCAT-1,195,35,GRCh38
GCGTTCCTCAGTGCCG-1,297,111,GRCh38
GCGTTCCTCATCTACC-1,4260,65,GRCh38
GCGTTCCTCATGACTG-1,471,40,GRCh38
GCGTTCCTCCAGCCGA-1,145,40,GRCh38
GCGTTCCTCCATGTCT-1,156,45,GRCh38
GCGTTCCTCCCATACT-1,565,51,GRCh38
GCGTTCCTCCCCTGGT-1,214,39,GRCh38
GCGTTCCTCCGGATGT-1,803,22,GRCh38
GCGTTCCTCCGTCACC-1,184,44,GRCh38
GCGTTCCTCCTGCCTA-1,196,40,GRCh38
GCGTTCCTCCTGTACT-1,229,43,GRCh38
GCGTTCCTCCTGTATC-1,1616,79,GRCh38
GCGTTCCTCCTGTCTG-1,151,39,GRCh38
GCGTTCCTCGATAGTT-1,166,41,GRCh38
GCGTTCCTCGCATACA-1,24891,136,GRCh38
GCGTTCCTCGTAGTTG-1,173,44,GRCh38
GCGTTCCTCTATGAGT-1,151,34,GRCh38
GCGTTCCTCTATGCGA-1,142,39,GRCh38
GCGTTCCTCTGGCTCC-1,182,44,GRCh38
GCGTTCTCAACTGCGA-1,163,41,GRCh38
GCGTTCTCAATGTATG-1,148,35,GRCh38
GCGTTCTCAATTAGGC-1,443,43,GRCh38
GCGTTCTCACAAGGTT-1,6194,90,GRCh38
GCGTTCTCACAATCCC-1,150,38,GRCh38
GCGTTCTCACCTGTCG-1,6190,87,GRCh38
GCGTTCTCACTATACT-1,175,43,GRCh38
GCGTTCTCATCCATAT-1,1777,30,GRCh38
GCGTTCTCATCGTTGC-1,574,50,GRCh38
GCGTTCTCATGGCGAC-1,333,60,GRCh38
GCGTTCTCATTAGCCC-1,151,38,GRCh38
GCGTTTCCAAGCACTG-1,180,38,GRCh38
GCGTTTCCAAGCTGAT-1,6954,49,GRCh38
GCGTTTCCACAAGGTT-1,158,36,GRCh38
GCGTTTCCACTAACCC-1,170,34,GRCh38
GCGTTTCCACTAGCAG-1,172,33,GRCh38
GCGTTTCCACTAGTCC-1,158,38,GRCh38
GCGTTTCCACTATCGC-1,1314,60,GRCh38
GCGTTTCCACTTGCCG-1,190,38,GRCh38
GCGTTTCCATCCCATA-1,147,33,GRCh38
GCGTTTCCATCGTACC-1,148,45,GRCh38
GCGTTTCCATGACCGA-1,409,48,GRCh38
GCGTTTGGTAGGTAGC-1,138,33,GRCh38
GCGTTTGGTCAACTTA-1,31333,178,Multiplet
GCGTTTGGTCAGGGAT-1,138,37,GRCh38
GCGTTTGGTGAGTGAC-1,147,37,GRCh38
GCGTTTGGTGATGCCC-1,206,35,GRCh38
GCGTTTGGTGGCTGAG-1,162,35,GRCh38
GCGTTTGGTGGGTCAG-1,161,42,GRCh38
GCGTTTGGTTATCGGT-1,184,35,GRCh38
GCGTTTGGTTCCTCGT-1,3511,42,GRCh38
GCGTTTGGTTCGCATG-1,119,33,GRCh38
GCGTTTGGTTTACCGG-1,144,40,GRCh38
GCGTTTGGTTTAGTGC-1,143,51,GRCh38
GCGTTTGGTTTGGCAT-1,162,38,GRCh38
GCTAAACCAACTGCGA-1,263,34,GRCh38
GCTAAACCAATGCCGA-1,7173,73,GRCh38
GCTAAACCAGTTGCTC-1,12067,87,GRCh38
GCTAAACCATCGCGTT-1,35141,433,Multiplet
GCTAAACCATCGGCTT-1,304,34,GRCh38
GCTAAACCATGCAGTG-1,1312,45,GRCh38
GCTAAAGGTTCTGGAT-1,3691,62,GRCh38
GCTAAATTCACTCGTT-1,134,64,GRCh38
GCTAAATTCCAGCTCC-1,1166,136,GRCh38
GCTAAATTCGATGCCG-1,21676,164,Multiplet
GCTAAATTCGATGCGT-1,155,43,GRCh38
GCTAACATCACAGCGT-1,4953,87,GRCh38
GCTAACATCATACTCC-1,1296,30,GRCh38
GCTAACATCCCGTGCT-1,238,50,GRCh38
GCTAACATCCCTCTAG-1,137,42,GRCh38
GCTAACATCCTGGTCC-1,123,34,GRCh38
GCTAAGTCAATGCCAG-1,268,47,GRCh38
GCTAATGTCACTTCGT-1,27131,143,GRCh38
GCTAATGTCCAGATAT-1,2170,39,GRCh38
GCTAATGTCCATCGGG-1,656,36,GRCh38
GCTAATGTCCATTCGT-1,19066,144,GRCh38
GCTAATGTCCCCTGAC-1,4022,60,GRCh38
GCTAATGTCCGTCCTA-1,142,33,GRCh38
GCTACAGCAACTAATG-1,677,19,GRCh38
GCTACAGCAATGCCAG-1,138,36,GRCh38
GCTACAGCAGTTGAGT-1,21031,115,GRCh38
GCTACAGCATAGGGCC-1,6276,54,GRCh38
GCTACCCTCACGGCTG-1,157,33,GRCh38
GCTACCCTCCCATACT-1,139,113,GRCh38
GCTACCCTCCTGCTGC-1,140,40,GRCh38
GCTACCCTCCTGTCGC-1,148,35,GRCh38
GCTACCCTCTAGGCAC-1,339,37,GRCh38
GCTACCCTCTCACCTG-1,151,38,GRCh38
GCTACCCTCTTGATGG-1,50472,256,Multiplet
GCTACCTCAACCTGAG-1,285,36,GRCh38
GCTACCTCAACGTGAT-1,5732,38,GRCh38
GCTACCTCACATACCC-1,166,36,GRCh38
GCTACCTCACCAGCAA-1,63641,181,Multiplet
GCTACCTCACTTGCGT-1,3067,145,Multiplet
GCTACCTCATCCATAT-1,137,44,GRCh38
GCTACCTCATCGCTTA-1,72972,243,Multiplet
GCTACCTCATCGTAGG-1,323,37,GRCh38
GCTACCTCATGAGCTG-1,2104,72,GRCh38
GCTACCTCATGGAATC-1,18271,110,GRCh38
GCTACTGGTAAGTTGG-1,243,39,GRCh38
GCTACTGGTATGTACC-1,161,33,GRCh38
GCTACTGGTCATTGGT-1,232,52,GRCh38
GCTACTGGTCTGTCCT-1,749,162,Multiplet
GCTACTGGTTAATCCA-1,5383,51,GRCh38
GCTACTGGTTCGCTGA-1,7213,71,GRCh38
GCTACTGGTTCGTCCT-1,116,38,GRCh38
GCTACTGGTTTGAGTC-1,153,45,GRCh38
GCTAGGCCAGCAGGCT-1,907,70,GRCh38
GCTAGGCCATCCAGCT-1,146,48,GRCh38
GCTAGGGGTCATGGCC-1,11199,83,GRCh38
GCTAGGGGTGAAGTTG-1,19519,175,Multiplet
GCTAGGGGTTCCTCGT-1,3838,35,GRCh38
GCTAGGGGTTCCTCTA-1,201,35,GRCh38
GCTAGGTTCACTAGGC-1,245,49,GRCh38
GCTAGGTTCGACCCAG-1,158,36,GRCh38
GCTAGGTTCGCTCGCT-1,289,46,GRCh38
GCTAGGTTCGTCTCGC-1,776,44,GRCh38
GCTAGTCAGCGATCAC-1,49728,209,Multiplet
GCTAGTCAGTACGCTA-1,4263,145,Multiplet
GCTAGTCAGTTGCAGC-1,58028,203,Multiplet
GCTAGTTGTCAGTGCC-1,156,33,GRCh38
GCTAGTTGTGAGCGCA-1,30528,128,GRCh38
GCTAGTTGTGCGGTAG-1,2680,54,GRCh38
GCTAGTTGTTCGGTGC-1,238,37,GRCh38
GCTAGTTGTTCGTTGG-1,159,33,GRCh38
GCTAGTTGTTGAGCCC-1,217,40,GRCh38
GCTATCCCAAACTGGT-1,584,28,GRCh38
GCTATCCCAAGCCGTA-1,1266,22,GRCh38
GCTATCCCACTATGGG-1,18006,130,GRCh38
GCTATCCCAGCCTATC-1,8702,144,GRCh38
GCTATCCCATGAGCAT-1,48635,110,GRCh38
GCTATGATCAGCATTG-1,5439,75,GRCh38
GCTATGATCCATGCGG-1,50416,249,Multiplet
GCTATGATCCGTAGAC-1,9945,82,GRCh38
GCTCAAATCCCTTGAT-1,136,38,GRCh38
GCTCAAATCTCACTAC-1,17369,287,Multiplet
GCTCAATGTAGCCATT-1,47479,204,Multiplet
GCTCAATGTGATGCCC-1,4857,88,GRCh38
GCTCAATGTTCCCAAG-1,15081,150,Multiplet
GCTCAATGTTCGGTGC-1,109,35,GRCh38
GCTCACCTCACTCTAC-1,185,272,Multiplet
GCTCACCTCAGGTCAC-1,17608,111,GRCh38
GCTCACCTCCACCGGA-1,3172,51,GRCh38
GCTCACCTCCAGCCCT-1,344,36,GRCh38
GCTCACCTCCATGCGG-1,1509,27,GRCh38
GCTCACCTCCTTCGGC-1,146,33,GRCh38
GCTCACCTCGCGCGTA-1,161,36,GRCh38
GCTCAGGTCACCAGTA-1,30844,188,Multiplet
GCTCAGGTCACGGATC-1,35996,193,Multiplet
GCTCAGGTCAGCTGCG-1,276,40,GRCh38
GCTCAGGTCGCTTGCC-1,22573,102,GRCh38
GCTCAGGTCGTTCCAT-1,13277,73,GRCh38
GCTCAGTAGATAGGTA-1,39234,103,GRCh38
GCTCAGTAGCCAGTGT-1,17035,128,GRCh38
GCTCAGTAGCCGACCA-1,1666,91,GRCh38
GCTCAGTAGGTACCCG-1,22352,167,Multiplet
GCTCAGTAGGTAGGAT-1,1287,97,GRCh38
GCTCATCCAACTCGGA-1,270,38,GRCh38
GCTCATCCACAGCCTT-1,144,33,GRCh38
GCTCATCCACCATTGC-1,153,35,GRCh38
GCTCATCCACTCGCCA-1,144,37,GRCh38
GCTCATCCACTTGCCG-1,201,34,GRCh38
GCTCATCCATCGGTGA-1,17936,133,GRCh38
GCTCATCCATGCAGTG-1,23540,119,GRCh38
GCTCATGGTAATGCCT-1,10476,95,GRCh38
GCTCATGGTGCGAGAT-1,23374,116,GRCh38
GCTCATGGTTAAGGTG-1,36074,115,GRCh38
GCTCATGGTTCGCCTT-1,160,33,GRCh38
GCTCATGGTTGAGGCG-1,62170,113,GRCh38
GCTCATGGTTTGCCAG-1,125,40,GRCh38
GCTCATTTCAATCCAG-1,22168,171,Multiplet
GCTCATTTCCAACTAG-1,408,34,GRCh38
GCTCATTTCGCTGAGT-1,20960,107,GRCh38
GCTCCAAGTCAAGGGT-1,4028,21,GRCh38
GCTCCAAGTGAAGGCT-1,95,33,GRCh38
GCTCCAAGTGGGTCTC-1,130,49,GRCh38
GCTCCAAGTTGTGCAT-1,1256,31,GRCh38
GCTCCAAGTTTGGTAC-1,661,67,GRCh38
GCTCCATCAAATTACG-1,17040,100,GRCh38
GCTCCATCAAGTAAGG-1,936,52,GRCh38
GCTCCATCACCTGGAA-1,156,36,GRCh38
GCTCCATCATAGGGTT-1,948,64,GRCh38
GCTCCATCATTCCTAG-1,122,33,GRCh38
GCTCCGTTCACACTGA-1,19927,113,GRCh38
GCTCCGTTCATCATCC-1,726,300,Multiplet
GCTCCGTTCCGTCCAC-1,301,71,GRCh38
GCTCCGTTCCTGCTCA-1,132,33,GRCh38
GCTCCGTTCCTTGACT-1,119,35,GRCh38
GCTCCGTTCGAACCCG-1,1520,33,GRCh38
GCTCCGTTCGCGACAT-1,150,33,GRCh38
GCTCCGTTCTATGCCT-1,134,34,GRCh38
GCTCCTGCAACTATGA-1,5363,87,GRCh38
GCTCCTGCAGCCAGAC-1,250,36,GRCh38
GCTCCTGCATGACTCC-1,210,39,GRCh38
GCTCCTTGTAAGCATG-1,124,34,GRCh38
GCTCCTTGTATGTAGG-1,825,49,GRCh38
GCTCCTTGTCTCAGTG-1,8028,83,GRCh38
GCTCCTTGTGATTCGT-1,149,34,GRCh38
GCTCCTTGTGATTGCT-1,171,59,GRCh38
GCTCCTTGTGGCTGCT-1,158,37,GRCh38
GCTCCTTGTTAACCGT-1,278,34,GRCh38
GCTCCTTGTTCACGGC-1,150,33,GRCh38
GCTCCTTGTTCCGCTT-1,142,35,GRCh38
GCTCCTTGTTTCCTGC-1,289,56,GRCh38
GCTCGATAGAATCATC-1,1750,54,GRCh38
GCTCGATAGGCGCTCA-1,176,43,GRCh38
GCTCGATAGTTGCGCG-1,2318,129,GRCh38
GCTCGCTTCATGCTCT-1,268,42,GRCh38
GCTCGCTTCCACCTTG-1,86,33,GRCh38
GCTCGCTTCCCTGTCA-1,497,33,GRCh38
GCTCGCTTCCGCGCTT-1,3259,111,GRCh38
GCTCGTTCAAATTCCT-1,6472,65,GRCh38
GCTCGTTCAACTAGCG-1,9388,68,GRCh38
GCTCGTTCAACTGGGC-1,122,33,GRCh38
GCTCGTTCACCATTGC-1,127,35,GRCh38
GCTCGTTCAGTTAATG-1,272,33,GRCh38
GCTCGTTCATAATTGG-1,252,54,GRCh38
GCTCGTTCATGCTCCG-1,148,35,GRCh38
GCTCTATTCCCCTGGT-1,161,49,GRCh38
GCTCTATTCCTGTGCC-1,210,42,GRCh38
GCTCTATTCGTTCATC-1,6308,85,GRCh38
GCTCTCATCACTGGTA-1,182,38,GRCh38
GCTCTCATCATGCGTA-1,228,38,GRCh38
GCTCTCATCCAGGTAC-1,19969,94,GRCh38
GCTCTCATCTCATGTC-1,1817,46,GRCh38
GCTCTTGTCACTCAAG-1,112,76,GRCh38
GCTCTTGTCATACTCC-1,117,39,GRCh38
GCTCTTGTCCGTTGGG-1,65013,121,GRCh38
GCTCTTGTCCTGCGTC-1,148,41,GRCh38
GCTCTTGTCCTGGTCC-1,129,46,GRCh38
GCTGAAAGTAACGTCT-1,1557,176,Multiplet
GCTGAAAGTAACTCGT-1,142,40,GRCh38
GCTGAAAGTAGTGATG-1,176,56,GRCh38
GCTGAAAGTGAGGCCA-1,259,36,GRCh38
GCTGAAAGTGATAGAT-1,4390,140,GRCh38
GCTGAAAGTGGACTGG-1,544,22,GRCh38
GCTGAAAGTGGCGATG-1,255,38,GRCh38
GCTGAAAGTTATCTAG-1,1247,466,Multiplet
GCTGACTAGAAGCTAA-1,7857,72,GRCh38
GCTGACTAGGATGCAG-1,24961,146,Multiplet
GCTGACTAGTCGCGCA-1,241,48,GRCh38
GCTGAGAAGCAACTGC-1,161,34,GRCh38
GCTGAGGGTCATCCAG-1,9975,78,GRCh38
GCTGAGGGTTCGTGCA-1,537,10,GRCh38
GCTGAGGGTTTGACAC-1,281,76,GRCh38
GCTGATGCAAGTTCCC-1,3381,95,GRCh38
GCTGATGCACCATCTA-1,298,36,GRCh38
GCTGATTGTAGTTGCT-1,26623,140,GRCh38
GCTGATTGTCTGGTTG-1,130,38,GRCh38
GCTGATTGTTAACCGT-1,139,34,GRCh38
GCTGATTGTTCGAGTT-1,649,30,GRCh38
GCTGATTGTTCTGTCC-1,22674,158,Multiplet
GCTGATTGTTGTCCGA-1,21638,42,GRCh38
GCTGATTGTTTACCTT-1,137,43,GRCh38
GCTGCCTTCCAACCGG-1,186,36,GRCh38
GCTGCCTTCCATGCCC-1,164,39,GRCh38
GCTGCCTTCCGCAACG-1,1834,241,Multiplet
GCTGCCTTCCTCAGTT-1,149,35,GRCh38
GCTGCCTTCCTGATAG-1,171,33,GRCh38
GCTGCCTTCGCTGAGT-1,19305,183,Multiplet
GCTGCCTTCTGGCATA-1,548,41,GRCh38
GCTGCCTTCTGTCACT-1,126,37,GRCh38
GCTGCGATCACACTAG-1,173,33,GRCh38
GCTGCGATCAGTTGAT-1,223,38,GRCh38
GCTGCGATCCATGCCC-1,170,39,GRCh38
GCTGCGATCCGCGCAA-1,10036,127,GRCh38
GCTGCGATCCTCGTCA-1,1178,64,GRCh38
GCTGCGATCCTGACTT-1,158,34,GRCh38
GCTGCGATCCTTCGGC-1,124,37,GRCh38
GCTGCGATCGAATGGG-1,17537,86,GRCh38
GCTGCGATCGCGCTAG-1,57755,77,GRCh38
GCTGCGATCGCTGACG-1,135,55,GRCh38
GCTGCTAGTAAGCAAT-1,274,40,GRCh38
GCTGCTAGTATGTGTC-1,745,40,GRCh38
GCTGCTAGTCATTGCG-1,1397,425,Multiplet
GCTGCTAGTCTTGCAG-1,2440,24,GRCh38
GCTGCTAGTGAGCGTG-1,17957,148,Multiplet
GCTGCTAGTTCGCAGC-1,193,197,Multiplet
GCTGCTAGTTTGAGTC-1,164,34,GRCh38
GCTGCTAGTTTGGTAC-1,236,45,GRCh38
GCTGCTGAGATAGTCT-1,159,33,GRCh38
GCTGCTGAGCTGGAGA-1,24370,133,GRCh38
GCTGCTGAGGCTACAC-1,442,55,GRCh38
GCTGCTGAGGGTCCAT-1,1525,36,GRCh38
GCTGCTGAGGTGCTCG-1,468,36,GRCh38
GCTGCTGAGGTGCTTA-1,28046,185,Multiplet
GCTGCTGAGTGCCTGG-1,133,36,GRCh38
GCTGCTGAGTGCTGGT-1,451,71,GRCh38
GCTGCTGAGTGCTGTA-1,3512,99,GRCh38
GCTGCTGAGTTAGTGT-1,277,52,GRCh38
GCTGCTGAGTTGGTGC-1,98,33,GRCh38
GCTGGATTCACAGCCG-1,1904,127,GRCh38
GCTGGATTCAGTTGAT-1,225,51,GRCh38
GCTGGATTCCCCATTG-1,23242,97,GRCh38
GCTGGATTCCGTGGCA-1,17729,97,GRCh38
GCTGGATTCGAATTAC-1,266,50,GRCh38
GCTGGCTGTAATCCAC-1,118,35,GRCh38
GCTGGCTGTCAGGAAC-1,2922,18,GRCh38
GCTGGCTGTCAGTTCG-1,270,89,GRCh38
GCTGGCTGTTAGCTTA-1,1643,201,Multiplet
GCTGGCTGTTGAGCTT-1,418,42,GRCh38
GCTGGCTGTTTAGTTG-1,130,37,GRCh38
GCTGGTTAGGATGGGC-1,13578,85,GRCh38
GCTGTATGTAAGTGAT-1,18617,135,GRCh38
GCTGTATGTCCATCCT-1,135,33,GRCh38
GCTGTATGTCCATCGA-1,23006,112,GRCh38
GCTGTATGTGACTTCG-1,116,37,GRCh38
GCTGTATGTTAGTGTC-1,2582,321,Multiplet
GCTGTATGTTGACCGC-1,120,34,GRCh38
GCTGTATGTTGGTTAC-1,118,35,GRCh38
GCTGTTAAGTACCACA-1,122,113,GRCh38
GCTGTTGGTAACCCTG-1,151,35,GRCh38
GCTGTTGGTAACCGGG-1,160,37,GRCh38
GCTGTTGGTAATCAGG-1,252,47,GRCh38
GCTGTTGGTAGGTCCC-1,187,33,GRCh38
GCTGTTGGTCTTGCTC-1,142,40,GRCh38
GCTGTTGGTTAAGGTG-1,172,37,GRCh38
GCTGTTGGTTAGTACC-1,12089,104,GRCh38
GCTGTTGGTTGAGTCT-1,169,39,GRCh38
GCTTAACGTAACGCTT-1,332,49,GRCh38
GCTTAACGTCAGTATC-1,46670,197,Multiplet
GCTTAACGTGCGGAAT-1,4441,109,GRCh38
GCTTAACGTGGACAGT-1,11364,57,GRCh38
GCTTAACGTTAAGGTG-1,165,36,GRCh38
GCTTAACGTTCCTTCA-1,394,42,GRCh38
GCTTAACGTTGAGCCC-1,145,39,GRCh38
GCTTAACGTTGCCCTT-1,151,36,GRCh38
GCTTAACGTTGCTCTC-1,3968,76,GRCh38
GCTTAACGTTTACCAA-1,1079,60,GRCh38
GCTTAATAGCGCCAAT-1,2227,50,GRCh38
GCTTAATAGGAGGCGT-1,1353,8,GRCh38
GCTTAATAGGTAACTT-1,25609,181,Multiplet
GCTTACAAGCAACTGC-1,249,37,GRCh38
GCTTACAAGCGAAGTG-1,21400,108,GRCh38
GCTTACAAGGATCTCA-1,1037,47,GRCh38
GCTTACAAGGCGTAAG-1,22963,123,GRCh38
GCTTACAAGTATCTGG-1,124,38,GRCh38
GCTTACAAGTTACACG-1,1585,34,GRCh38
GCTTACCCAACATCAA-1,1849,51,GRCh38
GCTTACCCAATACAGC-1,270,39,GRCh38
GCTTACCCACTTACGC-1,130,37,GRCh38
GCTTACCCAGGATCAT-1,30968,192,Multiplet
GCTTACCCATCACTGC-1,3894,143,GRCh38
GCTTACTTCCTCTAGT-1,498,111,GRCh38
GCTTACTTCTATCGGA-1,27652,125,GRCh38
GCTTATAGTAACCGAA-1,1091,35,GRCh38
GCTTATAGTAGTTAGG-1,228,42,GRCh38
GCTTATAGTCTAGTTA-1,1405,61,GRCh38
GCTTATAGTGAGCCCT-1,274,41,GRCh38
GCTTATAGTGAGTGCG-1,15506,269,Multiplet
GCTTATAGTGCAAGCG-1,38160,172,Multiplet
GCTTATAGTGGGTATA-1,140,65,GRCh38
GCTTATAGTTCCTCAC-1,669,30,GRCh38
GCTTATAGTTCGGCAC-1,244,40,GRCh38
GCTTATGAGATTGCTG-1,13487,86,GRCh38
GCTTATGAGGAATGCG-1,193,38,GRCh38
GCTTATGAGTGATAGA-1,836,50,GRCh38
GCTTCACCAAACCGGC-1,164,34,GRCh38
GCTTCACCAACTGCGA-1,167,47,GRCh38
GCTTCACCAATAGACC-1,878,63,GRCh38
GCTTCACCAGTAATGC-1,2878,64,GRCh38
GCTTCAGGTGATGAGC-1,17298,98,GRCh38
GCTTCAGGTGCGAGCA-1,161,33,GRCh38
GCTTCAGGTGCGGAAT-1,941,18,GRCh38
GCTTCAGGTGGCTGTC-1,265,35,GRCh38
GCTTCAGGTTGGCGAG-1,823,13,GRCh38
GCTTCATTCATCTGTC-1,289,60,GRCh38
GCTTCATTCCGCTGCT-1,163,34,GRCh38
GCTTCATTCGTAGTAT-1,231,34,GRCh38
GCTTCCATCAATTAGC-1,25422,128,GRCh38
GCTTCCATCAGCAAGG-1,12037,96,GRCh38
GCTTCCATCATCACTC-1,100,34,GRCh38
GCTTCCATCATCATCC-1,177,39,GRCh38
GCTTCCATCATGCGTA-1,717,83,GRCh38
GCTTCCATCCTGGTAA-1,128,91,GRCh38
GCTTCCATCTGGATAT-1,3009,23,GRCh38
GCTTCCATCTGGCCTC-1,214,57,GRCh38
GCTTCCATCTGGTAAT-1,1221,49,GRCh38
GCTTCCGCAATTGACA-1,12989,66,GRCh38
GCTTCCGCACATGCCT-1,146,33,GRCh38
GCTTCCGCACCATCCG-1,59661,214,Multiplet
GCTTCCTGTCATCACG-1,1345,15,GRCh38
GCTTCCTGTCTAACCG-1,19704,103,GRCh38
GCTTCCTGTGCACCAC-1,149,37,GRCh38
GCTTCCTGTGGACCTC-1,127,40,GRCh38
GCTTCCTGTTCACTCC-1,5252,94,GRCh38
GCTTCCTGTTCCAGTG-1,167,36,GRCh38
GCTTCCTGTTCCGTGA-1,144,39,GRCh38
GCTTCCTGTTCGGCTA-1,1630,21,GRCh38
GCTTCCTGTTCGTCCT-1,203,34,GRCh38
GCTTCCTGTTGGAAGC-1,17385,101,GRCh38
GCTTCCTGTTGTGCTG-1,5737,38,GRCh38
GCTTCGCTCAAGTAGA-1,12954,73,GRCh38
GCTTCGCTCAGCGGTT-1,4322,145,Multiplet
GCTTCGCTCAGGGACA-1,5748,73,GRCh38
GCTTCGCTCATGCTGA-1,273,41,GRCh38
GCTTCGCTCCACCTCA-1,275,70,GRCh38
GCTTCGCTCCTCTCTC-1,31399,169,Multiplet
GCTTCGCTCCTGGGAT-1,1323,26,GRCh38
GCTTCGCTCCTGGTCC-1,148,41,GRCh38
GCTTCGCTCTAATCCC-1,113,36,GRCh38
GCTTCGCTCTGGTAGC-1,335,68,GRCh38
GCTTGAATCAGCTCGG-1,821,97,GRCh38
GCTTGAATCCTTAGAG-1,9169,255,Multiplet
GCTTGAATCCTTCAAC-1,2314,196,Multiplet
GCTTGAATCTCACTTA-1,1589,36,GRCh38
GCTTGATGTAGCCTGC-1,121,37,GRCh38
GCTTGATGTCAGTGCC-1,170,33,GRCh38
GCTTGATGTCTTACGG-1,1177,77,GRCh38
GCTTGATGTGCACGTC-1,308,39,GRCh38
GCTTGATGTTAACTGC-1,12938,102,GRCh38
GCTTGATGTTTAGTTG-1,1162,112,GRCh38
GCTTGCCTCACTAACG-1,1723,42,GRCh38
GCTTGCCTCCAGGTGT-1,2819,107,GRCh38
GCTTGCCTCCTTCCTC-1,4195,105,GRCh38
GCTTGCCTCGACTAAT-1,149,35,GRCh38
GCTTGCCTCGATGCGT-1,129,35,GRCh38
GCTTGGACAACTAGGT-1,21209,124,GRCh38
GCTTGGACAATACGGT-1,4680,56,GRCh38
GCTTGGACACCTACCG-1,1825,109,GRCh38
GCTTGGACATAGACGT-1,3029,74,GRCh38
GCTTGGACATGCTACC-1,122,33,GRCh38
GCTTGGGTCACAGCAC-1,23217,163,Multiplet
GCTTGGGTCACGGCCA-1,2586,64,GRCh38
GCTTGGGTCAGTACCA-1,1907,70,GRCh38
GCTTGGGTCATGCGGT-1,1289,101,GRCh38
GCTTGGGTCATGCGTA-1,99,34,GRCh38
GCTTGGGTCCGCCACT-1,703,54,GRCh38
GCTTGGGTCCGGTGTG-1,152,36,GRCh38
GCTTGGGTCCGTCCGT-1,254,53,GRCh38
GCTTGGGTCCGTTACT-1,162,38,GRCh38
GCTTGGGTCGTCTATC-1,24748,207,Multiplet
GCTTGGGTCTAACCCT-1,1359,32,GRCh38
GCTTGGGTCTATCGCT-1,121,38,GRCh38
GCTTGTAAGCGGACTT-1,11071,94,GRCh38
GCTTGTAAGGCGCTTG-1,1148,33,GRCh38
GCTTGTAAGGCTCCGA-1,6806,57,GRCh38
GCTTGTAAGTCTAGCA-1,32251,63,GRCh38
GCTTGTAAGTGCCCAG-1,627,52,GRCh38
GCTTGTCCACTCATCA-1,3643,97,GRCh38
GCTTGTCCAGCCATGA-1,263,38,GRCh38
GCTTGTCCATCAAGTA-1,6124,40,GRCh38
GCTTGTCCATGATCCC-1,187,34,GRCh38
GCTTGTCCATTAGCCC-1,6067,94,GRCh38
GCTTGTCCATTGCCGT-1,158,35,GRCh38
GCTTTCACAAGTCCTC-1,24704,113,GRCh38
GCTTTCACACTCGCTG-1,650,47,GRCh38
GCTTTCACATAGATTG-1,33356,148,Multiplet
GCTTTGAAGCCGACTG-1,1663,28,GRCh38
GCTTTGAAGGCGCTTG-1,17307,142,GRCh38
GCTTTGAAGGTAGAGT-1,764,8,GRCh38
GCTTTGGGTAACGCTT-1,606,53,GRCh38
GCTTTGGGTAATCGTC-1,130,43,GRCh38
GCTTTGGGTCAACTGT-1,124,35,GRCh38
GCTTTGGGTCTCAGTG-1,160,34,GRCh38
GCTTTGGGTCTGGTTG-1,11771,108,GRCh38
GCTTTGGGTCTGTCGA-1,206,39,GRCh38
GCTTTGGGTTAGCTGT-1,246,41,GRCh38
GCTTTGGGTTGGCCTA-1,18610,131,GRCh38
GCTTTGGGTTTGATTG-1,131,34,GRCh38
GCTTTGGGTTTGGAGA-1,2891,77,GRCh38
GGAAACTAGAACCATT-1,211,37,GRCh38
GGAAACTAGCATCTCT-1,951,27,GRCh38
GGAAACTAGCCCGTCT-1,145,60,GRCh38
GGAAACTAGTAGTTAC-1,145,55,GRCh38
GGAAACTAGTTACGCA-1,19763,86,GRCh38
GGAAAGCCAATCGACG-1,3355,39,GRCh38
GGAAAGCCAATGGGCC-1,281,37,GRCh38
GGAAAGCCAGCTCTGT-1,650,142,GRCh38
GGAAAGCCATCCCTAA-1,708,25,GRCh38
GGAAAGCCATCCCTGG-1,256,33,GRCh38
GGAAAGCCATGATTGA-1,298,34,GRCh38
GGAAATGCAACTATGA-1,827,48,GRCh38
GGAAATGCATAACGCG-1,588,23,GRCh38
GGAAATTGTGACCGAG-1,457,36,GRCh38
GGAACATAGAATCATC-1,2615,88,GRCh38
GGAACATAGGTGAGGC-1,724,36,GRCh38
GGAACATAGTCATACG-1,18012,124,GRCh38
GGAACCAAGCCATCGG-1,12347,105,GRCh38
GGAACCAAGGTTCCGG-1,4936,82,GRCh38
GGAACCTTCACCATCT-1,286,49,GRCh38
GGAACGATCACACAGC-1,1055,22,GRCh38
GGAACGATCATGTGGC-1,227,35,GRCh38
GGAACGATCCTTAACC-1,3616,474,Multiplet
GGAACTGAGGAGCCAA-1,191,35,GRCh38
GGAACTGAGGATTGAA-1,17963,113,GRCh38
GGAACTGAGGGGACAC-1,8052,85,GRCh38
GGAACTGAGTAGCGGA-1,759,34,GRCh38
GGAACTGAGTCTCTGT-1,1429,74,GRCh38
GGAAGATTCGACTAAT-1,1315,17,GRCh38
GGAAGATTCGATGCAC-1,1594,6,GRCh38
GGAAGATTCTGGAAGG-1,36467,80,GRCh38
GGAAGCATCACCTACT-1,945,33,GRCh38
GGAAGCATCATCTCTA-1,3347,39,GRCh38
GGAAGCATCCCTCGGT-1,1423,151,Multiplet
GGAAGCCAGAATCATC-1,516,24,GRCh38
GGAAGCCAGCAAGTGG-1,3559,69,GRCh38
GGAAGCCAGCAGGTAG-1,25588,138,GRCh38
GGAAGGCTCATCAGCA-1,683,52,GRCh38
GGAAGGTCACAAGCAT-1,25273,124,GRCh38
GGAAGGTCATGGCAAT-1,417,39,GRCh38
GGAAGTTAGCTAGTCA-1,21181,118,GRCh38
GGAAGTTAGGATCACC-1,18412,124,GRCh38
GGAATATGTCTAGAGA-1,2149,32,GRCh38
GGAATATGTGATGGAC-1,2973,35,GRCh38
GGAATATGTTGTCATA-1,1291,32,GRCh38
GGAATCTCAAACCAAC-1,223,34,GRCh38
GGAATCTCAATCTGCC-1,269,35,GRCh38
GGAATCTCAGCTAACG-1,1151,18,GRCh38
GGAATCTCATGAGTTA-1,318,53,GRCh38
GGAATCTCATGGTTGG-1,133,37,GRCh38
GGAATGGTCCCGTGTC-1,551,26,GRCh38
GGAATGGTCGTTGCGG-1,3885,25,GRCh38
GGAATTGGTAATGGGC-1,1907,31,GRCh38
GGAATTGGTCATCCAG-1,3799,108,GRCh38
GGAATTGGTGAAGCAC-1,1327,18,GRCh38
GGAATTGGTGAAGCCG-1,1238,57,GRCh38
GGAATTGGTGGGTCTC-1,4413,70,GRCh38
GGAATTGGTTTCACGG-1,6290,70,GRCh38
GGAATTGGTTTGGAAG-1,240,36,GRCh38
GGACAATAGGCATCGT-1,13895,93,GRCh38
GGACACAAGCCCGTTC-1,130,34,GRCh38
GGACACAAGGCATCGT-1,10814,94,GRCh38
GGACACAAGGGCTTCG-1,207,34,GRCh38
GGACACAAGGTCAATT-1,48939,191,Multiplet
GGACACCCAACTACTT-1,1064,44,GRCh38
GGACACCCAATTACAG-1,8713,245,Multiplet
GGACACCCACCTGCCA-1,30888,243,Multiplet
GGACACCCACCTGCTG-1,1859,43,GRCh38
GGACACCCATCAAGGT-1,2671,56,GRCh38
GGACACCCATCACGTC-1,200,34,GRCh38
GGACACGGTTATATCG-1,340,40,GRCh38
GGACACGGTTATCTCT-1,3662,18,GRCh38
GGACACGGTTGCGGCT-1,166,35,GRCh38
GGACAGGCACCTTCCC-1,22225,152,Multiplet
GGACAGGCAGTTAGTA-1,2827,94,GRCh38
GGACATAGTATAGTCC-1,1114,17,GRCh38
GGACATAGTGAAGGAG-1,28077,109,GRCh38
GGACATAGTTAACCGT-1,256,48,GRCh38
GGACATAGTTCGCTCT-1,143,33,GRCh38
GGACATTCAACCAGTG-1,22410,143,GRCh38
GGACATTCACTAAGCG-1,185,34,GRCh38
GGACATTCACTCGGTT-1,7152,146,Multiplet
GGACCCTGTATGGCTT-1,33831,236,Multiplet
GGACCCTGTCAAGTTC-1,30401,164,Multiplet
GGACCCTGTTAATCGC-1,167,35,GRCh38
GGACCCTGTTCACGCA-1,13187,74,GRCh38
GGACCTTAGCGACTAC-1,1568,37,GRCh38
GGACCTTAGCTAGCCG-1,4806,77,GRCh38
GGACCTTAGGCTTCGG-1,472,36,GRCh38
GGACGAATCCAATGAT-1,3449,79,GRCh38
GGACGACAGATTGGCC-1,24663,161,Multiplet
GGACGACAGCCATCCC-1,288,35,GRCh38
GGACGACAGGGGATAT-1,3308,65,GRCh38
GGACGACAGTAACGGG-1,211,33,GRCh38
GGACGACAGTCAACCA-1,18553,93,GRCh38
GGACGACAGTCAGTCA-1,268,37,GRCh38
GGACGATGTAACTGTC-1,265,43,GRCh38
GGACGATGTGATAGCA-1,595,29,GRCh38
GGACGATGTTTAGGAG-1,46837,104,GRCh38
GGACGGACAACCCTGT-1,438,35,GRCh38
GGACGGACATTACATC-1,564,60,GRCh38
GGACGTAAGTCAGCAC-1,10830,25,GRCh38
GGACGTAAGTTGGTGC-1,5599,70,GRCh38
GGACGTTTCCCGCTGT-1,147,36,GRCh38
GGACGTTTCCGTCCTA-1,19808,126,GRCh38
GGACGTTTCGTGCTAA-1,43224,110,GRCh38
GGACTCACAACATGGT-1,813,63,GRCh38
GGACTCACACAACCGA-1,28653,143,GRCh38
GGACTCACACTTGCTA-1,280,46,GRCh38
GGACTCACATCAAGTA-1,20422,119,GRCh38
GGACTCACATTGCCGT-1,17377,104,GRCh38
GGACTTATCACATGCA-1,2664,67,GRCh38
GGACTTATCCCAGGTG-1,226,37,GRCh38
GGACTTATCCGCACCT-1,4465,102,GRCh38
GGACTTATCCTGCCTA-1,3102,70,GRCh38
GGACTTATCGCGCCTT-1,148,54,GRCh38
GGACTTGCACCATGCT-1,125,36,GRCh38
GGACTTGCACTAGCGA-1,41205,152,Multiplet
GGACTTGCATAAGCAC-1,193,34,GRCh38
GGACTTGCATCACGTC-1,154,50,GRCh38
GGAGAACCAATCCTTG-1,994,28,GRCh38
GGAGAACCACTTACAT-1,10292,101,GRCh38
GGAGAACCATAACCTT-1,8968,91,GRCh38
GGAGAAGGTCAAGTTC-1,1223,58,GRCh38
GGAGAAGGTTCCTGTC-1,258,39,GRCh38
GGAGAGGAGGGCTTAC-1,22700,115,GRCh38
GGAGAGGAGGTCCCAG-1,28285,200,Multiplet
GGAGAGTCAGCACTCT-1,48030,209,Multiplet
GGAGAGTCATCCATGC-1,1222,22,GRCh38
GGAGATTAGGTACCGT-1,326,59,GRCh38
GGAGATTAGTAGTCGC-1,640,12,GRCh38
GGAGATTAGTGGGTAG-1,1500,41,GRCh38
GGAGCAATCCCCAGAG-1,3460,66,GRCh38
GGAGCAATCCGTCCTA-1,263,45,GRCh38
GGAGCAATCGATCACA-1,47187,119,GRCh38
GGAGCAATCGCTCCGT-1,1412,13,GRCh38
GGAGCAATCGCTCGCT-1,17974,90,GRCh38
GGAGCATGTATTGACC-1,134,33,GRCh38
GGAGCATGTCAATCCG-1,235,36,GRCh38
GGAGCATGTGCGATCC-1,197,34,GRCh38
GGAGCATGTTCTGTAA-1,684,15,GRCh38
GGAGCATGTTGAAGTG-1,14189,129,GRCh38
GGAGCCAGTTTCGTCC-1,168,35,GRCh38
GGAGCTAAGCGGATAG-1,48323,129,GRCh38
GGAGCTAAGGGTGACA-1,1455,25,GRCh38
GGAGCTGGTAGCTCCA-1,27524,126,GRCh38
GGAGCTGGTCAGTTAC-1,4980,124,GRCh38
GGAGCTGGTTGGTGAA-1,4237,75,GRCh38
GGAGGTTGTAAGGTTG-1,9376,130,GRCh38
GGAGGTTGTATTGCGT-1,270,33,GRCh38
GGAGGTTGTTGGAAGC-1,25873,117,GRCh38
GGAGGTTGTTTGGAAG-1,43340,201,Multiplet
GGAGGTTGTTTGGTGT-1,139,41,GRCh38
GGAGTAACAAGTGCTG-1,10915,56,GRCh38
GGAGTAGTCAATCACG-1,42006,175,Multiplet
GGAGTAGTCGTACCAA-1,12575,147,Multiplet
GGAGTAGTCGTGCGAT-1,1882,65,GRCh38
GGAGTATAGCGAAGTG-1,21735,149,Multiplet
GGAGTATAGCTATCCT-1,4325,78,GRCh38
GGAGTATAGTCGATCA-1,727,38,GRCh38
GGAGTATAGTTAACGT-1,2763,68,GRCh38
GGAGTCAAGAAGCATA-1,10280,92,GRCh38
GGAGTGATCATCTGGA-1,906,51,GRCh38
GGAGTGATCGACATAT-1,1530,277,Multiplet
GGAGTGATCGACTTGA-1,14318,97,GRCh38
GGAGTTAGTGACGAAC-1,103,37,GRCh38
GGAGTTAGTTCCCAGA-1,1098,43,GRCh38
GGATAACAGCAACTAT-1,4344,50,GRCh38
GGATAACAGCCGACTG-1,143,34,GRCh38
GGATAACAGCTACGAC-1,319,46,GRCh38
GGATAACAGCTTAACG-1,27382,178,Multiplet
GGATAACAGTAATCCG-1,787,250,Multiplet
GGATAATGTAACGCGG-1,489,51,GRCh38
GGATAATGTAACGTGA-1,11553,170,Multiplet
GGATAATGTAAGCGGT-1,242,46,GRCh38
GGATAATGTCATCGCA-1,284,45,GRCh38
GGATAGTAGCGCTTGG-1,15388,180,Multiplet
GGATATGGTAGGCGTG-1,6936,115,GRCh38
GGATATGGTCTGTGTG-1,1227,56,GRCh38
GGATATGGTGGCTGCT-1,277,43,GRCh38
GGATATGGTTGCGGAG-1,22668,123,GRCh38
GGATCGCCAATTGAGC-1,164,128,GRCh38
GGATCGCCACAACCAG-1,171,45,GRCh38
GGATCGCCACCTACTA-1,230,49,GRCh38
GGATCGCCACTACCTA-1,349,38,GRCh38
GGATCGTTCATAGATC-1,442,77,GRCh38
GGATCGTTCATGCGTA-1,288,56,GRCh38
GGATCGTTCCATGTGA-1,1132,32,GRCh38
GGATCGTTCCCATATC-1,33839,133,GRCh38
GGATCGTTCCTGTACT-1,268,50,GRCh38
GGATCGTTCGATGTGC-1,4291,62,GRCh38
GGATCGTTCGTTACCT-1,206,42,GRCh38
GGATCGTTCTATCAGG-1,15688,102,GRCh38
GGATCTATCAGTACGC-1,51188,173,Multiplet
GGATCTATCGCGCATG-1,37234,181,Multiplet
GGATGCAAGGGTATCC-1,41083,131,GRCh38
GGATGCAAGTCAAGTT-1,308,36,GRCh38
GGATGCAAGTCATCAG-1,214,40,GRCh38
GGATGCAAGTGGCTAC-1,3424,95,GRCh38
GGATGCTTCCGGGCTA-1,61624,208,Multiplet
GGATGCTTCGTTCCAT-1,8278,52,GRCh38
GGATGCTTCTCATTGC-1,194,33,GRCh38
GGATGGATCCACCTAT-1,6404,81,GRCh38
GGATGGATCCATCAAG-1,121,37,GRCh38
GGATGGATCCATCACT-1,179,44,GRCh38
GGATGGATCCATCGAA-1,172,33,GRCh38
GGATGGATCCATCTAC-1,205,34,GRCh38
GGATGGATCCTGACCC-1,7311,75,GRCh38
GGATGGATCGACCTGG-1,21591,165,Multiplet
GGATGGATCGCGACAT-1,68681,124,GRCh38
GGATGGGCAGCCAGAC-1,34734,145,Multiplet
GGATGGGCAGTAAGTC-1,21664,170,Multiplet
GGATGTGAGAACGAAC-1,277,38,GRCh38
GGATGTGAGGTTGCCG-1,190,48,GRCh38
GGATGTGAGGTTGGCT-1,6761,74,GRCh38
GGATGTGAGTCGCTGG-1,5204,66,GRCh38
GGATGTTCAAATCCTT-1,529,21,GRCh38
GGATGTTCAGGGACAG-1,245,45,GRCh38
GGATGTTCATTCGTTG-1,37383,161,Multiplet
GGATTAAAGCAGGTGA-1,234,35,GRCh38
GGATTAAAGCGGGTAA-1,31060,149,Multiplet
GGATTAAAGCGGTACT-1,2181,89,GRCh38
GGATTAAAGTCAGTGC-1,1153,121,GRCh38
GGATTAGGTAGCAGTA-1,276,41,GRCh38
GGATTAGGTAGCTGGG-1,8036,106,GRCh38
GGATTAGGTATGTGTC-1,130,35,GRCh38
GGATTAGGTTCTGGGC-1,6100,54,GRCh38
GGATTCATCATGCCAA-1,159,52,GRCh38
GGATTCATCATGGTGC-1,1607,34,GRCh38
GGATTCATCCAGGTTA-1,51833,167,Multiplet
GGATTCATCCTCTCCT-1,3054,50,GRCh38
GGATTCATCGCTATGA-1,131,33,GRCh38
GGATTCGCAAGTGCTG-1,3235,82,GRCh38
GGATTCGCATGACCTC-1,29524,153,Multiplet
GGATTGAGTCAAGTTC-1,3590,103,GRCh38
GGATTGAGTCTTACGG-1,248,33,GRCh38
GGATTGAGTTGAGTAG-1,231,35,GRCh38
GGATTGCTCAATCTGG-1,11720,84,GRCh38
GGATTGCTCCCCAACC-1,122,38,GRCh38
GGATTGCTCTAGGCCG-1,408,39,GRCh38
GGCAAAGTCACCACTT-1,71692,153,Multiplet
GGCAAAGTCCAACTCT-1,527,24,GRCh38
GGCAAAGTCCCCAATT-1,12511,89,GRCh38
GGCAAAGTCCTGCTGC-1,220,46,GRCh38
GGCAAAGTCTGTGCCC-1,39684,147,Multiplet
GGCAACCCAAGCGCGT-1,1160,41,GRCh38
GGCAACTTCCCGCGTT-1,3408,118,GRCh38
GGCAACTTCCCGCTGT-1,371,66,GRCh38
GGCAACTTCCGTCAGG-1,19320,200,Multiplet
GGCAAGGCAACCTCAC-1,1300,35,GRCh38
GGCAAGGCACAACCAG-1,1890,102,GRCh38
GGCAAGGCAGCCTAGA-1,1485,82,GRCh38
GGCAATAGTGGGTCTC-1,275,37,GRCh38
GGCAATAGTTAGGCCC-1,309,39,GRCh38
GGCAATAGTTATCTCT-1,1019,38,GRCh38
GGCAATAGTTCACTCC-1,3772,49,GRCh38
GGCAATAGTTGTAACC-1,4720,47,GRCh38
GGCAATGAGTGAGCCT-1,22241,135,GRCh38
GGCAATTCATAAGCGT-1,163,36,GRCh38
GGCACACCAATGCGTG-1,1557,38,GRCh38
GGCACACCATGGCTTC-1,661,71,GRCh38
GGCACATTCACATACG-1,32023,142,GRCh38
GGCACATTCACTTGCT-1,123,35,GRCh38
GGCACATTCAGCACTA-1,149,33,GRCh38
GGCACATTCCGGATGT-1,15219,240,Multiplet
GGCACATTCTGGATCA-1,593,25,GRCh38
GGCACCATCAGTTCCT-1,1985,168,Multiplet
GGCACCATCATCATCC-1,215,35,GRCh38
GGCACCATCCGCCTAC-1,55642,75,GRCh38
GGCACCATCGACCAAC-1,278,43,GRCh38
GGCACCATCGATTACG-1,266,37,GRCh38
GGCACCATCGCTATGA-1,290,42,GRCh38
GGCACCATCGTACACA-1,25178,283,Multiplet
GGCACCATCGTTACAG-1,1323,27,GRCh38
GGCACCATCTGGCCCT-1,191,38,GRCh38
GGCACCTGTCATTGGT-1,151,36,GRCh38
GGCACCTGTTGTCCGA-1,323,40,GRCh38
GGCACCTGTTTGAGGA-1,257,41,GRCh38
GGCACGAGTCCATTCC-1,130,50,GRCh38
GGCATAAGTAATCGCT-1,29469,153,Multiplet
GGCATAAGTGACGTGG-1,4085,32,GRCh38
GGCATAAGTTATCCAA-1,15220,200,Multiplet
GGCATAAGTTCGAGCC-1,270,38,GRCh38
GGCATAAGTTTCAGTA-1,3965,75,GRCh38
GGCATAGAGGTTGCCG-1,141,34,GRCh38
GGCATAGAGTGCTTGA-1,364,37,GRCh38
GGCATCACAACCAAGT-1,170,35,GRCh38
GGCATCACAGGACTAT-1,122,36,GRCh38
GGCATCACATTCATCG-1,584,42,GRCh38
GGCATCCGTAACCGAA-1,2323,38,GRCh38
GGCATCCGTAAGCCAA-1,776,20,GRCh38
GGCATCCGTGAGATAT-1,38853,254,Multiplet
GGCATCCGTTCGTTGG-1,125,34,GRCh38
GGCATCCGTTGACCAT-1,56028,344,Multiplet
GGCATCCGTTGGTTAC-1,136,35,GRCh38
GGCATGAAGCGACTAC-1,19512,120,GRCh38
GGCATGAAGCGCTATA-1,1770,69,GRCh38
GGCATGAAGCTAGCAC-1,16580,70,GRCh38
GGCATGAAGGATCCGT-1,379,101,GRCh38
GGCATGGGTCATGCGC-1,13133,120,GRCh38
GGCATGGGTCATGCTG-1,50785,196,Multiplet
GGCATGGGTTTACGGT-1,24721,119,GRCh38
GGCATGTTCCCGCATC-1,3763,68,GRCh38
GGCATGTTCCCTGTAT-1,3542,91,GRCh38
GGCATGTTCTCACACT-1,3987,22,GRCh38
GGCATGTTCTGTGGCG-1,172,41,GRCh38
GGCATTATCCAACTAG-1,294,36,GRCh38
GGCATTATCCCATAGA-1,148,47,GRCh38
GGCATTATCGCTCACC-1,152,35,GRCh38
GGCATTATCGCTGGCA-1,187,64,GRCh38
GGCATTATCGCTTCGC-1,250,43,GRCh38
GGCATTATCTAGCCAA-1,219,449,Multiplet
GGCATTCAGGCTCTGG-1,163,52,GRCh38
GGCCAACCAACCTCAC-1,23897,136,GRCh38
GGCCAACCACATTCGC-1,759,27,GRCh38
GGCCAATTCACATGAT-1,121,50,GRCh38
GGCCAATTCCAGCTCC-1,1228,63,GRCh38
GGCCAATTCCGGTATA-1,10424,549,Multiplet
GGCCAATTCCTCAGCC-1,63472,209,Multiplet
GGCCCTAAGATAGGAC-1,20576,121,GRCh38
GGCCCTAAGCGCTTGG-1,179,37,GRCh38
GGCCCTAAGGAGCCTT-1,597,24,GRCh38
GGCCCTAAGTGATTCG-1,4350,65,GRCh38
GGCCGAAGTGATCCAT-1,369,33,GRCh38
GGCCGAAGTGGCGTAG-1,12781,123,GRCh38
GGCCGAAGTGGCTGTC-1,159,34,GRCh38
GGCCGAAGTTCGTGAT-1,23714,157,Multiplet
GGCCGAAGTTGTCTAA-1,19647,206,Multiplet
GGCCGATCAATCATCT-1,160,36,GRCh38
GGCCGATCAATCGCAG-1,1459,89,GRCh38
GGCCGATCACAGGCGT-1,4317,41,GRCh38
GGCCGATCATCACATT-1,228,33,GRCh38
GGCCGATCATCGGGTA-1,4833,103,GRCh38
GGCCGATCATGGTCCT-1,3333,33,GRCh38
GGCCGTTGTAACGAAT-1,19722,134,GRCh38
GGCCGTTGTCAACTCG-1,4326,168,Multiplet
GGCCGTTGTTAGTGTC-1,290,35,GRCh38
GGCCGTTGTTCGCGTA-1,3617,53,GRCh38
GGCCTAACAACTATGA-1,10370,123,GRCh38
GGCCTAACAAGTGATC-1,907,9,GRCh38
GGCCTAACAATTGACA-1,38988,108,GRCh38
GGCCTAACACAACGTG-1,1577,36,GRCh38
GGCCTAACATCGACTC-1,159,33,GRCh38
GGCCTAACATTACTAC-1,12321,153,Multiplet
GGCCTAGTCACTGGTA-1,387,74,GRCh38
GGCCTAGTCAGTTCCT-1,581,68,GRCh38
GGCCTCAAGAAGGAAG-1,2789,67,GRCh38
GGCCTCAAGATTGCGC-1,5084,59,GRCh38
GGCCTCAAGCCAGTTA-1,39644,103,GRCh38
GGCCTCAAGCTTAGGC-1,173,37,GRCh38
GGCCTCAAGGATTAAG-1,1046,77,GRCh38
GGCCTCAAGGTTGGGA-1,332,41,GRCh38
GGCCTCAAGTGATGAA-1,249,38,GRCh38
GGCCTTGAGCAACTGC-1,503,27,GRCh38
GGCCTTGAGTCGCAAC-1,30889,174,Multiplet
GGCCTTGAGTGGCAGA-1,23958,123,GRCh38
GGCCTTGAGTTACCCT-1,40225,108,GRCh38
GGCGAACAGTGGCAGA-1,1115,81,GRCh38
GGCGAACAGTTAGAGA-1,11752,86,GRCh38
GGCGAACAGTTAGCTG-1,5934,41,GRCh38
GGCGAATGTCAACCCA-1,193,40,GRCh38
GGCGAATGTTGGTTCG-1,69804,125,GRCh38
GGCGACTCAAAGGCCC-1,161,35,GRCh38
GGCGACTCAAGTGGAA-1,42241,174,Multiplet
GGCGAGACAAATGCCG-1,22007,193,Multiplet
GGCGAGACACTAATTC-1,7858,42,GRCh38
GGCGATCCAAGCTCGA-1,4994,31,GRCh38
GGCGATCCAATCCAGG-1,179,98,GRCh38
GGCGATCCATGACTCC-1,282,71,GRCh38
GGCGATGGTAAGCAGC-1,1665,40,GRCh38
GGCGATGGTGAACGTA-1,43701,198,Multiplet
GGCGATGGTGGGTCTC-1,10344,133,GRCh38
GGCGATTTCGATTGGC-1,216,39,GRCh38
GGCGATTTCTATGCGA-1,7276,97,GRCh38
GGCGCTATCAGGCATC-1,7401,48,GRCh38
GGCGCTATCATGGTTG-1,21302,306,Multiplet
GGCGCTATCCCTGTAT-1,268,34,GRCh38
GGCGCTATCGATTACG-1,396,48,GRCh38
GGCGCTATCGTTAGCA-1,26857,165,Multiplet
GGCGCTATCTATGTCC-1,35508,190,Multiplet
GGCGCTTGTATGGATG-1,249,42,GRCh38
GGCGGATAGCTACGCG-1,4097,97,GRCh38
GGCGGATAGCTTAGAT-1,20725,81,GRCh38
GGCGGTAGTATTAGGG-1,6557,56,GRCh38
GGCGGTAGTCAGCACC-1,4372,55,GRCh38
GGCGGTAGTGAAGTTG-1,520,14,GRCh38
GGCGGTAGTGATCCTG-1,6731,91,GRCh38
GGCGGTAGTTAGAGAT-1,7305,69,GRCh38
GGCGGTAGTTTACTAG-1,21221,158,Multiplet
GGCGGTTCAAGTCGAT-1,11964,191,Multiplet
GGCGGTTCACTAGCAG-1,505,60,GRCh38
GGCGGTTCAGCACTTC-1,5624,83,GRCh38
GGCGTAAAGATTCCTC-1,726,73,GRCh38
GGCGTAAAGCATGATT-1,9969,100,GRCh38
GGCGTAAAGCGATTGC-1,3331,32,GRCh38
GGCGTAAAGCGCTTGG-1,2112,142,GRCh38
GGCGTAAAGCTACCGG-1,690,147,Multiplet
GGCGTAGGTAAGCTCT-1,30763,124,GRCh38
GGCGTAGGTAGTTACC-1,13802,91,GRCh38
GGCGTAGGTTGTGCAT-1,6395,73,GRCh38
GGCGTCTGTAATGTGG-1,4871,59,GRCh38
GGCGTTACAATAGGGA-1,1119,84,GRCh38
GGCGTTACACATGATA-1,3039,42,GRCh38
GGCGTTACAGGATGAA-1,36016,188,Multiplet
GGCGTTACAGGCAGCT-1,2687,27,GRCh38
GGCTAATCAATATACG-1,523,77,GRCh38
GGCTAATCACTATCGC-1,27834,284,Multiplet
GGCTAGAAGGATGTAA-1,1034,76,GRCh38
GGCTAGAAGTAGTGAA-1,3115,106,GRCh38
GGCTAGAAGTGCTTAG-1,36866,141,GRCh38
GGCTATATCACAGGGA-1,27138,171,Multiplet
GGCTATATCACATTGG-1,129,36,GRCh38
GGCTATATCATGTGCA-1,287,46,GRCh38
GGCTATATCCCCATCA-1,1390,34,GRCh38
GGCTATATCCGCAGTG-1,145,68,GRCh38
GGCTATATCCTGTCCA-1,123,36,GRCh38
GGCTATATCGTTCCGC-1,40030,249,Multiplet
GGCTATTGTGATTGCT-1,142,39,GRCh38
GGCTATTGTGGCGTCT-1,6530,78,GRCh38
GGCTATTGTTGGCTGC-1,361,50,GRCh38
GGCTATTGTTTACGCG-1,20820,172,Multiplet
GGCTCGATCAGTTGAT-1,265,37,GRCh38
GGCTCGATCCGCGACA-1,629,25,GRCh38
GGCTCGATCGCATTGA-1,16223,96,GRCh38
GGCTCGATCTGGTGAC-1,156,60,GRCh38
GGCTGAAAGTAGCCAC-1,323,33,GRCh38
GGCTGACCAACATCAA-1,3484,35,GRCh38
GGCTGACCAGGACTTG-1,2414,96,GRCh38
GGCTGAGGTAAGCGTA-1,19147,133,GRCh38
GGCTGAGGTCATTCGG-1,4216,95,GRCh38
GGCTGAGGTCTAGGCC-1,227,60,GRCh38
GGCTGAGGTGCGTGGA-1,7479,112,GRCh38
GGCTGAGGTTCGGGTC-1,629,37,GRCh38
GGCTGCATCCCAGTAA-1,3211,35,GRCh38
GGCTGCATCCGTCCGT-1,128,35,GRCh38
GGCTGCATCGATATGT-1,298,47,GRCh38
GGCTGCATCGTCTATC-1,1347,37,GRCh38
GGCTGCATCTGGGACT-1,2316,58,GRCh38
GGCTGGTCACAACCAG-1,3181,54,GRCh38
GGCTGGTCAGCACGAC-1,373,51,GRCh38
GGCTGGTCAGGAGCGA-1,13290,91,GRCh38
GGCTGTTAGCAACCAC-1,144,33,GRCh38
GGCTGTTAGCATGTGC-1,19610,116,GRCh38
GGCTGTTAGGAACCAG-1,17704,100,GRCh38
GGCTGTTAGGGTGATG-1,241,36,GRCh38
GGCTGTTAGTCGACAC-1,42976,234,Multiplet
GGCTTAATCATCATCC-1,1218,19,GRCh38
GGCTTAATCGAACCAC-1,140,33,GRCh38
GGCTTAATCGCGAGTT-1,3888,83,GRCh38
GGCTTAATCGCGATTA-1,191,40,GRCh38
GGCTTAATCGTCTCTG-1,129,34,GRCh38
GGCTTCCTCGTGCATA-1,19665,141,GRCh38
GGCTTCTCACAATCCC-1,183,42,GRCh38
GGCTTCTCACTAGCGA-1,30751,173,Multiplet
GGCTTCTCATAACTAG-1,2170,160,Multiplet
GGCTTTGGTGAACCGG-1,5071,86,GRCh38
GGCTTTGGTTAACTGC-1,130,35,GRCh38
GGCTTTGGTTTCCGTC-1,154,35,GRCh38
GGCTTTGGTTTGACCG-1,315,41,GRCh38
GGGAACATCCCCAGTC-1,482,39,GRCh38
GGGAACATCCTCGACC-1,6568,446,Multiplet
GGGAATGTCAGCGACT-1,236,34,GRCh38
GGGAATGTCCGCCTTA-1,2687,203,Multiplet
GGGAATGTCTGGGCTG-1,7641,146,Multiplet
GGGAATTAGCGATCAC-1,9683,81,GRCh38
GGGAATTAGGGGTACA-1,207,39,GRCh38
GGGAATTAGGTTCGCG-1,2508,34,GRCh38
GGGACAATCCAGGGAA-1,15306,400,Multiplet
GGGACAATCCCAGGTG-1,1191,50,GRCh38
GGGACAATCGAGTGGA-1,22575,88,GRCh38
GGGACAATCTAATGCG-1,587,50,GRCh38
GGGACACAGGTCGTAC-1,8039,98,GRCh38
GGGACCAGTCAAGTCT-1,1399,99,GRCh38
GGGACCAGTCAATGCT-1,741,56,GRCh38
GGGACCAGTTAGTTCA-1,235,36,GRCh38
GGGACCAGTTCACTGG-1,6061,92,GRCh38
GGGACCAGTTTACTAG-1,297,133,GRCh38
GGGACCTCAAAGGATG-1,223,38,GRCh38
GGGACCTCACAACGGC-1,23745,145,Multiplet
GGGACCTCATAACGAC-1,3175,59,GRCh38
GGGACCTCATGGTGAT-1,19434,118,GRCh38
GGGACGTAGCGACTTA-1,5956,88,GRCh38
GGGACGTAGCGCTACG-1,166,35,GRCh38
GGGACTAAGGGGTCAA-1,18531,114,GRCh38
GGGACTAAGGGTTGAG-1,4032,53,GRCh38
GGGACTAAGTATGGTT-1,134,36,GRCh38
GGGACTGGTAGGCGTG-1,2701,118,GRCh38
GGGACTGGTGATGCCC-1,640,63,GRCh38
GGGACTGGTGCGGTTC-1,306,75,GRCh38
GGGATAGTCAGCGAAG-1,17029,112,GRCh38
GGGATAGTCAGTTACG-1,795,21,GRCh38
GGGATAGTCTAAGTAC-1,39689,179,Multiplet
GGGATAGTCTATGGGC-1,23938,274,Multiplet
GGGATATAGCAATCAT-1,23565,159,Multiplet
GGGATATAGTAGGTAA-1,5230,112,GRCh38
GGGATATAGTGCCGAT-1,3503,31,GRCh38
GGGATCAAGCGGTTCG-1,19247,140,GRCh38
GGGATCAAGGAGGTGC-1,10663,125,GRCh38
GGGATCAAGTTGCCTT-1,2028,91,GRCh38
GGGATTAGTCTAGTTA-1,2382,44,GRCh38
GGGATTAGTGCGGTCT-1,105,33,GRCh38
GGGATTAGTTCGGTAT-1,2482,63,GRCh38
GGGATTAGTTGGAATG-1,100,67,GRCh38
GGGATTAGTTGGACCC-1,343,37,GRCh38
GGGATTGAGAACGGGC-1,5381,50,GRCh38
GGGATTGAGCATTAAC-1,5497,68,GRCh38
GGGCAAATCAATGGAA-1,11061,146,Multiplet
GGGCAAATCAATTGCG-1,110,52,GRCh38
GGGCAAATCCCCTTAG-1,262,44,GRCh38
GGGCAAATCCTGTGCC-1,343,33,GRCh38
GGGCAAATCGATATAC-1,376,45,GRCh38
GGGCAAATCGTAGTGC-1,37992,176,Multiplet
GGGCAACAGAAGCAAC-1,974,17,GRCh38
GGGCAATGTGAGTGTA-1,30289,146,Multiplet
GGGCAATGTGATCCTG-1,7793,54,GRCh38
GGGCAATGTTCGTCTC-1,122,39,GRCh38
GGGCAATGTTCTGGTG-1,139,38,GRCh38
GGGCAATGTTTGGTAC-1,269,41,GRCh38
GGGCAGACAATCGCCT-1,20332,133,GRCh38
GGGCAGACAATTGACA-1,5390,78,GRCh38
GGGCATCCAAGTGCCA-1,878,33,GRCh38
GGGCATCCAAGTTCCC-1,38266,200,Multiplet
GGGCATCCAATCGAGT-1,1407,61,GRCh38
GGGCATCCACTACCCG-1,255,45,GRCh38
GGGCATCCAGCTAAGT-1,261,37,GRCh38
GGGCATCCAGTTAGTA-1,97,38,GRCh38
GGGCATCCATTGGCGA-1,10243,125,GRCh38
GGGCATGGTATGGAGC-1,264,43,GRCh38
GGGCATGGTTAGCCTG-1,26430,211,Multiplet
GGGCATGGTTCACTCC-1,141,33,GRCh38
GGGCATTTCACTATCC-1,128,36,GRCh38
GGGCATTTCCACCTTG-1,255,41,GRCh38
GGGCATTTCGCGCCAA-1,16967,100,GRCh38
GGGCATTTCTAGCGCG-1,371,57,GRCh38
GGGCATTTCTAGTTCC-1,386,48,GRCh38
GGGCCTATCACCAGAC-1,5454,77,GRCh38
GGGCCTATCCATCTGT-1,1224,30,GRCh38
GGGCCTATCTATGGGC-1,1737,79,GRCh38
GGGCCTTGTAGGTACA-1,14577,94,GRCh38
GGGCCTTGTTCCGTCT-1,259,34,GRCh38
GGGCCTTGTTTCCTAT-1,9340,91,GRCh38
GGGCGATAGTGAGCAG-1,146,43,GRCh38
GGGCGTAGTAGCTAAG-1,27853,173,Multiplet
GGGCTAAAGGCTACTA-1,17361,118,GRCh38
GGGCTAGGTAGCCTTG-1,4543,18,GRCh38
GGGCTAGGTCAGTAGA-1,21758,123,GRCh38
GGGCTAGGTTTGGCTG-1,26017,187,Multiplet
GGGCTCTGTTGAGCTT-1,817,24,GRCh38
GGGCTTACACAACGAT-1,4136,131,GRCh38
GGGCTTACACAAGCCA-1,233,36,GRCh38
GGGCTTACACTAGCTC-1,489,70,GRCh38
GGGCTTACATCCCATA-1,532,24,GRCh38
GGGCTTGTCAGTAGCC-1,3213,48,GRCh38
GGGCTTGTCCAATGAT-1,826,9,GRCh38
GGGCTTGTCTAGTTGG-1,563,36,GRCh38
GGGCTTGTCTATGCTC-1,256,191,Multiplet
GGGCTTGTCTCATCGT-1,6920,77,GRCh38
GGGGACTAGCCTGAGT-1,8972,64,GRCh38
GGGGACTAGCCTTCGC-1,14430,78,GRCh38
GGGGATGCAAATGGTC-1,23433,133,GRCh38
GGGGATGCAACATGCG-1,235,41,GRCh38
GGGGCAACAAATGCTA-1,678,52,GRCh38
GGGGCAACATCCACAC-1,324,33,GRCh38
GGGGCAACATGCGTTC-1,251,38,GRCh38
GGGGCTAGTAATGCAG-1,214,81,GRCh38
GGGGCTAGTTGCGTGC-1,164,33,GRCh38
GGGGCTAGTTTGACTA-1,14028,102,GRCh38
GGGGTAATCAGCACTA-1,20401,88,GRCh38
GGGGTAATCCAGGGAA-1,2223,75,GRCh38
GGGGTAATCCGTGTCC-1,394,41,GRCh38
GGGGTAATCGAGTGGA-1,52541,208,Multiplet
GGGGTAATCTATCGCT-1,3896,48,GRCh38
GGGGTATGTAGCCAGG-1,14141,122,GRCh38
GGGGTATGTGGAGCTG-1,45133,202,Multiplet
GGGGTATGTGGCTCGT-1,2474,91,GRCh38
GGGGTATGTTCACTCC-1,226,33,GRCh38
GGGGTATGTTGGATGA-1,432,65,GRCh38
GGGGTATGTTTCGCTC-1,145,33,GRCh38
GGGGTCAGTAAGGACC-1,223,45,GRCh38
GGGGTCAGTGAACGCG-1,245,45,GRCh38
GGGGTCAGTTTGCGTG-1,250,57,GRCh38
GGGGTTAAGCGCTTAA-1,147,33,GRCh38
GGGGTTAAGCGGGAAC-1,44572,170,Multiplet
GGGGTTAAGCTACAGC-1,271,34,GRCh38
GGGGTTAAGGGGCTAA-1,269,37,GRCh38
GGGGTTAAGTACGCCG-1,4216,74,GRCh38
GGGGTTAAGTAGTAAG-1,5417,59,GRCh38
GGGGTTAAGTGACCTA-1,3448,151,Multiplet
GGGGTTGGTCATCAGT-1,254,39,GRCh38
GGGGTTGGTCTGGCGT-1,18710,102,GRCh38
GGGGTTGGTGCACCGT-1,136,36,GRCh38
GGGGTTGGTGCGTGAG-1,27224,113,GRCh38
GGGGTTGGTTCCTCTA-1,121,34,GRCh38
GGGTAACGTATTGCAC-1,250,45,GRCh38
GGGTAACGTTGACTAC-1,152,39,GRCh38
GGGTAACGTTGCCCAA-1,154,33,GRCh38
GGGTAAGTCCAACTGA-1,3607,88,GRCh38
GGGTAAGTCCGCGACA-1,172,38,GRCh38
GGGTAAGTCCGGGTAT-1,17148,102,GRCh38
GGGTAAGTCGTAATGT-1,23756,127,GRCh38
GGGTAAGTCTGGTAGC-1,111,40,GRCh38
GGGTAAGTCTGTGAAT-1,116,40,GRCh38
GGGTAATAGCCAGCCA-1,262,59,GRCh38
GGGTAATAGGGCTCCA-1,1535,38,GRCh38
GGGTAATAGGTGCTGT-1,21562,117,GRCh38
GGGTAATAGTATCTCC-1,159,40,GRCh38
GGGTAATAGTATCTGG-1,966,19,GRCh38
GGGTAATAGTATGAAG-1,152,38,GRCh38
GGGTACGGTAGCCCTA-1,20590,100,GRCh38
GGGTACGGTTGTCCTC-1,137,34,GRCh38
GGGTACTTCATAGGTT-1,4869,31,GRCh38
GGGTATAGTTCCTCGT-1,7119,111,GRCh38
GGGTATAGTTGTCATA-1,726,189,Multiplet
GGGTCAAAGGGCTTCG-1,4039,245,Multiplet
GGGTCAGGTAATCACC-1,3715,54,GRCh38
GGGTCAGGTAATGGTG-1,5085,75,GRCh38
GGGTCAGGTTCCCTTA-1,18354,101,GRCh38
GGGTCAGGTTCCGTCT-1,264,45,GRCh38
GGGTCAGGTTCGGTCA-1,121,35,GRCh38
GGGTCATTCACTCCGC-1,15144,109,GRCh38
GGGTCATTCCCCTTAG-1,2058,46,GRCh38
GGGTCATTCCTCATGT-1,1650,61,GRCh38
GGGTCATTCGTGAGAG-1,32064,157,Multiplet
GGGTCCATCCCCATGC-1,6425,65,GRCh38
GGGTCCATCGCTCCAC-1,814,48,GRCh38
GGGTGAATCCAACTTC-1,25880,178,Multiplet
GGGTGAATCTGGTAGC-1,746,73,GRCh38
GGGTGTCCAGGCTATG-1,26454,163,Multiplet
GGGTTAAGTATTAGGG-1,329,47,GRCh38
GGGTTAAGTCTGGTTG-1,244,34,GRCh38
GGGTTAAGTGCACCAC-1,138,35,GRCh38
GGGTTAAGTGCATTCG-1,304,45,GRCh38
GGGTTAGAGAATCGGG-1,82312,111,GRCh38
GGGTTAGAGATACTGT-1,19581,174,Multiplet
GGGTTCCGTAGTTGCT-1,150,33,GRCh38
GGGTTCCGTGCGCAAG-1,693,20,GRCh38
GGGTTCCGTTATCCTT-1,18814,109,GRCh38
GGGTTCCGTTATCGAC-1,164,36,GRCh38
GGGTTCCGTTGCCCTT-1,32738,72,GRCh38
GGGTTCCGTTGCGCGT-1,249,44,GRCh38
GGGTTCCGTTGCTTAA-1,34274,98,GRCh38
GGGTTGAAGCCATTAG-1,109,44,GRCh38
GGGTTGAAGCGATTGC-1,21156,100,GRCh38
GGGTTGAAGCTACTCT-1,115,40,GRCh38
GGGTTGAAGGGTATCC-1,10702,72,GRCh38
GGGTTGGGTAACGTGA-1,16525,108,GRCh38
GGGTTGGGTCATCCCT-1,1820,64,GRCh38
GGGTTGGGTGAGGTGT-1,142,34,GRCh38
GGGTTGGGTGGCTACC-1,830,94,GRCh38
GGGTTGGGTTACTGCG-1,42539,251,Multiplet
GGGTTTCAGGGTGATG-1,243,40,GRCh38
GGGTTTGCAACCTGCT-1,120,36,GRCh38
GGGTTTGCAACGTGAT-1,1370,59,GRCh38
GGGTTTGCACATACCC-1,478,52,GRCh38
GGGTTTGCAGGCAGTC-1,19441,86,GRCh38
GGGTTTGCATCCCTGG-1,489,52,GRCh38
GGGTTTGCATTGCCCG-1,26158,148,Multiplet
GGTAAATGTTTGCCTC-1,133,33,GRCh38
GGTAACAGTAGCTAGA-1,21738,98,GRCh38
GGTAACAGTCTCAGCA-1,1257,60,GRCh38
GGTAACAGTCTCAGTG-1,634,44,GRCh38
GGTAACAGTGAACGTA-1,2863,46,GRCh38
GGTAACAGTTATCTCT-1,1614,44,GRCh38
GGTAACAGTTGCTGAT-1,2971,87,GRCh38
GGTAAGGTCTCATCCG-1,6975,59,GRCh38
GGTAAGGTCTGGTCGG-1,4208,65,GRCh38
GGTAATCCAATTGCCC-1,147,37,GRCh38
GGTAATCCACCTACTA-1,55687,130,GRCh38
GGTAATCCAGGGATGG-1,659,47,GRCh38
GGTAATCCATCCGTAC-1,121,43,GRCh38
GGTAATCCATCGACTC-1,428,56,GRCh38
GGTAATCCATGCGTAG-1,303,201,Multiplet
GGTAATGGTCTAGTTA-1,35873,169,Multiplet
GGTAATGGTTAGAGGC-1,751,35,GRCh38
GGTAATGGTTCGTCTC-1,375,97,GRCh38
GGTAATGGTTGGGTCC-1,252,49,GRCh38
GGTAATTTCGCATTAG-1,1000,58,GRCh38
GGTACATCAAGTGAAG-1,2121,54,GRCh38
GGTACATCAATTGAGC-1,30509,214,Multiplet
GGTACATCACAACGAT-1,47074,212,Multiplet
GGTACATCACAGCGTA-1,224,35,GRCh38
GGTACGAAGTAAGCGG-1,23551,155,Multiplet
GGTACGAAGTATGGCC-1,966,27,GRCh38
GGTACGCCAAGTCGAT-1,13346,127,GRCh38
GGTACGCCAAGTGATC-1,944,23,GRCh38
GGTACGCCAAGTTACA-1,15304,125,GRCh38
GGTACGCCAATTGGAC-1,19211,130,GRCh38
GGTACGCCACATTCAT-1,151,33,GRCh38
GGTACGCCAGTTGCTC-1,271,34,GRCh38
GGTACGGGTCTGGTCA-1,9900,73,GRCh38
GGTACGTTCCAACCTT-1,315,68,GRCh38
GGTACGTTCCCTCAGC-1,97,41,GRCh38
GGTACGTTCGCGCGTA-1,482,33,GRCh38
GGTACGTTCTAACCGA-1,258,40,GRCh38
GGTACGTTCTGGATAT-1,145,37,GRCh38
GGTACGTTCTGTCATC-1,3645,89,GRCh38
GGTACTATCAGGCAAG-1,802,13,GRCh38
GGTACTATCCTTAGAG-1,203,56,GRCh38
GGTACTTGTAACCCAT-1,57395,81,GRCh38
GGTACTTGTAATCCGT-1,294,53,GRCh38
GGTACTTGTAGCTGCC-1,42022,231,Multiplet
GGTACTTGTAGTTACC-1,1117,78,GRCh38
GGTACTTGTCAGTTCG-1,20957,63,GRCh38
GGTACTTGTGAGTCCC-1,4861,59,GRCh38
GGTACTTGTTCCGTTC-1,783,43,GRCh38
GGTACTTGTTCGTAGT-1,43231,195,Multiplet
GGTACTTGTTGACGCC-1,181,40,GRCh38
GGTACTTGTTGGCCGT-1,270,48,GRCh38
GGTACTTGTTTCACTT-1,340,214,Multiplet
GGTAGCAAGCAACTAT-1,251,41,GRCh38
GGTAGCAAGTATCTGG-1,284,44,GRCh38
GGTAGCGGTGACCGAG-1,23579,123,GRCh38
GGTAGCGGTGCAACTT-1,16459,130,GRCh38
GGTAGCTTCCCCTTAG-1,290,43,GRCh38
GGTAGCTTCCTTCGAT-1,161,74,GRCh38
GGTAGCTTCTAGTTGG-1,14824,136,GRCh38
GGTAGGATCACATGGC-1,252,39,GRCh38
GGTAGGATCCAGATTG-1,257,33,GRCh38
GGTAGTAGTCAGCATT-1,147,33,GRCh38
GGTAGTAGTCTTGACG-1,100,35,GRCh38
GGTAGTAGTTAGTCAC-1,825,32,GRCh38
GGTAGTAGTTCCAGTG-1,4249,78,GRCh38
GGTAGTAGTTGCGCGT-1,24756,134,GRCh38
GGTAGTAGTTGGACCC-1,121,35,GRCh38
GGTAGTAGTTGGATAG-1,38637,138,GRCh38
GGTAGTAGTTGGCGCT-1,704,33,GRCh38
GGTAGTGAGCCAACCG-1,143,204,mm10
GGTAGTGAGTGAAGCG-1,531,51,GRCh38
GGTATAGGTAAGTAGT-1,1157,25,GRCh38
GGTATAGGTAGGTGCG-1,2363,101,GRCh38
GGTATAGGTCATCACG-1,828,18,GRCh38
GGTATAGGTGCACCGT-1,159,38,GRCh38
GGTATAGGTTAGGTCT-1,2006,46,GRCh38
GGTATAGGTTGGTAAG-1,11440,80,GRCh38
GGTATATTCACCTGAA-1,10860,44,GRCh38
GGTATATTCATACTCC-1,148,35,GRCh38
GGTATATTCGCTAATG-1,318,44,GRCh38
GGTATCGCAACATCCC-1,119,35,GRCh38
GGTATCGCAATCTCTG-1,3593,140,GRCh38
GGTATCTGTAGCCTGC-1,1974,62,GRCh38
GGTATCTGTATTAGGG-1,14925,60,GRCh38
GGTATCTGTATTGCAC-1,1905,59,GRCh38
GGTATCTGTCATGGCC-1,196,34,GRCh38
GGTATCTGTCTGGCGT-1,18150,215,Multiplet
GGTATCTGTTCCTTCA-1,3622,95,GRCh38
GGTATCTGTTCGTCAG-1,17820,109,GRCh38
GGTATCTGTTGCCTAG-1,1768,215,Multiplet
GGTATCTGTTTCGACG-1,889,68,GRCh38
GGTATGAGTAAGCGGT-1,5352,56,GRCh38
GGTATGAGTATGTCCG-1,220,54,GRCh38
GGTATGAGTTGTGCGC-1,783,130,GRCh38
GGTATGGAGAAGCCCT-1,35307,211,Multiplet
GGTATGGAGCGCATAC-1,693,35,GRCh38
GGTATGGAGTAGTCCA-1,343,36,GRCh38
GGTATGTCAATCAGCG-1,216,62,GRCh38
GGTATGTCAGCCATGA-1,44245,241,Multiplet
GGTATGTCATCACTAT-1,1593,58,GRCh38
GGTATTGTCCCCATGC-1,174,41,GRCh38
GGTATTGTCCCTCGTA-1,131,37,GRCh38
GGTATTGTCCGCGCTT-1,707,27,GRCh38
GGTATTGTCCGCGTCT-1,1685,192,Multiplet
GGTATTGTCGAATCAT-1,17159,115,GRCh38
GGTATTGTCGCGCAAT-1,223,44,GRCh38
GGTCAATCACTTCGCG-1,152,56,GRCh38
GGTCAATCAGCCTACT-1,290,56,GRCh38
GGTCAATCATCGGTAG-1,23739,128,GRCh38
GGTCAATCATGGTGAT-1,529,100,GRCh38
GGTCACTAGCCTCTGC-1,180,40,GRCh38
GGTCACTAGCTATCTC-1,6694,118,GRCh38
GGTCACTAGCTGGTTA-1,168,34,GRCh38
GGTCACTAGGGCTCTG-1,27144,134,GRCh38
GGTCACTAGGGGCAGT-1,8116,38,GRCh38
GGTCACTAGGTTGATT-1,131,39,GRCh38
GGTCACTAGTAGTGAA-1,5369,98,GRCh38
GGTCAGCCAAAGGGTA-1,538,42,GRCh38
GGTCAGCCAACCCGTT-1,168,39,GRCh38
GGTCAGCCAATAGACC-1,248,40,GRCh38
GGTCAGCCACATACCC-1,154,47,GRCh38
GGTCAGCCACCAGCTT-1,19666,127,GRCh38
GGTCAGCCACTTGCCG-1,1990,129,GRCh38
GGTCAGCCAGGACTGC-1,34174,193,Multiplet
GGTCAGCCATAGATCA-1,122,44,GRCh38
GGTCAGCCATAGATGC-1,1328,53,GRCh38
GGTCAGCCATTCGGTC-1,364,37,GRCh38
GGTCATATCAGCAATT-1,1356,16,GRCh38
GGTCATATCCGCAAGT-1,42490,182,Multiplet
GGTCATATCCTTAACC-1,31195,189,Multiplet
GGTCATATCTGGCTAA-1,27286,151,Multiplet
GGTCATCAGCATTCGA-1,14732,100,GRCh38
GGTCATCAGCTATGCA-1,92,33,GRCh38
GGTCATTGTAATCCGT-1,2795,51,GRCh38
GGTCATTGTCTGGCAC-1,322,42,GRCh38
GGTCATTGTCTGTCCT-1,163,43,GRCh38
GGTCATTGTGGACTGG-1,886,14,GRCh38
GGTCATTGTGGGAACT-1,12736,140,GRCh38
GGTCCTGAGGATGCTC-1,229,55,GRCh38
GGTCCTGAGTAACCGC-1,120,34,GRCh38
GGTCGAGGTAACGCAA-1,218,35,GRCh38
GGTCGAGGTCCATCCT-1,247,33,GRCh38
GGTCGAGGTTGCGTCA-1,63477,180,Multiplet
GGTCGATTCATCTACC-1,5703,60,GRCh38
GGTCGATTCCAGCAAC-1,5037,59,GRCh38
GGTCGATTCGCGCATG-1,312,50,GRCh38
GGTCGATTCTAGTGCA-1,536,39,GRCh38
GGTCGCATCCCATATC-1,5801,73,GRCh38
GGTCGCATCCTGATCT-1,1190,127,GRCh38
GGTCGCATCGCATCCC-1,14070,153,Multiplet
GGTCGCATCGCATGAC-1,17916,163,Multiplet
GGTCGCATCGCTGATA-1,614,21,GRCh38
GGTCGGTCACCACAGA-1,44776,197,Multiplet
GGTCGGTCACCTAACC-1,12319,102,GRCh38
GGTCGGTCATTGCACC-1,177,53,GRCh38
GGTCGGTCATTGGAGT-1,22824,161,Multiplet
GGTCGTTAGGATAGTA-1,17504,85,GRCh38
GGTCGTTAGTGCAATT-1,196,36,GRCh38
GGTCTAATCAGGAACG-1,15850,96,GRCh38
GGTCTAGCAACTCGTC-1,274,50,GRCh38
GGTCTAGCACTTCGGT-1,728,54,GRCh38
GGTCTAGCAGCCATTC-1,233,57,GRCh38
GGTCTAGCATAGATCA-1,68167,112,GRCh38
GGTCTATGTCTGGGTC-1,155,40,GRCh38
GGTCTATGTCTTGCCT-1,149,33,GRCh38
GGTCTCCTCCATGACA-1,323,49,GRCh38
GGTCTCCTCCGCGTAG-1,228,39,GRCh38
GGTCTCCTCGTAATGT-1,1059,35,GRCh38
GGTCTTAAGAATCGAA-1,16641,112,GRCh38
GGTCTTAAGGAGGCTA-1,6606,86,GRCh38
GGTCTTAAGGTCACGT-1,626,22,GRCh38
GGTCTTAAGTGTCAAT-1,7535,92,GRCh38
GGTGAACGTGAACCGG-1,195,43,GRCh38
GGTGAACGTGCACGTC-1,185,50,GRCh38
GGTGAACGTGCGCGAA-1,1418,26,GRCh38
GGTGAACGTTCACGCA-1,304,38,GRCh38
GGTGAACGTTCACTGG-1,179,60,GRCh38
GGTGAACGTTGTCTCC-1,21409,101,GRCh38
GGTGAATAGAACCTGC-1,1102,53,GRCh38
GGTGAATAGGGTCCAT-1,11971,110,GRCh38
GGTGACTTCAGGATGG-1,264,34,GRCh38
GGTGACTTCCCAGGTG-1,326,35,GRCh38
GGTGACTTCCTCATCG-1,7782,190,Multiplet
GGTGACTTCGCTGGCA-1,22431,145,Multiplet
GGTGACTTCGTGCCAG-1,4927,86,GRCh38
GGTGAGGCATGCGTAG-1,863,23,GRCh38
GGTGATAGTAACGAAT-1,155,37,GRCh38
GGTGATAGTAACTCTA-1,10102,101,GRCh38
GGTGATAGTAGCGAGT-1,644,156,Multiplet
GGTGATAGTCATGCGC-1,272,55,GRCh38
GGTGATAGTTAACTGC-1,150,33,GRCh38
GGTGATAGTTGTGCAT-1,126,129,mm10
GGTGATAGTTTGGTAC-1,195,51,GRCh38
GGTGATGAGCAAGGCA-1,1123,41,GRCh38
GGTGATGAGCCAGATC-1,16946,97,GRCh38
GGTGATGAGGTTGGTC-1,10913,148,Multiplet
GGTGCAGGTAACGGCG-1,3750,49,GRCh38
GGTGCAGGTAATCAGG-1,217,116,GRCh38
GGTGCAGGTAGCGCCT-1,578,30,GRCh38
GGTGCAGGTAGCTAAG-1,217,40,GRCh38
GGTGCAGGTCTGGTCA-1,14256,64,GRCh38
GGTGCAGGTGAAGTTG-1,30972,175,Multiplet
GGTGCATTCACCTCTG-1,390,37,GRCh38
GGTGCATTCCTTGAGA-1,139,34,GRCh38
GGTGCATTCGAATTAC-1,247,234,Multiplet
GGTGCATTCGCTATCT-1,2722,239,Multiplet
GGTGCCTGTCAGCTAT-1,8292,56,GRCh38
GGTGCCTGTCATTAGC-1,10445,68,GRCh38
GGTGCCTGTCTGTCCT-1,30060,173,Multiplet
GGTGCCTGTTCGATAC-1,151,34,GRCh38
GGTGCCTGTTCGCTAG-1,146,35,GRCh38
GGTGCGAGTAGCCATT-1,21010,143,GRCh38
GGTGCGAGTAGGTCGG-1,25925,150,Multiplet
GGTGCGAGTCAACGAA-1,255,77,GRCh38
GGTGCGAGTGAACTAG-1,17906,79,GRCh38
GGTGCGAGTTCCATCC-1,31594,175,Multiplet
GGTGCTTAGGTGCGAA-1,1938,90,GRCh38
GGTGCTTAGTTGGCGT-1,499,33,GRCh38
GGTGGATGTGAACGGT-1,9531,83,GRCh38
GGTGGATGTGCAACCC-1,3897,59,GRCh38
GGTGGATGTTAATCTG-1,4502,54,GRCh38
GGTGGATGTTCGCCTT-1,41757,267,Multiplet
GGTGGCAGTCAATTCA-1,39235,200,Multiplet
GGTGGCAGTCTAGGTT-1,255,34,GRCh38
GGTGGCAGTGATTACC-1,43406,159,Multiplet
GGTGGCAGTTGGTCTG-1,18756,92,GRCh38
GGTGGCTCAAATCGAC-1,245,33,GRCh38
GGTGGCTCAGGACACC-1,25866,190,Multiplet
GGTGGTAAGATTCGGC-1,4303,145,Multiplet
GGTGGTAAGATTGAAG-1,2965,96,GRCh38
GGTGGTAAGCGCCTCT-1,150,41,GRCh38
GGTGGTAAGCGCTGCA-1,1443,33,GRCh38
GGTGGTAAGGTTCGTA-1,183,33,GRCh38
GGTGGTAAGTAGTGCC-1,38223,167,Multiplet
GGTGTAAGTGCGGACA-1,5779,79,GRCh38
GGTGTCCGTTAGCTTA-1,142,64,GRCh38
GGTGTCCGTTGCCTAG-1,113,35,GRCh38
GGTGTCCGTTGTCCTC-1,133,34,GRCh38
GGTGTGAAGAAGGGTT-1,8043,181,Multiplet
GGTGTGAAGATTAGGA-1,1446,194,Multiplet
GGTGTGAAGGTACAGG-1,7149,71,GRCh38
GGTGTTGCAACCTCGT-1,47740,222,Multiplet
GGTGTTGCAATATCTC-1,789,99,GRCh38
GGTGTTGCACCATCAC-1,462,43,GRCh38
GGTGTTGCATTAGCCC-1,140,35,GRCh38
GGTGTTGCATTCGGGA-1,21748,130,GRCh38
GGTTAAGGTAATCGTC-1,52291,112,GRCh38
GGTTAAGGTTGTAGAG-1,146,73,GRCh38
GGTTAATTCACTCTAC-1,61783,180,Multiplet
GGTTAATTCCCTCATG-1,385,37,GRCh38
GGTTAATTCGCGAATC-1,173,38,GRCh38
GGTTAATTCTGTCAAG-1,287,39,GRCh38
GGTTACATCCAGAGCT-1,5087,54,GRCh38
GGTTACATCCGCGGTA-1,4565,36,GRCh38
GGTTACATCCTGCCTA-1,3045,81,GRCh38
GGTTACATCGATGCAC-1,174,35,GRCh38
GGTTACATCGCGCCTT-1,279,50,GRCh38
GGTTACATCGTTAGGC-1,2062,49,GRCh38
GGTTACATCTCACTAC-1,1436,56,GRCh38
GGTTACGCAATACTAG-1,2927,134,GRCh38
GGTTACGCACCACAGA-1,773,62,GRCh38
GGTTACGCAGGACAGG-1,2023,31,GRCh38
GGTTAGCTCACGTTAG-1,150,49,GRCh38
GGTTAGCTCCCATGCC-1,153,37,GRCh38
GGTTAGCTCCGGGTTG-1,132,33,GRCh38
GGTTAGCTCCTGCCGT-1,172,36,GRCh38
GGTTAGCTCGACCGTG-1,3419,38,GRCh38
GGTTAGCTCGTACGGT-1,2365,45,GRCh38
GGTTAGCTCTAGTCCT-1,124,33,GRCh38
GGTTAGGAGCTAGATT-1,5808,100,GRCh38
GGTTAGGAGGGCTCTG-1,126,53,GRCh38
GGTTAGGAGTACGGGA-1,942,35,GRCh38
GGTTAGTCAAACCTAA-1,26004,150,Multiplet
GGTTAGTCAAGTCCCT-1,807,106,GRCh38
GGTTAGTCAATCGGTG-1,834,77,GRCh38
GGTTAGTCAATGGAAG-1,16703,126,GRCh38
GGTTAGTCACCATTGC-1,1224,22,GRCh38
GGTTAGTCACCTCGAT-1,27570,168,Multiplet
GGTTAGTCAGCTACCT-1,3454,70,GRCh38
GGTTAGTCAGCTCTAC-1,173,61,GRCh38
GGTTAGTCAGTTAGGT-1,247,44,GRCh38
GGTTATGTCAAGTATC-1,250,38,GRCh38
GGTTATGTCATACTCC-1,137,38,GRCh38
GGTTATGTCATGTCTC-1,264,33,GRCh38
GGTTATGTCCATTGAG-1,17915,107,GRCh38
GGTTATGTCCGCAGAT-1,442,60,GRCh38
GGTTATGTCCTTCGCA-1,177,35,GRCh38
GGTTATGTCGACCCAG-1,255,37,GRCh38
GGTTCAATCGCTCGTC-1,580,57,GRCh38
GGTTCAGCAATCCGTC-1,16700,285,Multiplet
GGTTCAGCACCTCGCA-1,3958,119,GRCh38
GGTTCAGCATTACAGA-1,23058,133,GRCh38
GGTTCCTCAAGCCTGA-1,1157,44,GRCh38
GGTTCCTCAAGGTACT-1,17811,116,GRCh38
GGTTCCTCAATCATAG-1,17066,124,GRCh38
GGTTCCTCACCTAACC-1,40282,143,GRCh38
GGTTCCTCACCTACGT-1,673,21,GRCh38
GGTTCCTCAGCACCAA-1,6296,73,GRCh38
GGTTCCTCAGCACGTA-1,303,40,GRCh38
GGTTCCTCATAACTGA-1,45088,192,Multiplet
GGTTCCTCATAATCTC-1,1207,60,GRCh38
GGTTCTAAGCTAATCG-1,1014,33,GRCh38
GGTTCTAAGGATGCTC-1,6813,184,Multiplet
GGTTCTAAGGATGTAA-1,535,54,GRCh38
GGTTCTAAGGTTGCCG-1,18010,126,GRCh38
GGTTGGGGTCAGGCGA-1,32331,136,GRCh38
GGTTGGGGTGCGCAGA-1,252,35,GRCh38
GGTTGGGGTGGGTCTC-1,115,40,GRCh38
GGTTGGTTCACTCACT-1,51773,101,GRCh38
GGTTGGTTCCGTTACT-1,206,37,GRCh38
GGTTGGTTCGAACCGT-1,3243,137,GRCh38
GGTTGGTTCGCGCCAA-1,2638,97,GRCh38
GGTTGGTTCGCTCCAC-1,127,33,GRCh38
GGTTGTCAGCAGTCTA-1,1083,17,GRCh38
GGTTGTCAGTAGTTAC-1,18722,103,GRCh38
GGTTTACGTATGGATG-1,126,34,GRCh38
GGTTTACGTATGTGTC-1,20171,176,Multiplet
GGTTTAGTCAAGTCCA-1,223,38,GRCh38
GGTTTAGTCACAGGAG-1,7278,52,GRCh38
GGTTTAGTCAGGAGCA-1,31372,132,GRCh38
GGTTTCAAGCAAGTAA-1,16777,129,GRCh38
GGTTTCAAGCATCCAA-1,1442,59,GRCh38
GGTTTCAAGCGCCATG-1,30846,170,Multiplet
GGTTTCAAGGCGAGAC-1,571,191,Multiplet
GGTTTCAAGTAACGGG-1,224,33,GRCh38
GGTTTGATCCGTGGCA-1,2047,34,GRCh38
GGTTTGATCCGTTACT-1,26987,160,Multiplet
GGTTTGATCGATGGAG-1,22997,150,Multiplet
GGTTTGATCTAGCTGA-1,162,40,GRCh38
GTAAACCCAACTACGG-1,26659,168,Multiplet
GTAAACCCAACTCGGA-1,74173,157,Multiplet
GTAAACCCACATACCC-1,3130,30,GRCh38
GTAAACTTCACCTACT-1,287,45,GRCh38
GTAAACTTCCGCACGA-1,512,41,GRCh38
GTAAACTTCTGTGCGG-1,1968,25,GRCh38
GTAAAGGCAGCCAGTA-1,48540,205,Multiplet
GTAAATGAGAATCCTG-1,346,36,GRCh38
GTAAATGAGCTAGTAT-1,3357,57,GRCh38
GTAAATGAGTAATGGA-1,21777,129,GRCh38
GTAAATGAGTTAGCAT-1,59110,201,Multiplet
GTAACCATCAGCTGCG-1,46178,179,Multiplet
GTAACCATCATGGTGC-1,250,43,GRCh38
GTAACCATCCTGTACT-1,289,90,GRCh38
GTAACCATCGCTCACC-1,138,36,GRCh38
GTAACCATCTAAGTAC-1,27398,141,GRCh38
GTAACCATCTAATCCC-1,139,40,GRCh38
GTAACCCAGCATCACA-1,4673,145,Multiplet
GTAACCCAGCTAGTGC-1,3679,24,GRCh38
GTAACCCAGCTGGGAA-1,194,33,GRCh38
GTAACCCAGGCTATAT-1,1175,24,GRCh38
GTAACCCAGTCATCTC-1,2139,80,GRCh38
GTAACCGCAAAGGTCT-1,131,43,GRCh38
GTAACCGCAACATTGA-1,165,174,Multiplet
GTAACCGCAAGCGACC-1,272,48,GRCh38
GTAACCGCAAGGTGCC-1,2123,46,GRCh38
GTAACCGCAAGTATGC-1,554,34,GRCh38
GTAACCTGTAACCGAA-1,24457,141,GRCh38
GTAACCTGTCATCAAC-1,7360,194,Multiplet
GTAACCTGTGATGCTT-1,294,50,GRCh38
GTAACCTGTTCAAGCT-1,53052,213,Multiplet
GTAACCTGTTCGTGTG-1,199,33,GRCh38
GTAACGGAGCATATCG-1,1766,62,GRCh38
GTAACGGAGCTTACGA-1,5007,24,GRCh38
GTAACGGAGGGGATGC-1,7765,96,GRCh38
GTAAGCCTCAGCAATT-1,753,19,GRCh38
GTAAGCCTCCGTAAGC-1,27736,191,Multiplet
GTAAGCGAGGGTCACT-1,13206,127,GRCh38
GTAAGCGAGTGGCAAG-1,738,36,GRCh38
GTAAGCTCAAGGTCGC-1,13160,109,GRCh38
GTAAGCTCAAGTTAGC-1,250,42,GRCh38
GTAAGCTCAGCACGAC-1,2913,48,GRCh38
GTAAGCTCATCGGTAG-1,39212,226,Multiplet
GTAAGCTCATGACGTG-1,27410,154,Multiplet
GTAAGCTCATGCAGAT-1,3029,138,GRCh38
GTAAGGCGTGCGAGAT-1,507,21,GRCh38
GTAAGGCGTGGCGCTT-1,6456,249,Multiplet
GTAAGGCGTTAACCCG-1,8071,71,GRCh38
GTAAGGCGTTAATGGG-1,10070,57,GRCh38
GTAAGGCGTTCCCAGA-1,9162,78,GRCh38
GTAAGGCGTTGCCCTT-1,560,90,GRCh38
GTAAGGGTCACTCGAA-1,2377,17,GRCh38
GTAAGGGTCATAGACT-1,213,40,GRCh38
GTAAGGGTCCATAGGC-1,43222,195,Multiplet
GTAAGGGTCCGGGTCA-1,224,34,GRCh38
GTAAGGGTCCTGTATC-1,369,57,GRCh38
GTAAGGGTCCTTCGCA-1,1513,63,GRCh38
GTAAGGGTCGCTAGGT-1,162,70,GRCh38
GTAAGGTAGATAGGCG-1,4934,141,GRCh38
GTAAGGTAGCTAACGC-1,1190,27,GRCh38
GTAAGGTAGGTAATGA-1,1691,41,GRCh38
GTAAGGTAGGTTCCAA-1,2112,22,GRCh38
GTAAGGTAGTAGGACG-1,772,37,GRCh38
GTAAGGTAGTCATCAG-1,3538,56,GRCh38
GTAAGTAAGAATCGAA-1,6391,39,GRCh38
GTAAGTAAGCGGATAG-1,23562,134,GRCh38
GTAAGTAAGTAAGTTC-1,4737,182,Multiplet
GTAAGTTTCTATCGTC-1,5105,70,GRCh38
GTAAGTTTCTGTGAGC-1,15717,254,Multiplet
GTAATAGAGAAGGTAC-1,1000,24,GRCh38
GTAATAGAGCAACTAT-1,1946,17,GRCh38
GTAATAGAGGCTTACA-1,162,34,GRCh38
GTAATCACACAGCGAC-1,15398,140,GRCh38
GTAATCACACCATGCT-1,154,43,GRCh38
GTAATCACACGCCATT-1,846,56,GRCh38
GTAATCCGTCTAGCAT-1,11695,68,GRCh38
GTAATCCGTGGACTAA-1,146,37,GRCh38
GTAATCCGTGGACTGG-1,166,33,GRCh38
GTAATGAAGATAGCAA-1,13889,88,GRCh38
GTAATGAAGTGGCTTA-1,196,36,GRCh38
GTAATGGGTAACCCTG-1,316,40,GRCh38
GTAATGGGTAGCAGCG-1,39745,283,Multiplet
GTAATGGGTTAATGCC-1,606,32,GRCh38
GTAATGGGTTCGCCAA-1,315,50,GRCh38
GTAATGGGTTGACTGT-1,5081,39,GRCh38
GTAATGGGTTTGCATA-1,143,35,GRCh38
GTAATGTTCCGTAGGT-1,452,36,GRCh38
GTAATGTTCCTCGACC-1,104,33,GRCh38
GTAATGTTCCTCTATA-1,18255,153,Multiplet
GTAATGTTCGCGATTA-1,35568,178,Multiplet
GTAATGTTCGCGCTAG-1,1476,65,GRCh38
GTAATGTTCGTTCACT-1,2713,101,GRCh38
GTAATTCAGCATGTGC-1,263,47,GRCh38
GTAATTCAGCCCGTCT-1,133,42,GRCh38
GTACAACCAAATGCCG-1,33766,174,Multiplet
GTACAACCAAGTAACC-1,3748,25,GRCh38
GTACAACCAATCTCCA-1,209,33,GRCh38
GTACAACCACCATCAC-1,2011,151,Multiplet
GTACAACCACCATGCT-1,160,39,GRCh38
GTACAACCATCCGTTA-1,269,50,GRCh38
GTACAAGGTAACCCTG-1,5002,68,GRCh38
GTACAAGGTAGTCCAT-1,299,35,GRCh38
GTACAAGGTTATGACC-1,765,35,GRCh38
GTACAAGGTTGCACTG-1,4012,107,GRCh38
GTACAAGGTTGCGGCT-1,126,33,GRCh38
GTACAAGGTTGTCACG-1,160,42,GRCh38
GTACAAGGTTTCGCTC-1,310,46,GRCh38
GTACACGCAGCCAGGT-1,564,53,GRCh38
GTACATTAGCAACCAC-1,127,38,GRCh38
GTACATTAGCTATGAT-1,178,33,GRCh38
GTACATTAGGAATGAC-1,4115,67,GRCh38
GTACATTAGGTGGAAT-1,21875,118,GRCh38
GTACCAATCCCGTTCA-1,2727,312,Multiplet
GTACCAATCCGCTGCT-1,141,33,GRCh38
GTACCAATCCGGATAC-1,14500,104,GRCh38
GTACCAATCCTGACCC-1,275,52,GRCh38
GTACCAATCGAATCTG-1,584,49,GRCh38
GTACCAATCGACCTGG-1,282,37,GRCh38
GTACCAATCGTACTTC-1,27352,176,Multiplet
GTACCAATCGTCTACT-1,2609,64,GRCh38
GTACCAATCGTGCGTG-1,349,38,GRCh38
GTACCAATCTCACTCG-1,10060,125,GRCh38
GTACCAGCAAATCGCG-1,578,26,GRCh38
GTACCAGCACATTCGC-1,192,34,GRCh38
GTACCAGCAGGTAGCC-1,25970,136,GRCh38
GTACCAGCATGGTGCA-1,1030,43,GRCh38
GTACCCAGTAATCCAC-1,12643,57,GRCh38
GTACCCAGTAGGCGCA-1,483,35,GRCh38
GTACCCAGTCTAATCA-1,548,85,GRCh38
GTACCCAGTCTCCAAG-1,45502,139,GRCh38
GTACCCAGTTTGAGGA-1,4161,84,GRCh38
GTACCCTCAATTCGTT-1,7173,45,GRCh38
GTACCCTCACCACAGA-1,1747,28,GRCh38
GTACCCTCACTAATCT-1,512,36,GRCh38
GTACCCTCATGCTCTA-1,250,37,GRCh38
GTACGAAGTGATCCAT-1,286,172,Multiplet
GTACGATCAACTGTCC-1,135,33,GRCh38
GTACGATCACTCGGAA-1,5732,69,GRCh38
GTACGATCATCATCTG-1,13157,32,GRCh38
GTACGATCATGAAGCT-1,15892,97,GRCh38
GTACGGGGTAGCTAAG-1,162,39,GRCh38
GTACGGGGTATTGAGG-1,122,36,GRCh38
GTACGGGGTGAAGGCT-1,17423,117,GRCh38
GTACGGGGTGATCCTG-1,114,37,GRCh38
GTACGGGGTGGCAGCA-1,923,83,GRCh38
GTACGGTTCAGTATCG-1,716,17,GRCh38
GTACGGTTCATGAGCC-1,2725,79,GRCh38
GTACGGTTCCGTATGA-1,32844,134,GRCh38
GTACGTTGTGAGCAGT-1,1082,21,GRCh38
GTACGTTGTTGGAAGC-1,234,62,GRCh38
GTACGTTGTTTGGCGC-1,11498,110,GRCh38
GTACTAACAGTAATCA-1,44032,134,GRCh38
GTACTAACATGGTGTG-1,377,84,GRCh38
GTACTAGTCCATAGGC-1,18624,135,GRCh38
GTACTAGTCCCTCGAC-1,170,34,GRCh38
GTACTAGTCCCTGTAT-1,6648,94,GRCh38
GTACTAGTCCGCACCT-1,149,33,GRCh38
GTACTAGTCCTGAAGC-1,297,37,GRCh38
GTACTAGTCGCGACAT-1,161,33,GRCh38
GTACTAGTCGCGTCCT-1,2695,62,GRCh38
GTACTCCCAATTAGCA-1,1287,17,GRCh38
GTACTCCCAATTCATC-1,1377,20,GRCh38
GTACTCCCATCATCAT-1,5478,68,GRCh38
GTAGAATGTGGCCTGT-1,40018,196,Multiplet
GTAGAATGTTCCGCTT-1,157,34,GRCh38
GTAGACTCAAACTCGG-1,19058,293,Multiplet
GTAGACTCAAATGGTC-1,34710,191,Multiplet
GTAGACTCAATCTAAG-1,37639,182,Multiplet
GTAGACTCAGCTAGGC-1,24896,168,Multiplet
GTAGACTCAGGCTATG-1,42696,182,Multiplet
GTAGACTCATAGGCGC-1,683,52,GRCh38
GTAGACTCATTAGCCC-1,774,37,GRCh38
GTAGATGGTAACGAAT-1,774,38,GRCh38
GTAGATGGTCTGTGCA-1,15542,107,GRCh38
GTAGATGGTGCGTAGG-1,3663,62,GRCh38
GTAGCAAGTATGTGTC-1,449,111,GRCh38
GTAGCAAGTGCAAGTA-1,230,35,GRCh38
GTAGCAAGTGGACATA-1,33501,151,Multiplet
GTAGCAAGTGGAGACT-1,14347,94,GRCh38
GTAGCAAGTTAGACCT-1,33370,229,Multiplet
GTAGCAAGTTCGTCTC-1,123,43,GRCh38
GTAGCATCAAGGGCTC-1,3412,57,GRCh38
GTAGCATCAATTGAGC-1,33892,194,Multiplet
GTAGCATCACAGCGTA-1,10211,123,GRCh38
GTAGCATCACCTCATA-1,194,34,GRCh38
GTAGCATCATCCAACC-1,27445,147,Multiplet
GTAGCATCATCGAACG-1,5350,78,GRCh38
GTAGCATCATCGGCTT-1,5236,65,GRCh38
GTAGCATCATGGTCGA-1,2452,74,GRCh38
GTAGCCACAACCAGAT-1,3565,58,GRCh38
GTAGCCACAATCATCT-1,218,35,GRCh38
GTAGCCACATAACGGT-1,888,102,GRCh38
GTAGCCACATGACAGT-1,3620,28,GRCh38
GTAGCCACATTACCAT-1,211,46,GRCh38
GTAGCCCGTAGTGCCC-1,115,34,GRCh38
GTAGCCCGTCTAGTAC-1,32185,213,Multiplet
GTAGCCCGTTGACTGT-1,3326,58,GRCh38
GTAGCGAAGCGGTTAC-1,1673,102,GRCh38
GTAGCGAAGTGAGTAA-1,2929,50,GRCh38
GTAGCGCCAAAGGAGC-1,13455,155,Multiplet
GTAGCGCCACAACCCT-1,18671,101,GRCh38
GTAGCGCCACATTACT-1,175,33,GRCh38
GTAGCGCCACTCGGTT-1,21462,165,Multiplet
GTAGCGCCATCCTGTA-1,141,33,GRCh38
GTAGCGGGTGCAGCGA-1,12161,87,GRCh38
GTAGCGGGTTTCCGAG-1,209,33,GRCh38
GTAGCTATCCCATTAC-1,380,49,GRCh38
GTAGCTATCCGCAGTG-1,243,41,GRCh38
GTAGCTTGTTATCATG-1,119,33,GRCh38
GTAGGAACAACTATGA-1,12786,255,Multiplet
GTAGGATAGCATGCGT-1,45466,191,Multiplet
GTAGGATAGCCTGCGA-1,16016,91,GRCh38
GTAGGCAAGCAATCGC-1,14694,110,GRCh38
GTAGGCAAGCCGACCA-1,48468,161,Multiplet
GTAGGCAAGGAGTCAG-1,23323,135,GRCh38
GTAGGCAAGTCGCTCC-1,2420,73,GRCh38
GTAGGCGGTTCTGTCC-1,222,53,GRCh38
GTAGGCTTCAATCACG-1,2782,35,GRCh38
GTAGGCTTCACGCGCA-1,29225,142,GRCh38
GTAGGGGCACTCGCTG-1,153,38,GRCh38
GTAGGTAGTAATGCCT-1,251,42,GRCh38
GTAGGTAGTATGTGAG-1,3069,40,GRCh38
GTAGGTAGTCCATTAA-1,543,18,GRCh38
GTAGGTAGTGAGACGT-1,1131,181,Multiplet
GTAGGTAGTTCCAGAT-1,5915,85,GRCh38
GTAGGTGAGGGCTCAT-1,6327,293,Multiplet
GTAGGTGAGGGTCTGT-1,7142,84,GRCh38
GTAGGTGAGTCAGTTG-1,255,33,GRCh38
GTAGGTTCACCATCGT-1,3901,125,GRCh38
GTAGTAAAGCAATGAA-1,1443,25,GRCh38
GTAGTAAAGCCGCATG-1,22209,109,GRCh38
GTAGTAGGTGCGCATC-1,302,45,GRCh38
GTAGTAGGTTTCCTTG-1,12136,269,Multiplet
GTAGTCATCACATTGG-1,241,33,GRCh38
GTAGTCATCCAACTTC-1,6572,37,GRCh38
GTAGTCATCCAATTCC-1,22159,91,GRCh38
GTAGTCATCGCTAGGT-1,314,46,GRCh38
GTAGTCATCGTGAACC-1,527,49,GRCh38
GTAGTCGCATTCGGTC-1,4281,80,GRCh38
GTAGTCTGTCTCCACT-1,4066,60,GRCh38
GTAGTCTGTGAAGCCG-1,28424,177,Multiplet
GTAGTCTGTTATCATG-1,3739,69,GRCh38
GTAGTGAGTGGACCCT-1,5279,34,GRCh38
GTAGTGAGTTCCGTGA-1,33277,172,Multiplet
GTAGTTACAAGCCGTA-1,19096,116,GRCh38
GTAGTTACACCATCGT-1,323,45,GRCh38
GTAGTTACACCTTCAA-1,5840,109,GRCh38
GTAGTTACACCTTGCG-1,166,33,GRCh38
GTAGTTACACTTACTG-1,14260,158,Multiplet
GTAGTTACAGGCAAGG-1,305,189,Multiplet
GTAGTTGTCCATAGGC-1,43543,194,Multiplet
GTAGTTTAGAAGCGAT-1,2233,96,GRCh38
GTAGTTTAGTTGCATG-1,267,42,GRCh38
GTATAGAAGCAGTCTA-1,5697,65,GRCh38
GTATAGCCAACATGAC-1,130,34,GRCh38
GTATAGCCAAGCCGTA-1,231,62,GRCh38
GTATAGCCACTACCGT-1,5475,92,GRCh38
GTATAGCCACTACCTA-1,210,37,GRCh38
GTATATCAGATTGCGC-1,56004,210,Multiplet
GTATATCAGGAATGTA-1,1876,48,GRCh38
GTATATCAGGGGATAT-1,9144,103,GRCh38
GTATATCAGGGTATGG-1,1045,19,GRCh38
GTATATCAGGTAGGGC-1,57494,98,GRCh38
GTATATCAGTAGGTCC-1,232,53,GRCh38
GTATATCAGTCAATCG-1,27444,158,Multiplet
GTATCCCCAAGTCCAG-1,21155,100,GRCh38
GTATCCCCACTAGGGC-1,15334,96,GRCh38
GTATCCCCACTTGATT-1,261,52,GRCh38
GTATCCCCATCCGTTA-1,1248,40,GRCh38
GTATCCCCATGATTAG-1,240,38,GRCh38
GTATCCCCATGGATTA-1,283,34,GRCh38
GTATCCGGTAAGTCTC-1,2243,88,GRCh38
GTATCCGGTAGTAGGC-1,7908,255,Multiplet
GTATCCGGTGCACCAC-1,167,48,GRCh38
GTATCCGGTGCGGCTT-1,123,34,GRCh38
GTATCCGGTTAATCTG-1,257,33,GRCh38
GTATCCGGTTCTGGCA-1,149,38,GRCh38
GTATCCGGTTGTCCGA-1,145,38,GRCh38
GTATCCTTCACCATAG-1,4983,122,GRCh38
GTATCCTTCCAGATGC-1,232,35,GRCh38
GTATCCTTCCTTCCAG-1,895,31,GRCh38
GTATCCTTCGATACAT-1,276,74,GRCh38
GTATCCTTCGTACCGG-1,151,42,GRCh38
GTATCGATCACTTGGA-1,8032,146,Multiplet
GTATCGATCAGCAAGG-1,16802,133,GRCh38
GTATCGATCCGCTGAG-1,106,35,GRCh38
GTATCGATCCTCGATT-1,971,16,GRCh38
GTATCGATCGTGCCCT-1,25275,188,Multiplet
GTATCGATCTGTCTGT-1,144,33,GRCh38
GTATCGATCTGTGCCC-1,162,38,GRCh38
GTATCTTCAAGTCCAG-1,824,45,GRCh38
GTATCTTCACCTTGGT-1,2440,137,GRCh38
GTATCTTCAGCCATTC-1,435,207,Multiplet
GTATCTTCATCACTGC-1,148,35,GRCh38
GTATGAAAGCAATCCA-1,28502,132,GRCh38
GTATGAAAGCAGGTTC-1,148,33,GRCh38
GTATGAAAGGTATAGA-1,49028,143,GRCh38
GTATGAAAGTAAGTCT-1,261,36,GRCh38
GTATGAAAGTAGCACC-1,12410,108,GRCh38
GTATGAGGTAGTGACA-1,130,33,GRCh38
GTATGAGGTGAGGCTG-1,352,58,GRCh38
GTATGAGGTGCGATGG-1,249,44,GRCh38
GTATGAGGTGCGTACC-1,158,39,GRCh38
GTATGAGGTGGGTCCT-1,111,43,GRCh38
GTATGAGGTTGCACCA-1,259,44,GRCh38
GTATGCATCACCCTGC-1,155,150,Multiplet
GTATGCATCACCTCGC-1,166,35,GRCh38
GTATGCATCACTGGTA-1,15957,107,GRCh38
GTATGCATCAGGCAAG-1,252,37,GRCh38
GTATGCATCCATTACC-1,125,36,GRCh38
GTATGCATCCGCCACT-1,104,51,GRCh38
GTATGGCTCCAACCGG-1,6557,198,Multiplet
GTATGGGAGATAGGGT-1,7715,37,GRCh38
GTATGGGAGATTGAAG-1,4490,26,GRCh38
GTATGGGAGCATCCGG-1,5392,68,GRCh38
GTATGGGAGTCGAATT-1,226,59,GRCh38
GTATGGTCAAATTCCT-1,4431,87,GRCh38
GTATGGTCAACTGCCT-1,821,28,GRCh38
GTATGGTCAAGTGCGC-1,4067,108,GRCh38
GTATGGTCAGCCTAGA-1,56301,181,Multiplet
GTATGGTCATGACAGT-1,160,33,GRCh38
GTATGTTAGGCTACCG-1,310,41,GRCh38
GTATGTTAGTCAGGGA-1,21677,86,GRCh38
GTATGTTAGTGACCTA-1,14278,76,GRCh38
GTATTAGCAAGCGTAT-1,227,35,GRCh38
GTATTAGCAAGTAAGG-1,4014,77,GRCh38
GTATTAGCAATTGCCC-1,325,68,GRCh38
GTATTAGCACAGGATT-1,273,39,GRCh38
GTATTAGCAGCCATTC-1,10796,76,GRCh38
GTATTAGCATGGCTAG-1,42249,96,GRCh38
GTATTCAGTCATCGTG-1,48416,65,GRCh38
GTATTCAGTGAGGTCG-1,26895,105,GRCh38
GTATTCAGTTGGGCCT-1,133,50,GRCh38
GTATTCAGTTTCGCAG-1,54535,172,Multiplet
GTATTCCTCCCAGTCC-1,2775,33,GRCh38
GTATTCCTCCCGTTCA-1,149,34,GRCh38
GTATTCCTCGAGTACC-1,109,35,GRCh38
GTATTCCTCTCACCGC-1,201,81,GRCh38
GTATTCCTCTGTGCCC-1,263,39,GRCh38
GTATTGGTCCCGCTTA-1,21636,142,GRCh38
GTATTGGTCGCGCCAA-1,8252,146,Multiplet
GTATTGGTCTGGCTAA-1,534,21,GRCh38
GTCAAACCAAGGGACG-1,1082,56,GRCh38
GTCAAACCAATCAGAC-1,1146,13,GRCh38
GTCAAACCACTCAACC-1,24147,135,GRCh38
GTCAAACCAGTACTCC-1,167,42,GRCh38
GTCAAACCATAATCCT-1,277,37,GRCh38
GTCAAACCATAGGGCC-1,3837,53,GRCh38
GTCAAACCATCCTCAA-1,281,44,GRCh38
GTCAAACCATCGCTTA-1,3641,97,GRCh38
GTCAAACCATGGAATC-1,236,41,GRCh38
GTCAAAGGTAGTTGGA-1,245,38,GRCh38
GTCAAAGGTTGTCTCC-1,133,33,GRCh38
GTCAAATTCAGCATTG-1,210,38,GRCh38
GTCAAATTCGTTGCCC-1,216,53,GRCh38
GTCAACATCCGTGCTC-1,1754,56,GRCh38
GTCAACATCCTGGGAT-1,155,38,GRCh38
GTCAACATCGATGCGT-1,971,25,GRCh38
GTCAACATCGATGTGC-1,173,34,GRCh38
GTCAACATCGCGTTCC-1,2879,16,GRCh38
GTCAACATCGTAGTTG-1,267,39,GRCh38
GTCAAGCTCACGGATC-1,27942,216,Multiplet
GTCAAGCTCAGCGATC-1,1024,71,GRCh38
GTCAAGCTCCAATGTG-1,21230,131,GRCh38
GTCAAGCTCCCATGCC-1,326,42,GRCh38
GTCAAGCTCCCTCATG-1,1139,94,GRCh38
GTCAAGCTCGCTCCGT-1,104,33,GRCh38
GTCAAGCTCGCTCCTA-1,2154,35,GRCh38
GTCAATGTCAGCCCGA-1,335,35,GRCh38
GTCAATGTCCGTGCTC-1,203,37,GRCh38
GTCAATGTCGAACCGT-1,3330,57,GRCh38
GTCAATGTCGAATCCA-1,7611,352,Multiplet
GTCAATGTCGACCGCA-1,122,38,GRCh38
GTCAATGTCGCATGGT-1,177,38,GRCh38
GTCAATTAGATTCGTG-1,241,40,GRCh38
GTCAATTAGGTAATCT-1,4207,54,GRCh38
GTCACCCTCAATGTCG-1,173,36,GRCh38
GTCACCCTCACACCAA-1,9499,111,GRCh38
GTCACCCTCACGGCTG-1,6006,42,GRCh38
GTCACCCTCACTCCTG-1,205,40,GRCh38
GTCACCCTCCTGCGTC-1,296,66,GRCh38
GTCACCCTCGAATTAC-1,129,33,GRCh38
GTCACCCTCGACATGC-1,3662,68,GRCh38
GTCACCCTCGATCCGG-1,6008,299,Multiplet
GTCACCCTCGATGCAC-1,2644,94,GRCh38
GTCACCCTCGTACGGT-1,29841,134,GRCh38
GTCACCCTCTATGAAC-1,246,34,GRCh38
GTCACCTCAAAGGAGC-1,3340,56,GRCh38
GTCACCTCAACATTAG-1,5701,59,GRCh38
GTCACCTCACATACGG-1,5573,136,GRCh38
GTCACCTCAGGTTCAG-1,53206,192,Multiplet
GTCACCTCAGTTAGCG-1,1214,16,GRCh38
GTCACGTAGCCTGATA-1,11126,64,GRCh38
GTCACGTAGGCGAAGC-1,501,47,GRCh38
GTCACGTAGTATGAGA-1,95,37,GRCh38
GTCACGTAGTCAGGCT-1,46667,138,GRCh38
GTCATAACACAAGGTT-1,50819,131,GRCh38
GTCATAACACCATTCA-1,273,40,GRCh38
GTCATAGTCAGCGAAG-1,531,27,GRCh38
GTCATAGTCCGTGCGA-1,15702,151,Multiplet
GTCATAGTCTGTCTGT-1,12009,115,GRCh38
GTCATATAGAACGAAC-1,180,38,GRCh38
GTCATATAGGATGTGG-1,2093,46,GRCh38
GTCATATAGTGCTGCG-1,19811,134,GRCh38
GTCATCAAGCCATCCC-1,3385,50,GRCh38
GTCATCAAGGCATCAC-1,16640,110,GRCh38
GTCATCAAGGCTCTCC-1,260,156,Multiplet
GTCATCCCAAGCACGC-1,2604,33,GRCh38
GTCATCCCAAGGTCTG-1,250,67,GRCh38
GTCATCCCACAAGCGC-1,879,27,GRCh38
GTCATCCCACCTTGCG-1,339,40,GRCh38
GTCATCCCATCGTACC-1,1981,39,GRCh38
GTCATTAGTGAGACTA-1,47292,162,Multiplet
GTCATTAGTGGAAGCT-1,588,43,GRCh38
GTCATTAGTTGTCCGA-1,41265,212,Multiplet
GTCATTTCAACCTGGA-1,320,36,GRCh38
GTCATTTCAATGAGCT-1,1001,23,GRCh38
GTCATTTCACTCAGCT-1,25498,132,GRCh38
GTCATTTCAGCCAGGT-1,13735,109,GRCh38
GTCATTTCAGGTATCG-1,16872,100,GRCh38
GTCATTTCAGTACTCC-1,254,49,GRCh38
GTCATTTCATCCTATG-1,221,79,GRCh38
GTCATTTCATGATCCC-1,693,41,GRCh38
GTCCAAATCACAGCCG-1,230,37,GRCh38
GTCCAAATCGCGCTAG-1,2072,31,GRCh38
GTCCAAATCTCATCGT-1,16625,87,GRCh38
GTCCAAATCTTGACTC-1,27585,125,GRCh38
GTCCAACAGCGCTTAA-1,38262,128,GRCh38
GTCCAACAGGAACCTC-1,707,47,GRCh38
GTCCAACAGTCATTCC-1,33797,154,Multiplet
GTCCAACAGTGCTGCG-1,25563,161,Multiplet
GTCCAATGTAGTGAGC-1,2989,80,GRCh38
GTCCAATGTGATCCTG-1,233,48,GRCh38
GTCCAATGTGGCTGTC-1,1051,26,GRCh38
GTCCAATGTTGCACGC-1,123,166,mm10
GTCCACCTCACTCACT-1,178,33,GRCh38
GTCCACCTCCCCAGGA-1,23570,134,GRCh38
GTCCACCTCGACATGC-1,232,37,GRCh38
GTCCACCTCGTAACTG-1,284,35,GRCh38
GTCCACCTCTCATGCT-1,17578,82,GRCh38
GTCCAGGTCAAGTCGC-1,1744,20,GRCh38
GTCCAGGTCACAGATT-1,6541,50,GRCh38
GTCCAGGTCATCACTC-1,18240,115,GRCh38
GTCCAGGTCCATCCAT-1,13490,82,GRCh38
GTCCAGGTCCCTCAGC-1,18131,101,GRCh38
GTCCAGTAGCTACTTC-1,20760,131,GRCh38
GTCCAGTAGTTACACG-1,232,33,GRCh38
GTCCAGTAGTTACCAG-1,265,34,GRCh38
GTCCAGTAGTTGGCTA-1,10006,93,GRCh38
GTCCATAAGAATCAGA-1,4044,53,GRCh38
GTCCATAAGCGCCACA-1,13937,146,Multiplet
GTCCATAAGTAGTGAA-1,840,9,GRCh38
GTCCATAAGTTGCGAC-1,260,38,GRCh38
GTCCATCCAAGCGGTC-1,14552,79,GRCh38
GTCCATCCACAACGTG-1,86581,127,GRCh38
GTCCATCCACAATGCG-1,2455,47,GRCh38
GTCCATCCACTAGCCT-1,33127,219,Multiplet
GTCCATCCACTTCGTA-1,158,37,GRCh38
GTCCATCCAGGTAGGG-1,11668,99,GRCh38
GTCCATCCAGGTATGT-1,240,33,GRCh38
GTCCATCCATGGATGT-1,163,38,GRCh38
GTCCATGGTCAAGTAG-1,277,54,GRCh38
GTCCATGGTCTGGCTA-1,7588,79,GRCh38
GTCCATGGTCTTGCCT-1,176,134,GRCh38
GTCCATGGTGATAGCA-1,240,34,GRCh38
GTCCATGGTTGTCTCC-1,127,41,GRCh38
GTCCATGGTTTGACCG-1,1514,28,GRCh38
GTCCATTTCATGACGC-1,4272,84,GRCh38
GTCCATTTCGCGCTTC-1,268,41,GRCh38
GTCCATTTCGTTACCT-1,125,34,GRCh38
GTCCCATCAACTCGTC-1,43753,167,Multiplet
GTCCCATCACAACCTC-1,168,153,Multiplet
GTCCCATCACAAGGAA-1,2295,27,GRCh38
GTCCCATCATTGGCAG-1,4897,157,Multiplet
GTCCCGAAGAAGGATC-1,1424,10,GRCh38
GTCCCGAAGCGGTTAC-1,181,38,GRCh38
GTCCCGTTCAGGACTC-1,238,34,GRCh38
GTCCCGTTCCATTACC-1,139,37,GRCh38
GTCCCGTTCGTTACCT-1,138,39,GRCh38
GTCCCTCAGCCAATCA-1,154,37,GRCh38
GTCCCTCAGCGCTTCC-1,3487,78,GRCh38
GTCCCTCAGCGGATAG-1,94,33,GRCh38
GTCCCTCAGCTAATGT-1,141,41,GRCh38
GTCCCTCAGCTGGTAC-1,10960,230,Multiplet
GTCCCTCAGGGCTTAC-1,200,45,GRCh38
GTCCCTCAGGTTACTG-1,183,42,GRCh38
GTCCCTCAGTAGCCCG-1,151,38,GRCh38
GTCCCTCAGTAGCTTG-1,123,35,GRCh38
GTCCCTCAGTAGTAAG-1,121,34,GRCh38
GTCCCTCAGTCAGTGC-1,115,38,GRCh38
GTCCCTCAGTTGGTGC-1,116,34,GRCh38
GTCCCTTGTCATGAGA-1,157,45,GRCh38
GTCCCTTGTCATTCAA-1,141,33,GRCh38
GTCCCTTGTCTGGGTC-1,114,34,GRCh38
GTCCCTTGTGACTCGC-1,6432,67,GRCh38
GTCCCTTGTGAGGCAT-1,45907,131,GRCh38
GTCCCTTGTGGACCTC-1,799,53,GRCh38
GTCCCTTGTTATAGCC-1,104,33,GRCh38
GTCCCTTGTTGAGTGA-1,135,35,GRCh38
GTCCCTTGTTGTCTCC-1,197,43,GRCh38
GTCCGAACACCTTCCC-1,292,59,GRCh38
GTCCGAACATAATCCT-1,219,82,GRCh38
GTCCGAACATGATATG-1,250,35,GRCh38
GTCCGATAGAAGCCTC-1,3170,50,GRCh38
GTCCGATAGCATTAAC-1,17473,103,GRCh38
GTCCGATAGGCGAAGC-1,49121,247,Multiplet
GTCCGATAGGCTATAT-1,679,14,GRCh38
GTCCGATAGTACGGTC-1,28044,107,GRCh38
GTCCGATAGTCGATTG-1,1449,33,GRCh38
GTCCGCAAGCCTCTGC-1,15954,125,GRCh38
GTCCGCTTCTAGATAC-1,345,100,GRCh38
GTCCGCTTCTGTAAGT-1,181,33,GRCh38
GTCCGTAGTAATTGCC-1,6821,207,Multiplet
GTCCGTAGTAGCTCAT-1,220,34,GRCh38
GTCCGTAGTCAATCCG-1,163,45,GRCh38
GTCCGTAGTCAGCCAC-1,1576,51,GRCh38
GTCCGTAGTCTCACAG-1,253,62,GRCh38
GTCCGTGAGAAGCACG-1,5645,79,GRCh38
GTCCGTGAGGTCACAC-1,516,43,GRCh38
GTCCGTGAGTCGCTCC-1,266,53,GRCh38
GTCCGTTCATCCGCAT-1,425,77,GRCh38
GTCCGTTCATCCTACA-1,16762,202,Multiplet
GTCCGTTCATTGCACC-1,304,62,GRCh38
GTCCTATTCCTGATAG-1,13627,80,GRCh38
GTCCTATTCCTGCTGC-1,158,36,GRCh38
GTCCTATTCGTTACTC-1,131,33,GRCh38
GTCCTATTCTTGAACG-1,19916,179,Multiplet
GTCCTCATCGAGCACT-1,4560,54,GRCh38
GTCCTCATCGATCCAA-1,6804,103,GRCh38
GTCCTCATCGATTAGT-1,23349,142,GRCh38
GTCCTCATCGCGCTGA-1,1368,64,GRCh38
GTCCTCTGTAAGTTGG-1,33445,160,Multiplet
GTCCTCTGTCTGGTAT-1,311,34,GRCh38
GTCCTCTGTGGACCCT-1,255,37,GRCh38
GTCCTCTGTGGGAATC-1,5897,82,GRCh38
GTCCTCTGTTACACTA-1,170,55,GRCh38
GTCCTCTGTTCCCTGT-1,1125,34,GRCh38
GTCCTCTGTTGCGGCT-1,143,38,GRCh38
GTCCTCTGTTTAATCG-1,4346,65,GRCh38
GTCCTGCTCACGCCAG-1,828,68,GRCh38
GTCCTGCTCATGGTGC-1,145,36,GRCh38
GTCCTGCTCCACCATT-1,142,37,GRCh38
GTCCTGCTCGAACCGT-1,134,34,GRCh38
GTCCTGCTCGATCCTT-1,277,43,GRCh38
GTCCTTTAGATAGCTT-1,175,69,GRCh38
GTCCTTTAGGGGTAGC-1,18342,111,GRCh38
GTCGACTAGCCCTGTC-1,2699,62,GRCh38
GTCGACTAGCTAACTG-1,15383,114,GRCh38
GTCGACTAGGCACGAA-1,264,111,GRCh38
GTCGACTAGGGGCTAA-1,3266,70,GRCh38
GTCGACTAGTTAACCG-1,130,41,GRCh38
GTCGAGGGTAATGAGT-1,243,33,GRCh38
GTCGAGGGTGAAGCCG-1,1940,37,GRCh38
GTCGAGGGTTATCTCT-1,234,34,GRCh38
GTCGATGCAATCGAGT-1,22296,149,Multiplet
GTCGATGCACCTATAT-1,11408,82,GRCh38
GTCGATGCAGGTAACT-1,22045,131,GRCh38
GTCGATGCATCCACGT-1,461,34,GRCh38
GTCGATGCATCGACTC-1,166,51,GRCh38
GTCGATTGTCAACCCA-1,11898,109,GRCh38
GTCGATTGTCAGGAAC-1,5840,46,GRCh38
GTCGATTGTTTCCTGC-1,1234,14,GRCh38
GTCGCCAAGCTTACAG-1,306,44,GRCh38
GTCGCCAAGGGTGACA-1,18630,172,Multiplet
GTCGCTAGTTGACGAA-1,216,33,GRCh38
GTCGCTAGTTGGCTGC-1,815,61,GRCh38
GTCGGATTCAGTGCCG-1,1084,14,GRCh38
GTCGGATTCCGGGTTG-1,4688,310,Multiplet
GTCGGATTCCGTAGTA-1,21422,110,GRCh38
GTCGGATTCGAATCCA-1,209,36,GRCh38
GTCGGCTGTGCGGTGA-1,189,33,GRCh38
GTCGGCTGTTCGTTGG-1,187,47,GRCh38
GTCGGCTGTTGCTATA-1,181,34,GRCh38
GTCGGGTCAGCTCATC-1,23406,107,GRCh38
GTCGGTTAGCAACCCG-1,8968,96,GRCh38
GTCGGTTAGGCACTCG-1,934,59,GRCh38
GTCGGTTAGTGAAGCG-1,14893,92,GRCh38
GTCGTAATCGCTAGAC-1,1726,36,GRCh38
GTCTAACGTCTAACTA-1,44490,180,Multiplet
GTCTAACGTTAGACCT-1,773,94,GRCh38
GTCTAACGTTATCATG-1,198,52,GRCh38
GTCTAACGTTATGAGG-1,51638,196,Multiplet
GTCTAACGTTGCTAAC-1,3010,71,GRCh38
GTCTAACGTTGTAGTC-1,3357,102,GRCh38
GTCTAACGTTTACCAA-1,9992,126,GRCh38
GTCTAAGTCCTGCATT-1,41470,244,Multiplet
GTCTACAAGCAATTCG-1,3042,106,GRCh38
GTCTACAAGCCGAGTT-1,2377,17,GRCh38
GTCTACAAGGATTAGA-1,5849,64,GRCh38
GTCTACCCAAGCCACA-1,10780,112,GRCh38
GTCTACCCAAGCTACG-1,3670,35,GRCh38
GTCTACCCAAGTCGTG-1,19293,107,GRCh38
GTCTACCCACCTGTGT-1,17470,100,GRCh38
GTCTACCCACTTCACA-1,2708,45,GRCh38
GTCTACTTCACGGAAG-1,7721,106,GRCh38
GTCTACTTCCCTCAGC-1,270,43,GRCh38
GTCTACTTCGACCTAA-1,234,59,GRCh38
GTCTACTTCGCTTGCC-1,151,34,GRCh38
GTCTATGAGCAAGGAT-1,43747,150,Multiplet
GTCTATGAGGGCTTAC-1,8750,93,GRCh38
GTCTATGAGGGTAGCA-1,1092,47,GRCh38
GTCTATGAGGTCAATT-1,799,23,GRCh38
GTCTATGAGGTGCTCG-1,6575,166,Multiplet
GTCTCAAAGATAGTGA-1,11923,82,GRCh38
GTCTCAAAGCCAGGTT-1,117,33,GRCh38
GTCTCAAAGCCTCTGC-1,1764,94,GRCh38
GTCTCAAAGTAGGACG-1,2729,48,GRCh38
GTCTCACCACCACATC-1,249,44,GRCh38
GTCTCCATCCTCATGT-1,6159,43,GRCh38
GTCTCCATCTAGCCTT-1,132,37,GRCh38
GTCTCCGCAAGCGTAT-1,934,44,GRCh38
GTCTCGCTCACTCTAC-1,54002,215,Multiplet
GTCTCGCTCATGGATT-1,46713,204,Multiplet
GTCTCGCTCCGTATGA-1,6716,417,Multiplet
GTCTCGCTCGATCAAT-1,22488,131,GRCh38
GTCTCGCTCGCATCCC-1,164,33,GRCh38
GTCTCGCTCTGTGCCC-1,136,34,GRCh38
GTCTGCCTCCCTGTCA-1,292,42,GRCh38
GTCTGCCTCCTCGATT-1,6415,71,GRCh38
GTCTGCCTCGTAATGT-1,2045,29,GRCh38
GTCTGGACAAACCCGA-1,30836,134,GRCh38
GTCTGGACAAGCGAGG-1,21055,116,GRCh38
GTCTGGACACTTACAT-1,1869,59,GRCh38
GTCTGGACAGCCATAG-1,27261,160,Multiplet
GTCTGGACATCGCTTA-1,6947,103,GRCh38
GTCTGGACATTCCTCT-1,847,99,GRCh38
GTCTGGGTCCGGTTCC-1,51063,187,Multiplet
GTCTGGGTCGTACGGT-1,3015,101,GRCh38
GTCTGTCCATTCCTCT-1,32239,152,Multiplet
GTCTTAAGTAACTCGT-1,3591,40,GRCh38
GTCTTAAGTCAACCTG-1,275,36,GRCh38
GTCTTAAGTCATGCTG-1,169,43,GRCh38
GTCTTAAGTGCGCGTT-1,6145,77,GRCh38
GTCTTAAGTTGTCATA-1,249,36,GRCh38
GTCTTCACAGGTTCGA-1,4352,72,GRCh38
GTGAAATGTAGGCGTG-1,4793,101,GRCh38
GTGAAATGTCAGCCTA-1,39541,95,GRCh38
GTGAAATGTGGCCTGT-1,21923,143,GRCh38
GTGAACAGTAATCCCG-1,45813,153,Multiplet
GTGAACAGTAGTCAAG-1,250,37,GRCh38
GTGAACAGTCATGGCC-1,276,54,GRCh38
GTGAACAGTGAACTAG-1,13002,146,Multiplet
GTGAACAGTTCCCGTT-1,26942,120,GRCh38
GTGAACCTCATGGTTG-1,109,34,GRCh38
GTGAACCTCCACCAGG-1,13878,192,Multiplet
GTGAACCTCGATGGGA-1,134,37,GRCh38
GTGAACCTCTGGTAAT-1,191,35,GRCh38
GTGAATCCAAAGGAGC-1,232,35,GRCh38
GTGAATCCAAGTAAGG-1,4828,93,GRCh38
GTGAATCCAAGTTCAA-1,790,36,GRCh38
GTGAATCCAATTGCCC-1,4268,89,GRCh38
GTGAATCCACATGCTC-1,2828,145,Multiplet
GTGAATGGTAATGAAC-1,424,34,GRCh38
GTGAATGGTGGACACG-1,264,40,GRCh38
GTGAATGGTTACACAC-1,144,50,GRCh38
GTGACGAAGATTCCTC-1,29825,276,Multiplet
GTGACGAAGCATATAC-1,1691,35,GRCh38
GTGACGTTCAGGCACT-1,3215,61,GRCh38
GTGACGTTCCGTCATT-1,23561,123,GRCh38
GTGACGTTCGCGAGTT-1,218,36,GRCh38
GTGACGTTCGTTGCTT-1,272,35,GRCh38
GTGACTATCAAGTAGA-1,244,36,GRCh38
GTGACTATCCCGCGTT-1,154,37,GRCh38
GTGACTATCCGCAGTG-1,141,68,GRCh38
GTGACTATCCGTGGAT-1,1001,21,GRCh38
GTGACTATCGATGCAC-1,48332,186,Multiplet
GTGACTATCGTGAGGA-1,28684,102,GRCh38
GTGAGGATCATACTCC-1,132,37,GRCh38
GTGAGTAGTAAGGTGC-1,19862,104,GRCh38
GTGAGTAGTGAGCATA-1,14032,106,GRCh38
GTGAGTGAGCGACTGT-1,17482,141,GRCh38
GTGAGTGAGGATACTT-1,8706,70,GRCh38
GTGAGTGAGGCGAGAC-1,5332,110,GRCh38
GTGAGTGAGGGTACTC-1,304,62,GRCh38
GTGAGTGAGTTACCTC-1,1310,136,GRCh38
GTGATAGGTCTTGGGC-1,1289,120,GRCh38
GTGATAGGTGGCGTTC-1,3885,77,GRCh38
GTGATAGGTGGCTTCA-1,39533,111,GRCh38
GTGATAGGTTAGGGTA-1,3770,89,GRCh38
GTGATATTCACAGGCT-1,16926,109,GRCh38
GTGATATTCACGCTCC-1,9095,107,GRCh38
GTGATATTCAGTTGGC-1,378,36,GRCh38
GTGATATTCGATGCGT-1,2803,301,Multiplet
GTGATATTCTATGCGA-1,247,35,GRCh38
GTGATGCTCCACCATT-1,123,34,GRCh38
GTGATGCTCCGTATAG-1,40959,256,Multiplet
GTGATGCTCGCGTCTC-1,249,51,GRCh38
GTGATGGAGAACGATA-1,12566,69,GRCh38
GTGATGGAGAAGGATC-1,1534,271,Multiplet
GTGATGGAGCTACGAC-1,194,33,GRCh38
GTGATGGAGTCGAACC-1,24887,127,GRCh38
GTGATGGAGTGAACTT-1,23313,79,GRCh38
GTGATGGAGTGCTGGT-1,697,76,GRCh38
GTGATTGTCCCTCTCT-1,141,33,GRCh38
GTGATTGTCCTCTCTC-1,11302,60,GRCh38
GTGCAATCAAAGGATG-1,6175,102,GRCh38
GTGCAATCAAGCGTGC-1,579,33,GRCh38
GTGCAATCAATACATG-1,265,38,GRCh38
GTGCAATCAATGCCCT-1,152,33,GRCh38
GTGCAATCACCAACCT-1,169,41,GRCh38
GTGCAATCACCAGGGT-1,134,48,GRCh38
GTGCAATCAGCACTTC-1,238,60,GRCh38
GTGCAATCATAACTCT-1,133,35,GRCh38
GTGCAATCATCGTTCA-1,28594,153,Multiplet
GTGCAATCATGGATTA-1,256,46,GRCh38
GTGCACTAGTCATCAG-1,14912,130,GRCh38
GTGCAGCCAACCTGGA-1,2606,107,GRCh38
GTGCAGCCAAGTAGTC-1,154,33,GRCh38
GTGCAGCCAATCAGCG-1,18288,130,GRCh38
GTGCATATCCATCGTT-1,3394,28,GRCh38
GTGCATATCCCAGTAA-1,49041,73,GRCh38
GTGCATATCCGTAGAC-1,606,52,GRCh38
GTGCATATCGATAGCC-1,13810,220,Multiplet
GTGCATTGTAATGCGA-1,2771,106,GRCh38
GTGCATTGTATAGCAG-1,229,33,GRCh38
GTGCATTGTCATGGAA-1,2523,130,GRCh38
GTGCATTGTTAATTCG-1,4088,73,GRCh38
GTGCATTGTTTACACA-1,9850,48,GRCh38
GTGCCATAGCGAAGTG-1,49731,186,Multiplet
GTGCCATAGTAATGGA-1,349,54,GRCh38
GTGCCATAGTAGCTGC-1,120,35,GRCh38
GTGCCCAAGCATGTGC-1,855,21,GRCh38
GTGCCCAAGGCGCTTG-1,14431,28,GRCh38
GTGCCCAAGGGTCATC-1,6626,78,GRCh38
GTGCCCAAGTCAGGGA-1,25815,148,Multiplet
GTGCCCAAGTTACACG-1,1046,13,GRCh38
GTGCCTAGTCAGCACC-1,52564,212,Multiplet
GTGCCTAGTGAGACTA-1,7854,119,GRCh38
GTGCCTAGTTGCTCTC-1,14946,84,GRCh38
GTGCCTAGTTTGAGTC-1,20275,153,Multiplet
GTGCGAAAGGGGACAC-1,164,47,GRCh38
GTGCGAAAGGGGTTGA-1,239,39,GRCh38
GTGCGAGGTCAGTATC-1,117,34,GRCh38
GTGCGAGGTCTCACGA-1,224,52,GRCh38
GTGCGAGGTGCGCGTT-1,15438,120,GRCh38
GTGCGATTCCAGCCGA-1,1335,22,GRCh38
GTGCGATTCCTCTCAG-1,533,24,GRCh38
GTGCGATTCGATCATG-1,1893,41,GRCh38
GTGCGCATCCCTCACA-1,3325,80,GRCh38
GTGCGCATCCGGATGT-1,184,33,GRCh38
GTGCGCATCCTTCCTC-1,2007,30,GRCh38
GTGCGGTCAACATGCG-1,14345,158,Multiplet
GTGCGGTCAAGCTGCA-1,5801,91,GRCh38
GTGCGGTCACAAGCGC-1,13098,94,GRCh38
GTGCGGTCAGGATTAC-1,21961,215,Multiplet
GTGCGGTCAGGCTTAG-1,14866,90,GRCh38
GTGCGGTCATTACGCC-1,140,59,GRCh38
GTGCTAATCACATTCC-1,54890,240,Multiplet
GTGCTAATCCCATAGA-1,404,34,GRCh38
GTGCTAATCCGCCTTA-1,5064,51,GRCh38
GTGCTAATCCGTAGCG-1,39037,156,Multiplet
GTGCTAATCCTGAAGC-1,572,21,GRCh38
GTGCTATGTATAGTGG-1,3284,174,Multiplet
GTGCTATGTCTAGCTG-1,14955,101,GRCh38
GTGCTATGTGGACCCT-1,486,64,GRCh38
GTGCTATGTTACTGCG-1,316,61,GRCh38
GTGCTATGTTGCCTAG-1,264,36,GRCh38
GTGCTCAGTCAACCAT-1,1484,19,GRCh38
GTGCTCAGTCTAGCGC-1,1144,43,GRCh38
GTGCTCAGTGGACATA-1,381,49,GRCh38
GTGCTCAGTTAGGCCC-1,252,41,GRCh38
GTGCTCAGTTCGCTCT-1,114,34,GRCh38
GTGCTCAGTTTCGACG-1,26999,140,GRCh38
GTGCTTGGTCATTGCG-1,163,33,GRCh38
GTGCTTGGTTGGTGCC-1,177,51,GRCh38
GTGGAACGTCAAGTCT-1,28688,107,GRCh38
GTGGAACGTGGAAGCT-1,1593,46,GRCh38
GTGGACAAGAACCTGC-1,226,45,GRCh38
GTGGACAAGCGCCTCT-1,17832,81,GRCh38
GTGGACAAGGCAATGG-1,600,35,GRCh38
GTGGACAAGTAGCAGG-1,23148,73,GRCh38
GTGGACAAGTATCTCC-1,264,41,GRCh38
GTGGACAAGTATGTCG-1,3540,68,GRCh38
GTGGACCCAATAGGAG-1,1116,39,GRCh38
GTGGAGGCAACGGTCA-1,209,42,GRCh38
GTGGAGGCAACTACTT-1,1423,107,GRCh38
GTGGAGGCATCGGTGA-1,2437,33,GRCh38
GTGGATAGTATGTACC-1,140,36,GRCh38
GTGGATAGTTAGACAG-1,233,92,GRCh38
GTGGATTCAACTATCT-1,23769,93,GRCh38
GTGGATTCAATTACCT-1,18432,157,Multiplet
GTGGCAAAGATTAAGG-1,4076,76,GRCh38
GTGGCAAAGCAATCGC-1,219,35,GRCh38
GTGGCAAAGCCAGACT-1,9856,67,GRCh38
GTGGCAAAGGGTAGAT-1,37159,152,Multiplet
GTGGCAAAGTTGCTTC-1,19567,85,GRCh38
GTGGCAGGTAAGGACC-1,2703,104,GRCh38
GTGGCAGGTAGTCAGA-1,20895,135,GRCh38
GTGGCAGGTGCAAGGT-1,1792,19,GRCh38
GTGGCAGGTTAAGTGG-1,157,142,GRCh38
GTGGCCATCATCTGTC-1,20568,85,GRCh38
GTGGCCATCATGCCGG-1,153,35,GRCh38
GTGGCCATCGTACGGT-1,3533,57,GRCh38
GTGGCCATCTAGGCCG-1,3017,87,GRCh38
GTGGCCATCTATGGGC-1,1421,17,GRCh38
GTGGCGAGTGACTCCA-1,22272,123,GRCh38
GTGGCGAGTTGAATGG-1,8589,34,GRCh38
GTGGGATGTATTAGGG-1,148,39,GRCh38
GTGGGATGTCAAGGAC-1,11167,119,GRCh38
GTGGGATGTCAAGTAG-1,5151,43,GRCh38
GTGGGATGTCATCGGC-1,150,33,GRCh38
GTGGGATGTCTGGTAT-1,270,48,GRCh38
GTGGGCAGTAATCAGG-1,311,36,GRCh38
GTGGGCAGTGAAGCCG-1,238,36,GRCh38
GTGGGTAAGCCAGAGA-1,47571,144,GRCh38
GTGGGTAAGCTTACCT-1,194,40,GRCh38
GTGGGTAAGGGCTTCG-1,28045,157,Multiplet
GTGGGTAAGTGCTTGA-1,264,33,GRCh38
GTGGGTTTCAATCTCC-1,26128,132,GRCh38
GTGGGTTTCCCAATTC-1,50991,199,Multiplet
GTGGGTTTCGATGTCA-1,310,37,GRCh38
GTGGGTTTCTAGTCGA-1,23264,140,GRCh38
GTGGTAAGTAAGTACG-1,1790,29,GRCh38
GTGGTAAGTAGCCTCA-1,93,108,mm10
GTGGTAAGTAGTGAGC-1,1182,72,GRCh38
GTGGTCACAAATCAGC-1,655,61,GRCh38
GTGGTCACAACCCTTA-1,221,35,GRCh38
GTGGTCACAAGCTCCT-1,162,33,GRCh38
GTGGTCACAAGGTTAC-1,5457,103,GRCh38
GTGGTCACATCGGGAC-1,842,19,GRCh38
GTGGTCACATGGATAC-1,20753,116,GRCh38
GTGGTCCGTAACTGCT-1,144,33,GRCh38
GTGGTCCGTAGCCTCA-1,155,33,GRCh38
GTGGTCCGTCAATCGT-1,13299,83,GRCh38
GTGGTCCGTCAATGTC-1,136,33,GRCh38
GTGGTCCGTCTAGCTG-1,189,44,GRCh38
GTGGTCCGTGAGCGTG-1,542,9,GRCh38
GTGGTCCGTTAGTACC-1,300,46,GRCh38
GTGGTCCGTTTGGCAT-1,5554,57,GRCh38
GTGGTGAAGCTAGGCT-1,719,34,GRCh38
GTGGTGAAGGTCCCAG-1,16555,87,GRCh38
GTGGTGAAGGTGGATG-1,429,56,GRCh38
GTGGTTATCCGCCTTA-1,474,64,GRCh38
GTGGTTATCCTCACTG-1,133,44,GRCh38
GTGGTTATCCTTCAAC-1,260,33,GRCh38
GTGGTTATCGACCGAT-1,3866,23,GRCh38
GTGGTTATCTAAGCCA-1,84,39,GRCh38
GTGGTTATCTAGTCCT-1,3242,64,GRCh38
GTGGTTATCTCACATC-1,1231,60,GRCh38
GTGGTTGCAAATCATG-1,127,33,GRCh38
GTGGTTGCAATGCCAG-1,25522,146,Multiplet
GTGGTTGCACATACTT-1,120,37,GRCh38
GTGGTTGCAGTAATTG-1,27408,180,Multiplet
GTGGTTGCATCCGTGT-1,164,34,GRCh38
GTGGTTGCATTCGCGT-1,279,40,GRCh38
GTGTAACCAATCGAGT-1,2660,69,GRCh38
GTGTAACCACATTCCA-1,9201,114,GRCh38
GTGTAACCACCTGCCA-1,266,44,GRCh38
GTGTAACCATCGCTCG-1,14067,136,GRCh38
GTGTAAGGTCAACCGC-1,7432,78,GRCh38
GTGTAAGGTTGCGGTC-1,8519,86,GRCh38
GTGTAAGGTTGGACCC-1,605,45,GRCh38
GTGTAGTCAAGTGGTT-1,5912,48,GRCh38
GTGTCAATCAGTTCCT-1,16474,93,GRCh38
GTGTCAATCCTGCTGC-1,4046,54,GRCh38
GTGTCCCTCAATGGAA-1,174,34,GRCh38
GTGTCCCTCACACACA-1,15858,188,Multiplet
GTGTCCCTCCCAGAGT-1,880,66,GRCh38
GTGTCCCTCCGTAGTA-1,137,35,GRCh38
GTGTCCCTCGCTCGTC-1,314,262,Multiplet
GTGTCCCTCGTACCAA-1,859,15,GRCh38
GTGTCCCTCGTGACTA-1,237,35,GRCh38
GTGTCCCTCTAGATAC-1,886,16,GRCh38
GTGTCCCTCTATCGCT-1,246,44,GRCh38
GTGTCCTCAAATGGAG-1,903,69,GRCh38
GTGTCCTCAACCTCGT-1,16359,113,GRCh38
GTGTGAGAGCTACGAC-1,3147,75,GRCh38
GTGTGAGAGGCGTAAG-1,1645,25,GRCh38
GTGTGGCCACAATCCC-1,133,41,GRCh38
GTGTGGCCACCAGCAA-1,184,34,GRCh38
GTGTGGCCATGCTTGC-1,25461,160,Multiplet
GTGTGGTTCACAGCGT-1,126,87,GRCh38
GTGTGGTTCACCCTAT-1,1019,15,GRCh38
GTGTGGTTCACTCACT-1,501,44,GRCh38
GTGTGGTTCAGCACTA-1,250,33,GRCh38
GTGTGGTTCCTGACTT-1,2153,35,GRCh38
GTGTGGTTCGCGAATC-1,306,40,GRCh38
GTGTGTTGTCTCCACT-1,15405,95,GRCh38
GTGTGTTGTGCGGTAG-1,6039,122,GRCh38
GTGTTACGTAAGTCCT-1,3473,76,GRCh38
GTGTTACGTGCAGGAT-1,247,39,GRCh38
GTGTTACGTTATAGCC-1,41760,191,Multiplet
GTGTTACGTTGAGCCC-1,116,33,GRCh38
GTGTTACGTTGCCCAA-1,1167,27,GRCh38
GTGTTACGTTGCTGAT-1,664,15,GRCh38
GTGTTAGTCCCCATGC-1,232,34,GRCh38
GTGTTAGTCGCGAGTT-1,22920,178,Multiplet
GTGTTAGTCGTTCCTG-1,32237,179,Multiplet
GTGTTATAGCTGGTCG-1,1305,52,GRCh38
GTGTTATAGGCGATGA-1,19130,144,GRCh38
GTGTTATAGTAATCGT-1,239,40,GRCh38
GTGTTCAAGCATCCGG-1,20090,129,GRCh38
GTGTTCAAGCATCCTT-1,398,37,GRCh38
GTGTTCAAGGGTAGCA-1,294,56,GRCh38
GTGTTCAAGTAGCTTG-1,6201,73,GRCh38
GTGTTCCCAAGGTGAA-1,64024,147,Multiplet
GTGTTCCCAAGTAGAG-1,2891,71,GRCh38
GTGTTCCCAATCGCCT-1,3923,48,GRCh38
GTGTTCCCAATTGGAC-1,14763,70,GRCh38
GTTAACTAGAATCGCC-1,238,33,GRCh38
GTTAACTAGCTGGTTA-1,8880,360,Multiplet
GTTAACTAGGAGTCGA-1,19218,133,GRCh38
GTTAACTAGGTTGAGG-1,30308,141,GRCh38
GTTAACTAGTATGACT-1,63505,104,GRCh38
GTTAACTAGTGGCGAA-1,5020,87,GRCh38
GTTAAGCCAATTGCTT-1,285,33,GRCh38
GTTAAGCCAGGAAGTA-1,4552,91,GRCh38
GTTAAGGGTAGGTCGG-1,38004,184,Multiplet
GTTAAGGGTGAGTGGT-1,12866,116,GRCh38
GTTAAGGGTGATTAGG-1,3493,39,GRCh38
GTTAATGCAACCTTGC-1,28649,160,Multiplet
GTTAATGCAAGCTCCT-1,305,61,GRCh38
GTTAATGCACCTGTCG-1,155,42,GRCh38
GTTAATGCACTTGGAG-1,259,36,GRCh38
GTTAATGCATTCAGGG-1,439,54,GRCh38
GTTACCAAGAATCAAG-1,733,21,GRCh38
GTTACCAAGATTCCCT-1,54768,198,Multiplet
GTTACCAAGATTGCGC-1,16816,131,GRCh38
GTTACCAAGGAACTGG-1,1435,52,GRCh38
GTTACCAAGGCGTCCA-1,3179,47,GRCh38
GTTACCAAGGGCTAAG-1,1364,74,GRCh38
GTTACCCCAAATCGCG-1,28473,137,GRCh38
GTTACCCCAACCGTGA-1,10601,74,GRCh38
GTTACCCCAGGAATGA-1,530,98,GRCh38
GTTACCTTCCATGCGG-1,353,67,GRCh38
GTTACCTTCCCTGGAG-1,46342,216,Multiplet
GTTACCTTCGAGTCTA-1,20107,126,GRCh38
GTTACCTTCGATTCCT-1,402,38,GRCh38
GTTACCTTCGCGTTCC-1,240,34,GRCh38
GTTACCTTCGCGTTGG-1,351,56,GRCh38
GTTACCTTCTAACCCT-1,32506,223,Multiplet
GTTACTTCAATACATG-1,468,33,GRCh38
GTTACTTCACATAGGT-1,197,41,GRCh38
GTTACTTCACATTCGC-1,448,45,GRCh38
GTTACTTCACCTGTAC-1,50059,180,Multiplet
GTTACTTCAGGAACCC-1,3323,71,GRCh38
GTTACTTCATTGACGG-1,4169,100,GRCh38
GTTAGAGGTCTAATCA-1,9133,126,GRCh38
GTTAGAGGTTCGCCAA-1,59057,170,Multiplet
GTTAGATTCGCGACAT-1,197,75,GRCh38
GTTAGATTCTAGTCTC-1,1411,47,GRCh38
GTTAGCATCACAGGGA-1,263,34,GRCh38
GTTAGCATCGTACCAA-1,10479,185,Multiplet
GTTAGCATCGTCTCAT-1,18449,122,GRCh38
GTTAGCATCGTTGCTT-1,584,57,GRCh38
GTTAGCCAGATTACGT-1,248,271,Multiplet
GTTAGCCAGGGTCTCG-1,5849,131,GRCh38
GTTAGCGCAACGTGGC-1,34713,182,Multiplet
GTTAGCGCAATATGCA-1,20968,169,Multiplet
GTTAGCGCACATTCGC-1,864,48,GRCh38
GTTAGCGCACCTCGCA-1,152,42,GRCh38
GTTAGCGCACTATCAT-1,147,40,GRCh38
GTTAGCGCAGCTAGGC-1,110,37,GRCh38
GTTAGCGCATCCGTAC-1,177,33,GRCh38
GTTAGCGCATGCAGTG-1,185,35,GRCh38
GTTAGCTGTATTGCGT-1,746,40,GRCh38
GTTAGCTGTCATGGAA-1,21535,120,GRCh38
GTTAGCTGTCTAAGTC-1,1400,38,GRCh38
GTTAGCTGTGATTCCG-1,361,39,GRCh38
GTTAGCTGTGGAGCTG-1,273,44,GRCh38
GTTAGCTGTTTCGCCT-1,151,34,GRCh38
GTTAGGCTCCAGATCA-1,320,45,GRCh38
GTTAGGCTCTATGGTG-1,3687,98,GRCh38
GTTAGGCTCTATGTCC-1,8622,106,GRCh38
GTTAGGCTCTGGATTG-1,137,33,GRCh38
GTTAGGGAGTAGCCGT-1,44152,227,Multiplet
GTTAGGGAGTGCTCGG-1,4555,84,GRCh38
GTTAGGTCAGGAATCT-1,3531,159,Multiplet
GTTAGTTAGATTGACT-1,22894,154,Multiplet
GTTAGTTAGCATCGCG-1,26142,198,Multiplet
GTTAGTTAGGCTACGT-1,132,38,GRCh38
GTTAGTTAGGTTCATG-1,1971,61,GRCh38
GTTAGTTAGTACGGGA-1,3143,111,GRCh38
GTTAGTTAGTAGCTTG-1,255,42,GRCh38
GTTAGTTAGTCGCTCC-1,143,39,GRCh38
GTTATCAGTCATCGCA-1,1712,57,GRCh38
GTTATCAGTGAGGATC-1,25800,160,Multiplet
GTTATCAGTGGGAACT-1,5870,143,GRCh38
GTTATCAGTTATCTGA-1,26727,147,Multiplet
GTTATCAGTTCAATGC-1,24722,131,GRCh38
GTTATCAGTTGGTTAC-1,1128,19,GRCh38
GTTATCAGTTGTGCGC-1,125,35,GRCh38
GTTATCCTCAATCTCC-1,994,49,GRCh38
GTTATCCTCCCTGTCA-1,113,38,GRCh38
GTTATCCTCCTCAGTT-1,218,87,GRCh38
GTTATCCTCCTGCCTA-1,273,51,GRCh38
GTTATCCTCGTTACAG-1,578,24,GRCh38
GTTATCTCAAGCCTAG-1,776,17,GRCh38
GTTATCTCAGTACCTC-1,161,33,GRCh38
GTTATGGTCAATCAGT-1,1721,73,GRCh38
GTTATGGTCAGCTAAT-1,69978,199,Multiplet
GTTATGGTCAGTTCCT-1,22052,94,GRCh38
GTTATGGTCCGCAGTG-1,11188,154,Multiplet
GTTATGGTCCGCTAGG-1,34313,134,GRCh38
GTTATGGTCCTGACCC-1,150,35,GRCh38
GTTATGGTCGCTCTCA-1,754,55,GRCh38
GTTCAATAGGTGCATC-1,7254,72,GRCh38
GTTCAATAGTAGAGGT-1,19991,146,Multiplet
GTTCAATAGTAGGATA-1,41218,138,GRCh38
GTTCAATAGTGCCCGA-1,3357,34,GRCh38
GTTCACAAGTTGCATG-1,6961,62,GRCh38
GTTCACCCAAAGGATG-1,17886,130,GRCh38
GTTCACCCACCTTCGG-1,302,52,GRCh38
GTTCACCCACTTGATT-1,147,36,GRCh38
GTTCACTTCACCTCGC-1,125,42,GRCh38
GTTCACTTCACGCGAT-1,7523,43,GRCh38
GTTCACTTCATGTCAG-1,848,56,GRCh38
GTTCACTTCCTGCCTA-1,3692,130,GRCh38
GTTCACTTCCTTCCTC-1,121,33,GRCh38
GTTCACTTCGAACGGA-1,903,36,GRCh38
GTTCACTTCGCGTAAC-1,3121,36,GRCh38
GTTCACTTCTGGCCGA-1,1403,83,GRCh38
GTTCACTTCTGGTCCC-1,36468,249,Multiplet
GTTCACTTCTGTCTAC-1,204,36,GRCh38
GTTCAGGCACAGCAGC-1,31129,156,Multiplet
GTTCAGGCATGCAGAT-1,339,52,GRCh38
GTTCATGAGGTAGTCC-1,31393,242,Multiplet
GTTCATGAGTTAGATC-1,941,45,GRCh38
GTTCATTCAACTATGA-1,2502,32,GRCh38
GTTCATTCACCTATCA-1,5997,69,GRCh38
GTTCATTCAGCTCATC-1,398,43,GRCh38
GTTCATTCAGTTAGTA-1,933,137,GRCh38
GTTCATTCATCCACAC-1,1821,26,GRCh38
GTTCCAAAGGCATCGT-1,30871,137,GRCh38
GTTCCAAAGGCTCCGA-1,222,45,GRCh38
GTTCCAAAGTAAGGCG-1,54220,187,Multiplet
GTTCCAAAGTGGCTGT-1,7490,36,GRCh38
GTTCCACCAACCCTAC-1,142,35,GRCh38
GTTCCACCAACTAGGT-1,48796,271,Multiplet
GTTCCACCAACTGGGC-1,4259,100,GRCh38
GTTCCACCACCTAACC-1,127,57,GRCh38
GTTCCACCAGGACTCA-1,14428,64,GRCh38
GTTCCACCATAGATGC-1,260,45,GRCh38
GTTCCACCATCAAGTA-1,1559,133,GRCh38
GTTCCAGGTAATGCTC-1,112,35,GRCh38
GTTCCAGGTGATCCTG-1,107,34,GRCh38
GTTCCAGGTTTAGCCG-1,202,46,GRCh38
GTTCCCGCAATTGCCC-1,151,34,GRCh38
GTTCCCGCATCCACTA-1,3008,106,GRCh38
GTTCCCTGTCAGGCAG-1,12526,86,GRCh38
GTTCCCTGTCATGCCA-1,241,55,GRCh38
GTTCCCTGTTGCAGCC-1,21986,116,GRCh38
GTTCCGGAGTAACGCC-1,5301,76,GRCh38
GTTCCGGAGTGAACCC-1,20404,152,Multiplet
GTTCCGGAGTGAGACG-1,20883,145,Multiplet
GTTCCTTAGCAAGTCC-1,1869,38,GRCh38
GTTCCTTAGCATATAC-1,202,61,GRCh38
GTTCCTTAGCCATGCG-1,159,34,GRCh38
GTTCCTTAGCGATAGG-1,205,35,GRCh38
GTTCCTTAGCTAACGC-1,98,33,GRCh38
GTTCCTTAGGCGATGA-1,116,33,GRCh38
GTTCCTTAGGTAGGGC-1,25953,237,Multiplet
GTTCCTTAGTAGCAGG-1,1647,36,GRCh38
GTTCCTTAGTCAGTTG-1,150,35,GRCh38
GTTCCTTAGTCGAGGA-1,9704,78,GRCh38
GTTCGAATCCCCTGGT-1,153,37,GRCh38
GTTCGAATCCGCTGCT-1,143,37,GRCh38
GTTCGAATCGCTCCTA-1,6952,137,GRCh38
GTTCGAATCGTAGTAT-1,3818,62,GRCh38
GTTCGAATCGTGCCGA-1,1923,64,GRCh38
GTTCGAATCTGTGCCC-1,142,34,GRCh38
GTTCGATGTAGTAAGT-1,7511,92,GRCh38
GTTCGATGTCAAGTAG-1,10838,102,GRCh38
GTTCGATGTCATGGCC-1,134,34,GRCh38
GTTCGATGTTATGGGA-1,507,82,GRCh38
GTTCGATGTTGAATCC-1,620,62,GRCh38
GTTCGCCTCAATTCGG-1,251,45,GRCh38
GTTCGCCTCACGTTAG-1,158,34,GRCh38
GTTCGCCTCCAACTGA-1,8576,67,GRCh38
GTTCGCCTCCGCCTAC-1,6231,190,Multiplet
GTTCGCCTCCTGCTCA-1,128,33,GRCh38
GTTCGTCCAACCTGCT-1,129,35,GRCh38
GTTCGTCCAACTGCGA-1,216,40,GRCh38
GTTCGTCCAAGCTTAA-1,256,40,GRCh38
GTTCGTCCAATCTCCA-1,2239,54,GRCh38
GTTCGTCCAATTGACA-1,157,39,GRCh38
GTTCGTCCACCATCCG-1,227,39,GRCh38
GTTCGTCCACTAGCGA-1,29278,148,Multiplet
GTTCGTCCATTCGGAG-1,19771,122,GRCh38
GTTCGTTTCATACTCC-1,161,45,GRCh38
GTTCGTTTCCCCAGAG-1,45859,166,Multiplet
GTTCGTTTCCCTGATT-1,122,33,GRCh38
GTTCGTTTCCTCGATT-1,173,58,GRCh38
GTTCGTTTCGACTCAA-1,278,45,GRCh38
GTTCTAAGTAACCACT-1,249,36,GRCh38
GTTCTAAGTAATGAGT-1,1605,20,GRCh38
GTTCTAAGTGCAACTT-1,1648,70,GRCh38
GTTCTAAGTTTCCTTG-1,62438,134,GRCh38
GTTCTCACAATCTAAG-1,12023,72,GRCh38
GTTCTCACACCTACGT-1,2648,51,GRCh38
GTTCTCACAGTTGGTG-1,4471,41,GRCh38
GTTCTCACATAAGTTG-1,498,39,GRCh38
GTTGAAGGTTGCTGGC-1,265,41,GRCh38
GTTGAGGAGCATATCG-1,3886,77,GRCh38
GTTGAGGAGCATTGAT-1,4406,88,GRCh38
GTTGAGGAGGAATGGT-1,1603,108,GRCh38
GTTGAGGAGGCGTAGA-1,3681,66,GRCh38
GTTGAGGAGGTCAACC-1,15727,315,Multiplet
GTTGAGGAGTTGCATG-1,142,33,GRCh38
GTTGATTAGCAATCGC-1,249,39,GRCh38
GTTGATTAGCGGATCT-1,2212,23,GRCh38
GTTGATTAGGCTCCTC-1,2387,33,GRCh38
GTTGATTAGTCAGCGT-1,19745,81,GRCh38
GTTGCAATCCACCTCA-1,2664,57,GRCh38
GTTGCAATCGATGCAC-1,7054,77,GRCh38
GTTGCAATCGCTAATG-1,42430,132,GRCh38
GTTGCAATCGCTCCAC-1,160,41,GRCh38
GTTGCATGTAAGTTCC-1,85,42,GRCh38
GTTGCATGTAATCCGT-1,126,33,GRCh38
GTTGCATGTAGTGCAA-1,222,57,GRCh38
GTTGCATGTATAGTGG-1,170,33,GRCh38
GTTGCATGTGCAGCGA-1,3764,66,GRCh38
GTTGCATGTGGGTCCT-1,3897,87,GRCh38
GTTGCATGTTGCAGGG-1,1645,130,GRCh38
GTTGCATGTTTCCGAG-1,204,41,GRCh38
GTTGCCAGTAAGCGCG-1,22504,90,GRCh38
GTTGCCAGTCATCACG-1,149,42,GRCh38
GTTGCCAGTCATCGCA-1,134,36,GRCh38
GTTGCCAGTCTGGTCA-1,258,101,GRCh38
GTTGCCAGTGAGGTAC-1,711,39,GRCh38
GTTGCCAGTTATGTGC-1,133,38,GRCh38
GTTGCCAGTTCGCTCT-1,484,93,GRCh38
GTTGCCAGTTTGCGGC-1,4422,72,GRCh38
GTTGCCCTCCCTCGGT-1,192,37,GRCh38
GTTGCCCTCCGTCCAC-1,152,39,GRCh38
GTTGCCCTCCGTTACT-1,192,33,GRCh38
GTTGCCCTCGTTCGGG-1,922,33,GRCh38
GTTGCCTCACTCGCTG-1,153,36,GRCh38
GTTGCCTCATGGCGTA-1,15500,267,Multiplet
GTTGCGCGTCAAGGTA-1,4874,82,GRCh38
GTTGCGCGTGATCCCA-1,2963,60,GRCh38
GTTGCGCGTTGGCATT-1,131,34,GRCh38
GTTGCTGGTATGTACC-1,228,63,GRCh38
GTTGCTGGTCAACCTG-1,3774,58,GRCh38
GTTGCTGGTGAGCCCT-1,141,33,GRCh38
GTTGCTGGTTGTCTAA-1,164,33,GRCh38
GTTGCTGGTTTGGACT-1,9192,98,GRCh38
GTTGGGTTCACAGGAG-1,3981,37,GRCh38
GTTGGGTTCATGGATT-1,228,36,GRCh38
GTTGGGTTCGAACCCG-1,176,47,GRCh38
GTTGGGTTCGCTATCT-1,144,36,GRCh38
GTTGGTCAGATACTCG-1,1332,40,GRCh38
GTTGGTCAGCCTTGGG-1,671,20,GRCh38
GTTGGTCAGGTACCGT-1,152,33,GRCh38
GTTGGTCAGTTACGCA-1,189,44,GRCh38
GTTGGTCAGTTGGCGT-1,339,33,GRCh38
GTTGGTTGTCAGCGGA-1,19757,118,GRCh38
GTTGGTTGTCAGGCTC-1,265,40,GRCh38
GTTGGTTGTCATTGCG-1,775,21,GRCh38
GTTGGTTGTGAACCGG-1,299,33,GRCh38
GTTGGTTGTGAGAGCT-1,17143,91,GRCh38
GTTGGTTGTTGAATCC-1,354,33,GRCh38
GTTGTACGTAACCACT-1,1808,42,GRCh38
GTTGTACGTGCAGGCA-1,912,21,GRCh38
GTTGTACGTTGCATTA-1,341,50,GRCh38
GTTGTGATCAATTCCC-1,2515,53,GRCh38
GTTGTGATCACGTAGC-1,2535,73,GRCh38
GTTGTGATCACTCACT-1,483,33,GRCh38
GTTGTGATCCTCAGCC-1,10322,69,GRCh38
GTTGTGATCGCTTCAT-1,4373,58,GRCh38
GTTGTGATCGTTAGAT-1,32259,187,Multiplet
TAAACCACAAGCACAT-1,3679,80,GRCh38
TAAACCACACAATTAG-1,59844,203,Multiplet
TAAACCACACCATACC-1,965,40,GRCh38
TAAACCACACTCAATT-1,12690,101,GRCh38
TAAACCACAGCCAGTA-1,288,35,GRCh38
TAAACGAAGGGTCCTG-1,195,37,GRCh38
TAAACGAAGGTAAGCG-1,3390,77,GRCh38
TAAACGGGTGCAGCGA-1,1283,37,GRCh38
TAAACGTTCACCCTAT-1,2430,24,GRCh38
TAAACGTTCCATCCGC-1,487,41,GRCh38
TAAACGTTCGTGAGAG-1,65275,94,GRCh38
TAAACGTTCGTTCCAT-1,2254,76,GRCh38
TAAATCGCAAGGTAGA-1,34465,244,Multiplet
TAAATCGCAGCAGGTC-1,2541,30,GRCh38
TAAATGCTCACAGACC-1,25689,179,Multiplet
TAAATGCTCATGGACC-1,13111,119,GRCh38
TAAATGCTCCCGTTGC-1,25744,179,Multiplet
TAAATGCTCGAATGAA-1,290,50,GRCh38
TAACACTAGGTGACTC-1,13366,67,GRCh38
TAACACTAGGTTCGGT-1,233,44,GRCh38
TAACACTAGTGGGTCT-1,20955,111,GRCh38
TAACAGCCAACTAAGC-1,15928,61,GRCh38
TAACAGCCAAGCTACG-1,287,35,GRCh38
TAACAGCCAAGGTGCC-1,12717,108,GRCh38
TAACAGCCACCATTCA-1,374,40,GRCh38
TAACAGCCACCTCAAC-1,24103,172,Multiplet
TAACAGCCAGGTTCAG-1,238,42,GRCh38
TAACAGCCAGTTAGAC-1,263,36,GRCh38
TAACCAACAACGTTCC-1,4789,55,GRCh38
TAACCAACAACTGCGA-1,30908,139,GRCh38
TAACCAACAGCTACCT-1,149,35,GRCh38
TAACCAACATTAGATG-1,2173,106,GRCh38
TAACCATAGATTCAGT-1,38928,142,GRCh38
TAACCATAGCTATCCT-1,356,56,GRCh38
TAACCATAGGCATGTC-1,33274,152,Multiplet
TAACCATAGGGTCTAC-1,232,37,GRCh38
TAACCATAGGTACGTC-1,22816,188,Multiplet
TAACCATAGTCAATCG-1,538,16,GRCh38
TAACCATAGTCGATCA-1,180,42,GRCh38
TAACCCTTCAATGGAA-1,1838,15,GRCh38
TAACCCTTCACCCTGC-1,128,34,GRCh38
TAACCCTTCACGCTCC-1,1511,34,GRCh38
TAACCCTTCCAGGTAC-1,178,36,GRCh38
TAACCCTTCCTTGGTT-1,207,34,GRCh38
TAACCCTTCGCGTCTC-1,333,43,GRCh38
TAACCCTTCGCTCACC-1,141,34,GRCh38
TAACCCTTCGCTCCAC-1,118,34,GRCh38
TAACCGATCAGCATCA-1,2752,47,GRCh38
TAACCGATCCCGGCTT-1,22821,135,GRCh38
TAACCGATCTGGGCTG-1,31435,118,GRCh38
TAACCTAGTAAGTTGG-1,9400,53,GRCh38
TAACCTAGTTCGCTGA-1,37442,142,GRCh38
TAACGAAAGCAACCTA-1,19650,128,GRCh38
TAACGAAAGCGAGCAA-1,51105,181,Multiplet
TAACGAAAGCGGTCCA-1,20462,75,GRCh38
TAACGAAAGGTGACTC-1,22820,151,Multiplet
TAACGAAAGTGCCTGG-1,12607,129,GRCh38
TAACGAGGTAGCAGAC-1,23014,152,Multiplet
TAACGATTCAGGCACT-1,5775,140,GRCh38
TAACGATTCGTAGTTG-1,21058,148,Multiplet
TAACGCGCAAACTAGC-1,127,56,GRCh38
TAACGCGCAATCCCGT-1,2364,41,GRCh38
TAACGCGCAATTGCTT-1,5403,58,GRCh38
TAACGCGCACCTCATA-1,4773,82,GRCh38
TAACGCGCATCACATT-1,19965,151,Multiplet
TAACGCGCATGCTCAC-1,24467,131,GRCh38
TAACGGCTCACATACG-1,991,8,GRCh38
TAACGGCTCCCTGGAG-1,206,34,GRCh38
TAACGGCTCCGCAAGT-1,1838,20,GRCh38
TAACGGTCAAAGGTTC-1,1211,27,GRCh38
TAACGGTCAACTTACT-1,388,35,GRCh38
TAACGGTCAATCCCTA-1,37872,169,Multiplet
TAACGGTCATAATTCC-1,121,33,GRCh38
TAACTAGCAAACCAAC-1,3585,68,GRCh38
TAACTAGCACTCGGTT-1,22235,128,GRCh38
TAACTAGCAGGGCTTA-1,14230,85,GRCh38
TAACTAGCAGTACCAG-1,8674,49,GRCh38
TAACTAGCATGCTACC-1,198,78,GRCh38
TAACTCCTCACCAATG-1,37495,196,Multiplet
TAACTCCTCACCAGTA-1,7292,190,Multiplet
TAACTCCTCCATCCCA-1,2384,44,GRCh38
TAACTCCTCCTGTAAG-1,111,33,GRCh38
TAACTCCTCGCGAATC-1,220,34,GRCh38
TAACTCCTCGCTCACC-1,139,37,GRCh38
TAACTCCTCTAGTACG-1,55748,222,Multiplet
TAACTGACACAACCCT-1,4718,67,GRCh38
TAACTGACATAATCGA-1,39719,115,GRCh38
TAACTGGTCACTCAAG-1,4211,17,GRCh38
TAACTGGTCCCTCGAC-1,270,38,GRCh38
TAACTGGTCCGGACAT-1,184,34,GRCh38
TAACTGGTCGACCTGG-1,180,38,GRCh38
TAACTTGGTAGCAGCG-1,54942,167,Multiplet
TAACTTGGTTAGTAGG-1,962,19,GRCh38
TAACTTGGTTGGACCC-1,8597,57,GRCh38
TAAGCAAAGAAGCACG-1,8446,103,GRCh38
TAAGCAAAGAAGGGAA-1,26475,148,Multiplet
TAAGCAAAGATAGCTT-1,22608,112,GRCh38
TAAGCACCACAATGAC-1,5636,100,GRCh38
TAAGCACCATAACTTC-1,1563,19,GRCh38
TAAGCAGGTAACGAAT-1,1387,84,GRCh38
TAAGCCATCATGCGAC-1,26563,123,GRCh38
TAAGCCATCTATCACC-1,122,34,GRCh38
TAAGCCATCTATGGAT-1,208,34,GRCh38
TAAGCCTGTTCCTTGC-1,280,35,GRCh38
TAAGCCTGTTCGCAAT-1,47759,174,Multiplet
TAAGCCTGTTTGGCAT-1,27160,161,Multiplet
TAAGCGAGTTCATCCC-1,9637,156,Multiplet
TAAGCGAGTTCGAGTT-1,12073,75,GRCh38
TAAGCGAGTTCGTGGC-1,3707,50,GRCh38
TAAGCGAGTTGCATAC-1,20065,145,Multiplet
TAAGCGCTCATCATCC-1,142,671,mm10
TAAGCGCTCGCGTGTG-1,17366,101,GRCh38
TAAGCGCTCTGGCTAA-1,64022,135,GRCh38
TAAGCGGAGAATCCAT-1,77,50,GRCh38
TAAGCGGAGCAACTAT-1,1205,20,GRCh38
TAAGCGGAGCCAGTAC-1,6693,42,GRCh38
TAAGGATGTAATGAAC-1,51585,200,Multiplet
TAAGGATGTGATCCTG-1,2896,68,GRCh38
TAAGGCGAGCCGATTA-1,303,50,GRCh38
TAAGGCGAGCCTGATA-1,287,41,GRCh38
TAAGGCGAGCCTGGTG-1,157,47,GRCh38
TAAGGCGAGCTGGACT-1,68032,231,Multiplet
TAAGGCTCAATTCGGG-1,6246,79,GRCh38
TAAGGGGTCAGGGACA-1,7374,52,GRCh38
TAAGGGGTCAGGTCTA-1,1751,131,GRCh38
TAAGGGGTCAGTGCCG-1,58061,176,Multiplet
TAAGGGTAGCTGGTCG-1,234,51,GRCh38
TAAGGGTAGGAGGTAT-1,4602,34,GRCh38
TAAGGGTAGGTGGACA-1,639,44,GRCh38
TAAGTCACACTTGGAG-1,3715,85,GRCh38
TAAGTCACATAGATCA-1,13518,76,GRCh38
TAAGTCCGTAATGGAT-1,273,41,GRCh38
TAAGTCCGTAGCAGAC-1,74099,175,Multiplet
TAAGTCCGTGACTCCA-1,19274,93,GRCh38
TAAGTGAAGCATCCAA-1,4911,113,GRCh38
TAAGTGAAGGTATCCA-1,14109,72,GRCh38
TAATAGCTCAGTACCA-1,37373,188,Multiplet
TAATAGCTCAGTTGAT-1,258,44,GRCh38
TAATAGCTCCGGATGT-1,2453,36,GRCh38
TAATAGCTCGATATGT-1,15563,17,GRCh38
TAATAGCTCTAAGCTG-1,20439,152,Multiplet
TAATCACAGCCAGCCA-1,1268,44,GRCh38
TAATCACAGCCATTGA-1,663,8,GRCh38
TAATCACAGCGCCACA-1,60045,205,Multiplet
TAATCACAGGGGATCA-1,11626,115,GRCh38
TAATCACAGTCATCTC-1,25440,171,Multiplet
TAATCACAGTTGGCGT-1,1819,30,GRCh38
TAATCAGCAAACTAGC-1,3232,491,Multiplet
TAATCAGCAAATCACA-1,7616,108,GRCh38
TAATCAGCAACCAACG-1,30146,239,Multiplet
TAATCAGCAAGCTCCT-1,1049,50,GRCh38
TAATCAGCAATTCAGA-1,125,40,GRCh38
TAATCAGCAGGGCTGT-1,19291,127,GRCh38
TAATCCCTCATGTGGC-1,773,248,Multiplet
TAATCCCTCCGGTATA-1,32467,185,Multiplet
TAATCCCTCGATCATG-1,179,47,GRCh38
TAATCCTCAGGACTAT-1,380,43,GRCh38
TAATCCTCAGTACCTC-1,46521,221,Multiplet
TAATCCTCATAGGTAC-1,14771,153,Multiplet
TAATCCTCATCGTACC-1,30312,205,Multiplet
TAATGAGAGCTAGTGC-1,4471,89,GRCh38
TAATGAGAGTGAGAGT-1,21543,133,GRCh38
TAATGGGGTCATGGTT-1,313,35,GRCh38
TAATGGGGTGGCGACA-1,802,50,GRCh38
TAATGGGGTGGGTCGA-1,255,59,GRCh38
TAATGGTTCATAGAGA-1,4637,63,GRCh38
TAATGGTTCCGTGGCA-1,1095,55,GRCh38
TAATGGTTCCTGTGCC-1,4985,120,GRCh38
TAATGGTTCGTTACCT-1,102,34,GRCh38
TAATGTCAGCGCCTAG-1,3404,51,GRCh38
TAATGTCAGGTGGAAT-1,19550,95,GRCh38
TAATGTCAGTATGTGT-1,370,39,GRCh38
TAATGTCAGTGCTGAC-1,176,43,GRCh38
TAATGTCAGTGTCAAT-1,1223,43,GRCh38
TAATTCCCACATGCGA-1,26398,109,GRCh38
TAATTCCCATCATCTG-1,1419,31,GRCh38
TACAAGCCAATCCGCT-1,372,74,GRCh38
TACAAGCCAATGTCAA-1,39764,174,Multiplet
TACAAGCCAGCCAGTA-1,19552,116,GRCh38
TACAAGGGTGAGCAAC-1,5954,56,GRCh38
TACAATGCACATTAGA-1,18300,100,GRCh38
TACAATGCACCAGGAC-1,265,53,GRCh38
TACAATGCATCCGTCG-1,8530,80,GRCh38
TACAATGCATTACGCC-1,153,46,GRCh38
TACACAACAAGCTGAT-1,199,40,GRCh38
TACACAACACAAGCGC-1,5188,87,GRCh38
TACACAACACCTCAGT-1,602,33,GRCh38
TACACAACAGGACATT-1,252,42,GRCh38
TACACAACAGGCAAGG-1,1050,47,GRCh38
TACACAACATGCTCAC-1,3974,102,GRCh38
TACACCGGTAGTAACG-1,268,41,GRCh38
TACACCGGTCTCCACT-1,130,43,GRCh38
TACACCGGTGAAGGTC-1,39742,157,Multiplet
TACACCGGTGCGTACC-1,452,70,GRCh38
TACACCGGTTTGCGTG-1,277,36,GRCh38
TACACCTTCCATAGTG-1,46303,186,Multiplet
TACACCTTCCATCGCC-1,71340,171,Multiplet
TACACCTTCTAGTTCC-1,6997,63,GRCh38
TACACTAGTTTCGTCC-1,270,49,GRCh38
TACACTTCAGCCATCT-1,196,38,GRCh38
TACACTTCATAACGGT-1,27701,168,Multiplet
TACACTTCATAGGCGC-1,42049,201,Multiplet
TACACTTCATTAGCAA-1,24819,129,GRCh38
TACAGATTCCGCGAAT-1,69051,93,GRCh38
TACAGATTCTAGTCGA-1,17878,107,GRCh38
TACAGCCAGCAACTGC-1,370,69,GRCh38
TACAGCCAGCATGCAC-1,146,37,GRCh38
TACAGCCAGGAATGGT-1,1774,180,Multiplet
TACAGCCAGGCGAGGT-1,28391,155,Multiplet
TACAGCCAGTAGAGTA-1,11075,97,GRCh38
TACAGCCAGTAGTGCC-1,37738,189,Multiplet
TACAGCGCAAATCCTT-1,17073,113,GRCh38
TACAGCGCAACATACA-1,156,35,GRCh38
TACAGCGCAAGCCGAC-1,7805,123,GRCh38
TACAGCGCAAGCCGGT-1,16704,120,GRCh38
TACAGCGCAAGCTCAG-1,6591,70,GRCh38
TACAGCGCAAGTAGAG-1,294,94,GRCh38
TACAGCGCAATTACGA-1,5893,114,GRCh38
TACAGCGCATCACGGA-1,20158,230,Multiplet
TACAGCGCATTGGAGT-1,27369,123,GRCh38
TACAGGCTCAATCCGA-1,2228,45,GRCh38
TACAGGCTCACCATTC-1,152,34,GRCh38
TACAGGCTCCCGTTGC-1,1136,29,GRCh38
TACAGGCTCCTTCGTG-1,121,33,GRCh38
TACAGGCTCGCGTTAA-1,244,35,GRCh38
TACAGGGAGATAGTAG-1,2343,47,GRCh38
TACAGGGAGCATAGCC-1,3756,99,GRCh38
TACAGGTCAAATTACG-1,36421,206,Multiplet
TACAGGTCAATAGGCT-1,569,170,Multiplet
TACAGGTCAATCAGCG-1,259,36,GRCh38
TACAGGTCACTTGCTA-1,22523,128,GRCh38
TACAGTTAGCGGTAGA-1,22941,120,GRCh38
TACAGTTAGGGGTACA-1,1804,33,GRCh38
TACAGTTAGGGTCTGT-1,15997,96,GRCh38
TACAGTTAGTTAGGTT-1,6509,68,GRCh38
TACATAGCACTTCAAT-1,8425,37,GRCh38
TACATAGCAGGTAGGG-1,5412,64,GRCh38
TACATAGCATGCGTCT-1,454,47,GRCh38
TACATCAGTAGTCAAG-1,843,21,GRCh38
TACATCAGTTGACGGG-1,948,25,GRCh38
TACATCAGTTTGGAAG-1,668,12,GRCh38
TACATCCTCGAACCCG-1,485,61,GRCh38
TACATGACAAATCCTT-1,289,73,GRCh38
TACATGACAACCAGCA-1,2096,59,GRCh38
TACATGACAACTAAGC-1,161,35,GRCh38
TACATGACAAGCTAAC-1,62445,234,Multiplet
TACATGACAATTGACA-1,24439,171,Multiplet
TACATGACACAACCAG-1,1051,24,GRCh38
TACATGACAGCTACCT-1,19210,132,GRCh38
TACATGACAGGATTCG-1,6459,129,GRCh38
TACATGACATAACGCG-1,225,34,GRCh38
TACATTCCAGCATGTG-1,325,41,GRCh38
TACCAAGTCATCTGTC-1,940,299,Multiplet
TACCAAGTCCAGATGC-1,26920,167,Multiplet
TACCAAGTCCAGGTTA-1,538,43,GRCh38
TACCAAGTCCGGATAC-1,520,22,GRCh38
TACCAAGTCGCATGAC-1,16678,172,Multiplet
TACCAAGTCTAGCGCG-1,1107,40,GRCh38
TACCAATAGCAATCCA-1,2199,47,GRCh38
TACCAATAGCCTAAGC-1,162,102,GRCh38
TACCAATAGTCGCTGG-1,13179,109,GRCh38
TACCAATAGTTAGTAC-1,194,53,GRCh38
TACCACAAGCCAGCCA-1,193,59,GRCh38
TACCACAAGCCTAAGC-1,150,35,GRCh38
TACCACAAGCGAGCTT-1,139,106,GRCh38
TACCACGGTAGCTTCG-1,36654,169,Multiplet
TACCACGGTAGTTACC-1,785,22,GRCh38
TACCACGGTGGCGACA-1,212,38,GRCh38
TACCACGGTTGCACTG-1,167,35,GRCh38
TACCACGGTTGCATAC-1,133,34,GRCh38
TACCACGGTTGCTCTC-1,6823,82,GRCh38
TACCACGGTTGCTGTG-1,439,49,GRCh38
TACCACGGTTGTCCCT-1,135,53,GRCh38
TACCAGGCAAGCACCA-1,123,33,GRCh38
TACCAGGCAATCCTGC-1,142,33,GRCh38
TACCAGGCACCTATAT-1,27907,247,Multiplet
TACCAGGCATCAATCT-1,13272,74,GRCh38
TACCAGGCATCCGTGT-1,5331,106,GRCh38
TACCAGGCATCGCGTT-1,255,35,GRCh38
TACCATAGTCATGCCA-1,1998,46,GRCh38
TACCATAGTCTAACTA-1,7546,112,GRCh38
TACCATAGTCTGTGGC-1,1333,83,GRCh38
TACCATAGTTGACCCA-1,1729,31,GRCh38
TACCATGAGCCTGCCT-1,199,38,GRCh38
TACCATGAGCTATGGC-1,1170,41,GRCh38
TACCATGAGGATGCTC-1,192,41,GRCh38
TACCATGAGGCGAGTA-1,235,42,GRCh38
TACCATGAGGGTTGCT-1,24127,141,GRCh38
TACCATGAGGTGAAGT-1,14042,70,GRCh38
TACCATGAGTTGCGCG-1,3210,73,GRCh38
TACCATGAGTTGGGCT-1,245,39,GRCh38
TACCATTCAATAGCGT-1,415,38,GRCh38
TACCCAGGTGCAAGTA-1,512,21,GRCh38
TACCCAGGTTGAGCAA-1,106,38,GRCh38
TACCCAGGTTGTCAGT-1,255,41,GRCh38
TACCCATTCCCAGGTG-1,7248,42,GRCh38
TACCCATTCCCCATCA-1,456,46,GRCh38
TACCCATTCGCTCCTA-1,155,46,GRCh38
TACCCATTCGTCTCGC-1,19334,71,GRCh38
TACCCATTCTGTAACG-1,121,37,GRCh38
TACCCCATCGTGCTGG-1,7104,69,GRCh38
TACCCCATCGTTCGTT-1,285,36,GRCh38
TACCCCATCTATCCGT-1,13877,77,GRCh38
TACCCCTGTTCCGTGA-1,153,36,GRCh38
TACCCGCTCACAGCTA-1,72453,127,GRCh38
TACCCGCTCCACCTAT-1,162,34,GRCh38
TACCCGCTCGTAATGT-1,289,58,GRCh38
TACCCGCTCTGGTGAC-1,282,39,GRCh38
TACCCTTAGGCAACGA-1,239,41,GRCh38
TACCCTTAGGTACTGC-1,614,29,GRCh38
TACCCTTAGGTGAGCA-1,20604,129,GRCh38
TACCCTTAGTCTAGGC-1,23610,130,GRCh38
TACCCTTAGTGCTCGG-1,248,40,GRCh38
TACCGACAGAAGGAGA-1,25891,118,GRCh38
TACCGACAGAATCATC-1,139,44,GRCh38
TACCGACAGCCAGATC-1,31217,170,Multiplet
TACCGACAGGATGTCC-1,181,33,GRCh38
TACCGCCTCCACGGCA-1,1564,12,GRCh38
TACCGCCTCTCACCTG-1,284,45,GRCh38
TACCGCCTCTGGTCCC-1,466,35,GRCh38
TACCGGACATCGGTAG-1,47499,137,GRCh38
TACCGTCCAACATCAA-1,266,35,GRCh38
TACCGTCCAATCGCCT-1,129,33,GRCh38
TACCGTCCACCATCAC-1,23072,165,Multiplet
TACCGTCCACTAACGG-1,32356,177,Multiplet
TACCGTCCAGCTCTAC-1,2950,51,GRCh38
TACCGTCCATTCCTAG-1,181,64,GRCh38
TACCTAAGTAATGGCA-1,19249,145,Multiplet
TACCTAAGTCAGGAAC-1,24425,129,GRCh38
TACCTAAGTTAGCCTG-1,940,11,GRCh38
TACCTAAGTTGTGCCA-1,18758,93,GRCh38
TACCTAAGTTTAGTCA-1,37811,161,Multiplet
TACCTAGAGCATAGCC-1,291,37,GRCh38
TACCTCACAGTTAAGC-1,3381,51,GRCh38
TACCTCCGTAAGTAAC-1,229,45,GRCh38
TACCTCCGTATGTGTC-1,326,60,GRCh38
TACCTCCGTCAACTAC-1,138,34,GRCh38
TACCTCCGTGATGCCC-1,136,39,GRCh38
TACCTCCGTTAGACGA-1,225,42,GRCh38
TACCTCCGTTCCGTGA-1,131,34,GRCh38
TACCTCCGTTGCTTCC-1,219,37,GRCh38
TACCTGAAGCATGCCG-1,52117,83,GRCh38
TACCTGAAGCTTCCTG-1,23791,169,Multiplet
TACCTGTTCAGTTGAT-1,208,49,GRCh38
TACCTGTTCCCCAGCT-1,662,26,GRCh38
TACCTGTTCCGGGTTG-1,3180,26,GRCh38
TACCTGTTCGTGCTCC-1,104,40,GRCh38
TACCTGTTCTAATCCC-1,309,37,GRCh38
TACCTGTTCTGGCACG-1,41932,163,Multiplet
TACCTGTTCTGGCTAA-1,6958,70,GRCh38
TACCTGTTCTGTCAAG-1,126,33,GRCh38
TACCTTGCAAGCTGAT-1,122,38,GRCh38
TACCTTGCAAGGTCTG-1,156,33,GRCh38
TACCTTGCACCAACCT-1,173,40,GRCh38
TACCTTGCAGCTCTGT-1,51445,257,Multiplet
TACCTTGCAGGAAGCG-1,549,63,GRCh38
TACCTTGCAGGAAGGT-1,915,39,GRCh38
TACGAACCAAAGGTCT-1,2571,75,GRCh38
TACGAACCAACCCTTA-1,65326,126,GRCh38
TACGAACCAAGTTCGG-1,11324,160,Multiplet
TACGAACCAATTGCCC-1,609,46,GRCh38
TACGAACCAGGGCAGA-1,233,34,GRCh38
TACGAACCATCCATTG-1,8301,224,Multiplet
TACGAACCATCCTGCG-1,14726,115,GRCh38
TACGAGTCAGCTACCT-1,52604,130,GRCh38
TACGAGTCATAAGGCT-1,143,53,GRCh38
TACGAGTCATGGAATC-1,20000,104,GRCh38
TACGAGTCATTACCCA-1,21222,88,GRCh38
TACGATTAGCCTGCTC-1,2588,35,GRCh38
TACGATTAGCGGTCTG-1,340,51,GRCh38
TACGCAATCAGCAGGA-1,245,80,GRCh38
TACGCAATCGCTTGCC-1,261,40,GRCh38
TACGCATGTAAGCAGC-1,17191,141,GRCh38
TACGCATGTCTAGAGA-1,323,37,GRCh38
TACGCATGTGATCAGA-1,243,36,GRCh38
TACGCATGTTAGCAGA-1,34546,176,Multiplet
TACGCCCTCACAGCCG-1,170,34,GRCh38
TACGCCCTCCGGAACT-1,207,40,GRCh38
TACGCCCTCCGGTAAC-1,2324,79,GRCh38
TACGCCCTCGATCCTT-1,124,33,GRCh38
TACGCCCTCGCTCACC-1,160,35,GRCh38
TACGCCCTCTAACCTC-1,6286,128,GRCh38
TACGCCTCAAGCTGAT-1,249,43,GRCh38
TACGCCTCAAGGTCGC-1,8340,174,Multiplet
TACGCCTCAGTTGCGA-1,112,39,GRCh38
TACGCCTCATTAGTGA-1,24154,144,GRCh38
TACGCTAAGCATGGCT-1,5370,37,GRCh38
TACGCTAAGTAGCACC-1,6976,58,GRCh38
TACGCTGGTCATGGCC-1,152,39,GRCh38
TACGCTGGTTCGGTTG-1,24521,162,Multiplet
TACGCTGGTTGAGTCT-1,104,33,GRCh38
TACGCTGGTTGGCTGC-1,5940,145,Multiplet
TACGCTGGTTGGCTTG-1,108,36,GRCh38
TACGGGCCAAAGGAGC-1,192,36,GRCh38
TACGGGCCAAGGTACT-1,2450,110,GRCh38
TACGGTCAGCTACCAA-1,4530,81,GRCh38
TACGGTCAGGCAATCC-1,54619,197,Multiplet
TACGGTCAGGGGATGC-1,1744,47,GRCh38
TACGGTCAGGTTGGCT-1,1440,44,GRCh38
TACGGTTGTCAAGGGT-1,28584,140,GRCh38
TACGGTTGTTGGCGAG-1,13762,106,GRCh38
TACGGTTGTTGGGCAG-1,3362,58,GRCh38
TACGTAGTCAAGTTAC-1,2669,53,GRCh38
TACGTAGTCAGTACGC-1,154,36,GRCh38
TACGTAGTCGCGTTGG-1,721,37,GRCh38
TACGTCAAGCAAGCGA-1,21734,63,GRCh38
TACGTCAAGGCGATAG-1,631,63,GRCh38
TACGTCAAGGTACCAC-1,12430,158,Multiplet
TACGTTGAGCAGGTAG-1,14933,57,GRCh38
TACGTTGAGGAACCGA-1,1625,16,GRCh38
TACTACCTCACTCCGC-1,151,33,GRCh38
TACTACCTCACTCGAA-1,24701,158,Multiplet
TACTACCTCCACCTTG-1,166,42,GRCh38
TACTACCTCCGGATAC-1,138,36,GRCh38
TACTACCTCCTCTAAC-1,134,33,GRCh38
TACTACCTCTGTGCTT-1,230,47,GRCh38
TACTACTCAAACCGGC-1,23104,119,GRCh38
TACTACTCAACCTGAG-1,291,34,GRCh38
TACTACTCAAGCTAGT-1,1206,11,GRCh38
TACTACTCACATACGG-1,2938,38,GRCh38
TACTACTCAGCTCAAG-1,23507,157,Multiplet
TACTATGGTATTAGGG-1,62174,150,Multiplet
TACTATGGTTGCTCCT-1,3410,185,Multiplet
TACTCATCAAATCGAC-1,6682,75,GRCh38
TACTCATCACAAGCTG-1,20733,146,Multiplet
TACTCATCACCTTACA-1,5456,89,GRCh38
TACTCATCAGTAATCA-1,1513,20,GRCh38
TACTCCACACCTGGAA-1,288,38,GRCh38
TACTCCACACTTCGAC-1,145,33,GRCh38
TACTCCACAGGCTTAG-1,211,41,GRCh38
TACTCCACATAAGCAC-1,71817,124,GRCh38
TACTCCACATTGCGTC-1,290,36,GRCh38
TACTCGCCAAAGGAAT-1,4416,25,GRCh38
TACTCGCCAAGTCCCT-1,141,330,mm10
TACTCGCCAATTACAG-1,584,24,GRCh38
TACTCGCCACAACCAG-1,309,41,GRCh38
TACTCGCCACCTCAAC-1,11613,78,GRCh38
TACTCGCCACTTCATG-1,41173,128,GRCh38
TACTCGCCAGTTAGTA-1,68830,173,Multiplet
TACTCGCCATTACGTT-1,140,33,GRCh38
TACTCGCCATTGGCCT-1,5979,95,GRCh38
TACTGATAGCAAGGTG-1,24286,164,Multiplet
TACTGCAAGCATCCGG-1,235,41,GRCh38
TACTGCAAGGCGTAAG-1,7575,66,GRCh38
TACTGCAAGGTATCGC-1,125,44,GRCh38
TACTGCAAGTCATGTG-1,42185,200,Multiplet
TACTGGATCACATGGC-1,11961,63,GRCh38
TACTGGATCCAATGAT-1,12788,51,GRCh38
TACTGGATCGACATGC-1,162,84,GRCh38
TACTGGATCGCTATCT-1,10695,52,GRCh38
TACTGTGAGGGCCATT-1,827,32,GRCh38
TACTGTGAGTACGGTC-1,235,42,GRCh38
TACTGTTCAGCTAACG-1,2256,16,GRCh38
TACTGTTCAGGTTCAG-1,168,45,GRCh38
TACTGTTCATCGATCC-1,147,35,GRCh38
TACTTAGGTAACCCAT-1,6171,130,GRCh38
TACTTAGGTCAGCTTG-1,1606,125,GRCh38
TACTTAGGTTAGCTTA-1,3303,72,GRCh38
TACTTAGGTTGACGAA-1,2999,59,GRCh38
TACTTAGGTTGGCGCT-1,7188,57,GRCh38
TACTTCATCACTCTGT-1,1158,62,GRCh38
TACTTCATCCTCTACG-1,8807,74,GRCh38
TACTTCATCCTTCCAG-1,352,44,GRCh38
TACTTCATCGCTAGAC-1,30307,204,Multiplet
TACTTGCTCACTCAGA-1,57034,199,Multiplet
TACTTGCTCGATCCAA-1,33524,152,Multiplet
TACTTGCTCGCTAGTA-1,246,34,GRCh38
TAGCACGCAATCTCCA-1,161,45,GRCh38
TAGCAGTCATAGATGC-1,240,52,GRCh38
TAGCAGTCATCCAACC-1,3409,36,GRCh38
TAGCAGTCATTAGCAA-1,7499,148,Multiplet
TAGCATTAGCGGATCT-1,534,17,GRCh38
TAGCATTAGTAGACCC-1,151,45,GRCh38
TAGCCAATCCCGCACT-1,226,34,GRCh38
TAGCCAATCCGCAGAT-1,246,35,GRCh38
TAGCCAATCCGGATAC-1,12413,58,GRCh38
TAGCCAATCGCATTAG-1,250,37,GRCh38
TAGCCAATCGCTGGAT-1,28004,158,Multiplet
TAGCCAATCTATGGCA-1,140,40,GRCh38
TAGCCACAGGATAGAC-1,171,34,GRCh38
TAGCCACAGGATGACG-1,17750,100,GRCh38
TAGCCACAGTCAGCAC-1,36110,242,Multiplet
TAGCCAGCAACTATCT-1,207,40,GRCh38
TAGCCAGCAACTTCAT-1,126,40,GRCh38
TAGCCAGCACATTAAG-1,17209,93,GRCh38
TAGCCAGCAGGGCATC-1,5938,46,GRCh38
TAGCCAGCATGAATGC-1,8525,69,GRCh38
TAGCCCAGTAATGTCC-1,141,37,GRCh38
TAGCCCAGTCAAGGTA-1,157,36,GRCh38
TAGCCCAGTCATCGGC-1,145,46,GRCh38
TAGCCCAGTGAGATAT-1,352,50,GRCh38
TAGCCCAGTTGAAGCA-1,365,38,GRCh38
TAGCCCTCAACTCGCT-1,9693,60,GRCh38
TAGCCCTCAATTGCTT-1,35183,139,GRCh38
TAGCCCTCACTAATCT-1,250,44,GRCh38
TAGCCTGGTCATGGCC-1,49798,218,Multiplet
TAGCCTGGTCCATCCT-1,275,51,GRCh38
TAGCCTGGTGAGCCGA-1,297,40,GRCh38
TAGCCTGGTGATCCTG-1,144,41,GRCh38
TAGCCTGGTGATTACC-1,3063,36,GRCh38
TAGCCTGGTTAGACCT-1,500,67,GRCh38
TAGCCTGGTTAGTCCG-1,247,67,GRCh38
TAGCCTGGTTTGGTGT-1,175,82,GRCh38
TAGCGGTTCCCTCATG-1,20896,145,Multiplet
TAGCTAGTCAGGCATC-1,391,37,GRCh38
TAGCTAGTCCGTAGAC-1,17037,234,Multiplet
TAGCTCAAGATTCACG-1,40178,205,Multiplet
TAGCTCAAGGTGCATC-1,56491,159,Multiplet
TAGCTCCCAATCTAAG-1,1495,25,GRCh38
TAGCTCCCACCTCAAC-1,249,437,Multiplet
TAGCTCCCATGATAGC-1,1377,37,GRCh38
TAGCTGATCACGTTGA-1,4321,120,GRCh38
TAGCTGATCAGCTACA-1,150,33,GRCh38
TAGCTGATCAGGGCTT-1,233,35,GRCh38
TAGCTGATCCTGATGA-1,66533,99,GRCh38
TAGCTGATCGCGCAAT-1,513,19,GRCh38
TAGCTGATCGCGCATG-1,29898,199,Multiplet
TAGCTGATCGTAGTGC-1,22969,121,GRCh38
TAGCTTGAGAAGGATC-1,233,34,GRCh38
TAGCTTGAGAATCCGC-1,1358,90,GRCh38
TAGCTTGAGCCAATCA-1,4262,74,GRCh38
TAGCTTGAGCCCTACC-1,268,36,GRCh38
TAGCTTGAGGATCCCG-1,666,35,GRCh38
TAGCTTGAGGTTGACC-1,996,62,GRCh38
TAGCTTGAGTAGGTCC-1,3050,63,GRCh38
TAGCTTGAGTGATGAA-1,5080,94,GRCh38
TAGGACTCAAACCCGA-1,127,82,GRCh38
TAGGACTCAAATCACA-1,11119,83,GRCh38
TAGGACTCAACATGGT-1,436,43,GRCh38
TAGGACTCACTTCGGT-1,248,38,GRCh38
TAGGAGTAGGCTTACA-1,613,35,GRCh38
TAGGAGTAGGTAGAGT-1,34454,209,Multiplet
TAGGAGTAGGTTCCAA-1,680,30,GRCh38
TAGGAGTAGTCGCTCC-1,24495,158,Multiplet
TAGGATGGTTGTAGGA-1,106,37,GRCh38
TAGGATGGTTTCAGCG-1,11757,97,GRCh38
TAGGCAAGTAATGCTC-1,7899,41,GRCh38
TAGGCCACAAATTCCT-1,188,46,GRCh38
TAGGCCACAAGTTACA-1,27822,205,Multiplet
TAGGCTGCAAAGGGTA-1,124,35,GRCh38
TAGGCTGCAAGCCAAT-1,25353,155,Multiplet
TAGGCTGCAATCAGTA-1,124,36,GRCh38
TAGGCTGCAATTAGGC-1,10729,352,Multiplet
TAGGCTGCACCTCACG-1,6244,109,GRCh38
TAGGCTGCAGGCAGTC-1,13889,46,GRCh38
TAGGCTGCAGGTTCCT-1,146,227,Multiplet
TAGGCTGCATTACGGG-1,200,35,GRCh38
TAGGCTTGTCATGTGT-1,254,33,GRCh38
TAGGCTTGTCTGGTAT-1,5570,102,GRCh38
TAGGCTTGTGAAGCAC-1,1959,80,GRCh38
TAGGCTTGTTATGTGC-1,8849,182,Multiplet
TAGGCTTGTTCCGTTC-1,576,74,GRCh38
TAGGCTTGTTTACCGG-1,554,23,GRCh38
TAGGGCTTCAGTATGT-1,13567,90,GRCh38
TAGGGCTTCATAGGCC-1,2267,24,GRCh38
TAGGGCTTCGTTACTC-1,1563,22,GRCh38
TAGGGCTTCTAAGCTG-1,661,38,GRCh38
TAGGGCTTCTATGTGG-1,5457,92,GRCh38
TAGGGTAGTTGGTGCC-1,1126,26,GRCh38
TAGGGTGAGATAGACA-1,140,82,GRCh38
TAGGGTGAGGTTCGAC-1,1173,41,GRCh38
TAGGGTTCAACCGTAG-1,19072,87,GRCh38
TAGGTAGGTAAGCGGT-1,472,54,GRCh38
TAGGTAGGTGAGCGTG-1,9812,191,Multiplet
TAGGTAGGTGAGTATG-1,1392,30,GRCh38
TAGGTAGGTGATAGAT-1,613,18,GRCh38
TAGGTAGGTGGACTAA-1,634,20,GRCh38
TAGGTAGGTTATCTGA-1,139,33,GRCh38
TAGGTAGGTTTCCAGG-1,4298,65,GRCh38
TAGGTCATCCCATACT-1,724,12,GRCh38
TAGGTCATCGTTGCCC-1,223,33,GRCh38
TAGGTGAGTAAGCTCT-1,442,170,Multiplet
TAGGTGAGTAATGGAT-1,5935,34,GRCh38
TAGGTGAGTGAAGTGC-1,13935,351,Multiplet
TAGGTGAGTGGCGTCT-1,639,16,GRCh38
TAGGTGAGTTGAGTGA-1,1394,65,GRCh38
TAGGTGGAGAACGGCA-1,724,12,GRCh38
TAGGTGGAGGTACCAC-1,276,34,GRCh38
TAGGTGGAGGTCGAGA-1,2285,56,GRCh38
TAGGTTACACATTGAA-1,1805,59,GRCh38
TAGGTTACACTTGGAG-1,16367,108,GRCh38
TAGGTTACATAGAGAG-1,27952,172,Multiplet
TAGGTTACATGGTTGG-1,317,48,GRCh38
TAGGTTTAGAAGCATA-1,13313,69,GRCh38
TAGGTTTAGGTTAGTT-1,1521,64,GRCh38
TAGGTTTAGTCGAGTC-1,24447,109,GRCh38
TAGTACCGTGACTCCA-1,34544,170,Multiplet
TAGTACCGTTCGTTGG-1,111,35,GRCh38
TAGTAGCCAAGTAACC-1,147,198,Multiplet
TAGTAGCCAATCCTGC-1,241,45,GRCh38
TAGTAGCCAATTGGTA-1,16280,127,GRCh38
TAGTAGCCACCATTCA-1,23067,131,GRCh38
TAGTCAACATAGAGTC-1,5901,58,GRCh38
TAGTCAACATCATCGC-1,885,17,GRCh38
TAGTCCCCAACCAACG-1,4356,98,GRCh38
TAGTCCCCACATGAGT-1,11683,77,GRCh38
TAGTCCCCACCTCGCA-1,6866,84,GRCh38
TAGTCCCCACCTTAAT-1,18583,113,GRCh38
TAGTCCCCAGGAAGTA-1,345,60,GRCh38
TAGTCCCCATTACATC-1,45181,127,GRCh38
TAGTCCTTCAGGCTTA-1,131,37,GRCh38
TAGTCCTTCATATGGT-1,868,10,GRCh38
TAGTCCTTCCACCTGC-1,148,35,GRCh38
TAGTCCTTCTCACACT-1,281,43,GRCh38
TAGTGAGGTCAGGCGA-1,4408,54,GRCh38
TAGTGGCTCAATGGAA-1,42735,190,Multiplet
TAGTGGCTCCCAGTAA-1,3632,36,GRCh38
TAGTGGCTCCCCTTGA-1,24489,152,Multiplet
TAGTGGCTCCGTCAGG-1,6979,99,GRCh38
TAGTGGCTCGACTCAA-1,1509,30,GRCh38
TAGTGGCTCTAGTGTG-1,5171,78,GRCh38
TAGTGGGAGTAAGTCT-1,2131,15,GRCh38
TAGTGTTAGCAGGTCT-1,3024,54,GRCh38
TAGTTAGCAACCCTGT-1,142,36,GRCh38
TAGTTAGCAACGGTCA-1,1204,33,GRCh38
TAGTTAGCAAGGTATC-1,2202,32,GRCh38
TAGTTAGCACCACATC-1,1257,37,GRCh38
TAGTTCCTCCAGATGC-1,136,34,GRCh38
TAGTTCCTCCCATTCG-1,281,40,GRCh38
TAGTTCCTCCGTTACT-1,347,58,GRCh38
TAGTTCCTCGATGACC-1,423,35,GRCh38
TAGTTCCTCGTTCGTT-1,126,36,GRCh38
TAGTTCCTCTCATTGC-1,283,38,GRCh38
TAGTTCCTCTGGTCGG-1,755,135,GRCh38
TAGTTCTCACTTGCCG-1,1859,57,GRCh38
TAGTTCTCAGCTAGTG-1,248,39,GRCh38
TAGTTCTCATTGCGTC-1,9362,84,GRCh38
TAGTTTCCAAATGCGT-1,18854,180,Multiplet
TAGTTTCCAAGCACAT-1,11959,97,GRCh38
TAGTTTCCACAATCGG-1,4232,47,GRCh38
TAGTTTCCACCTGGAA-1,975,21,GRCh38
TAGTTTCCATTCATAC-1,20651,146,Multiplet
TAGTTTGGTAGTAGAT-1,8101,71,GRCh38
TAGTTTGGTATTGCCG-1,1055,48,GRCh38
TATACAGCAACCGTAG-1,931,40,GRCh38
TATACAGCAACCTGTC-1,5537,138,GRCh38
TATACAGCAACTAGGT-1,677,33,GRCh38
TATACAGCATTGCACC-1,144,50,GRCh38
TATACCCTCACACAGC-1,2983,13,GRCh38
TATACCCTCAGCAGTC-1,20104,28,GRCh38
TATACCCTCAGTGCTA-1,195,33,GRCh38
TATACCCTCGCTAGAC-1,177,197,Multiplet
TATACCCTCTATGCAG-1,22705,158,Multiplet
TATACCTCAAACTGTA-1,43755,197,Multiplet
TATACCTCAAGCGCGT-1,1360,55,GRCh38
TATACCTCAAGTTACA-1,245,34,GRCh38
TATACGTAGGGGTAAT-1,520,17,GRCh38
TATACGTAGGTCACGT-1,251,38,GRCh38
TATACTGGTTTGGACT-1,141,37,GRCh38
TATAGGCCAAACCCGA-1,2357,125,GRCh38
TATAGGCCAACTAGGT-1,324,37,GRCh38
TATAGGCCAATTAACG-1,229,39,GRCh38
TATAGGCCACTACCTA-1,67301,178,Multiplet
TATAGGCCATAAGGTC-1,4394,73,GRCh38
TATAGGGGTCTCAGGC-1,13395,115,GRCh38
TATAGGGGTGCAATGA-1,226,37,GRCh38
TATAGGTTCCGCAACG-1,403,38,GRCh38
TATAGGTTCCTCGTGC-1,1342,67,GRCh38
TATAGGTTCGATAGCC-1,4841,89,GRCh38
TATAGGTTCGTGAACC-1,524,10,GRCh38
TATAGGTTCTGTGCGG-1,436,39,GRCh38
TATAGTCAGATTCGGC-1,8332,50,GRCh38
TATAGTCAGCAACTCA-1,147,33,GRCh38
TATAGTCAGCGCCTGA-1,536,33,GRCh38
TATAGTCAGGTACTAT-1,24005,127,GRCh38
TATAGTCAGGTACTGC-1,225,44,GRCh38
TATATCCCAAATGACC-1,31406,173,Multiplet
TATATCCCAGTTGCAG-1,273,41,GRCh38
TATCACCTCGACTCAA-1,137,44,GRCh38
TATCACCTCTAAGCAT-1,5650,73,GRCh38
TATCAGGTCAGCATCA-1,8256,99,GRCh38
TATCAGGTCATGCAGC-1,162,38,GRCh38
TATCAGGTCCATAGAT-1,10858,252,Multiplet
TATCAGGTCGAACCAC-1,27121,199,Multiplet
TATCAGGTCGAACGAG-1,1415,119,GRCh38
TATCAGGTCGACCTGG-1,158,40,GRCh38
TATCAGTAGGGGATAT-1,294,69,GRCh38
TATCATCCAATCAATG-1,3354,44,GRCh38
TATCATGGTAGTTGCT-1,153,34,GRCh38
TATCCAAGTAGTTGAG-1,9567,15,GRCh38
TATCCAAGTCATGGAA-1,23590,144,GRCh38
TATCCAAGTGCAGCGA-1,21872,149,Multiplet
TATCCATCAATAGAGG-1,1072,26,GRCh38
TATCCATCACAACGGC-1,11076,71,GRCh38
TATCCATCAGGGACCT-1,194,39,GRCh38
TATCCATCATTACGGG-1,5457,28,GRCh38
TATCCGCCAGCTCTCG-1,10909,91,GRCh38
TATCCGCCATCCTCAA-1,285,36,GRCh38
TATCCGCCATCGCTAC-1,841,57,GRCh38
TATCCGCCATTAGCCC-1,1596,43,GRCh38
TATCCGCCATTGACGG-1,487,57,GRCh38
TATCCGGGTAATGCGA-1,784,68,GRCh38
TATCCGGGTCTGGTAT-1,249,54,GRCh38
TATCCGGGTTAGCCTG-1,4390,40,GRCh38
TATCCGTTCCAACTAG-1,11288,50,GRCh38
TATCCGTTCCCAGTAA-1,737,18,GRCh38
TATCCGTTCGAACGTC-1,528,56,GRCh38
TATCCTTGTATTGCGT-1,132,34,GRCh38
TATCCTTGTGAACGGT-1,24159,174,Multiplet
TATCCTTGTGCGGTCT-1,248,49,GRCh38
TATCCTTGTGGCTCGT-1,20677,98,GRCh38
TATCCTTGTTACACTA-1,190,33,GRCh38
TATCCTTGTTATGGGA-1,23280,207,Multiplet
TATCCTTGTTGACGCC-1,131,39,GRCh38
TATCCTTGTTGGCTGC-1,131,36,GRCh38
TATCCTTGTTTCACGG-1,27920,167,Multiplet
TATCGAACAACTACTT-1,23765,132,GRCh38
TATCGAACAATGTGCG-1,68556,181,Multiplet
TATCGCTTCAGTTGAT-1,1837,19,GRCh38
TATCGCTTCCATGCCC-1,33616,158,Multiplet
TATCGCTTCCCGCTTA-1,32510,266,Multiplet
TATCGCTTCCGCATGG-1,259,33,GRCh38
TATCGCTTCGATCATG-1,7569,70,GRCh38
TATCGCTTCTGTAACG-1,613,25,GRCh38
TATCGGGCAATTACGA-1,3358,33,GRCh38
TATCGGGCAGGCAATT-1,17859,134,GRCh38
TATCGGGCATGGTGCA-1,38132,149,Multiplet
TATCGTAGTAACTCGT-1,19698,161,Multiplet
TATCGTAGTAATTGGG-1,18463,117,GRCh38
TATCGTAGTAGTAGGC-1,2595,69,GRCh38
TATCGTAGTTGGCTGC-1,433,45,GRCh38
TATCGTAGTTTACGAC-1,6820,132,GRCh38
TATCGTTCAAACTTAG-1,1358,30,GRCh38
TATCGTTCAAGCTGCA-1,24575,128,GRCh38
TATCGTTCAATCCTAT-1,836,48,GRCh38
TATCGTTCATCGCTGT-1,35756,140,GRCh38
TATCGTTCATGCAGAT-1,118,62,GRCh38
TATCTCATCGCTGGCA-1,213,56,GRCh38
TATCTGCTCCCATGCC-1,118,37,GRCh38
TATCTGCTCGAACCAC-1,330,56,GRCh38
TATCTGCTCGCTAGGT-1,17549,102,GRCh38
TATCTGCTCTGGATGC-1,4100,96,GRCh38
TATCTTGTCAATCAGT-1,231,33,GRCh38
TATCTTGTCATCATCC-1,1056,39,GRCh38
TATCTTGTCCGGACAT-1,287,72,GRCh38
TATCTTGTCCGTTGGG-1,4302,24,GRCh38
TATCTTGTCGCTCCGT-1,1109,129,GRCh38
TATGACTAGATTCGGC-1,1285,35,GRCh38
TATGACTAGGCATCCG-1,21560,153,Multiplet
TATGAGAAGCATATAC-1,13302,88,GRCh38
TATGAGAAGTAATGCT-1,1172,36,GRCh38
TATGAGGGTCATGGCC-1,209,49,GRCh38
TATGAGGGTGCATCGC-1,39552,196,Multiplet
TATGAGGGTGGGAACT-1,173,40,GRCh38
TATGATGCAACCCTGT-1,438,59,GRCh38
TATGATGCAAGTGCAT-1,139,109,GRCh38
TATGATGCACAGCCTT-1,225,38,GRCh38
TATGATGCATGACCCT-1,3417,37,GRCh38
TATGCAACAACATCGG-1,735,20,GRCh38
TATGCAACAAGCGATT-1,18885,208,Multiplet
TATGCAACATCACTGC-1,153,44,GRCh38
TATGCAACATTACCTG-1,116,34,GRCh38
TATGCCCCACAAGCCA-1,152,34,GRCh38
TATGCCCCAGCTCGTT-1,193,45,GRCh38
TATGCTAGTAACTCGT-1,217,33,GRCh38
TATGCTAGTAGTTAGG-1,686,60,GRCh38
TATGCTAGTATAGCCT-1,296,35,GRCh38
TATGCTAGTCTGTGCA-1,236,46,GRCh38
TATGGCCAGCGCTTAA-1,16051,192,Multiplet
TATGGCCAGGATGGTG-1,140,34,GRCh38
TATGGCCAGGGTGATG-1,679,55,GRCh38
TATGGCCAGTTGCGCG-1,291,44,GRCh38
TATGGCGCACTTACTG-1,121,37,GRCh38
TATGGCGCATCATCTG-1,52618,308,Multiplet
TATGGCTGTCCATATA-1,17125,119,GRCh38
TATGGCTGTCTCCAGA-1,228,168,Multiplet
TATGGCTGTGGCGTGA-1,26831,152,Multiplet
TATGGCTGTTAGTGGA-1,599,19,GRCh38
TATGGCTGTTCACCTC-1,135,34,GRCh38
TATGGCTGTTGCCTCT-1,17488,166,Multiplet
TATGGGTCAATACCTT-1,134,47,GRCh38
TATGGGTCAATAGACC-1,4363,84,GRCh38
TATGGGTCACTTACTG-1,107,35,GRCh38
TATGGGTCATCACATT-1,23094,142,GRCh38
TATGGGTCATGGAATC-1,3817,112,GRCh38
TATGGTTAGCATCCTT-1,7333,96,GRCh38
TATGGTTAGGGCTAGA-1,4352,61,GRCh38
TATGGTTAGGGTAGGC-1,35225,159,Multiplet
TATGGTTAGTGAGTCC-1,27909,92,GRCh38
TATGTCAGTCCATTCC-1,266,35,GRCh38
TATGTCAGTGCGCGAA-1,364,47,GRCh38
TATGTCAGTTGTCACG-1,264,45,GRCh38
TATGTCAGTTTGAGTC-1,120,36,GRCh38
TATGTTGGTGAAGGCT-1,152,67,GRCh38
TATGTTGGTGCACGCT-1,273,49,GRCh38
TATGTTGGTGCAGGCA-1,7200,53,GRCh38
TCAAACTAGATTAACC-1,66565,93,GRCh38
TCAAACTAGGCAATCC-1,2249,50,GRCh38
TCAAACTAGGCGTAAG-1,2186,37,GRCh38
TCAAACTAGTAAGTCT-1,16297,306,Multiplet
TCAAACTAGTAGAGAC-1,7363,141,GRCh38
TCAAACTAGTCGATCA-1,264,42,GRCh38
TCAAAGCCAATAGGAG-1,241,38,GRCh38
TCAAAGCCACAACCAG-1,274,40,GRCh38
TCAAAGCCATTACAGA-1,3552,38,GRCh38
TCAAAGGGTATGTGTC-1,353,48,GRCh38
TCAAAGGGTTAAGTCC-1,261,39,GRCh38
TCAAAGGGTTGAGCTT-1,23001,136,GRCh38
TCAAATGCAAGCTGGC-1,119,36,GRCh38
TCAAATGCACATGAGT-1,12222,66,GRCh38
TCAAATGCACTTCAAT-1,218,54,GRCh38
TCAACATAGGGGTTAG-1,1001,77,GRCh38
TCAACATAGGTGGCTT-1,26174,130,GRCh38
TCAACCAAGATTCGCA-1,6923,77,GRCh38
TCAACCAAGCAATCTG-1,575,39,GRCh38
TCAACCAAGCCAGTCG-1,244,37,GRCh38
TCAACCAAGGTGCAGA-1,5509,104,GRCh38
TCAACCAAGTGTCCGG-1,323,56,GRCh38
TCAACCTTCACCTGGG-1,1827,26,GRCh38
TCAACCTTCCGTCATT-1,144,36,GRCh38
TCAACCTTCTCATCCG-1,206,39,GRCh38
TCAACCTTCTCATGCT-1,352,57,GRCh38
TCAACCTTCTGTGCCC-1,354,49,GRCh38
TCAACTGAGGCACGAA-1,2996,42,GRCh38
TCAATCCTCAGGCACT-1,3963,31,GRCh38
TCAATCCTCCGCAGAT-1,7108,105,GRCh38
TCAATCTCAATAGCGT-1,1098,20,GRCh38
TCAATCTCACCTAACC-1,1139,16,GRCh38
TCAATCTCACCTTAGC-1,244,42,GRCh38
TCAATCTCACTAGCCT-1,568,24,GRCh38
TCAATGGTCATGAACT-1,491,75,GRCh38
TCAATGGTCCCTCGGT-1,118,36,GRCh38
TCAATGGTCCGCAAGT-1,15933,93,GRCh38
TCAATGGTCCGTTACT-1,163,41,GRCh38
TCAATGGTCGAACGAG-1,642,11,GRCh38
TCAATGGTCTCATTGC-1,20130,159,Multiplet
TCAATTGGTCATTCCC-1,112,40,GRCh38
TCAATTGGTCCATCCT-1,1957,137,GRCh38
TCAATTGGTGGGTAAC-1,248,59,GRCh38
TCAATTGGTTGACCTG-1,24341,139,GRCh38
TCAATTGGTTTAGTGC-1,30141,196,Multiplet
TCACAATAGGAGGACC-1,11475,66,GRCh38
TCACACAAGCCAGATC-1,43125,196,Multiplet
TCACACAAGGATGCCT-1,1339,15,GRCh38
TCACACAAGGCGAATG-1,223,35,GRCh38
TCACACCCAACTATCT-1,40811,162,Multiplet
TCACACCCATCGCGTT-1,143,41,GRCh38
TCACACCCATGGTAAC-1,227,37,GRCh38
TCACACGGTTCGTTCC-1,3647,79,GRCh38
TCACACGGTTGCTGTG-1,1760,690,Multiplet
TCACACGGTTGCTTCC-1,1352,22,GRCh38
TCACAGGCAATTACGA-1,33226,217,Multiplet
TCACAGGCACCTTGCG-1,500,61,GRCh38
TCACAGGCATAGGCTG-1,2238,74,GRCh38
TCACAGGCATAGGTCG-1,2499,35,GRCh38
TCACATAGTCAGTTAC-1,1426,151,Multiplet
TCACATAGTTCCTCGT-1,17577,97,GRCh38
TCACATGAGCTACCGG-1,14267,87,GRCh38
TCACATGAGTAGTTCG-1,33967,123,GRCh38
TCACATTCAAGTGCGC-1,433,51,GRCh38
TCACATTCAATGCGTG-1,724,54,GRCh38
TCACATTCACAAGGCC-1,257,44,GRCh38
TCACATTCACCACAGA-1,276,48,GRCh38
TCACATTCACTACCCG-1,171,35,GRCh38
TCACATTCAGGTAGTT-1,103,53,GRCh38
TCACCAAAGCATGTCA-1,16360,93,GRCh38
TCACCAAAGTAGCATT-1,239,34,GRCh38
TCACCAAAGTGCGCCA-1,24188,94,GRCh38
TCACCAAAGTGCGCTG-1,268,43,GRCh38
TCACCATTCAGTGCTA-1,304,62,GRCh38
TCACCATTCTGGGACT-1,23378,97,GRCh38
TCACCCGCAACCAGGC-1,144,33,GRCh38
TCACCCGCAAGCGGTC-1,10918,113,GRCh38
TCACCCGCACAGCGTA-1,1598,69,GRCh38
TCACCCGCACCATCAC-1,141,56,GRCh38
TCACCCGCACTTACAT-1,164,51,GRCh38
TCACCCGCAGTACTAA-1,116,36,GRCh38
TCACCCGCATGCGTCT-1,14764,120,GRCh38
TCACCCTGTAATGTGG-1,17226,126,GRCh38
TCACCCTGTCTCACTC-1,161,34,GRCh38
TCACCCTGTTAGCACT-1,147,47,GRCh38
TCACCCTGTTAGTTGC-1,178,35,GRCh38
TCACCCTGTTGGTAGA-1,2065,95,GRCh38
TCACCCTGTTTGGGCC-1,129,34,GRCh38
TCACCGCTCACATTGG-1,1982,60,GRCh38
TCACCGCTCCAGCATA-1,276,36,GRCh38
TCACCGCTCCGCAACG-1,5121,92,GRCh38
TCACCGCTCCGTAGGT-1,511,63,GRCh38
TCACCGCTCGATTAAC-1,46493,174,Multiplet
TCACCGCTCTATGCTC-1,270,37,GRCh38
TCACCGCTCTGTGGAC-1,6070,111,GRCh38
TCACGAATCGACCTGG-1,43502,217,Multiplet
TCACGAATCGCTGATA-1,4643,155,Multiplet
TCACGAATCTAAGTAC-1,2737,72,GRCh38
TCACGACAGGTGCAAG-1,18645,97,GRCh38
TCACGACAGTTACGTG-1,122,33,GRCh38
TCACGATGTCATGGAA-1,66533,72,GRCh38
TCACGATGTTAGGTCT-1,18639,125,GRCh38
TCACGCCTCCCATACT-1,150,36,GRCh38
TCACGCCTCGAACCTA-1,3831,88,GRCh38
TCACGCCTCGTAATGT-1,252,33,GRCh38
TCACGCCTCTATGTCC-1,4427,75,GRCh38
TCACGGACAACCGCTT-1,6013,179,Multiplet
TCACGGACAAGTGCAT-1,193,34,GRCh38
TCACGGACAATAGGCT-1,1745,33,GRCh38
TCACGGACAATATCAG-1,188,38,GRCh38
TCACGGACAATATCGA-1,192,38,GRCh38
TCACGGACATTCATCG-1,9303,119,GRCh38
TCACGGGTCAATCGGC-1,11315,49,GRCh38
TCACGGGTCCAATGCA-1,21453,92,GRCh38
TCACGGGTCCCGTTGC-1,567,28,GRCh38
TCACGGGTCCGTTACT-1,305,61,GRCh38
TCACGGGTCCTGATTC-1,25025,152,Multiplet
TCACGGGTCTGGTGAC-1,30702,204,Multiplet
TCACGTAAGCGCTTCC-1,752,33,GRCh38
TCACGTAAGTGAACCC-1,25389,161,Multiplet
TCACGTAAGTGTCATG-1,123,66,GRCh38
TCACGTCCAATAGCCG-1,800,47,GRCh38
TCACGTCCAGGCTAAT-1,24842,177,Multiplet
TCACGTCCATCACTCA-1,8737,66,GRCh38
TCACGTCCATCCCGTG-1,7731,87,GRCh38
TCACGTTTCACTCTCG-1,289,44,GRCh38
TCACGTTTCCTGTAAG-1,2126,30,GRCh38
TCACTCACAAGCCACA-1,5895,94,GRCh38
TCACTCACAATAGAGG-1,416,51,GRCh38
TCACTCACATGGCTGA-1,267,36,GRCh38
TCACTCCGTAGTGACA-1,636,44,GRCh38
TCACTCCGTGCGTGTC-1,18194,115,GRCh38
TCACTCCGTTCACTCC-1,167,61,GRCh38
TCACTCCGTTCGATTA-1,107,35,GRCh38
TCACTCCGTTCGGTGC-1,2533,56,GRCh38
TCACTCCGTTGTCATA-1,21299,108,GRCh38
TCACTGTTCAAGTGCC-1,289,40,GRCh38
TCACTGTTCACGTTGA-1,149,53,GRCh38
TCACTGTTCAGCTATG-1,286,41,GRCh38
TCACTGTTCCATCGTT-1,37595,197,Multiplet
TCACTGTTCCCGGCTT-1,127,37,GRCh38
TCACTGTTCGATCCAA-1,10394,75,GRCh38
TCACTGTTCGATGTGC-1,190,35,GRCh38
TCACTGTTCGTAACCA-1,5348,104,GRCh38
TCACTGTTCGTACTTC-1,180,35,GRCh38
TCACTGTTCTGGATAT-1,1710,29,GRCh38
TCACTTATCCACCATT-1,303,48,GRCh38
TCACTTATCCCCAGGA-1,23944,117,GRCh38
TCACTTATCCTCGTGC-1,3237,37,GRCh38
TCACTTATCGTCTAAG-1,24197,155,Multiplet
TCACTTATCTATGGTG-1,137,34,GRCh38
TCACTTGCAACCGGAC-1,10860,204,Multiplet
TCACTTGCAAGCGGTC-1,4855,86,GRCh38
TCACTTGCAAGTGTCG-1,156,35,GRCh38
TCACTTGCATTCCTAG-1,442,51,GRCh38
TCAGAGGAGGAGCTTC-1,1636,46,GRCh38
TCAGAGGAGTAGTCCA-1,22476,106,GRCh38
TCAGATTAGGGCTCAT-1,4650,123,GRCh38
TCAGATTAGTAGCTGC-1,4300,175,Multiplet
TCAGCAATCAGCCCGA-1,10779,268,Multiplet
TCAGCAATCATGTAAC-1,3181,30,GRCh38
TCAGCAATCCCTGTAT-1,566,60,GRCh38
TCAGCAATCCGCCAAG-1,288,38,GRCh38
TCAGCAATCGAGTCTA-1,1864,52,GRCh38
TCAGCATGTAATCGTC-1,122,33,GRCh38
TCAGCATGTGATGCCC-1,4076,67,GRCh38
TCAGCATGTGGACCGA-1,9330,106,GRCh38
TCAGCATGTTCGGGTC-1,152,37,GRCh38
TCAGCCAGTGCATTAC-1,341,34,GRCh38
TCAGCCAGTTCGGCAC-1,2158,61,GRCh38
TCAGCGCGTAGCGACG-1,1024,171,Multiplet
TCAGCGCGTGCAGTAA-1,16182,77,GRCh38
TCAGCGCGTGCGGACA-1,15218,119,GRCh38
TCAGCTAAGCATGCAC-1,102,33,GRCh38
TCAGCTAAGGCTACCG-1,191,35,GRCh38
TCAGCTAAGTGCTGAC-1,19156,118,GRCh38
TCAGCTGGTAACGGTA-1,1511,72,GRCh38
TCAGCTGGTATAGTCC-1,380,46,GRCh38
TCAGGTCAGCCTCTGC-1,274,63,GRCh38
TCAGGTTGTAACGCGG-1,630,26,GRCh38
TCAGGTTGTAGGCCAG-1,3527,87,GRCh38
TCAGGTTGTGAGGCAT-1,22655,145,Multiplet
TCAGGTTGTTGGTCTG-1,3274,126,GRCh38
TCAGTAACAACATAGC-1,5951,47,GRCh38
TCAGTAACAGCCTAAG-1,5701,254,Multiplet
TCAGTAACATTGCCAC-1,515,142,GRCh38
TCAGTAGTCACTTCAC-1,532,22,GRCh38
TCAGTAGTCCCGCGAA-1,2802,61,GRCh38
TCAGTAGTCCTCGTCA-1,5299,44,GRCh38
TCAGTAGTCGTTAAGT-1,5805,146,Multiplet
TCAGTAGTCTCACACT-1,410,37,GRCh38
TCAGTAGTCTGGCCGA-1,587,35,GRCh38
TCAGTATAGGATACTT-1,4655,46,GRCh38
TCAGTATAGTCGCATA-1,348,45,GRCh38
TCAGTCAAGATTAAGG-1,837,33,GRCh38
TCAGTCAAGGTACCAC-1,6477,90,GRCh38
TCAGTTAGTAATGTGG-1,2952,54,GRCh38
TCAGTTAGTCAGTAAG-1,117,423,mm10
TCAGTTAGTCTGTCCT-1,324,45,GRCh38
TCAGTTAGTTGGAGTA-1,747,21,GRCh38
TCAGTTGAGCATCGGT-1,28220,152,Multiplet
TCATAACAGCGGTCAT-1,251,37,GRCh38
TCATAACAGGATTGCC-1,20164,257,Multiplet
TCATAACAGGGGCTAA-1,19311,156,Multiplet
TCATAGGTCAATTCCC-1,133,36,GRCh38
TCATAGGTCCAACCTT-1,120,33,GRCh38
TCATAGGTCCTGTCGC-1,5124,96,GRCh38
TCATAGTAGTGAAGCG-1,1298,77,GRCh38
TCATAGTAGTGAGGCA-1,578,18,GRCh38
TCATATGGTAACCCTG-1,146,33,GRCh38
TCATATGGTAATTGCC-1,21830,172,Multiplet
TCATATGGTAGTGCAA-1,26041,120,GRCh38
TCATATGGTGCAATGA-1,19804,80,GRCh38
TCATATGGTTATCGGT-1,13482,71,GRCh38
TCATATGGTTCGTCAG-1,306,57,GRCh38
TCATATGGTTCGTTGG-1,50820,161,Multiplet
TCATATGGTTGGCTGC-1,131,39,GRCh38
TCATCAAGTAAGGTTG-1,1574,31,GRCh38
TCATCAAGTCCCGTAA-1,163,36,GRCh38
TCATCAAGTTGTCCAG-1,286,47,GRCh38
TCATCATCAACATCCC-1,26096,139,GRCh38
TCATCATCACTAGGGC-1,25277,143,GRCh38
TCATCATCACTTGGTC-1,129,34,GRCh38
TCATCATCAGTACTCC-1,124,35,GRCh38
TCATCGAAGATTAGAG-1,30355,91,GRCh38
TCATCGAAGCGACTAC-1,7625,81,GRCh38
TCATCGCCAAACCGTG-1,208,49,GRCh38
TCATCGCCAATCGCTC-1,20307,151,Multiplet
TCATCGCCATCCAATT-1,1931,153,Multiplet
TCATCGCCATGCTACC-1,157,37,GRCh38
TCATCGTTCACTTGAG-1,20389,113,GRCh38
TCATCGTTCATCGTTC-1,274,48,GRCh38
TCATCGTTCCATCCTG-1,25438,99,GRCh38
TCATCGTTCCGGTTAA-1,304,33,GRCh38
TCATCTATCACCTCTG-1,1312,58,GRCh38
TCATCTATCAGCAGAG-1,37412,154,Multiplet
TCATCTATCCTCTACG-1,26203,205,Multiplet
TCATCTATCGATGCGT-1,134,63,GRCh38
TCATGCAAGCCAATCA-1,471,48,GRCh38
TCATGCAAGCGCTGCA-1,160,33,GRCh38
TCATGCTTCCCATGCC-1,146,46,GRCh38
TCATGCTTCCTCAACT-1,4656,43,GRCh38
TCATGCTTCGATCATG-1,27636,190,Multiplet
TCATGCTTCTATGGCA-1,8161,136,GRCh38
TCATGGATCCTCGTCA-1,3451,28,GRCh38
TCATGGATCCTGAAGC-1,15692,129,GRCh38
TCATGGGCAAATCAGC-1,300,101,GRCh38
TCATGGGCAATTGCTT-1,19819,113,GRCh38
TCATGGGCACATGCAG-1,10446,163,Multiplet
TCATGGGCATCACATT-1,5865,98,GRCh38
TCATGGGCATGGCTAG-1,5417,87,GRCh38
TCATGTGAGGCTTAAT-1,5472,88,GRCh38
TCATGTGAGTAGGAGT-1,8379,114,GRCh38
TCATGTGAGTTGGTAT-1,39812,168,Multiplet
TCATGTTCAATCTAAG-1,677,56,GRCh38
TCATGTTCAGCAGGTC-1,325,40,GRCh38
TCATTAGGTAGCTGCC-1,143,39,GRCh38
TCATTAGGTATGTCCG-1,4422,72,GRCh38
TCATTAGGTATGTGCT-1,2391,24,GRCh38
TCATTAGGTGATCCAT-1,9921,127,GRCh38
TCATTAGGTTGTCCGA-1,5464,79,GRCh38
TCATTCATCATGCCTT-1,4434,153,Multiplet
TCATTCATCCAGGTAC-1,519,67,GRCh38
TCATTCATCCCAGTAA-1,20692,80,GRCh38
TCATTCATCGACCGCA-1,262,41,GRCh38
TCATTCATCTAACCTC-1,278,44,GRCh38
TCATTCATCTAATGGT-1,255,43,GRCh38
TCATTCGCAAATCGGT-1,20896,186,Multiplet
TCATTCGCACAGCCTT-1,2478,94,GRCh38
TCATTCGCAGGGCTTA-1,243,40,GRCh38
TCATTGCTCATACTCC-1,111,40,GRCh38
TCATTGCTCCCGTGTC-1,141,33,GRCh38
TCATTGCTCCGCGACA-1,1821,54,GRCh38
TCATTGCTCTAGCCTT-1,8906,85,GRCh38
TCCAAAGTCCATCAAG-1,22153,132,GRCh38
TCCAAAGTCCGCCATC-1,11890,86,GRCh38
TCCAAAGTCCGCGTCT-1,3181,38,GRCh38
TCCAAAGTCGATGTGC-1,232,33,GRCh38
TCCAAAGTCTTGACGA-1,216,34,GRCh38
TCCAACCCAACCTGCT-1,13914,128,GRCh38
TCCAACCCAACGTGCA-1,672,10,GRCh38
TCCAACCCAGGATCAT-1,12638,77,GRCh38
TCCAACTTCAGGCACT-1,41590,193,Multiplet
TCCAACTTCCCATATC-1,267,48,GRCh38
TCCAACTTCCCTCAGC-1,187,47,GRCh38
TCCAACTTCGATGGAG-1,4668,127,GRCh38
TCCAACTTCTATGAGT-1,605,51,GRCh38
TCCAACTTCTCACTGT-1,17866,103,GRCh38
TCCAAGGCAAACCAAC-1,70242,211,Multiplet
TCCAAGGCACCTCGCA-1,150,33,GRCh38
TCCAAGGCACTTGCCG-1,45396,158,Multiplet
TCCAATAGTAAGGTTG-1,16308,68,GRCh38
TCCAATAGTCATGAAG-1,10187,54,GRCh38
TCCAATAGTTGCTTGG-1,267,40,GRCh38
TCCAATAGTTTCACTT-1,7409,86,GRCh38
TCCAATAGTTTCGTCC-1,138,42,GRCh38
TCCAATGAGCCAGATC-1,256,36,GRCh38
TCCAATGAGGTTCGAC-1,155,36,GRCh38
TCCAATGAGTCGCGCA-1,851,174,Multiplet
TCCAATTCATGGTGTG-1,27374,199,Multiplet
TCCACACCAATGCCCT-1,119,42,GRCh38
TCCACACCAATGTCGG-1,273,42,GRCh38
TCCACACCACAATGCG-1,318,39,GRCh38
TCCACACCACATGCCT-1,156,33,GRCh38
TCCACACCACCATCTA-1,161,33,GRCh38
TCCACACCACTACCAC-1,205,35,GRCh38
TCCACACCACTATCGC-1,133,37,GRCh38
TCCACACCAGCACGAC-1,3252,22,GRCh38
TCCACACCATCCATAT-1,320,49,GRCh38
TCCACACCATTAACTC-1,1765,14,GRCh38
TCCACATTCACCTTCG-1,24167,149,Multiplet
TCCACATTCATCACTC-1,321,62,GRCh38
TCCACATTCCTGCGCT-1,302,52,GRCh38
TCCACATTCTATCTGC-1,122,34,GRCh38
TCCACCATCGCTGAGT-1,1683,196,Multiplet
TCCACCATCTAAGTAC-1,147,33,GRCh38
TCCACCGCAAACTTGA-1,195,36,GRCh38
TCCACCGCAATCATAG-1,118,35,GRCh38
TCCACCGCATAACGGT-1,11657,66,GRCh38
TCCACCGCATTACCTG-1,142,36,GRCh38
TCCACCTGTAGGTCCC-1,417,410,Multiplet
TCCACCTGTCAGCTTG-1,5742,47,GRCh38
TCCACCTGTTAGCCCA-1,128,33,GRCh38
TCCACCTGTTCCTCAC-1,164,34,GRCh38
TCCACCTGTTGGTCTG-1,50184,134,GRCh38
TCCACCTGTTTGCGGC-1,3064,102,GRCh38
TCCACTTAGGATGGTG-1,1354,38,GRCh38
TCCACTTAGGTTAGTT-1,40045,132,GRCh38
TCCACTTAGTGCCTAA-1,818,25,GRCh38
TCCACTTAGTTGCCGG-1,289,52,GRCh38
TCCAGCTCAACCTGAG-1,12334,116,GRCh38
TCCAGCTCAGCACGGT-1,814,67,GRCh38
TCCAGCTCAGTAAGCT-1,1553,91,GRCh38
TCCAGCTCATTAACCT-1,6807,111,GRCh38
TCCAGGCGTTGTCCGA-1,2353,35,GRCh38
TCCAGGTAGGAACCGA-1,129,35,GRCh38
TCCAGGTAGGAGGTAT-1,24350,185,Multiplet
TCCAGGTAGGTCAACC-1,18508,136,GRCh38
TCCAGTAAGCTTACAG-1,2766,33,GRCh38
TCCAGTAAGGATACCC-1,3109,30,GRCh38
TCCAGTAAGGCGAGAC-1,23187,130,GRCh38
TCCAGTAAGGTTAGTT-1,4946,55,GRCh38
TCCAGTAAGTCGCAAC-1,58917,145,Multiplet
TCCAGTTTCACTTCGT-1,831,33,GRCh38
TCCAGTTTCAGCACTA-1,99,34,GRCh38
TCCAGTTTCGAAGTCC-1,4626,64,GRCh38
TCCATAAGTATAGACG-1,100,35,GRCh38
TCCATAAGTATGTGAG-1,54113,123,GRCh38
TCCATAAGTTCGCAGC-1,5007,99,GRCh38
TCCATAGAGCCTGCGA-1,1491,74,GRCh38
TCCATAGAGGTTGCAC-1,2158,33,GRCh38
TCCATCACAATTAGTG-1,604,43,GRCh38
TCCATCACACAGGCTA-1,26048,70,GRCh38
TCCATCACACCTGGAA-1,28469,252,Multiplet
TCCATCACACTCAAGG-1,1332,268,Multiplet
TCCATCACACTTCACA-1,6707,77,GRCh38
TCCATCACATAACTGA-1,26395,302,Multiplet
TCCATCACATTAGGAC-1,281,39,GRCh38
TCCATCCGTGACTCCA-1,122,34,GRCh38
TCCATCCGTTCCCTGT-1,304,72,GRCh38
TCCATCCGTTCGCGTA-1,5051,106,GRCh38
TCCATGAAGATAGGTA-1,1564,122,GRCh38
TCCATGAAGCGAGTCT-1,23125,96,GRCh38
TCCATGAAGGTCATTG-1,11286,70,GRCh38
TCCATGAAGTAGACTT-1,8652,56,GRCh38
TCCATGGGTCATTCGG-1,6679,90,GRCh38
TCCATGGGTCCATTCC-1,170,33,GRCh38
TCCATGGGTTTCACGG-1,785,21,GRCh38
TCCATTATCCGCTGTC-1,169,39,GRCh38
TCCATTATCCTCATGT-1,651,36,GRCh38
TCCATTATCGTTGCCC-1,135,34,GRCh38
TCCATTCAGATTAGGA-1,5559,66,GRCh38
TCCATTCAGCGGATAG-1,7907,133,GRCh38
TCCATTGCAACCGTCT-1,128,41,GRCh38
TCCATTGCACATTACT-1,64534,198,Multiplet
TCCATTGCACTAGCCT-1,4988,68,GRCh38
TCCATTGCATCACACC-1,5134,52,GRCh38
TCCATTGCATGCGTCT-1,2014,54,GRCh38
TCCATTGCATGCGTTC-1,209,33,GRCh38
TCCCAACCAACCAAGT-1,6942,92,GRCh38
TCCCAACCAAGTGCCA-1,635,31,GRCh38
TCCCAACCAAGTTAGC-1,134,46,GRCh38
TCCCAACCACATTCCA-1,2828,109,GRCh38
TCCCAACCATGCTCCG-1,37034,188,Multiplet
TCCCAACCATTACCGC-1,42484,171,Multiplet
TCCCAAGGTATGGTAG-1,576,38,GRCh38
TCCCAAGGTTATAGCC-1,17959,131,GRCh38
TCCCAATTCCGCGAAT-1,41806,201,Multiplet
TCCCAATTCGAGCACT-1,1199,12,GRCh38
TCCCACGCAACCATCC-1,118,40,GRCh38
TCCCACGCAATGGAGA-1,278,42,GRCh38
TCCCACGCAGGTATCG-1,248,35,GRCh38
TCCCACGCAGTAATGC-1,3480,59,GRCh38
TCCCACGCATCGAAGT-1,14182,34,GRCh38
TCCCACGCATGCGTTC-1,158,34,GRCh38
TCCCAGCTCAATTCCC-1,640,60,GRCh38
TCCCAGCTCATGCACA-1,2505,26,GRCh38
TCCCAGCTCATGTGTG-1,25045,163,Multiplet
TCCCAGCTCCGCACGA-1,234,43,GRCh38
TCCCAGCTCCGCGCTT-1,26398,151,Multiplet
TCCCAGCTCGAACCGT-1,256,44,GRCh38
TCCCATTAGCCTACCC-1,2167,34,GRCh38
TCCCATTAGGGCTATC-1,927,34,GRCh38
TCCCCAATCATGGTGC-1,61156,237,Multiplet
TCCCCAATCCCCTGGT-1,1094,18,GRCh38
TCCCCAATCCTGCTGC-1,2332,82,GRCh38
TCCCCAGCAAGCTTAA-1,288,36,GRCh38
TCCCCAGCAATACGGT-1,1525,16,GRCh38
TCCCCAGCAATAGGTC-1,345,65,GRCh38
TCCCCAGCAGCATGTG-1,12639,85,GRCh38
TCCCCAGCAGTAAGCT-1,109,40,GRCh38
TCCCCAGCATGCTGCT-1,18417,125,GRCh38
TCCCCTAAGCATGATT-1,11774,160,Multiplet
TCCCCTGGTGCGTGAG-1,3135,78,GRCh38
TCCCCTGGTGCGTGCT-1,166,46,GRCh38
TCCCCTGGTTGGGCCT-1,143,33,GRCh38
TCCCGATCAACGTTCC-1,1100,46,GRCh38
TCCCGATCAGCTCGTT-1,61454,122,GRCh38
TCCCGATCATTACCCA-1,2536,21,GRCh38
TCCCGTTGTCTGTGTG-1,46449,188,Multiplet
TCCCGTTGTGCAAGGT-1,135,55,GRCh38
TCCCGTTGTTATGACC-1,149,39,GRCh38
TCCCGTTGTTGGACGG-1,555,98,GRCh38
TCCCGTTGTTTCCGCT-1,5610,50,GRCh38
TCCCGTTGTTTGGCTG-1,133,36,GRCh38
TCCCTAACAAATTCGA-1,21418,123,GRCh38
TCCCTAACATCACGGA-1,39935,184,Multiplet
TCCCTAGTCTAGCCTT-1,367,46,GRCh38
TCCCTCAAGATTCACG-1,1832,54,GRCh38
TCCCTCAAGCTATACG-1,3765,124,GRCh38
TCCCTCAAGTCATACG-1,7546,102,GRCh38
TCCCTGATCCACCTAT-1,127,34,GRCh38
TCCCTGATCCAGGTTA-1,15110,106,GRCh38
TCCCTGATCCATGACA-1,145,40,GRCh38
TCCCTGATCGATGCGT-1,18961,102,GRCh38
TCCCTGATCTCATGCT-1,141,34,GRCh38
TCCCTTAGTAACCGAA-1,5294,20,GRCh38
TCCCTTAGTGGCGATG-1,862,22,GRCh38
TCCCTTAGTTTACTCT-1,4626,21,GRCh38
TCCCTTAGTTTAGTTG-1,25026,163,Multiplet
TCCCTTGAGCGAAGCA-1,5679,36,GRCh38
TCCCTTGAGCTTAGGC-1,43356,212,Multiplet
TCCCTTGAGGTCAAGG-1,1069,22,GRCh38
TCCCTTGAGTGCCCAG-1,4592,30,GRCh38
TCCTAATCAAACCAGT-1,5417,79,GRCh38
TCCTAATCAAGCTGCA-1,120,35,GRCh38
TCCTAATCAATAGACC-1,3577,135,GRCh38
TCCTAATCAGGTAGGG-1,703,58,GRCh38
TCCTAATCAGTTGCCT-1,352,72,GRCh38
TCCTAGAAGCCTCTCA-1,397,36,GRCh38
TCCTAGAAGGTTACGC-1,147,39,GRCh38
TCCTAGAAGTCATTCC-1,10107,81,GRCh38
TCCTATATCAAGTATC-1,13783,154,Multiplet
TCCTATATCACCACGG-1,151,37,GRCh38
TCCTATATCACGGATC-1,3861,219,Multiplet
TCCTATATCGCTTCCA-1,190,42,GRCh38
TCCTATTGTCATTCGG-1,111,34,GRCh38
TCCTATTGTTCACTCC-1,143,33,GRCh38
TCCTATTGTTCCAGCA-1,17108,153,Multiplet
TCCTCAACAACCCTTA-1,925,25,GRCh38
TCCTCAACAATAGCAC-1,268,59,GRCh38
TCCTCAACACATGCCT-1,2655,136,GRCh38
TCCTCAACACTATCGC-1,30874,282,Multiplet
TCCTCAACAGCTAACG-1,11933,291,Multiplet
TCCTCAACATCGTTGC-1,56843,153,Multiplet
TCCTCAACATTACATC-1,824,34,GRCh38
TCCTCAACATTGGCGA-1,17969,120,GRCh38
TCCTCTTCAAGTCGCA-1,52336,256,Multiplet
TCCTCTTCAAGTTCAA-1,17785,220,Multiplet
TCCTCTTCAATCCTGC-1,29669,157,Multiplet
TCCTCTTCAATGCGTG-1,125,34,GRCh38
TCCTCTTCATCCTGCG-1,159,35,GRCh38
TCCTCTTCATTACCAT-1,125,42,GRCh38
TCCTCTTCATTACCTG-1,95,33,GRCh38
TCCTGACCAACCTGTC-1,31216,261,Multiplet
TCCTGACCAAGCTGCA-1,2067,48,GRCh38
TCCTGACCAAGGTCCA-1,43483,172,Multiplet
TCCTGCATCAGCCATA-1,220,62,GRCh38
TCCTGCATCATCTGTC-1,381,78,GRCh38
TCCTGCATCCCTGATT-1,216,36,GRCh38
TCCTGCATCGTTCGGG-1,4214,54,GRCh38
TCCTGGTCACATGCGA-1,465,37,GRCh38
TCCTGGTCACCTAATT-1,162,33,GRCh38
TCCTGGTCACCTGTAC-1,1149,55,GRCh38
TCCTGGTCAGCCATCT-1,152,33,GRCh38
TCCTGGTCAGCTACTC-1,3102,42,GRCh38
TCCTGGTCATAACGGT-1,176,49,GRCh38
TCCTGTTAGATTCCAG-1,13802,367,Multiplet
TCCTGTTAGTGCCCGA-1,104,33,GRCh38
TCCTTAATCAATCCGA-1,441,38,GRCh38
TCCTTAATCACACACA-1,4695,73,GRCh38
TCCTTAATCACTCTAC-1,230,51,GRCh38
TCCTTAATCAGGTGAG-1,6142,27,GRCh38
TCCTTAATCATAGAGA-1,22865,153,Multiplet
TCCTTAATCCGGGTCA-1,6880,38,GRCh38
TCCTTATGTAGTCATC-1,166,39,GRCh38
TCCTTATGTCATCCTC-1,131,34,GRCh38
TCCTTATGTGAAGTGC-1,13805,105,GRCh38
TCCTTATGTGCGTGAG-1,42114,200,Multiplet
TCCTTCCTCCAATTCC-1,1966,62,GRCh38
TCCTTCCTCCACCTTG-1,124,37,GRCh38
TCCTTCCTCCCTCATG-1,8714,86,GRCh38
TCCTTCCTCCTGCGCT-1,295,49,GRCh38
TCCTTCCTCCTTCGGC-1,680,58,GRCh38
TCCTTCCTCGAGGTCT-1,762,72,GRCh38
TCCTTCCTCGCGAACT-1,346,35,GRCh38
TCCTTCCTCTAGCGCG-1,194,34,GRCh38
TCCTTCTCAAACTTGA-1,19754,107,GRCh38
TCCTTCTCAAGCATGT-1,105,36,GRCh38
TCCTTCTCAATACGAC-1,20319,185,Multiplet
TCCTTCTCAATCTCCA-1,316,33,GRCh38
TCCTTCTCACCATCCG-1,24637,143,GRCh38
TCCTTCTCAGGTTCAG-1,133,38,GRCh38
TCCTTCTCATAATCTC-1,902,45,GRCh38
TCCTTCTCATTGCCCG-1,2558,212,Multiplet
TCCTTGGTCCAACTAG-1,3446,47,GRCh38
TCCTTGGTCCCAGACG-1,2824,19,GRCh38
TCCTTGGTCGACCCAG-1,140,37,GRCh38
TCCTTGGTCGCGTGAT-1,89,33,GRCh38
TCCTTGGTCTCACTGT-1,8694,156,Multiplet
TCCTTTGGTAGTCCGC-1,2474,49,GRCh38
TCGAATGTCAGCATCA-1,11177,75,GRCh38
TCGAATGTCCATCAGA-1,264,35,GRCh38
TCGAATGTCCCTGTAT-1,11048,105,GRCh38
TCGAATGTCCCTTGAT-1,347,63,GRCh38
TCGAATGTCCGCATCC-1,661,10,GRCh38
TCGAATGTCGCGCCAA-1,4863,108,GRCh38
TCGAATTAGCCGATGT-1,467,250,Multiplet
TCGAATTAGCTAAGGG-1,38750,138,GRCh38
TCGAATTAGGATTACT-1,6672,114,GRCh38
TCGAATTAGGTGCGAA-1,33029,135,GRCh38
TCGACACAGCATGCAC-1,171,34,GRCh38
TCGACACAGCTTACTC-1,117,34,GRCh38
TCGACACAGTGATGCC-1,134,35,GRCh38
TCGACACAGTTAGCGC-1,205,64,GRCh38
TCGACCAGTAGTGCTT-1,278,34,GRCh38
TCGACCAGTTTCCATT-1,3877,82,GRCh38
TCGACCTCAAACCACG-1,277,35,GRCh38
TCGACCTCAACCAGTG-1,24714,202,Multiplet
TCGACCTCAACTAAGC-1,2025,60,GRCh38
TCGACCTCAATACTTC-1,201,33,GRCh38
TCGACCTCAATGAAGG-1,23668,148,Multiplet
TCGACGTAGAACCTCA-1,3391,93,GRCh38
TCGACGTAGCGCGATT-1,9704,76,GRCh38
TCGACGTAGGATGCAG-1,233,34,GRCh38
TCGACGTAGTGGCAAG-1,27838,151,Multiplet
TCGACGTAGTTGGTGC-1,128,35,GRCh38
TCGACTAAGAAGCTAA-1,1063,135,GRCh38
TCGACTAAGCCATCCC-1,272,41,GRCh38
TCGACTAAGCGCTTGG-1,158,39,GRCh38
TCGACTGGTAACGGTA-1,5034,107,GRCh38
TCGACTGGTGAACGAC-1,322,50,GRCh38
TCGACTGGTGATTCCG-1,2921,63,GRCh38
TCGACTGGTTGCGGTC-1,22375,142,GRCh38
TCGACTGGTTGGATTC-1,175,34,GRCh38
TCGACTGGTTGTCTCC-1,1072,34,GRCh38
TCGACTGGTTTGGTAC-1,148,48,GRCh38
TCGAGGTTCAAGTAAG-1,263,45,GRCh38
TCGAGGTTCACAGGGA-1,286,33,GRCh38
TCGAGGTTCCTTCCAG-1,20979,133,GRCh38
TCGAGGTTCGAACCTA-1,184,35,GRCh38
TCGATAGTCAGGACGA-1,28846,94,GRCh38
TCGATAGTCCAATGCA-1,113,111,GRCh38
TCGATAGTCCAGCCTC-1,6487,99,GRCh38
TCGATAGTCCGTCCTA-1,13941,130,GRCh38
TCGATAGTCCTCACTG-1,355,51,GRCh38
TCGATAGTCTATCGAG-1,4682,81,GRCh38
TCGATATAGAACCTGC-1,1169,14,GRCh38
TCGATATAGCATCCGG-1,15167,79,GRCh38
TCGATATAGCCACTAA-1,225,37,GRCh38
TCGATATAGCTGGCTG-1,397,36,GRCh38
TCGATATAGTAGGTCC-1,203,34,GRCh38
TCGATATAGTCAGGGA-1,327,77,GRCh38
TCGATCAAGCATGAGG-1,3368,67,GRCh38
TCGATCAAGCCTGGAT-1,13297,118,GRCh38
TCGATCAAGCGGTTCG-1,912,13,GRCh38
TCGATTAGTAGTGCAA-1,2174,78,GRCh38
TCGATTAGTCTAGTGT-1,6894,56,GRCh38
TCGATTAGTTCATCCC-1,5428,80,GRCh38
TCGATTGAGCTGGTGT-1,17561,83,GRCh38
TCGATTGAGGCGAGGT-1,4197,42,GRCh38
TCGATTGAGTAGAGTA-1,1447,24,GRCh38
TCGATTTCAAACTCAA-1,2240,38,GRCh38
TCGATTTCAATACCTT-1,197,41,GRCh38
TCGATTTCACCACATC-1,18268,91,GRCh38
TCGATTTCACTTGACC-1,22305,34,GRCh38
TCGCAAATCACTCGCC-1,11226,135,GRCh38
TCGCAAATCATGACGC-1,1088,37,GRCh38
TCGCAACAGATTCAGT-1,435,36,GRCh38
TCGCAACAGCGCATCG-1,1473,46,GRCh38
TCGCAACAGCTAACGC-1,9001,88,GRCh38
TCGCAATGTGGACACG-1,1925,323,Multiplet
TCGCAATGTTCTGGGC-1,128,38,GRCh38
TCGCAATGTTGGCCGT-1,16755,116,GRCh38
TCGCACCTCCCGTGTC-1,350,58,GRCh38
TCGCACCTCCGTAATG-1,130,36,GRCh38
TCGCACCTCCGTCATT-1,155,35,GRCh38
TCGCACCTCCGTGGAT-1,541,38,GRCh38
TCGCACCTCCTCACGC-1,124,35,GRCh38
TCGCACCTCCTGACTT-1,164,37,GRCh38
TCGCACCTCGCGAGTT-1,55293,162,Multiplet
TCGCACCTCTGGTGTA-1,215,37,GRCh38
TCGCAGACAACATCGG-1,20119,147,Multiplet
TCGCAGACATCCTGTA-1,107,45,GRCh38
TCGCAGACATGACGGC-1,4725,57,GRCh38
TCGCAGACATTACCAT-1,177,34,GRCh38
TCGCATAAGCGGTAAG-1,6472,156,Multiplet
TCGCATAAGCTAGATT-1,11471,76,GRCh38
TCGCATAAGTAATGCT-1,20388,199,Multiplet
TCGCATAAGTGACGGA-1,15115,94,GRCh38
TCGCATCCAAGTAAGG-1,21368,62,GRCh38
TCGCATCCACCTAATT-1,156,37,GRCh38
TCGCATCCACTATGCC-1,678,40,GRCh38
TCGCATCCAGCCAGTA-1,130,33,GRCh38
TCGCATCCATCACGTC-1,546,47,GRCh38
TCGCATCCATTCGTAT-1,278,45,GRCh38
TCGCATGGTGCGAGCA-1,105,46,GRCh38
TCGCATGGTGCGTGAG-1,280,39,GRCh38
TCGCATTTCACTCCAT-1,113,33,GRCh38
TCGCATTTCCGTTACT-1,182,35,GRCh38
TCGCATTTCGATATGT-1,244,47,GRCh38
TCGCCAAGTAACGCAA-1,20121,79,GRCh38
TCGCCAAGTCAGTTCG-1,1090,31,GRCh38
TCGCCAAGTTCCGTAG-1,2805,81,GRCh38
TCGCCAAGTTCGTTCC-1,18014,92,GRCh38
TCGCCAAGTTTCGCAG-1,375,50,GRCh38
TCGCCATCAACTCGCT-1,1428,31,GRCh38
TCGCCATCATTAGACA-1,172,42,GRCh38
TCGCCTATCAGCGATC-1,3321,102,GRCh38
TCGCCTATCAGGCAAG-1,482,80,GRCh38
TCGCCTATCAGGGCAA-1,44297,166,Multiplet
TCGCCTATCATGGATT-1,2741,34,GRCh38
TCGCCTATCCCAGAGT-1,4171,55,GRCh38
TCGCCTATCGCTGGAT-1,19031,110,GRCh38
TCGCCTATCTAGCTTC-1,2280,21,GRCh38
TCGCCTATCTATCGTC-1,3068,62,GRCh38
TCGCCTGCAAACCGGC-1,3904,341,Multiplet
TCGCCTGCACAGCATG-1,7126,103,GRCh38
TCGCCTGCATAGATGC-1,20912,160,Multiplet
TCGCCTTGTTGGAAGC-1,952,72,GRCh38
TCGCGATAGAATCCTG-1,4813,90,GRCh38
TCGCGATAGGCACTGT-1,1940,62,GRCh38
TCGCGATAGGTTACGC-1,283,42,GRCh38
TCGCGATAGTCGCTGG-1,222,86,GRCh38
TCGCGATAGTTGCACA-1,207,33,GRCh38
TCGCGCAAGCTGGCAT-1,18466,114,GRCh38
TCGCGCAAGGCAAGCA-1,23319,173,Multiplet
TCGCGGATCCTTAGTC-1,197,39,GRCh38
TCGCTAAAGCCATCGG-1,359,55,GRCh38
TCGCTAAAGGGGTACA-1,306,52,GRCh38
TCGCTAGGTAAGTGTG-1,3736,155,Multiplet
TCGCTAGGTAGCAGCG-1,625,24,GRCh38
TCGCTAGGTTGGCGCT-1,22189,147,Multiplet
TCGCTCGCAAGGTTCG-1,18972,108,GRCh38
TCGCTCGCAGCTAAGT-1,3529,57,GRCh38
TCGCTCTGTAGCAGTA-1,466,33,GRCh38
TCGCTCTGTCAACTGT-1,593,66,GRCh38
TCGCTCTGTCAGTCGC-1,210,45,GRCh38
TCGCTCTGTCTTACCC-1,152,33,GRCh38
TCGCTGCTCAGGATGG-1,27559,184,Multiplet
TCGCTGCTCATGACGC-1,150,39,GRCh38
TCGCTGCTCCTTCGGC-1,155,35,GRCh38
TCGCTTACAGGACATT-1,272,39,GRCh38
TCGCTTACATGATATG-1,4561,56,GRCh38
TCGCTTACATGGCCTT-1,4524,42,GRCh38
TCGCTTGTCACACTTC-1,43192,197,Multiplet
TCGCTTGTCCCCTTGA-1,4269,170,Multiplet
TCGCTTGTCCCTCAAT-1,216,74,GRCh38
TCGCTTGTCCGGTGTG-1,112,34,GRCh38
TCGCTTGTCTAAGTCG-1,14053,114,GRCh38
TCGGCAACAAAGGTCT-1,2942,61,GRCh38
TCGGCAACACAATCAA-1,9179,252,Multiplet
TCGGCAACATGGTCTC-1,1463,23,GRCh38
TCGGCAACATTACCTG-1,13561,132,GRCh38
TCGGCCAAGAAGGAAG-1,25936,170,Multiplet
TCGGCTAGTCTTGGTG-1,58309,163,Multiplet
TCGGCTAGTTCCCTGT-1,22687,158,Multiplet
TCGGCTAGTTCCTGTC-1,17987,120,GRCh38
TCGGCTAGTTTGAGGA-1,8190,96,GRCh38
TCGGCTGAGGGCTTCG-1,22030,114,GRCh38
TCGGCTGAGTTGCCGG-1,192,42,GRCh38
TCGGCTGAGTTGGGCT-1,4041,112,GRCh38
TCGGGCATCCCGGCAA-1,15582,115,GRCh38
TCGGGCATCGATGCAC-1,159,33,GRCh38
TCGGGCATCTCACATC-1,32082,187,Multiplet
TCGGGGTCAAGCTTCC-1,37947,125,GRCh38
TCGGGGTCAAGTTCAA-1,1525,118,GRCh38
TCGGGGTCATAGACCG-1,37948,196,Multiplet
TCGGGTTAGCAATCCA-1,259,34,GRCh38
TCGGGTTAGCATCCGG-1,40225,140,GRCh38
TCGGGTTAGCATGGAG-1,675,29,GRCh38
TCGGGTTAGGGGATGC-1,14863,223,Multiplet
TCGGTAATCAGCCATA-1,50232,160,Multiplet
TCGGTAATCCCCATGC-1,5334,88,GRCh38
TCGGTAATCCCGCATC-1,20940,130,GRCh38
TCGGTAATCGCTTCGC-1,95,39,GRCh38
TCGGTATGTAGGTTAG-1,1362,14,GRCh38
TCGGTATGTTACTGCG-1,4428,53,GRCh38
TCGGTCAGTAGTGCGG-1,1834,25,GRCh38
TCGGTCAGTTGCGACC-1,106,58,GRCh38
TCGGTCAGTTTGCACG-1,235,40,GRCh38
TCGGTTAAGCAGGGAC-1,37314,171,Multiplet
TCGGTTAAGCCACTCC-1,1103,15,GRCh38
TCGGTTAAGGTACGGA-1,204,35,GRCh38
TCGGTTAAGTCGAGAG-1,22969,99,GRCh38
TCGGTTGGTAACCCTG-1,16239,91,GRCh38
TCGGTTGGTCTTGATA-1,4039,85,GRCh38
TCGGTTGGTGAAGTGC-1,40079,198,Multiplet
TCGGTTGGTGGGTATA-1,321,35,GRCh38
TCGGTTGGTTAGGTTC-1,6107,41,GRCh38
TCGTAATAGGATGTAA-1,9342,66,GRCh38
TCGTAATAGTGTCATG-1,23450,145,Multiplet
TCGTACCCAGCTCGTT-1,114,35,GRCh38
TCGTACCCATCCTTAG-1,22082,140,GRCh38
TCGTACGGTGAGATTG-1,190,41,GRCh38
TCGTACGGTTAGGCTT-1,1964,42,GRCh38
TCGTACTTCCCGGCAA-1,759,207,Multiplet
TCGTACTTCCCTCGGT-1,234,52,GRCh38
TCGTCAAAGGATGTAA-1,248,42,GRCh38
TCGTCACCAAAGGTGA-1,30479,151,Multiplet
TCGTCACCAAATGACC-1,4498,37,GRCh38
TCGTCACCAATTAACG-1,826,27,GRCh38
TCGTCACCACATGCGA-1,342,34,GRCh38
TCGTCACCACCTTCCC-1,2588,62,GRCh38
TCGTCACCACTTCAAT-1,213,40,GRCh38
TCGTCACCAGGAGCAG-1,236,33,GRCh38
TCGTCACCATAACCTT-1,6162,43,GRCh38
TCGTCACCATTGCCGT-1,138,70,GRCh38
TCGTCACCATTGCGTC-1,229,37,GRCh38
TCGTCATTCCCATACT-1,198,55,GRCh38
TCGTCATTCCGCGTGA-1,1788,41,GRCh38
TCGTCATTCGATTGAT-1,24965,159,Multiplet
TCGTCATTCGTCTCCA-1,5387,65,GRCh38
TCGTCATTCTAATGCG-1,25244,162,Multiplet
TCGTCCATCACATGGC-1,124,38,GRCh38
TCGTCCATCCTGATCT-1,54214,99,GRCh38
TCGTCCATCGCTGGCA-1,26668,151,Multiplet
TCGTCCATCGCTTGAA-1,62270,100,GRCh38
TCGTGAATCCCTCACA-1,6902,64,GRCh38
TCGTGATGTGAGGCTG-1,549,9,GRCh38
TCGTGCCTCAATCAAC-1,35114,92,GRCh38
TCGTGCCTCAGCAACC-1,2725,27,GRCh38
TCGTGCCTCAGTTGCA-1,9850,93,GRCh38
TCGTGCCTCCTGTACT-1,129,37,GRCh38
TCGTGCCTCGATTGCA-1,270,33,GRCh38
TCGTGCCTCGTGATAT-1,1114,8,GRCh38
TCGTGGACAACTGTGG-1,867,9,GRCh38
TCGTGGACACTAGCAG-1,19814,162,Multiplet
TCGTGTCCAAGTGCCA-1,2385,29,GRCh38
TCGTGTCCAGGCAGGA-1,5973,42,GRCh38
TCGTTAAGTCAACTCG-1,578,15,GRCh38
TCGTTAAGTTCTGTGG-1,2392,28,GRCh38
TCGTTAAGTTGCCTCT-1,2793,286,Multiplet
TCGTTAGAGATAGAGC-1,4681,99,GRCh38
TCGTTAGAGATTAGCT-1,536,22,GRCh38
TCGTTAGAGGTCATTG-1,2271,47,GRCh38
TCGTTAGAGTCGCAGT-1,1873,31,GRCh38
TCGTTCCGTTGGCATT-1,19324,89,GRCh38
TCGTTGAAGCCTGCCT-1,303,45,GRCh38
TCGTTGAAGTAGCTCA-1,27382,120,GRCh38
TCGTTGGGTTGAGGAC-1,412,40,GRCh38
TCGTTGGGTTTGGTAC-1,158,34,GRCh38
TCGTTTCAGCATATCG-1,542,21,GRCh38
TCGTTTGCAAACCATA-1,153,33,GRCh38
TCGTTTGCAAACTCGG-1,278,51,GRCh38
TCGTTTGCAAATTCGA-1,18785,149,Multiplet
TCGTTTGCAAGTAGAG-1,2804,23,GRCh38
TCGTTTGCAGCACGTA-1,2283,32,GRCh38
TCGTTTGCATAGGTCG-1,200,34,GRCh38
TCGTTTGCATCCTATG-1,6370,60,GRCh38
TCTAACCTCCACGGAT-1,8614,65,GRCh38
TCTAACCTCCATCATC-1,4735,382,Multiplet
TCTAACCTCCCTGTCA-1,18718,113,GRCh38
TCTAACCTCCGGAGTT-1,28494,175,Multiplet
TCTAACCTCCTGCGCT-1,6848,68,GRCh38
TCTAACCTCCTTCGGC-1,126,34,GRCh38
TCTAACCTCGATTGAT-1,125,34,GRCh38
TCTAACCTCGTACCGG-1,147,37,GRCh38
TCTAACCTCTATCGTC-1,8695,144,GRCh38
TCTAAGGTCAATGTAC-1,54501,222,Multiplet
TCTAATCCAACATACA-1,18252,95,GRCh38
TCTAATCCAACTGCGA-1,145,35,GRCh38
TCTAATCCACCTATGC-1,416,91,GRCh38
TCTAATCCAGCACTAG-1,152,34,GRCh38
TCTAATGGTAGTGAGC-1,3969,55,GRCh38
TCTAATGGTCTAGCCA-1,2993,59,GRCh38
TCTAATGGTGATGCTT-1,343,47,GRCh38
TCTAATGGTGGACATA-1,5490,60,GRCh38
TCTACAAGTAAGGTCA-1,157,36,GRCh38
TCTACAAGTAGGTAGC-1,642,53,GRCh38
TCTACAAGTATTGGCT-1,42886,176,Multiplet
TCTACAAGTCAGGCAG-1,254,35,GRCh38
TCTACAAGTGAGTAAT-1,1081,33,GRCh38
TCTACAAGTGATCCTG-1,8295,42,GRCh38
TCTACAAGTTAAGTCC-1,127,57,GRCh38
TCTACAAGTTGAGTAG-1,1134,13,GRCh38
TCTACATCAATATCTC-1,11702,80,GRCh38
TCTACATCAGGTAATC-1,5249,114,GRCh38
TCTACGAAGGATTGCC-1,240,35,GRCh38
TCTACGAAGTCGACAC-1,105,36,GRCh38
TCTACGCCAAATGACC-1,22580,143,GRCh38
TCTACGCCAAATGCTA-1,4538,52,GRCh38
TCTACGCCAACCCTGT-1,6694,57,GRCh38
TCTACGCCAACGGCTA-1,8460,87,GRCh38
TCTACGCCATAACTAG-1,2037,54,GRCh38
TCTACGGGTTTAGCAC-1,108,35,GRCh38
TCTACGTTCACAGCAC-1,274,45,GRCh38
TCTACGTTCCCCAGTC-1,182,45,GRCh38
TCTACGTTCGTCTACT-1,16711,79,GRCh38
TCTACTATCAAGTCTG-1,16819,110,GRCh38
TCTACTATCCAACCGG-1,31377,187,Multiplet
TCTACTGCAACTGGAT-1,287,39,GRCh38
TCTACTGCACCTTAGC-1,2916,49,GRCh38
TCTACTGCAGCAGGAG-1,207,34,GRCh38
TCTACTGCATAACCTT-1,29230,187,Multiplet
TCTACTGCATCCGTAC-1,20138,147,Multiplet
TCTACTGCATGATTAG-1,52288,163,Multiplet
TCTACTTGTAGTAACG-1,2065,23,GRCh38
TCTACTTGTGGCGAAT-1,960,19,GRCh38
TCTACTTGTTAATGCC-1,18750,106,GRCh38
TCTACTTGTTCGTCTC-1,128,48,GRCh38
TCTACTTGTTGACCGC-1,185,39,GRCh38
TCTAGCGGTAACGGTA-1,20817,132,GRCh38
TCTAGCGGTAACTGTC-1,1472,120,GRCh38
TCTAGCGGTATGTCAC-1,4008,78,GRCh38
TCTAGCGGTTAGCCTG-1,126,35,GRCh38
TCTAGCGGTTGTGAAG-1,425,109,GRCh38
TCTAGCTTCCATCGAA-1,46460,90,GRCh38
TCTAGCTTCGATATGT-1,3048,40,GRCh38
TCTAGTGAGCCTGAAC-1,1867,32,GRCh38
TCTAGTGAGCGCTCGA-1,3292,91,GRCh38
TCTAGTGAGCGGTAGA-1,17937,105,GRCh38
TCTAGTGAGTCAGGCT-1,576,25,GRCh38
TCTATAGGTCAACGAA-1,5414,147,Multiplet
TCTATAGGTCAGCATT-1,2681,61,GRCh38
TCTATAGGTCTTGATA-1,17524,71,GRCh38
TCTATAGGTTGACCTG-1,40345,97,GRCh38
TCTATAGGTTGACGGG-1,689,67,GRCh38
TCTATCGCAACTATCT-1,570,33,GRCh38
TCTATCGCACATAGTA-1,121,36,GRCh38
TCTATCGCAGCTACCT-1,21328,119,GRCh38
TCTATCGCAGGAATGA-1,14503,83,GRCh38
TCTATCGCATTAGTCT-1,32029,138,GRCh38
TCTATCTGTAACGCAA-1,9080,75,GRCh38
TCTATCTGTCATGCTG-1,252,44,GRCh38
TCTATCTGTTGCGGTC-1,116,33,GRCh38
TCTATCTGTTGGGCCT-1,154,35,GRCh38
TCTATGAGTATGGCAA-1,37387,147,Multiplet
TCTATGCTCACGCCGA-1,346,40,GRCh38
TCTATGCTCCATGAGC-1,4310,79,GRCh38
TCTATGCTCCGTGGAT-1,617,24,GRCh38
TCTATGCTCCTTGAGA-1,350,35,GRCh38
TCTATGCTCGCATCCC-1,9802,108,GRCh38
TCTATGCTCTGTCTAC-1,194,35,GRCh38
TCTATGGAGCGGGATA-1,635,32,GRCh38
TCTATGGAGGAGGCTA-1,1138,18,GRCh38
TCTATGGAGGATTCGC-1,225,35,GRCh38
TCTATGGAGTGGCGAA-1,931,181,Multiplet
TCTATTGTCACTTGGA-1,392,56,GRCh38
TCTATTGTCCCGGCAA-1,3970,27,GRCh38
TCTATTGTCCGTGAAC-1,51625,131,GRCh38
TCTATTGTCGACTTGA-1,176,53,GRCh38
TCTCAATCAACCCTAC-1,229,47,GRCh38
TCTCAATCAGGATAGA-1,516,54,GRCh38
TCTCAATCATGACTAA-1,47027,191,Multiplet
TCTCAATCATGGTATA-1,106,43,GRCh38
TCTCACTAGCAAGCCT-1,17627,143,GRCh38
TCTCACTAGTTGGCGT-1,1440,41,GRCh38
TCTCAGCCACCTTGGT-1,29197,166,Multiplet
TCTCAGCCAGGCTCAA-1,340,41,GRCh38
TCTCAGCCAGTACCCT-1,4354,103,GRCh38
TCTCAGCCATAAGGAG-1,56905,203,Multiplet
TCTCATATCCCTCAAT-1,5482,44,GRCh38
TCTCATCAGATAGCTT-1,3764,38,GRCh38
TCTCATCAGTTAGGAA-1,248,33,GRCh38
TCTCATTGTGCGGAAT-1,619,11,GRCh38
TCTCATTGTGGCTGCT-1,4714,78,GRCh38
TCTCATTGTGGGTCGA-1,3915,92,GRCh38
TCTCATTGTTATGCTA-1,146,35,GRCh38
TCTCCAACAAACTGCG-1,1173,23,GRCh38
TCTCCAACAAGTCCTC-1,293,34,GRCh38
TCTCCATAGCCTGACG-1,42664,170,Multiplet
TCTCCATAGCGCCTAG-1,3640,98,GRCh38
TCTCCATAGCTACCGG-1,13121,93,GRCh38
TCTCCATAGTAATGAG-1,4827,70,GRCh38
TCTCCATAGTCATCTC-1,1154,32,GRCh38
TCTCCCAAGGGGATCA-1,3771,57,GRCh38
TCTCGAGGTAACCGAA-1,52442,150,Multiplet
TCTCGAGGTTGCTTCC-1,17956,127,GRCh38
TCTCGATTCACTCTAC-1,245,44,GRCh38
TCTCGATTCACTTCCG-1,221,47,GRCh38
TCTCGATTCAGGCTAC-1,13448,194,Multiplet
TCTCGATTCCCTGATT-1,147,40,GRCh38
TCTCGATTCGATGCGT-1,46755,191,Multiplet
TCTCGATTCGATTAGT-1,290,44,GRCh38
TCTCGATTCTATGCAG-1,22653,145,Multiplet
TCTCGATTCTCACTCG-1,18429,106,GRCh38
TCTCGCATCAGGTCAC-1,304,37,GRCh38
TCTCGCATCCCGCAGA-1,99,95,GRCh38
TCTCGCATCGTTCCAT-1,5512,81,GRCh38
TCTCGCATCTAACCCT-1,145,36,GRCh38
TCTCGCGCAACCTCAC-1,168,39,GRCh38
TCTCGCGCATCCTAAT-1,246,55,GRCh38
TCTCGCGCATGAGCCA-1,271,36,GRCh38
TCTCGGCTCCTGATTC-1,23554,111,GRCh38
TCTCGGCTCGATGTAT-1,237,42,GRCh38
TCTCGGCTCGCTCACC-1,150,33,GRCh38
TCTCGGCTCGCTGACG-1,239,36,GRCh38
TCTCGGCTCTAATGGT-1,19556,155,Multiplet
TCTCGGCTCTATGCGA-1,125,49,GRCh38
TCTCGTTAGCTATGGC-1,9891,150,Multiplet
TCTCGTTAGGAATCGG-1,12774,59,GRCh38
TCTCGTTAGGAGCCTT-1,2551,54,GRCh38
TCTCGTTAGGTACGCT-1,241,47,GRCh38
TCTCGTTAGGTGAGGC-1,2762,55,GRCh38
TCTCGTTAGTAATGAG-1,55841,113,GRCh38
TCTCGTTAGTCATCAG-1,34226,117,GRCh38
TCTCTAATCACCTCTG-1,747,22,GRCh38
TCTCTAATCACGCTCC-1,944,45,GRCh38
TCTCTAATCCTCAACT-1,15191,124,GRCh38
TCTCTAATCCTCATTA-1,179,46,GRCh38
TCTCTAATCTCATGCT-1,2082,35,GRCh38
TCTCTAGCAACTAAGC-1,4503,52,GRCh38
TCTCTAGCAACTTCAT-1,16136,142,GRCh38
TCTCTAGCAAGTCGGC-1,22613,136,GRCh38
TCTCTAGCACAGCGTA-1,6476,115,GRCh38
TCTCTAGCACTCATGC-1,140,33,GRCh38
TCTCTAGCACTTCAAT-1,53776,218,Multiplet
TCTCTAGCATCCATCA-1,255,47,GRCh38
TCTCTAGCATGACCCT-1,132,111,GRCh38
TCTCTAGCATTAGGCG-1,31365,166,Multiplet
TCTCTATGTATTGAGG-1,33153,107,GRCh38
TCTCTATGTGATCAAG-1,10972,33,GRCh38
TCTCTATGTTATCAGC-1,13151,102,GRCh38
TCTCTATGTTCGTCAG-1,24726,149,Multiplet
TCTCTCCTCAATCGCA-1,246,33,GRCh38
TCTCTCCTCACAGATT-1,3764,42,GRCh38
TCTCTCCTCAGTATGT-1,275,34,GRCh38
TCTCTCCTCCGTCCAC-1,120,34,GRCh38
TCTCTCCTCGATGACC-1,269,61,GRCh38
TCTCTCCTCGCGTGAT-1,285,36,GRCh38
TCTCTGGTCAATCAGT-1,1311,37,GRCh38
TCTCTGGTCACCTAAG-1,7892,80,GRCh38
TCTCTGGTCACTCGTT-1,147,33,GRCh38
TCTCTGGTCAGTTACG-1,247,46,GRCh38
TCTCTGGTCCCCTTGA-1,1132,623,Multiplet
TCTCTGGTCCGTGAAC-1,1747,46,GRCh38
TCTCTGGTCCTCTAGT-1,130,35,GRCh38
TCTCTGGTCCTTCGGC-1,160,37,GRCh38
TCTCTGGTCGCTTCCA-1,2554,47,GRCh38
TCTGACAAGGCGTTCG-1,12761,178,Multiplet
TCTGACAAGGGTTGAG-1,7165,121,GRCh38
TCTGACAAGTGAACCC-1,5624,73,GRCh38
TCTGACCCAAATGCCG-1,28902,206,Multiplet
TCTGACCCACATGAAC-1,3075,48,GRCh38
TCTGACCCAGCACCTT-1,5564,82,GRCh38
TCTGACCCAGGTTACG-1,426,45,GRCh38
TCTGACTTCCAGAGAG-1,835,9,GRCh38
TCTGACTTCGATCGTA-1,103,35,GRCh38
TCTGACTTCGCATAGC-1,26075,127,GRCh38
TCTGAGGCAACCTGCT-1,295,33,GRCh38
TCTGAGGCAAGGTTCG-1,807,19,GRCh38
TCTGAGGCAAGTGTGT-1,516,79,GRCh38
TCTGAGGCACAACCGA-1,252,35,GRCh38
TCTGAGGCACATTCGC-1,25378,173,Multiplet
TCTGAGGCACTAGCAG-1,221,189,Multiplet
TCTGAGGCATTGACGG-1,295,36,GRCh38
TCTGATAGTATGTGCT-1,275,36,GRCh38
TCTGATAGTCCCGATA-1,10906,202,Multiplet
TCTGATAGTTAGACTC-1,8763,68,GRCh38
TCTGATAGTTCGTCAG-1,688,59,GRCh38
TCTGATAGTTCTGGTG-1,209,38,GRCh38
TCTGATGAGATTGGTT-1,4356,124,GRCh38
TCTGATGAGCAGGCTT-1,3139,101,GRCh38
TCTGATGAGCGGTAGA-1,174,43,GRCh38
TCTGATGAGGTATGAA-1,4148,41,GRCh38
TCTGATGAGTGCTGGT-1,172,46,GRCh38
TCTGCAAAGGATTCAT-1,8225,28,GRCh38
TCTGCAAAGGCGTAAG-1,5438,75,GRCh38
TCTGCAAAGTGGCCTG-1,11322,95,GRCh38
TCTGCACCATCCACTA-1,402,51,GRCh38
TCTGCACCATTAACTC-1,132,42,GRCh38
TCTGCACCATTACCAT-1,701,121,GRCh38
TCTGCAGGTAGCCTCA-1,138,45,GRCh38
TCTGCAGGTATTAGGG-1,56731,148,Multiplet
TCTGCAGGTCTTGGAT-1,1419,20,GRCh38
TCTGCAGGTTATCAGC-1,224,39,GRCh38
TCTGCATTCATACTCC-1,135,44,GRCh38
TCTGCATTCCCGCATC-1,21074,106,GRCh38
TCTGCATTCCTTAGAG-1,7050,308,Multiplet
TCTGCATTCGTCTCGC-1,2964,80,GRCh38
TCTGCCATCAGCGGAA-1,49902,113,GRCh38
TCTGCCATCCAGCCCT-1,194,34,GRCh38
TCTGCCATCCAGGTTA-1,26424,129,GRCh38
TCTGCCATCCCCTGGT-1,213,40,GRCh38
TCTGCCATCCGTAGTA-1,278,74,GRCh38
TCTGCCATCCTGACTT-1,168,34,GRCh38
TCTGCCATCTGTGCTT-1,614,47,GRCh38
TCTGCCTGTAGCTAGA-1,1745,72,GRCh38
TCTGCCTGTGATCCTG-1,130,34,GRCh38
TCTGCCTGTTGAATCC-1,118,46,GRCh38
TCTGCCTGTTGCCTAG-1,244,73,GRCh38
TCTGCGAGTATGGGTA-1,4123,63,GRCh38
TCTGCGAGTATGTCCG-1,181,37,GRCh38
TCTGCGAGTCAATGGA-1,1086,19,GRCh38
TCTGCGAGTTACACCG-1,252,74,GRCh38
TCTGCGAGTTCATCCC-1,164,36,GRCh38
TCTGCGGAGTGCTTAG-1,4363,40,GRCh38
TCTGCGGAGTTGCTCT-1,11904,177,Multiplet
TCTGGATGTGATCCTG-1,123,35,GRCh38
TCTGGATGTGGCTCTA-1,3348,76,GRCh38
TCTGGATGTTATAGCC-1,17543,73,GRCh38
TCTGGCCTCACTCTCG-1,22381,103,GRCh38
TCTGGCCTCCCGTGCT-1,141,37,GRCh38
TCTGGCCTCCCTCGAC-1,142,37,GRCh38
TCTGGCCTCCGCACTC-1,145,37,GRCh38
TCTGGCCTCCTTCGTG-1,125,33,GRCh38
TCTGGCCTCGTCTCTG-1,321,50,GRCh38
TCTGGCGAGCGATGTC-1,17124,92,GRCh38
TCTGGCGAGGCGATGA-1,15758,128,GRCh38
TCTGGCGAGGGGCAGT-1,15020,136,GRCh38
TCTGGCGAGTAAGTCT-1,4093,38,GRCh38
TCTGGCTCAACTAGAC-1,243,34,GRCh38
TCTGGCTCAAGGGACG-1,23537,115,GRCh38
TCTGGCTCACAGGACC-1,6015,105,GRCh38
TCTGGCTCACCTAATT-1,3072,24,GRCh38
TCTGGCTCATCCTGTA-1,2082,24,GRCh38
TCTGGGACAAGCGAGG-1,43282,188,Multiplet
TCTGGGACAATCCGTC-1,289,50,GRCh38
TCTGGGACACAACCTC-1,224,33,GRCh38
TCTGGGACACATAGAC-1,993,25,GRCh38
TCTGGGACACATAGTA-1,38716,195,Multiplet
TCTGGGACAGCTAGAT-1,205,33,GRCh38
TCTGGGACATCGCGTT-1,664,30,GRCh38
TCTGGGCGTCTAGTAC-1,6295,119,GRCh38
TCTGGGCGTTCCCTTA-1,246,73,GRCh38
TCTGGGGTCCCTCGTA-1,222,33,GRCh38
TCTGGGGTCTAGCCTT-1,20954,60,GRCh38
TCTGGGTAGTATGACT-1,283,46,GRCh38
TCTGGTAAGAAGGGAA-1,27111,124,GRCh38
TCTGGTAAGTCAGCAC-1,3359,23,GRCh38
TCTGTAAGTAACGACA-1,465,49,GRCh38
TCTGTAAGTCTTACGG-1,257,40,GRCh38
TCTGTCCGTCAGTAAG-1,4827,81,GRCh38
TCTGTCCGTCATGTGT-1,268,45,GRCh38
TCTGTCCGTGGAGACT-1,27811,169,Multiplet
TCTGTCCGTTATGAGG-1,111,33,GRCh38
TCTGTCCGTTCACTAA-1,382,72,GRCh38
TCTGTCCGTTTGGATC-1,112,34,GRCh38
TCTGTGAAGATTAGCT-1,53617,112,GRCh38
TCTGTGAAGTAGCTGC-1,2447,20,GRCh38
TCTGTGTTCACAGGAG-1,757,13,GRCh38
TCTGTGTTCACATGCA-1,204,96,GRCh38
TCTGTGTTCGATAGCC-1,42679,205,Multiplet
TCTGTTGCAATTGAGC-1,4164,58,GRCh38
TCTGTTGCAGCAGTCA-1,759,43,GRCh38
TCTGTTGCAGCTAGAT-1,210,42,GRCh38
TGAAACCCAATAGACC-1,5018,24,GRCh38
TGAAACCCACATACGG-1,70181,201,Multiplet
TGAAACCCATGGTAGT-1,15840,167,Multiplet
TGAAACCCATTGGAGT-1,1776,21,GRCh38
TGAAACGGTGAGCCGA-1,1362,6,GRCh38
TGAAACGGTGCGCGAA-1,15587,66,GRCh38
TGAAACGGTTCCAGGC-1,11810,136,GRCh38
TGAAACTTCAGGTCCG-1,2959,57,GRCh38
TGAAACTTCGAACGAG-1,516,18,GRCh38
TGAAACTTCGCTGGCA-1,21273,145,Multiplet
TGAAACTTCGTACTTC-1,1551,45,GRCh38
TGAAACTTCTGTGGAC-1,5706,128,GRCh38
TGAAACTTCTTGAGCA-1,19964,116,GRCh38
TGAAAGGCAACGGCAC-1,36563,207,Multiplet
TGAAAGGCAATATCCT-1,155,35,GRCh38
TGAAAGGCAGCACGTA-1,1371,30,GRCh38
TGAAATGAGATTACCG-1,6300,70,GRCh38
TGAAATGAGCGGTAGA-1,413,60,GRCh38
TGAACAGGTTAGTTGC-1,9927,77,GRCh38
TGAACAGGTTATAGGG-1,1010,19,GRCh38
TGAACAGGTTGACCGC-1,358,36,GRCh38
TGAACATTCATCTAGG-1,17396,91,GRCh38
TGAACATTCCCGTACC-1,562,45,GRCh38
TGAACATTCCGCACCT-1,206,50,GRCh38
TGAACATTCGCTCCAC-1,148,35,GRCh38
TGAACCATCACGCTCC-1,313,48,GRCh38
TGAACCATCCCTGTCA-1,24777,147,Multiplet
TGAACCATCGCATACA-1,1163,19,GRCh38
TGAACCATCTAACCAG-1,273,33,GRCh38
TGAACCCAGCCCTGTC-1,48767,178,Multiplet
TGAACCCAGCGCATTA-1,323,52,GRCh38
TGAACCCAGGAACTAA-1,10984,67,GRCh38
TGAACCCAGGGGTCAA-1,604,51,GRCh38
TGAACCCAGTGATACT-1,28736,163,Multiplet
TGAACCGCAATTGCCC-1,143,35,GRCh38
TGAACCGCACAGCGGT-1,23893,151,Multiplet
TGAACCGCACTAGGCA-1,636,27,GRCh38
TGAACCGCACTCGCTG-1,124,34,GRCh38
TGAACCGCAGTAATTG-1,17507,83,GRCh38
TGAACCGCATAAGTTG-1,30478,169,Multiplet
TGAACCTGTGCGGCTT-1,136,34,GRCh38
TGAACCTGTTTGAGTC-1,1064,30,GRCh38
TGAACTTAGCCTATCT-1,7111,64,GRCh38
TGAACTTAGCGAGACA-1,26978,183,Multiplet
TGAACTTAGCGCTACG-1,148,50,GRCh38
TGAACTTAGTAGCCAC-1,1310,33,GRCh38
TGAACTTAGTTAGAGA-1,14455,97,GRCh38
TGAATAGAGCGAACGA-1,5770,39,GRCh38
TGAATAGAGCTAGTTG-1,663,94,GRCh38
TGAATAGAGGTAGCAG-1,10018,74,GRCh38
TGAATAGAGGTCATCA-1,52626,94,GRCh38
TGAATCCGTGCAAGCG-1,230,35,GRCh38
TGAATGAAGAATCGTT-1,162,34,GRCh38
TGAATGGGTAACGAGC-1,160,34,GRCh38
TGAATGGGTAAGCTCT-1,1231,28,GRCh38
TGAATGGGTGACCGAG-1,1873,124,GRCh38
TGAATGGGTGGCTTCA-1,257,39,GRCh38
TGAATGGGTTAGCATC-1,33207,168,Multiplet
TGAATGGGTTTACAGC-1,323,41,GRCh38
TGAATGTTCATCGTTC-1,153,41,GRCh38
TGAATGTTCCGCTGGA-1,56492,244,Multiplet
TGAATGTTCTCATCAC-1,151,42,GRCh38
TGAATTGCAAGCATTA-1,3790,36,GRCh38
TGAATTGCACCTGCTG-1,151,36,GRCh38
TGAATTGCATGAAGCT-1,13543,19,GRCh38
TGACACGCACTTAGGG-1,17094,89,GRCh38
TGACACGCATCACGGA-1,48843,111,GRCh38
TGACACGCATCCGTTA-1,184,44,GRCh38
TGACATTAGTTACACG-1,165,80,GRCh38
TGACCAATCTCACTCG-1,438,35,GRCh38
TGACCAGCAACATTAG-1,227,43,GRCh38
TGACCAGCAATCAGCG-1,9862,225,Multiplet
TGACCAGCAATTGCCC-1,180,34,GRCh38
TGACCAGCACATGCCT-1,129,33,GRCh38
TGACCAGCACATTGAA-1,18688,105,GRCh38
TGACCCAGTTCGTCCT-1,243,36,GRCh38
TGACCCAGTTGACCAT-1,281,43,GRCh38
TGACCCTCAAAGGATG-1,8039,170,Multiplet
TGACCCTCAACTGCCT-1,490,45,GRCh38
TGACCCTCAAGTATGC-1,230,46,GRCh38
TGACCCTCACTTACTG-1,218,36,GRCh38
TGACCCTCAGGACTTG-1,33640,193,Multiplet
TGACGAAGTTCCTGCT-1,6150,88,GRCh38
TGACGAAGTTTCCATT-1,29905,136,GRCh38
TGACGGGGTAGGTGAC-1,22953,184,Multiplet
TGACGGGGTTTCGGGC-1,130,40,GRCh38
TGACGGGGTTTGCAGT-1,19429,75,GRCh38
TGACGGTTCATCGACA-1,262,37,GRCh38
TGACGGTTCTGTGATG-1,173,40,GRCh38
TGACGTTGTAAGTCCT-1,276,36,GRCh38
TGACGTTGTAATCCGT-1,39685,213,Multiplet
TGACGTTGTCTAGCAT-1,27768,124,GRCh38
TGACGTTGTTCGAGCC-1,265,61,GRCh38
TGACGTTGTTGTCTGG-1,181,60,GRCh38
TGACGTTGTTTACCGG-1,128,34,GRCh38
TGACTAACAATCCTAT-1,47962,175,Multiplet
TGACTAACAATGAAGG-1,36538,178,Multiplet
TGACTAACACTAACCC-1,2642,518,Multiplet
TGACTAACACTCATAT-1,193,34,GRCh38
TGACTAACATAGGCTG-1,2152,25,GRCh38
TGACTAACATGGATTA-1,235,33,GRCh38
TGACTCCCAACGGCAC-1,5488,79,GRCh38
TGACTCCCACATGACG-1,11927,151,Multiplet
TGACTCCCAGCCAGAC-1,733,544,Multiplet
TGACTCCCATCCAATT-1,38811,138,GRCh38
TGACTCCCATTAGCCC-1,284,47,GRCh38
TGACTGATCACAGGCT-1,55459,237,Multiplet
TGACTGATCAGTAATC-1,12320,61,GRCh38
TGACTGATCCAGAGCT-1,35751,218,Multiplet
TGACTGATCCGCGTGA-1,2526,63,GRCh38
TGACTGATCGCTCACC-1,3068,48,GRCh38
TGACTGATCTGGCACG-1,680,30,GRCh38
TGAGAACAGAATCATC-1,191,45,GRCh38
TGAGAACAGCCCTGTC-1,8103,146,Multiplet
TGAGAACAGGCTCTCC-1,679,39,GRCh38
TGAGAACAGGTTGGCT-1,141,33,GRCh38
TGAGAACAGTACGGTC-1,147,56,GRCh38
TGAGAACAGTCATGTG-1,23172,120,GRCh38
TGAGAATGTAGTGCAA-1,31536,179,Multiplet
TGAGAATGTCAGCTCA-1,3219,64,GRCh38
TGAGAATGTCATGATC-1,1806,14,GRCh38
TGAGAATGTTCCGTTC-1,2295,24,GRCh38
TGAGAATGTTGCTTCC-1,4465,55,GRCh38
TGAGATGGTAACGTGA-1,10423,66,GRCh38
TGAGATGGTAAGCCAA-1,52001,186,Multiplet
TGAGATGGTAAGGTAT-1,19976,142,GRCh38
TGAGATGGTAGGTGCG-1,5279,107,GRCh38
TGAGATGGTAGTGAGC-1,117,36,GRCh38
TGAGATGGTCATCACG-1,219,34,GRCh38
TGAGATGGTGGCGTAG-1,143,38,GRCh38
TGAGATGGTTTGAGTC-1,50516,188,Multiplet
TGAGCAAGTAGCAGAC-1,494,113,GRCh38
TGAGCAAGTGAGCCAG-1,28117,104,GRCh38
TGAGCAAGTTTGGACT-1,7550,94,GRCh38
TGAGCAAGTTTGGTGT-1,21721,156,Multiplet
TGAGCATCAACCTGTC-1,1131,24,GRCh38
TGAGCATCAATCGGTG-1,17472,136,GRCh38
TGAGCATCACATACGG-1,942,28,GRCh38
TGAGCATCAGTACCCT-1,2661,79,GRCh38
TGAGCCACAAGCTACG-1,6223,94,GRCh38
TGAGCCACACATGATA-1,7876,78,GRCh38
TGAGCCACAGGATGGG-1,630,20,GRCh38
TGAGCCCGTAGGTAGC-1,211,37,GRCh38
TGAGCCCGTCTGGTGC-1,140,37,GRCh38
TGAGCCCGTGACGACG-1,8500,72,GRCh38
TGAGCCCGTGAGATTG-1,8338,274,Multiplet
TGAGCCCGTTAACGAG-1,169,60,GRCh38
TGAGCCCGTTGACGAA-1,14828,152,Multiplet
TGAGCCCGTTTCGACG-1,229,35,GRCh38
TGAGCGCCAATTACCT-1,265,179,Multiplet
TGAGCGCCAATTCAAG-1,2864,39,GRCh38
TGAGCGCCATTAGTTC-1,3961,60,GRCh38
TGAGCGGGTAGTAGTG-1,1790,37,GRCh38
TGAGCTATCCGTCCAC-1,291,36,GRCh38
TGAGCTATCGAGTGGA-1,20364,103,GRCh38
TGAGCTATCTAACCGA-1,813,32,GRCh38
TGAGCTGCAACTGTCC-1,38550,219,Multiplet
TGAGCTGCAACTTCCA-1,14113,75,GRCh38
TGAGCTGCAGCTCTGT-1,200,35,GRCh38
TGAGCTGCAGTTGCCT-1,714,37,GRCh38
TGAGCTGCATAAGTCA-1,130,57,GRCh38
TGAGCTGCATTCCTCT-1,288,35,GRCh38
TGAGCTTGTATGGTTC-1,50530,174,Multiplet
TGAGCTTGTGGGTAAC-1,2039,54,GRCh38
TGAGCTTGTTGGATCT-1,4583,82,GRCh38
TGAGGAACACAATGGT-1,3377,27,GRCh38
TGAGGAACAGCTAGGC-1,51105,178,Multiplet
TGAGGAACAGGAGCCT-1,604,11,GRCh38
TGAGGAACATAAGGGA-1,308,54,GRCh38
TGAGGAACATAAGGTC-1,1393,45,GRCh38
TGAGGATAGCTGAGTC-1,4270,104,GRCh38
TGAGGATAGGCGATTC-1,506,53,GRCh38
TGAGGATAGGCTCTGG-1,6451,60,GRCh38
TGAGGATAGTAATCGT-1,4414,115,GRCh38
TGAGGATAGTAGTAGA-1,205,39,GRCh38
TGAGGCAAGATAGATG-1,4698,88,GRCh38
TGAGGCAAGCATGCGT-1,1758,60,GRCh38
TGAGGCAAGGATGTAA-1,275,38,GRCh38
TGAGGCAAGGTCCAAC-1,17868,80,GRCh38
TGAGGCAAGGTGATGG-1,120,169,mm10
TGAGGCAAGTCAATGT-1,344,40,GRCh38
TGAGGCTTCGATTACG-1,2500,67,GRCh38
TGAGGCTTCGTGCCGA-1,41974,212,Multiplet
TGAGGCTTCTATGACG-1,29962,169,Multiplet
TGAGGGATCATCAGTG-1,209,37,GRCh38
TGAGGGATCCCGTTCA-1,357,41,GRCh38
TGAGGTAGTAACGATG-1,135,34,GRCh38
TGAGGTGAGTAACGAA-1,16636,121,GRCh38
TGAGGTGAGTTACCCT-1,7130,103,GRCh38
TGAGGTTCACCTGCTG-1,335,34,GRCh38
TGAGTAGGTGGCTCGT-1,294,37,GRCh38
TGAGTAGGTTTCACTT-1,1246,136,GRCh38
TGAGTCGCACATAGCG-1,514,15,GRCh38
TGAGTCGCACATTGGG-1,558,15,GRCh38
TGAGTCGCATAAGTGC-1,6278,84,GRCh38
TGAGTCGCATCACTGC-1,223,35,GRCh38
TGAGTCGCATCGCGTT-1,12631,86,GRCh38
TGAGTCTGTAACGTAG-1,4360,29,GRCh38
TGAGTCTGTAGGTTGA-1,30361,134,GRCh38
TGAGTCTGTCAGGCGA-1,411,324,Multiplet
TGAGTCTGTCTGGTTG-1,143,37,GRCh38
TGAGTCTGTGAGTGTA-1,2607,77,GRCh38
TGAGTCTGTTGCTTGG-1,967,39,GRCh38
TGAGTCTGTTTGACGT-1,18534,136,GRCh38
TGAGTGAGTAACTGTC-1,24129,214,Multiplet
TGAGTTACAACTAGCG-1,4046,34,GRCh38
TGAGTTACAATACGGT-1,17302,115,GRCh38
TGAGTTACAATCGGCA-1,173,55,GRCh38
TGAGTTACACATTCGC-1,178,37,GRCh38
TGAGTTGTCAATCTCC-1,129,33,GRCh38
TGAGTTGTCATCGTTC-1,273,49,GRCh38
TGAGTTGTCCATAGGC-1,2663,73,GRCh38
TGAGTTGTCCATGTCT-1,707,39,GRCh38
TGAGTTGTCGCGAACT-1,1551,144,GRCh38
TGATAGAAGGTTAGCC-1,10973,124,GRCh38
TGATAGCCAAACTGCG-1,224,41,GRCh38
TGATAGCCAATGCCTC-1,194,35,GRCh38
TGATAGCCAGTACTCC-1,162,42,GRCh38
TGATCATAGCGAACCT-1,15535,117,GRCh38
TGATCATAGCGATCTA-1,2063,16,GRCh38
TGATCATAGCTATGCA-1,796,47,GRCh38
TGATCATAGGAGTAAC-1,465,39,GRCh38
TGATCATAGTAGAGGT-1,20114,109,GRCh38
TGATCCCCAATACATG-1,208,37,GRCh38
TGATCCCCATAGGTAC-1,201,57,GRCh38
TGATCCGGTATTAGGG-1,714,17,GRCh38
TGATCCGGTCTAGCAT-1,1184,41,GRCh38
TGATCCGGTTAAGTCC-1,248,39,GRCh38
TGATCCGGTTCCCGTT-1,1308,55,GRCh38
TGATCCGGTTGGGACG-1,18771,100,GRCh38
TGATCCGGTTGGTTCG-1,7227,59,GRCh38
TGATCCTTCAGTGCCG-1,583,42,GRCh38
TGATCCTTCCAACTGA-1,70501,131,GRCh38
TGATCCTTCCATCAGA-1,1618,15,GRCh38
TGATCCTTCCGCACCT-1,139,39,GRCh38
TGATCCTTCCTGAGTA-1,302,43,GRCh38
TGATGAAAGGTAGTGG-1,1000,37,GRCh38
TGATGAAAGTAGACCC-1,21504,64,GRCh38
TGATGAGGTGCGAGCA-1,1813,54,GRCh38
TGATGAGGTTAGAGTG-1,4450,37,GRCh38
TGATGAGGTTGGATTC-1,1658,28,GRCh38
TGATGAGGTTGTGCAT-1,49115,247,Multiplet
TGATGCCAGCTACGAC-1,301,34,GRCh38
TGATGCCAGCTACTTC-1,6193,57,GRCh38
TGATGCCAGTAGCGAG-1,1272,24,GRCh38
TGATGCCAGTGCTGAC-1,201,38,GRCh38
TGATGGCTCAATCCAG-1,1375,178,Multiplet
TGATGGCTCCATCCTG-1,242,41,GRCh38
TGATGGCTCCATGCCC-1,14172,98,GRCh38
TGATGGCTCCGTATAG-1,137,39,GRCh38
TGATGGCTCGCTTGCC-1,236,33,GRCh38
TGATGTTAGCGAGACA-1,5316,26,GRCh38
TGATTAGCAACTATCT-1,5414,44,GRCh38
TGATTAGCAAGGGCTC-1,18937,77,GRCh38
TGATTCCTCAATCCCT-1,7230,197,Multiplet
TGATTCCTCCATGACA-1,26315,170,Multiplet
TGATTCCTCCGTAGTA-1,2726,50,GRCh38
TGATTCCTCGATGCTA-1,314,52,GRCh38
TGATTGGTCCGTTGCC-1,124,33,GRCh38
TGATTTCCAAACTGAC-1,43193,183,Multiplet
TGATTTCCAAATGCCG-1,21310,102,GRCh38
TGATTTCCAAGCTATA-1,2019,29,GRCh38
TGATTTCCACCTCGCA-1,17101,114,GRCh38
TGATTTCCAGGACAGG-1,1021,26,GRCh38
TGATTTCCATAAGGTC-1,29415,134,GRCh38
TGATTTCCATGGTGAT-1,18964,91,GRCh38
TGATTTGGTCTAGCGC-1,226,33,GRCh38
TGATTTGGTGAAGTAT-1,18166,82,GRCh38
TGATTTGGTGATGACA-1,295,37,GRCh38
TGATTTGGTGGCCATC-1,154,33,GRCh38
TGCAAACCAAGCTGCA-1,207,57,GRCh38
TGCAAACCACTCGCTG-1,163,33,GRCh38
TGCAAACCAGGCTAAT-1,784,24,GRCh38
TGCAAACCAGTACCTC-1,1178,45,GRCh38
TGCAAACCATGCTACC-1,98,37,GRCh38
TGCAAACCATTACGCC-1,104,34,GRCh38
TGCAAAGGTGCGTGCT-1,2647,36,GRCh38
TGCAAAGGTTTGCAGT-1,237,34,GRCh38
TGCAAATTCACAGCCG-1,63752,197,Multiplet
TGCAAATTCACCTAGA-1,5205,67,GRCh38
TGCAAATTCAGCTGCG-1,9161,84,GRCh38
TGCAAATTCATCTACC-1,2982,93,GRCh38
TGCAATGTCATGGCCG-1,6080,105,GRCh38
TGCAATGTCCAGAGGA-1,222,42,GRCh38
TGCAATGTCCATCTCG-1,272,38,GRCh38
TGCAATGTCGAATCCA-1,633,46,GRCh38
TGCAATTAGGCATGGA-1,441,43,GRCh38
TGCAATTAGGGTAGGC-1,252,34,GRCh38
TGCAATTAGTGAACCC-1,1119,43,GRCh38
TGCACAATCCGCACTC-1,8199,79,GRCh38
TGCACAATCGCTAGTA-1,1046,25,GRCh38
TGCACAATCGCTCTGC-1,3280,33,GRCh38
TGCACACAGCCATCCC-1,148,35,GRCh38
TGCACACAGCCTTCGC-1,685,83,GRCh38
TGCACACAGCGACTTA-1,13472,80,GRCh38
TGCACACAGCGATACC-1,792,39,GRCh38
TGCACACAGGGGATGC-1,176,36,GRCh38
TGCACACAGGTAGACG-1,234,34,GRCh38
TGCACACAGGTAGCGA-1,19408,167,Multiplet
TGCACAGCACAAGCAT-1,33332,190,Multiplet
TGCACAGCAGCAGGAG-1,28628,141,GRCh38
TGCACCCTCCCTGATT-1,122,40,GRCh38
TGCACCCTCCTGACGG-1,9140,53,GRCh38
TGCACCCTCTCATGCT-1,511,38,GRCh38
TGCACCTCAACTTAGA-1,18078,117,GRCh38
TGCACCTCAATCGAGT-1,35695,165,Multiplet
TGCACCTCATGGTGTG-1,1241,21,GRCh38
TGCACCTCATTAGCAA-1,260,42,GRCh38
TGCACCTCATTAGCGG-1,8532,90,GRCh38
TGCACGTAGATTGAAG-1,43628,233,Multiplet
TGCACGTAGCAATCTG-1,6103,45,GRCh38
TGCACTAAGCTAGATT-1,27517,184,Multiplet
TGCACTAAGGCACTCG-1,459,39,GRCh38
TGCACTAAGGTAACGG-1,7057,64,GRCh38
TGCACTAAGTAGGACG-1,21260,136,GRCh38
TGCACTAAGTCATTCC-1,25907,123,GRCh38
TGCAGGTTCACCTAGA-1,23000,185,Multiplet
TGCAGGTTCCAACTCT-1,1246,24,GRCh38
TGCAGGTTCCACCTGC-1,4154,80,GRCh38
TGCAGGTTCCTGCCGT-1,3617,34,GRCh38
TGCAGGTTCTATCCGT-1,731,17,GRCh38
TGCAGTCAGCTGGTCG-1,3572,19,GRCh38
TGCAGTCAGGATGGGC-1,5365,116,GRCh38
TGCAGTCAGTGAGATA-1,6786,211,Multiplet
TGCAGTCAGTGGCTTA-1,3089,59,GRCh38
TGCATAACAATCCGTC-1,4063,94,GRCh38
TGCATAACAGGGCATC-1,59642,184,Multiplet
TGCATAGTCCCTCGTA-1,2312,77,GRCh38
TGCATAGTCCCTGACC-1,39457,156,Multiplet
TGCATAGTCCGCCTGT-1,33177,179,Multiplet
TGCATATAGCCATCGG-1,265,33,GRCh38
TGCATATAGCCCTGCT-1,7581,32,GRCh38
TGCATATAGTTGGATT-1,243,44,GRCh38
TGCATCAAGCGAGCTT-1,324,39,GRCh38
TGCATCAAGCGATCAC-1,178,37,GRCh38
TGCATCAAGGTAGACG-1,20341,110,GRCh38
TGCATCCCAATCGTGG-1,4957,189,Multiplet
TGCATCCCAGCCATTC-1,153,33,GRCh38
TGCATTAGTAACTCTA-1,1599,44,GRCh38
TGCATTAGTAATCCGT-1,449,37,GRCh38
TGCATTAGTGAGCCGA-1,9980,159,Multiplet
TGCATTAGTTGCTGGC-1,329,51,GRCh38
TGCATTAGTTTACGGT-1,1799,77,GRCh38
TGCATTGAGCCAATCA-1,524,44,GRCh38
TGCATTGAGCCCTGTC-1,140,34,GRCh38
TGCATTGAGGTACGAG-1,18638,113,GRCh38
TGCATTGAGGTGAAGT-1,128,50,GRCh38
TGCATTGAGTGAATGA-1,1200,19,GRCh38
TGCATTGAGTTAGTCG-1,19889,121,GRCh38
TGCATTTCAAACTAGC-1,1178,18,GRCh38
TGCATTTCACCTACCG-1,201,34,GRCh38
TGCCACCTCGAACGGA-1,206,39,GRCh38
TGCCACCTCGAGTCCG-1,11802,148,Multiplet
TGCCACCTCTTGACTC-1,135,33,GRCh38
TGCCAGACAATATGTG-1,119,38,GRCh38
TGCCAGACAGCACCAA-1,275,42,GRCh38
TGCCAGACAGTTAGTA-1,176,51,GRCh38
TGCCAGACATGACCAG-1,1324,21,GRCh38
TGCCAGGTCCAGCCCT-1,23804,177,Multiplet
TGCCAGGTCCAGGTAC-1,36639,140,GRCh38
TGCCAGGTCCCTCTCT-1,159,35,GRCh38
TGCCAGGTCCTGATTC-1,8503,119,GRCh38
TGCCAGTAGAACCTCA-1,18582,117,GRCh38
TGCCAGTAGAAGCAAC-1,209,33,GRCh38
TGCCAGTAGAATCATC-1,8344,95,GRCh38
TGCCAGTAGCTACCAA-1,12189,116,GRCh38
TGCCAGTAGGATCCGT-1,178,34,GRCh38
TGCCAGTAGGTAGGGC-1,219,33,GRCh38
TGCCAGTAGGTTCCTT-1,15379,69,GRCh38
TGCCATAAGAATCACT-1,168,60,GRCh38
TGCCATCCAACCTGCT-1,25364,168,Multiplet
TGCCATCCACTTGCGT-1,9671,148,Multiplet
TGCCATCCATAATTCC-1,244,52,GRCh38
TGCCATCCATCACTGC-1,146,41,GRCh38
TGCCATCCATGGTCCT-1,8858,29,GRCh38
TGCCATGGTAAGCTGA-1,183,42,GRCh38
TGCCATGGTCATGCGC-1,1932,81,GRCh38
TGCCATTTCCCTGTCA-1,32220,211,Multiplet
TGCCATTTCCTCAACT-1,257,37,GRCh38
TGCCATTTCCTGCATT-1,1589,59,GRCh38
TGCCATTTCGAATCCA-1,2896,68,GRCh38
TGCCATTTCTGGGCTG-1,50014,190,Multiplet
TGCCCAAGTCATCGGC-1,8544,134,GRCh38
TGCCCAAGTGGCGTAG-1,332,36,GRCh38
TGCCCAAGTTCACTCC-1,13179,93,GRCh38
TGCCCAAGTTCGCATG-1,211,74,GRCh38
TGCCCAAGTTCGTTCC-1,11602,85,GRCh38
TGCCCATCAAACTATG-1,3710,64,GRCh38
TGCCCATCAAGTTCGG-1,129,36,GRCh38
TGCCCATCAATTCGTT-1,134,35,GRCh38
TGCCCATCACTAATGA-1,175,38,GRCh38
TGCCCATCATGAGCTG-1,149,36,GRCh38
TGCCCGAAGTATGGTT-1,237,37,GRCh38
TGCCCGAAGTGATGCC-1,5538,76,GRCh38
TGCCCGTTCCAACTGA-1,33646,196,Multiplet
TGCCCGTTCCATTAGG-1,18318,91,GRCh38
TGCCCGTTCCCATTAC-1,32067,232,Multiplet
TGCCCGTTCCTCGTCA-1,185,34,GRCh38
TGCCCGTTCGAACGTC-1,121,33,GRCh38
TGCCCGTTCGCGCGTA-1,197,115,GRCh38
TGCCCTCAGCTTAGTG-1,24154,124,GRCh38
TGCCCTCAGGAGGTCA-1,246,38,GRCh38
TGCCCTCAGGTACAGG-1,277,34,GRCh38
TGCCCTCAGTAAGCCC-1,557,109,GRCh38
TGCCCTCAGTAGCCAC-1,3120,94,GRCh38
TGCCCTCAGTATCTGG-1,133,39,GRCh38
TGCCCTTGTATTGGCT-1,120,33,GRCh38
TGCCCTTGTGAGGTGT-1,119,34,GRCh38
TGCCCTTGTGCAGGAT-1,4753,61,GRCh38
TGCCCTTGTGGCTAGG-1,2938,43,GRCh38
TGCCCTTGTTAGCTGT-1,269,39,GRCh38
TGCCCTTGTTCGAATC-1,25949,206,Multiplet
TGCCCTTGTTGCGCGT-1,112,35,GRCh38
TGCCCTTGTTGGACGG-1,157,41,GRCh38
TGCCCTTGTTTACGAC-1,10503,178,Multiplet
TGCCCTTGTTTCCGTC-1,125,48,GRCh38
TGCCCTTGTTTCGTCC-1,158,38,GRCh38
TGCCCTTGTTTGAGCT-1,184,50,GRCh38
TGCCGAACATGGTCAG-1,624,28,GRCh38
TGCCGATAGAAGGAAG-1,44121,178,Multiplet
TGCCGATAGGAATCGG-1,2600,155,Multiplet
TGCCGATAGGCTCAGT-1,6030,64,GRCh38
TGCCGATAGTTAGAGA-1,1940,34,GRCh38
TGCCGCTTCACCACGG-1,762,16,GRCh38
TGCCGCTTCATCAGGC-1,203,35,GRCh38
TGCCGCTTCATCTGGA-1,228,41,GRCh38
TGCCGCTTCATGCTAG-1,796,26,GRCh38
TGCCGCTTCCGTCACC-1,134,35,GRCh38
TGCCGCTTCCGTCAGG-1,114,43,GRCh38
TGCCGCTTCGAAGCTC-1,159,49,GRCh38
TGCCGCTTCTAACCAG-1,545,55,GRCh38
TGCCGTAGTATGGAGC-1,2181,36,GRCh38
TGCCGTAGTATTGGGA-1,14788,91,GRCh38
TGCCGTAGTCATCCAG-1,407,37,GRCh38
TGCCGTAGTCTTGCCT-1,120,37,GRCh38
TGCCGTAGTGGGTTGG-1,279,42,GRCh38
TGCCGTAGTTTACGAC-1,20296,96,GRCh38
TGCCGTGAGAACGATA-1,3714,79,GRCh38
TGCCTAAAGATAGCCC-1,215,45,GRCh38
TGCCTAAAGGTCACTA-1,1277,837,Multiplet
TGCCTAGGTAACTCCG-1,241,44,GRCh38
TGCCTAGGTAATGGTG-1,1231,14,GRCh38
TGCCTAGGTAGCGATA-1,143,36,GRCh38
TGCCTAGGTAGCGCGA-1,181,34,GRCh38
TGCCTAGGTGATGGGT-1,116,33,GRCh38
TGCCTAGGTTAGGGTA-1,186,37,GRCh38
TGCCTAGGTTGACCGC-1,2941,48,GRCh38
TGCCTAGGTTGCATAC-1,146,34,GRCh38
TGCCTAGGTTGGATTC-1,296,58,GRCh38
TGCCTAGGTTGGGCCT-1,136,44,GRCh38
TGCCTATTCCTGCCGT-1,148,35,GRCh38
TGCCTATTCGATCCAA-1,252,38,GRCh38
TGCCTATTCGTGCTAA-1,40916,177,Multiplet
TGCCTATTCTAGGCAC-1,151,273,Multiplet
TGCCTATTCTGGTGAC-1,235,35,GRCh38
TGCCTCATCCACCGGA-1,1273,384,Multiplet
TGCCTCATCCACCTGC-1,136,36,GRCh38
TGCCTCATCCCCATGC-1,35108,111,GRCh38
TGCCTCATCGCTCGTC-1,49084,149,Multiplet
TGCCTCATCTAACCAG-1,2231,78,GRCh38
TGCCTCGCAAACCCGA-1,7612,355,Multiplet
TGCCTCGCAACCAGCA-1,359,33,GRCh38
TGCCTCGCAGCTACGA-1,323,49,GRCh38
TGCCTCGCATGGCTGA-1,241,35,GRCh38
TGCCTCTGTAATCGGA-1,3209,171,Multiplet
TGCCTCTGTAGCCTTG-1,131,33,GRCh38
TGCCTCTGTAGCTTCG-1,14679,103,GRCh38
TGCCTCTGTCCATCGA-1,247,46,GRCh38
TGCCTCTGTCTTGAGT-1,204,42,GRCh38
TGCCTCTGTGCACCGT-1,571,32,GRCh38
TGCCTCTGTGCAGGCA-1,5163,48,GRCh38
TGCCTCTGTGGGTTGG-1,148,41,GRCh38
TGCCTCTGTTATCCTT-1,127,33,GRCh38
TGCCTCTGTTCGGGTC-1,116,35,GRCh38
TGCCTCTGTTGACCGC-1,172,35,GRCh38
TGCCTCTGTTGACGCC-1,126,34,GRCh38
TGCCTCTGTTTCCGTC-1,149,34,GRCh38
TGCCTGCTCACGCCGA-1,738,55,GRCh38
TGCCTGCTCCAGCGCA-1,41442,280,Multiplet
TGCCTGCTCCAGCTCC-1,196,43,GRCh38
TGCCTGCTCCCCATTG-1,133,34,GRCh38
TGCCTGCTCCCCTGGT-1,163,43,GRCh38
TGCCTGCTCGATATGT-1,157,34,GRCh38
TGCCTGCTCGATTGAT-1,2865,43,GRCh38
TGCCTTTAGAACCTTG-1,237,48,GRCh38
TGCCTTTAGAAGGTGT-1,4282,35,GRCh38
TGCCTTTAGATTGATC-1,120,33,GRCh38
TGCCTTTAGCTTAGAT-1,44011,162,Multiplet
TGCCTTTAGTAATGTC-1,241,54,GRCh38
TGCGAAAGTAATGTCC-1,1565,19,GRCh38
TGCGAAAGTCTCACTC-1,139,33,GRCh38
TGCGAAAGTGCAACCC-1,10544,75,GRCh38
TGCGAAAGTGCAGTCC-1,54847,104,GRCh38
TGCGAAAGTTCGATAC-1,12531,99,GRCh38
TGCGACCGTGAGTGTA-1,25071,144,GRCh38
TGCGACCGTTGAGTGA-1,109,36,GRCh38
TGCGACCGTTTAGCAC-1,25501,161,Multiplet
TGCGACTAGATAGGCG-1,22504,138,GRCh38
TGCGACTAGTCGATTG-1,129,35,GRCh38
TGCGACTAGTTGGGCT-1,194,45,GRCh38
TGCGATGCACAATGAC-1,108,35,GRCh38
TGCGATGCACCAGGGT-1,3440,49,GRCh38
TGCGATGCAGGAAGTA-1,9700,102,GRCh38
TGCGATTGTAATGGGC-1,335,38,GRCh38
TGCGATTGTTAGTTCA-1,6164,64,GRCh38
TGCGGCTGTTCCAGTG-1,1269,34,GRCh38
TGCGGCTGTTGTGCTG-1,2773,100,GRCh38
TGCGGGTCAGCCAGGT-1,7864,78,GRCh38
TGCGGGTCATTCGCAC-1,194,50,GRCh38
TGCGGTTAGTTGCTCT-1,5277,103,GRCh38
TGCGTAATCACTCTCG-1,26073,188,Multiplet
TGCGTAATCCCGCTAC-1,138,84,GRCh38
TGCGTAATCGCTCTCA-1,4323,72,GRCh38
TGCGTAATCGTTCCAT-1,3775,115,GRCh38
TGCGTAATCTGGGCTG-1,18189,79,GRCh38
TGCGTATGTTACACCG-1,141,39,GRCh38
TGCGTATGTTATCTCT-1,269,51,GRCh38
TGCGTATGTTTCGCTC-1,2846,79,GRCh38
TGCTAACGTAAGCACA-1,134,35,GRCh38
TGCTAACGTAGTTGCT-1,203,35,GRCh38
TGCTAACGTGATGGAC-1,206,43,GRCh38
TGCTAACGTTCCCAGA-1,134,130,GRCh38
TGCTAACGTTGCATCG-1,6166,70,GRCh38
TGCTAAGTCAGGTCTA-1,955,56,GRCh38
TGCTAAGTCCACCGGA-1,2639,154,Multiplet
TGCTAAGTCCATCAGA-1,5880,121,GRCh38
TGCTACAAGCCATTGA-1,18425,97,GRCh38
TGCTACCCAATGGAGA-1,203,34,GRCh38
TGCTACTTCACGCTAA-1,1152,69,GRCh38
TGCTACTTCAGGATGG-1,2735,58,GRCh38
TGCTATAGTAGTCAGA-1,14110,90,GRCh38
TGCTATAGTTACACAC-1,257,43,GRCh38
TGCTATAGTTAGCAGA-1,247,35,GRCh38
TGCTATAGTTCGTTAA-1,241,36,GRCh38
TGCTATAGTTGCCTTC-1,306,53,GRCh38
TGCTATAGTTGGTCAT-1,23359,111,GRCh38
TGCTATGAGCGCCTTC-1,15566,111,GRCh38
TGCTATGAGGATTCGC-1,2756,97,GRCh38
TGCTATGAGGTATCCA-1,2266,153,Multiplet
TGCTATGAGTATGGTT-1,24143,124,GRCh38
TGCTCACCAAACTGTA-1,255,39,GRCh38
TGCTCACCAATCAGTA-1,27899,99,GRCh38
TGCTCACCACTCATGC-1,324,51,GRCh38
TGCTCACCATAGGGTT-1,27376,101,GRCh38
TGCTCACCATCGGCTT-1,188,46,GRCh38
TGCTCACCATGACCCT-1,1657,43,GRCh38
TGCTCCATCAGGGAAT-1,168,36,GRCh38
TGCTCCATCAGTTCCT-1,5236,67,GRCh38
TGCTCCATCCTGTCGC-1,147,34,GRCh38
TGCTCCATCGACTTGA-1,191,37,GRCh38
TGCTCCGCAAATGCGT-1,228,38,GRCh38
TGCTCCGCAAGTTAGC-1,17439,88,GRCh38
TGCTCCGCAATCCTCA-1,331,35,GRCh38
TGCTCCGCACTTAACT-1,242,33,GRCh38
TGCTCCGCATAACCTT-1,277,126,GRCh38
TGCTCCGCATGCGTTC-1,2603,90,GRCh38
TGCTCGCTCAATTGCG-1,1773,43,GRCh38
TGCTCGCTCATCGACA-1,21608,103,GRCh38
TGCTCGCTCCGCGTCT-1,314,35,GRCh38
TGCTCGCTCGCTCTAT-1,129,34,GRCh38
TGCTGATGTAATGGGC-1,16467,102,GRCh38
TGCTGATGTCTAACGT-1,12267,125,GRCh38
TGCTGATGTCTAATTG-1,185,55,GRCh38
TGCTGATGTTCACTCC-1,191,36,GRCh38
TGCTGCCTCACCACGG-1,161,240,Multiplet
TGCTGCCTCAGTACGC-1,23589,170,Multiplet
TGCTGCCTCAGTTCCT-1,147,38,GRCh38
TGCTGCCTCATGTAAC-1,127,33,GRCh38
TGCTGCCTCCATTAGG-1,138,35,GRCh38
TGCTGCCTCCTGCTGC-1,9396,173,Multiplet
TGCTGCCTCGATCAAT-1,114,35,GRCh38
TGCTGGACAAATCATG-1,1158,26,GRCh38
TGCTGGACAACATGCG-1,3199,43,GRCh38
TGCTGGACAATCGTGG-1,197,48,GRCh38
TGCTGGACACAAGGCC-1,358,34,GRCh38
TGCTGGACACTAGCCT-1,1693,38,GRCh38
TGCTGGACAGTACCTC-1,417,35,GRCh38
TGCTGGACATCGCTGT-1,393,42,GRCh38
TGCTGGACATGACCAG-1,222,692,Multiplet
TGCTGGGTCACGCACG-1,4804,71,GRCh38
TGCTGGGTCATCTGTC-1,214,44,GRCh38
TGCTGGGTCATGTAAC-1,2956,34,GRCh38
TGCTGGGTCATGTCAG-1,65392,137,GRCh38
TGCTGGGTCGATTGGC-1,7562,102,GRCh38
TGCTGGGTCGCTAGGT-1,787,15,GRCh38
TGCTGGGTCGTTAGCA-1,36579,125,GRCh38
TGCTGTCCAAGCCATG-1,18638,120,GRCh38
TGCTGTCCAATACTTC-1,1004,37,GRCh38
TGCTGTCCAATCGCTC-1,266,54,GRCh38
TGCTGTCCAGCCATAG-1,2416,44,GRCh38
TGCTGTCCATAGGCGC-1,4134,61,GRCh38
TGCTTAAGTGCAATGA-1,8453,87,GRCh38
TGCTTAGAGCCAACCG-1,13345,99,GRCh38
TGCTTAGAGCGACTGT-1,3441,73,GRCh38
TGCTTAGAGCTAGCAC-1,16248,103,GRCh38
TGCTTAGAGGTCATTG-1,20816,100,GRCh38
TGCTTAGAGTAACGAA-1,946,11,GRCh38
TGCTTCACAAGCTCTC-1,7332,66,GRCh38
TGCTTCACATAACTAG-1,12692,98,GRCh38
TGGAACCTCACCAAGC-1,869,29,GRCh38
TGGAACCTCACGCTAA-1,3688,57,GRCh38
TGGAACCTCCCAATCT-1,454,36,GRCh38
TGGAACCTCCTGCTAT-1,173,35,GRCh38
TGGAACCTCGATGCCG-1,254,48,GRCh38
TGGAACCTCTAATCCC-1,391,39,GRCh38
TGGAACCTCTGTGATG-1,267,44,GRCh38
TGGAACCTCTGTGGCG-1,226,49,GRCh38
TGGAATGGTAGGTACA-1,302,45,GRCh38
TGGAATGGTCCATAGT-1,3205,111,GRCh38
TGGAATGGTCTAATTG-1,275,37,GRCh38
TGGAATGGTTGCTGAT-1,1226,42,GRCh38
TGGACAAGTAATGAAC-1,164,40,GRCh38
TGGACAAGTATTAGCC-1,291,43,GRCh38
TGGACAAGTCTCACTC-1,66461,216,Multiplet
TGGACAAGTGGACCCT-1,28240,156,Multiplet
TGGACAAGTTATGCTA-1,278,38,GRCh38
TGGACAAGTTGGAATG-1,2403,190,Multiplet
TGGACATCAACATTAG-1,18891,98,GRCh38
TGGACATCAATGCGTG-1,186,38,GRCh38
TGGACATCAGGAGCGA-1,838,15,GRCh38
TGGACATCATCGTACC-1,30520,170,Multiplet
TGGACGAAGATTAGGA-1,5489,48,GRCh38
TGGACGAAGCGCTATA-1,1165,14,GRCh38
TGGACGAAGGTGCAAG-1,4238,87,GRCh38
TGGACGAAGGTGGAGC-1,39760,193,Multiplet
TGGACGAAGGTTCAAT-1,13680,160,Multiplet
TGGACGTTCTATCACC-1,19655,114,GRCh38
TGGACTATCGATTCCT-1,729,50,GRCh38
TGGACTCAGCAAGTCC-1,5253,264,Multiplet
TGGACTCAGGATGTCC-1,3812,33,GRCh38
TGGACTCAGGGCTATC-1,5839,94,GRCh38
TGGACTCAGTACGGCT-1,3311,101,GRCh38
TGGACTCAGTCGATAT-1,7943,45,GRCh38
TGGAGCAAGAACCATT-1,217,38,GRCh38
TGGAGCAAGCCCGTGA-1,26670,138,GRCh38
TGGAGCAAGCTAGGTC-1,435,39,GRCh38
TGGAGCAAGTTAGGTT-1,17003,126,GRCh38
TGGAGCAAGTTGGGCT-1,20924,172,Multiplet
TGGAGCGGTCCATCTC-1,1168,62,GRCh38
TGGAGGATCACGCGCA-1,832,59,GRCh38
TGGAGGATCATGCACA-1,52459,156,Multiplet
TGGAGGATCCCCATAT-1,2643,153,Multiplet
TGGAGGATCCCGTTCA-1,59478,177,Multiplet
TGGAGGATCCTTCGAT-1,405,50,GRCh38
TGGAGGATCGATACGC-1,13880,96,GRCh38
TGGAGTAGTAATGACG-1,267,33,GRCh38
TGGAGTAGTTCGCAGC-1,32255,114,GRCh38
TGGAGTAGTTTAATCG-1,30269,181,Multiplet
TGGATAGGTTAACCCG-1,117,39,GRCh38
TGGATAGGTTCGTGTG-1,10646,177,Multiplet
TGGATAGGTTTGACAC-1,3792,56,GRCh38
TGGATATTCTCACAGA-1,253,35,GRCh38
TGGATGCTCAGCCTAA-1,129,35,GRCh38
TGGATGCTCATATCCC-1,91,152,mm10
TGGATGGAGAAGCTGG-1,1008,468,Multiplet
TGGATGGAGGAACCCT-1,1290,41,GRCh38
TGGATGGAGGATCTGC-1,174,39,GRCh38
TGGATGGAGTTAGATC-1,2882,13,GRCh38
TGGATTGTCCAGCGTG-1,4124,43,GRCh38
TGGATTGTCCGCGATG-1,1837,40,GRCh38
TGGCACTAGAAGCGAT-1,1760,18,GRCh38
TGGCACTAGCGGGATA-1,32251,151,Multiplet
TGGCACTAGGCAAGGC-1,1321,21,GRCh38
TGGCACTAGGTTCACA-1,25925,124,GRCh38
TGGCATATCACTGGTA-1,283,40,GRCh38
TGGCATATCCCCAGGA-1,3356,51,GRCh38
TGGCATATCCCGTGTC-1,161,33,GRCh38
TGGCATATCCCTGTCA-1,1196,54,GRCh38
TGGCATATCTGGCACG-1,151,45,GRCh38
TGGCATGCAAACTGCG-1,48120,251,Multiplet
TGGCATGCAATACCAA-1,883,133,GRCh38
TGGCATGCAGGAACGG-1,416,122,GRCh38
TGGCATGCATAATCGA-1,3115,50,GRCh38
TGGCATGCATAGGCAT-1,345,38,GRCh38
TGGCATGCATCGGTCT-1,14910,83,GRCh38
TGGCATTGTTATCATG-1,17202,168,Multiplet
TGGCCATAGAACCTAT-1,447,34,GRCh38
TGGCCATAGCGCCAAT-1,2161,26,GRCh38
TGGCCATAGGCACGTT-1,71933,147,Multiplet
TGGCCTGAGGTGAGGC-1,550,54,GRCh38
TGGCGAGGTCTGGGCT-1,2667,49,GRCh38
TGGCGATTCAGCACCG-1,22168,181,Multiplet
TGGCGATTCGCGATTA-1,144,70,GRCh38
TGGCGATTCGCTCACC-1,162,33,GRCh38
TGGCGATTCGCTGGCA-1,20001,152,Multiplet
TGGCGATTCTAGTCCT-1,237,42,GRCh38
TGGCGCATCACCCTAT-1,572,37,GRCh38
TGGCGCATCACGGCTG-1,639,39,GRCh38
TGGCGCATCACTAACG-1,277,42,GRCh38
TGGCGCATCATAGGCC-1,6649,63,GRCh38
TGGCGCATCCCTGGCT-1,133,33,GRCh38
TGGCGCATCCTGAAGC-1,17540,82,GRCh38
TGGCGCATCGCGTCTC-1,9643,85,GRCh38
TGGCGGTCAACCTGTC-1,2824,75,GRCh38
TGGCGGTCAGCAGTTG-1,230,39,GRCh38
TGGCTAATCAAGTTCG-1,2938,47,GRCh38
TGGCTAATCCTGACTT-1,1886,34,GRCh38
TGGCTAATCTGGGAAG-1,7096,40,GRCh38
TGGCTATGTAACTGCT-1,180,33,GRCh38
TGGCTATGTATTGAGG-1,151,34,GRCh38
TGGCTATGTGACTCTG-1,277,45,GRCh38
TGGCTATGTTCGAATC-1,189,39,GRCh38
TGGCTATGTTGTAAGG-1,7760,74,GRCh38
TGGCTCAGTAGTTACC-1,970,54,GRCh38
TGGCTCAGTCAGCTTG-1,232,50,GRCh38
TGGCTCAGTCATCAGT-1,535,33,GRCh38
TGGCTCAGTCATCCCT-1,382,57,GRCh38
TGGCTCAGTTAGTGCT-1,414,35,GRCh38
TGGCTCTCAGCCTAGA-1,19343,153,Multiplet
TGGCTGACATCATCGC-1,189,76,GRCh38
TGGCTTGGTAACTCGT-1,835,32,GRCh38
TGGCTTGGTCATTGCG-1,149,38,GRCh38
TGGCTTGGTGATCCTG-1,134,33,GRCh38
TGGCTTGGTTCGGCAC-1,5655,128,GRCh38
TGGCTTGGTTGTGACT-1,152,42,GRCh38
TGGGAACGTTAATGCC-1,25761,139,GRCh38
TGGGAACGTTCCTCTA-1,701,84,GRCh38
TGGGAACGTTGCGACC-1,594,22,GRCh38
TGGGAACGTTTCCTTG-1,334,39,GRCh38
TGGGACAAGGAGGCTA-1,1309,144,GRCh38
TGGGACAAGGGTAGTG-1,8035,85,GRCh38
TGGGACAAGTAGCACC-1,22927,166,Multiplet
TGGGACAAGTCGATAT-1,58203,80,GRCh38
TGGGATAGTCAAGTGA-1,35276,237,Multiplet
TGGGATAGTCAGGCGA-1,3785,135,GRCh38
TGGGATAGTGATTACC-1,121,33,GRCh38
TGGGATAGTTGGATCT-1,9992,65,GRCh38
TGGGATTCAACTGCGA-1,3418,71,GRCh38
TGGGATTCACAACGAT-1,264,33,GRCh38
TGGGATTCACAACTAA-1,200,41,GRCh38
TGGGATTCAGTACTCC-1,17141,96,GRCh38
TGGGATTCATGATATG-1,29119,154,Multiplet
TGGGATTCATTCATCG-1,381,59,GRCh38
TGGGCAAAGCCACTCC-1,2088,44,GRCh38
TGGGCAAAGCTAGTTG-1,482,33,GRCh38
TGGGCAAAGGCTTCGG-1,37935,195,Multiplet
TGGGCAAAGTAATCCG-1,307,37,GRCh38
TGGGCAAAGTACGCCG-1,20666,103,GRCh38
TGGGCAAAGTGAACTT-1,18689,86,GRCh38
TGGGCACCAATATCGA-1,57619,107,GRCh38
TGGGCACCACTTAATC-1,283,51,GRCh38
TGGGCAGGTCATCGTG-1,3456,56,GRCh38
TGGGCAGGTGCGGAAT-1,21244,103,GRCh38
TGGGCAGGTTATCCGG-1,26404,193,Multiplet
TGGGCGAGTGAGGTAC-1,110,45,GRCh38
TGGGCGAGTTGTGAGA-1,4685,153,Multiplet
TGGGCTTAGCGCCTCT-1,566,304,Multiplet
TGGGCTTAGCGGATCT-1,4173,47,GRCh38
TGGGCTTAGGGTTGCT-1,1340,23,GRCh38
TGGGCTTAGTGGCTCG-1,29561,138,GRCh38
TGGGGCAGTAGTCATC-1,1367,89,GRCh38
TGGGGCAGTCTCAGCA-1,195,39,GRCh38
TGGGGCAGTTCACTCC-1,296,50,GRCh38
TGGGGCTCAAAGGTCT-1,257,42,GRCh38
TGGGGCTCACCAGGAC-1,1087,14,GRCh38
TGGGGCTCAGGTTAGT-1,114,35,GRCh38
TGGGGTTTCCCGTGTC-1,90,35,GRCh38
TGGGGTTTCCGTGGAT-1,20534,174,Multiplet
TGGGGTTTCGCATAGC-1,3118,47,GRCh38
TGGGTCACAATACTGA-1,140,36,GRCh38
TGGGTCACAATGGAAG-1,53064,124,GRCh38
TGGGTCACATCACATT-1,413,80,GRCh38
TGGGTCCGTCTAGCAT-1,232,43,GRCh38
TGGGTCCGTCTTGGGC-1,110,34,GRCh38
TGGGTCCGTGAGGCCA-1,20252,107,GRCh38
TGGGTCCGTTAGGCCC-1,4690,81,GRCh38
TGGGTCCGTTCAATGC-1,104,33,GRCh38
TGGGTCCGTTCCTCTA-1,233,35,GRCh38
TGGGTCCGTTGCAGTT-1,2913,53,GRCh38
TGGGTGAAGGCGTAAG-1,23429,116,GRCh38
TGGGTGAAGGTGCGTT-1,3566,166,Multiplet
TGGGTGAAGTGACGAG-1,21780,127,GRCh38
TGGGTTATCCGTCATT-1,8212,84,GRCh38
TGGGTTATCGACTGCG-1,237,33,GRCh38
TGGGTTATCTGTCTAC-1,396,38,GRCh38
TGGGTTGCAAGCACGC-1,2402,70,GRCh38
TGGGTTGCACCTTGAC-1,107,37,GRCh38
TGGGTTGCACTATGCC-1,4113,57,GRCh38
TGGGTTGCAGGCAATT-1,28941,173,Multiplet
TGGGTTGCATGAGTGT-1,256,34,GRCh38
TGGTAAGGTAGCTAGA-1,19437,146,Multiplet
TGGTAAGGTAGTCCTG-1,15326,90,GRCh38
TGGTAAGGTGCGTAGG-1,7724,127,GRCh38
TGGTACGCAAGCTAGT-1,24737,167,Multiplet
TGGTACGCAATTGGTA-1,253,33,GRCh38
TGGTACGCACTAGGCA-1,290,54,GRCh38
TGGTACGCATCCGCTG-1,432,68,GRCh38
TGGTACGCATGATATG-1,149,104,GRCh38
TGGTACGCATTCATGT-1,2483,272,Multiplet
TGGTACGCATTCGCTA-1,65784,198,Multiplet
TGGTAGCTCACACTAG-1,213,35,GRCh38
TGGTAGCTCACGGCTG-1,22677,115,GRCh38
TGGTAGCTCCATCAAG-1,804,73,GRCh38
TGGTAGCTCCCTGATT-1,190,33,GRCh38
TGGTAGCTCCCTGGAG-1,46439,228,Multiplet
TGGTAGCTCTGGCTCC-1,7825,54,GRCh38
TGGTAGCTCTTGAGCA-1,2589,32,GRCh38
TGGTAGGAGCGCTGCA-1,9082,141,GRCh38
TGGTAGGAGGATGCAG-1,2977,125,GRCh38
TGGTAGGAGGTCATAT-1,215,35,GRCh38
TGGTAGGAGTAACGCC-1,19593,107,GRCh38
TGGTAGTCAGGCTCAA-1,2958,95,GRCh38
TGGTAGTCAGGTAACT-1,13114,76,GRCh38
TGGTCAATCCAACTAG-1,6220,102,GRCh38
TGGTCAATCCACCAGG-1,242,36,GRCh38
TGGTCAATCCAGCCCT-1,33062,175,Multiplet
TGGTCAATCCATAGCA-1,1740,23,GRCh38
TGGTCAATCCGCGACA-1,192,33,GRCh38
TGGTCAATCCTGAATG-1,722,21,GRCh38
TGGTCAATCCTGGTCC-1,108,37,GRCh38
TGGTCACAGCGCTTGG-1,6963,77,GRCh38
TGGTCACAGGGGTAGC-1,35261,154,Multiplet
TGGTCACAGTAACCAT-1,119,37,GRCh38
TGGTCCCTCACCCTTG-1,292,39,GRCh38
TGGTCCCTCCCATAGA-1,921,87,GRCh38
TGGTCCCTCCCGCTGT-1,119,33,GRCh38
TGGTCCCTCTAACCAG-1,150,49,GRCh38
TGGTCCCTCTAGTACG-1,827,75,GRCh38
TGGTCCCTCTCACACT-1,166,33,GRCh38
TGGTCCCTCTGGTCCC-1,128,35,GRCh38
TGGTCCTCACAGCAAT-1,284,38,GRCh38
TGGTCCTCATCCACGT-1,2001,63,GRCh38
TGGTGAGAGTACGGCT-1,245,37,GRCh38
TGGTGGTTCACCTAAG-1,207,37,GRCh38
TGGTGGTTCAGGAGCA-1,3846,84,GRCh38
TGGTGGTTCCCGTTGC-1,5843,50,GRCh38
TGGTGGTTCCCTCTCT-1,4950,97,GRCh38
TGGTGGTTCCTCGTCA-1,24276,132,GRCh38
TGGTGGTTCCTGATGA-1,38932,175,Multiplet
TGGTGGTTCGCATGGT-1,12696,43,GRCh38
TGGTGGTTCTTGATGG-1,656,12,GRCh38
TGGTGTTGTCTAGTAC-1,121,34,GRCh38
TGGTGTTGTGCATCGC-1,1253,25,GRCh38
TGGTTAACAACCCGTT-1,41772,174,Multiplet
TGGTTAACAACCTCAC-1,833,18,GRCh38
TGGTTAACACATACGG-1,5898,76,GRCh38
TGGTTAACATCATAGA-1,17602,89,GRCh38
TGGTTAACATTAGAGC-1,641,143,GRCh38
TGGTTACGTAGCCTGC-1,509,47,GRCh38
TGGTTACGTCAAGGGT-1,284,52,GRCh38
TGGTTACGTGGACCTC-1,32882,138,GRCh38
TGGTTACGTTCGTTGG-1,1363,34,GRCh38
TGGTTAGTCATGTCTC-1,206,41,GRCh38
TGGTTAGTCCAGCAGT-1,5599,315,Multiplet
TGGTTAGTCCCTCGTA-1,221,53,GRCh38
TGGTTAGTCCCTCTAG-1,16379,124,GRCh38
TGGTTAGTCCGGGTTG-1,2991,44,GRCh38
TGGTTAGTCGCGATAC-1,17901,54,GRCh38
TGGTTAGTCTATGGTG-1,395,72,GRCh38
TGGTTATAGCGATGGA-1,213,49,GRCh38
TGGTTATAGGAGGTAT-1,12899,81,GRCh38
TGGTTATAGGTGATCC-1,53372,119,GRCh38
TGGTTATAGTCATACG-1,105,37,GRCh38
TGGTTATAGTCGACAC-1,34670,176,Multiplet
TGGTTCAAGCGAAGTG-1,1698,43,GRCh38
TGGTTCAAGTTGCATG-1,150,88,GRCh38
TGGTTCCCAACATCAA-1,1524,18,GRCh38
TGGTTCCCACCAACTC-1,327,38,GRCh38
TGGTTCCCACTCATGC-1,6805,102,GRCh38
TGGTTCCCAGGAGCAG-1,3350,368,Multiplet
TGGTTCCCATGCTCTA-1,107,62,GRCh38
TGGTTTAGTCATGCCA-1,794,266,Multiplet
TGGTTTAGTCATTAGC-1,5054,55,GRCh38
TGGTTTAGTGAGTTAG-1,231,34,GRCh38
TGGTTTAGTTCGAATC-1,189,46,GRCh38
TGGTTTAGTTGCGGTC-1,197,34,GRCh38
TGGTTTGAGCCGCATG-1,63166,178,Multiplet
TGGTTTGAGTCAACCA-1,6598,109,GRCh38
TGGTTTGAGTGTCATG-1,1071,9,GRCh38
TGTAACCGTAATCCTA-1,264,48,GRCh38
TGTAACCGTCTAGGAA-1,235,38,GRCh38
TGTAACTAGAAGCCAG-1,1495,28,GRCh38
TGTAACTAGCTAATCG-1,267,38,GRCh38
TGTAACTAGTCGATCA-1,29875,152,Multiplet
TGTAAGCCAAGCTCGA-1,23551,161,Multiplet
TGTAAGCCAGCATGAT-1,3867,75,GRCh38
TGTAAGCCATAAGCAC-1,4009,72,GRCh38
TGTAAGCCATTCGCAC-1,583,26,GRCh38
TGTAAGGGTCTTGATA-1,2531,48,GRCh38
TGTAAGGGTTAGTTGC-1,2833,83,GRCh38
TGTAATGCAACCCTGT-1,217,45,GRCh38
TGTAATGCAACTGGGC-1,24305,136,GRCh38
TGTAATGCAAGCACGC-1,281,37,GRCh38
TGTAATGCACTACCAC-1,139,36,GRCh38
TGTAATGCACTTGGTC-1,914,35,GRCh38
TGTAATGCAGGGCTGT-1,62896,111,GRCh38
TGTACCCCAAGTGAAG-1,8025,40,GRCh38
TGTACCCCACTTGCGT-1,140,38,GRCh38
TGTACCCCAGCTATGG-1,196,34,GRCh38
TGTACCCCATCACTTG-1,737,43,GRCh38
TGTACCCCATGGTGAT-1,240,35,GRCh38
TGTACCGGTAGCTGGG-1,1949,47,GRCh38
TGTACCGGTGAAGCGT-1,842,58,GRCh38
TGTACCGGTGAGGATC-1,2093,49,GRCh38
TGTACCGGTTAGCTCG-1,2593,86,GRCh38
TGTACCGGTTGCACCA-1,139,35,GRCh38
TGTACCGGTTGGTGCC-1,103,42,GRCh38
TGTACCGGTTGTAGAG-1,318,50,GRCh38
TGTACCTTCACTATGG-1,246,52,GRCh38
TGTACCTTCAGTGCTA-1,44620,175,Multiplet
TGTACCTTCATACTCC-1,101,37,GRCh38
TGTACCTTCCGCCTTA-1,272,38,GRCh38
TGTACCTTCCGTGTAA-1,152,34,GRCh38
TGTACCTTCCTCGTTG-1,769,20,GRCh38
TGTACCTTCGATCGTA-1,1282,25,GRCh38
TGTACCTTCGCGCATG-1,4690,72,GRCh38
TGTACCTTCGTCTCCA-1,245,44,GRCh38
TGTACCTTCGTGCCGA-1,30360,146,Multiplet
TGTACCTTCTGGCACG-1,369,40,GRCh38
TGTACGATCACAGGCT-1,28408,196,Multiplet
TGTACGATCCGTAGTA-1,1547,33,GRCh38
TGTACGATCCTGTCTG-1,5349,49,GRCh38
TGTACTGAGCAGGGAC-1,7994,94,GRCh38
TGTACTGAGCGCCTAG-1,1501,22,GRCh38
TGTACTGAGTAATCGT-1,55818,110,GRCh38
TGTACTGAGTATGAAG-1,905,34,GRCh38
TGTACTGAGTCATAGT-1,152,36,GRCh38
TGTACTGAGTGATTAC-1,28756,143,GRCh38
TGTACTTCATCACAGG-1,33753,113,GRCh38
TGTAGAGGTAATCGGA-1,26533,184,Multiplet
TGTAGAGGTGCAGCCT-1,2608,29,GRCh38
TGTAGAGGTGCGTGGA-1,50951,82,GRCh38
TGTAGAGGTGGAAGCT-1,24058,121,GRCh38
TGTAGCATCACTCACT-1,9432,63,GRCh38
TGTAGCATCGTCTAAG-1,22738,160,Multiplet
TGTAGCCAGCCAGAGA-1,4256,42,GRCh38
TGTAGCCAGCTAGCAC-1,28502,137,GRCh38
TGTAGCCAGCTATCCT-1,5724,57,GRCh38
TGTAGCCAGTAGTAAG-1,12043,94,GRCh38
TGTAGCCAGTGAGTCC-1,55704,125,GRCh38
TGTAGCGCAAAGGTCT-1,2471,25,GRCh38
TGTAGCGCAACCTTCA-1,3095,47,GRCh38
TGTAGCGCAACCTTGC-1,1459,36,GRCh38
TGTAGCGCACTTACGC-1,169,34,GRCh38
TGTAGCGCATTAGTAG-1,97,61,GRCh38
TGTAGCGCATTCGTTG-1,29807,169,Multiplet
TGTAGCTGTAAGTACG-1,1656,41,GRCh38
TGTAGCTGTCAAGTAG-1,9099,144,GRCh38
TGTAGCTGTCTCCACT-1,112,33,GRCh38
TGTAGCTGTTAAGGTG-1,5978,83,GRCh38
TGTAGCTGTTGCACTG-1,75,34,GRCh38
TGTAGCTGTTGTAGAG-1,1729,32,GRCh38
TGTAGCTGTTGTCCTC-1,20737,145,Multiplet
TGTAGCTGTTTGCACG-1,25449,170,Multiplet
TGTAGGTCAACTACTT-1,27788,137,GRCh38
TGTAGGTCAATATGTG-1,13110,107,GRCh38
TGTAGTTAGTAGTAGA-1,22474,112,GRCh38
TGTAGTTAGTAGTGCC-1,1010,26,GRCh38
TGTATAGCAATCTGCC-1,31488,175,Multiplet
TGTATAGCACATTCCA-1,495,36,GRCh38
TGTATAGCATCACATT-1,478,40,GRCh38
TGTATAGCATGGCTCT-1,5871,90,GRCh38
TGTATCAGTAGGTTGA-1,282,36,GRCh38
TGTATCAGTTGAATGG-1,410,56,GRCh38
TGTATCAGTTTCGGAT-1,17068,90,GRCh38
TGTATCCTCCCATGAA-1,13626,109,GRCh38
TGTATCCTCCCCTTAG-1,6507,10,GRCh38
TGTATCTCAACTGCGA-1,4617,42,GRCh38
TGTATCTCAAGGGTCC-1,9399,88,GRCh38
TGTATCTCACTCATGC-1,36855,72,GRCh38
TGTATCTCATGATTGA-1,4270,45,GRCh38
TGTATGACAACCGTCT-1,68455,120,GRCh38
TGTATGACAGTTAGGT-1,492,51,GRCh38
TGTATGACATAAGTTG-1,729,51,GRCh38
TGTATGACATGTCGGA-1,30689,161,Multiplet
TGTATGGTCACCCTGC-1,20352,143,GRCh38
TGTATGGTCCACGGCA-1,866,27,GRCh38
TGTATGGTCCTTCGGC-1,236,47,GRCh38
TGTATGGTCTATGTCC-1,7727,111,GRCh38
TGTATTCCATTGCGTC-1,25397,99,GRCh38
TGTATTGGTCAGGAGT-1,5450,83,GRCh38
TGTATTGGTTGCTAAC-1,16393,70,GRCh38
TGTCACCCACAACGAT-1,1192,36,GRCh38
TGTCACCCACATAGGT-1,259,36,GRCh38
TGTCACCCATTCGTGC-1,286,34,GRCh38
TGTCACTTCATGCTGA-1,716,30,GRCh38
TGTCACTTCATGTGCA-1,17359,87,GRCh38
TGTCACTTCCTGGTAA-1,4282,60,GRCh38
TGTCACTTCTGGCTCC-1,16846,118,GRCh38
TGTCAGGCACATTGAA-1,242,37,GRCh38
TGTCAGGCATGATCCC-1,169,42,GRCh38
TGTCATGAGAACCTCA-1,3037,41,GRCh38
TGTCATGAGCTTAGTG-1,30010,123,GRCh38
TGTCATGAGGATCCCG-1,36992,164,Multiplet
TGTCATGAGTATGAAG-1,9284,71,GRCh38
TGTCATTCAAATGGTC-1,17291,224,Multiplet
TGTCATTCAGGACTGC-1,8869,103,GRCh38
TGTCATTCATAACTGA-1,27600,121,GRCh38
TGTCCAAAGGCGAGGT-1,18479,84,GRCh38
TGTCCAAAGTTAACGT-1,1343,26,GRCh38
TGTCCACCATGCTACC-1,143,34,GRCh38
TGTCCAGGTGATCAGA-1,264,34,GRCh38
TGTCCAGGTGCAAGGT-1,59129,144,GRCh38
TGTCCAGGTGCGTGGA-1,18820,90,GRCh38
TGTCCAGGTTATGACC-1,157,35,GRCh38
TGTCCAGGTTGCGGTC-1,158,33,GRCh38
TGTCCAGGTTGTCATA-1,300,63,GRCh38
TGTCCAGGTTTCGGAT-1,94,34,GRCh38
TGTCCCATCACCATAG-1,13076,63,GRCh38
TGTCCCATCAGCACCG-1,3926,83,GRCh38
TGTCCCATCGACCTGG-1,337,39,GRCh38
TGTCCCATCGCGATTA-1,185,57,GRCh38
TGTCCCATCGCTTCGC-1,248,44,GRCh38
TGTCCCATCTGGTCCC-1,299,50,GRCh38
TGTCCCGCAACCGTGA-1,8082,102,GRCh38
TGTCCCGCAAGGGCAG-1,6559,65,GRCh38
TGTCCCGCACCTTAGC-1,484,53,GRCh38
TGTCCCGCATTACAGA-1,175,40,GRCh38
TGTCCCGCATTGCCGT-1,284,48,GRCh38
TGTCCCTGTCTTGAGT-1,122,38,GRCh38
TGTCCCTGTTGAGTTC-1,259,48,GRCh38
TGTCCCTGTTGGCCGT-1,136,36,GRCh38
TGTCCCTGTTTCGGTG-1,21011,157,Multiplet
TGTCCGCTCCAACCAA-1,106,36,GRCh38
TGTCCGCTCCATTACC-1,465,38,GRCh38
TGTCCGCTCCGTGATA-1,240,41,GRCh38
TGTCCGGAGTCAGCAC-1,6618,59,GRCh38
TGTCCTTAGGTCCCGA-1,1267,39,GRCh38
TGTCCTTAGTAACCAT-1,100,34,GRCh38
TGTCCTTAGTGAGCAG-1,1824,44,GRCh38
TGTCGAATCTGGATCA-1,416,33,GRCh38
TGTCGATGTTCTGTAA-1,28597,107,GRCh38
TGTCGATGTTGCTGAT-1,6407,104,GRCh38
TGTCGCCTCAAGTGAA-1,2395,54,GRCh38
TGTCGCCTCAGTTGGC-1,139,37,GRCh38
TGTCGCCTCCCCTGGT-1,107,37,GRCh38
TGTCGCCTCCCGTGAG-1,218,33,GRCh38
TGTCGCCTCCGCGTAG-1,598,61,GRCh38
TGTCGCCTCCGTCCGT-1,124,37,GRCh38
TGTCGCCTCCGTGTGG-1,1626,93,GRCh38
TGTCGCCTCCTGCGCT-1,234,35,GRCh38
TGTCGCCTCTAGCTCT-1,329,33,GRCh38
TGTCGTCCAATCTATC-1,901,47,GRCh38
TGTCGTTTCACCACTT-1,156,47,GRCh38
TGTCGTTTCATACTCC-1,91,42,GRCh38
TGTCGTTTCCAGCAGT-1,8161,106,GRCh38
TGTCGTTTCCATGTGA-1,242,40,GRCh38
TGTCTAAGTTATCAGC-1,17665,77,GRCh38
TGTCTGTTCGAACGCT-1,5455,65,GRCh38
TGTCTTGCAGCCATTC-1,333,73,GRCh38
TGTCTTGCATCACGCT-1,1736,84,GRCh38
TGTCTTGCATGGTATA-1,16856,110,GRCh38
TGTCTTGCATGGTTCC-1,562,18,GRCh38
TGTGAACCAAGTATCA-1,200,33,GRCh38
TGTGAACCACAATCGG-1,9110,93,GRCh38
TGTGAACCACTTCGTA-1,170,42,GRCh38
TGTGAAGGTAATCGCT-1,33279,138,GRCh38
TGTGAAGGTCTTACCC-1,64466,183,Multiplet
TGTGAAGGTGGCGACA-1,593,82,GRCh38
TGTGAAGGTTCGAGCC-1,41195,142,GRCh38
TGTGAGGAGCTGGAGA-1,1270,9,GRCh38
TGTGATTAGTAGGTAA-1,19892,95,GRCh38
TGTGCAATCAGGACAG-1,41954,135,GRCh38
TGTGCAATCCGGGTAT-1,12785,132,GRCh38
TGTGCAATCCGTGTCC-1,134,34,GRCh38
TGTGCAATCCTTCAAC-1,146,46,GRCh38
TGTGCAATCGTACACA-1,262,35,GRCh38
TGTGCATGTAATGTGG-1,1051,26,GRCh38
TGTGCATGTAGCGCCT-1,22923,151,Multiplet
TGTGCATGTAGGTACA-1,145,35,GRCh38
TGTGCATGTTGGGCCT-1,137,33,GRCh38
TGTGCATGTTTACTTC-1,294,40,GRCh38
TGTGCATGTTTCGTCC-1,867,38,GRCh38
TGTGCCAGTAGCCTTG-1,19249,115,GRCh38
TGTGCCAGTGAGTGCG-1,6527,100,GRCh38
TGTGCCAGTTCGCAAT-1,123,34,GRCh38
TGTGCCAGTTGCCTGA-1,13195,91,GRCh38
TGTGCCCTCAAGTATC-1,238,39,GRCh38
TGTGCCCTCAATGTAC-1,156,36,GRCh38
TGTGCCCTCACAGGAG-1,19313,95,GRCh38
TGTGCCCTCCAGGTCG-1,119,39,GRCh38
TGTGCCCTCGAGTACC-1,141,36,GRCh38
TGTGCCCTCGTGCCTC-1,140,36,GRCh38
TGTGCCCTCTCATTGC-1,336,39,GRCh38
TGTGCCTCAATGGGCC-1,24659,154,Multiplet
TGTGCCTCACTAGCAG-1,1689,40,GRCh38
TGTGCGCGTAAGGTGC-1,26044,48,GRCh38
TGTGCGCGTATTGGGA-1,1249,62,GRCh38
TGTGCTGGTCATCAGT-1,9482,98,GRCh38
TGTGCTGGTCTTACGG-1,7304,66,GRCh38
TGTGCTGGTGACTCTG-1,253,47,GRCh38
TGTGCTGGTTCGGTCA-1,154,46,GRCh38
TGTGCTGGTTCGTTCC-1,195,40,GRCh38
TGTGGTCAGAAGGGAA-1,196,1066,Multiplet
TGTGGTCAGAATCGTT-1,174,32,GRCh38
TGTGGTCAGGATTCGC-1,7828,212,Multiplet
TGTGGTCAGGGTACGA-1,51853,157,Multiplet
TGTGGTTGTGAGACCG-1,33546,117,GRCh38
TGTGGTTGTTAACGTC-1,112,33,GRCh38
TGTGGTTGTTAGACTC-1,239,36,GRCh38
TGTGGTTGTTCAATCA-1,2366,88,GRCh38
TGTGGTTGTTCGTGGC-1,34653,185,Multiplet
TGTGGTTGTTGCTATA-1,153,34,GRCh38
TGTGGTTGTTGTAGCT-1,626,102,GRCh38
TGTGTACGTCTTGGTG-1,932,48,GRCh38
TGTGTACGTTAAGCCT-1,28979,185,Multiplet
TGTGTTAGTAAGTAAC-1,296,33,GRCh38
TGTGTTAGTAGCGGTG-1,196,41,GRCh38
TGTGTTAGTATGGCAA-1,17274,89,GRCh38
TGTGTTAGTCAACTGT-1,32573,124,GRCh38
TGTGTTAGTCTCCAGA-1,10933,57,GRCh38
TGTGTTAGTTAAGCTC-1,359,38,GRCh38
TGTGTTAGTTAGACCT-1,9718,78,GRCh38
TGTGTTAGTTCATCGG-1,108,83,GRCh38
TGTGTTGAGATTGCGC-1,118,40,GRCh38
TGTGTTGAGGGTGATG-1,1336,18,GRCh38
TGTGTTGAGTTACAGT-1,4105,37,GRCh38
