barcode,GRCh38,mm10,call
AAACCAAAGCCGCACA-1,72,578,mm10
AAACCAAAGGGGTACA-1,29837,968,GRCh38
AAACCAAAGGTATAGA-1,12030,382,GRCh38
AAACCATTCACCACTT-1,10119,463,GRCh38
AAACCATTCCAGATCA-1,6690,578,GRCh38
AAACCATTCTAGCTGA-1,432,9600,mm10
AAACCCGCAACCAGAT-1,324,7641,mm10
AAACCCGCAACTCGGA-1,166,2945,mm10
AAACCCTGTCAATGGA-1,24999,1116,GRCh38
AAACCCTGTGGGTCAG-1,1027,161,GRCh38
AAACCCTGTTGACCCA-1,139,2721,mm10
AAACCCTGTTTAGTCA-1,35,556,mm10
AAACCGCTCACAGAGG-1,241,5427,mm10
AAACGAATCGCGACAT-1,7625,379,GRCh38
AAACGAATCGTTAAGT-1,378,9674,mm10
AAACGACAGAAGGTGT-1,26427,876,GRCh38
AAACGACAGCCAATGC-1,1120,32504,mm10
AAACGACAGGCATTCA-1,286,7285,mm10
AAACGATGTAGTAGCA-1,1082,198,GRCh38
AAACGATGTGATGAGC-1,19869,725,GRCh38
AAACGCCTCAGCCAGT-1,20969,630,GRCh38
AAACGGACAATACTCT-1,542,14710,mm10
AAACGGACAATATCAG-1,17317,697,GRCh38
AAACGGACACCATCGT-1,2815,471,GRCh38
AAACGGACAGCTATCC-1,30294,1215,Multiplet
AAACGGGTCGACATAT-1,24205,848,GRCh38
AAACGTAAGGAATCGG-1,218,5369,mm10
AAACGTAAGGCACATC-1,17771,584,GRCh38
AAACGTAAGGGGTACA-1,259,4906,mm10
AAACGTAAGTGCCCAG-1,53426,1529,Multiplet
AAACGTCCAAGGTCCA-1,671,13784,mm10
AAACGTCCAAGGTCTG-1,26741,880,GRCh38
AAACGTCCATAAGGTC-1,3400,228,GRCh38
AAACTCACAAGCGATT-1,2011,56866,mm10
AAACTCACATCGACTC-1,50,1429,mm10
AAACTCCGTAACCGAA-1,310,7554,mm10
AAACTCCGTGAACCGG-1,12251,454,GRCh38
AAACTCCGTGATGGAC-1,398,10665,mm10
AAACTCCGTTGGACCC-1,575,14814,mm10
AAACTCCGTTGTCTGG-1,4762,449,GRCh38
AAACTTGCAATACAGC-1,347,7245,mm10
AAACTTGCAATCGACG-1,318,6447,mm10
AAACTTGCACCTGCTG-1,39211,1281,Multiplet
AAACTTGCACTTGGAG-1,1845,400,GRCh38
AAACTTGCAGGCTTGA-1,271,6561,mm10
AAAGCAATCAGGCAAG-1,32348,1020,GRCh38
AAAGCAATCCTGCACC-1,41,680,mm10
AAAGCATGTCTCCAGA-1,258,6771,mm10
AAAGCATGTTCGCACA-1,201,4129,mm10
AAAGCCAGTCTAAGTC-1,16007,551,GRCh38
AAAGCCAGTGAACTAG-1,273,6507,mm10
AAAGCCAGTTAAGCCT-1,261,4467,mm10
AAAGCCAGTTTGGACT-1,10555,577,GRCh38
AAAGCCTCATCAAGCG-1,58,1304,mm10
AAAGCCTCATCACGAG-1,21701,762,GRCh38
AAAGCTAAGCCTACCC-1,8040,600,GRCh38
AAAGCTAAGCGAGCTT-1,3435,222,GRCh38
AAAGCTAAGCGCCAAT-1,263,6228,mm10
AAAGCTAAGGCACTGT-1,574,16552,mm10
AAAGCTAAGTGATGCC-1,648,18545,mm10
AAAGCTGGTCAGGACG-1,206,4711,mm10
AAAGCTGGTTATCGTA-1,12255,488,GRCh38
AAAGGTCAGCCTCTAT-1,278,5692,mm10
AAAGGTCAGTATCTGG-1,56,530,mm10
AAAGGTTGTAACGCGG-1,332,8394,mm10
AAAGGTTGTATGTCCG-1,21690,801,GRCh38
AAAGGTTGTGAGTGTA-1,2244,187,GRCh38
AAAGGTTGTTGACGCC-1,299,6505,mm10
AAAGGTTGTTGCCTAG-1,10931,410,GRCh38
AAAGGTTGTTGGCTGC-1,14890,506,GRCh38
AAAGGTTGTTGGGATA-1,268,4554,mm10
AAAGTAGTCCCAGAGT-1,1676,340,GRCh38
AAAGTAGTCCCGTGTC-1,822,115,GRCh38
AAAGTAGTCGCGATAC-1,289,6920,mm10
AAAGTAGTCTAATGCG-1,19227,653,GRCh38
AAAGTCAAGCCATCGG-1,13262,845,GRCh38
AAAGTCAAGCGGAGTA-1,102,1775,mm10
AAAGTCAAGTCAATCG-1,300,6221,mm10
AAAGTCAAGTCAGCTA-1,8541,8443,Multiplet
AAAGTGATCCAGGCCA-1,9630,614,GRCh38
AAAGTGATCGACTCAA-1,17671,643,GRCh38
AAAGTGATCTAAGCTG-1,496,11789,mm10
AAAGTTGAGGTAGCGA-1,25202,970,GRCh38
AAATGAGTCACTGGTA-1,31993,1024,GRCh38
AAATGAGTCGACCGTG-1,77,1521,mm10
AAATGAGTCGCGCATG-1,11292,447,GRCh38
AAATGAGTCTATGGTG-1,12476,718,GRCh38
AAATGCAAGCCGCGTA-1,16465,704,GRCh38
AAATGCAAGCGCTTAA-1,329,8229,mm10
AAATGCAAGGCAACTC-1,201,4962,mm10
AAATGCAAGTAGACTT-1,130,2798,mm10
AAATGCAAGTAGCGAG-1,260,5659,mm10
AAATGCAAGTAGGACG-1,96,2218,mm10
AAATGCTTCACTCTGT-1,14573,13026,Multiplet
AAATGCTTCATGGTCA-1,37640,1197,Multiplet
AAATGCTTCCCGCGAA-1,1524,286,GRCh38
AAATGCTTCCGTGAAC-1,15807,677,GRCh38
AAATGCTTCTAGTCGA-1,358,7369,mm10
AAATGGATCATGCTGA-1,266,5834,mm10
AAATGGATCCGTAAGC-1,35,620,mm10
AAATGGGCAATTAGCA-1,25485,783,GRCh38
AAATGGGCATGAGCGC-1,542,14486,mm10
AAATGTGAGCCCTTGC-1,15992,658,GRCh38
AAATGTGAGCCTTCGC-1,15821,730,GRCh38
AAATGTGAGCTGGGTT-1,573,13189,mm10
AAATTCGCAAACTCGG-1,4075,338,GRCh38
AAATTCGCAACCAGCA-1,488,11649,mm10
AAATTCGCACAAGGCC-1,15666,646,GRCh38
AAATTCGCATCCATTG-1,17200,618,GRCh38
AAATTCGCATCCTATG-1,17493,738,GRCh38
AAATTCGCATGGCAAT-1,51,867,mm10
AAATTGCTCACTAGAT-1,311,6713,mm10
AAATTGCTCATATCCC-1,19199,686,GRCh38
AAATTGCTCCACGGCA-1,6971,473,GRCh38
AAATTGCTCCGCGTCT-1,27419,989,GRCh38
AAATTGCTCCGGGTTG-1,344,8612,mm10
AAATTGCTCTATCTCA-1,27209,1180,GRCh38
AACACACCAAGGTAAG-1,17752,807,GRCh38
AACACACCACTCAACC-1,344,8524,mm10
AACACACCATTAACTC-1,172,3629,mm10
AACACATTCAGCTCAA-1,24302,888,GRCh38
AACACATTCCCGTACC-1,480,9906,mm10
AACACCATCACGTGCG-1,372,8272,mm10
AACACCATCATGCGGT-1,19108,744,GRCh38
AACACCATCCATGACA-1,14335,659,GRCh38
AACACCATCCCCAATT-1,19965,971,GRCh38
AACACCATCCTCTACG-1,46001,2231,Multiplet
AACACCATCGCTTGAA-1,176,3439,mm10
AACACCGCAGGAACTT-1,64741,1776,Multiplet
AACACCTGTATGGCTT-1,839,21545,mm10
AACACCTGTCAAGTCT-1,305,7396,mm10
AACACCTGTCTTGCTC-1,279,6254,mm10
AACACCTGTTAGACTC-1,244,5362,mm10
AACACCTGTTATGCGT-1,326,7700,mm10
AACACGAGTCTAACCG-1,24576,816,GRCh38
AACACGAGTTCGTGAT-1,12973,462,GRCh38
AACACGAGTTGCGAGG-1,526,12284,mm10
AACACGAGTTGTGCTG-1,27900,1116,GRCh38
AACAGCTCAAGTCCTC-1,14636,611,GRCh38
AACAGCTCACAGGGCT-1,48,794,mm10
AACAGCTCATCGGTAG-1,860,136,GRCh38
AACAGGTAGATAGCCC-1,31231,1035,GRCh38
AACAGGTAGGCACATC-1,217,3947,mm10
AACAGTAAGCGCTTGG-1,5064,1125,GRCh38
AACAGTAAGTTACCAG-1,319,7622,mm10
AACATAGAGTAGTTCG-1,4964,373,GRCh38
AACATCACAATCGCAG-1,404,11084,mm10
AACATCACATTAGTCT-1,270,6536,mm10
AACATCCGTAATTGCC-1,228,5098,mm10
AACATCCGTCTCACCT-1,35194,1456,Multiplet
AACATCCGTTAATTCG-1,22825,824,GRCh38
AACATCCGTTTGAGTC-1,135,2126,mm10
AACATGAAGGAGTCGA-1,409,11241,mm10
AACATGAAGGGGACAC-1,29694,1165,GRCh38
AACATGAAGTGGGTCT-1,18674,721,GRCh38
AACATTCAGGTGGACA-1,15903,620,GRCh38
AACATTCAGTGGGTAG-1,300,6448,mm10
AACATTGCAAGCATTA-1,582,14265,mm10
AACATTGCAGCTAGTG-1,8631,453,GRCh38
AACATTGCATCCGTTA-1,347,7772,mm10
AACCAACCAAGCGCAC-1,382,8609,mm10
AACCAAGGTTGAGGCG-1,312,7783,mm10
AACCAATTCAAGTAGA-1,21958,801,GRCh38
AACCAATTCAAGTTCG-1,17924,531,GRCh38
AACCAATTCAATCCCT-1,265,7485,mm10
AACCAATTCACGGAAG-1,18954,551,GRCh38
AACCAATTCCACGGAT-1,175,1661,mm10
AACCACGCACTTGGAG-1,17973,673,GRCh38
AACCACGCATGGAACT-1,25643,889,GRCh38
AACCAGCTCAGGGAAT-1,544,13283,mm10
AACCAGCTCATATCGG-1,48670,1689,Multiplet
AACCAGCTCATGTAAC-1,14586,582,GRCh38
AACCAGCTCGACTATG-1,1716,268,GRCh38
AACCAGGAGTAGTGAA-1,44,652,mm10
AACCAGGAGTTACCGA-1,105,921,mm10
AACCATTAGCGGTACT-1,44625,1229,Multiplet
AACCATTAGGATAGTA-1,274,6869,mm10
AACCCAATCAAGTCTG-1,489,11306,mm10
AACCCAATCGACTGGT-1,676,155,GRCh38
AACCCACAGCCGCAAT-1,354,7875,mm10
AACCCAGCAAACTTAG-1,9109,228,GRCh38
AACCCAGCAATGTAGC-1,308,6468,mm10
AACCCAGCACCTGCTG-1,410,5209,mm10
AACCCAGCATAGAGCT-1,439,11391,mm10
AACCCTAAGAATCATC-1,9827,361,GRCh38
AACCCTAAGATTACCG-1,107,890,mm10
AACCCTAAGCAGGCTT-1,667,131,GRCh38
AACCCTAAGCATAGGG-1,25573,771,GRCh38
AACCCTAAGCCGCATG-1,35,588,mm10
AACCCTAAGGGCTATC-1,749,20376,mm10
AACCCTAAGGTAGGAT-1,13213,509,GRCh38
AACCCTAAGGTTACTG-1,85,1520,mm10
AACCCTGGTAGCGGCA-1,26146,677,GRCh38
AACCCTGGTGCAGGCA-1,18247,747,GRCh38
AACCCTGGTTGGCTTG-1,20198,672,GRCh38
AACCGAAGTAAGCTAG-1,1322,33194,mm10
AACCGAAGTAGCTTAC-1,248,6133,mm10
AACCGAAGTTCCAGCA-1,238,5365,mm10
AACCGGGGTAACTGTC-1,79914,1939,Multiplet
AACCGGGGTTAGGCTT-1,22131,2125,Multiplet
AACCGGGGTTTCCGAG-1,327,6420,mm10
AACCTAACAATTCGGG-1,409,7942,mm10
AACCTAACATTGGAGT-1,51,1027,mm10
AACCTAGTCATGTGAT-1,257,7128,mm10
AACCTAGTCCGGATAC-1,256,5449,mm10
AACCTAGTCCTGCCGT-1,56,1201,mm10
AACCTCAAGAACGGAT-1,54147,1361,Multiplet
AACCTCAAGCATCTAG-1,359,7384,mm10
AACCTCAAGCGAAGGC-1,332,8192,mm10
AACCTCAAGGCACTTA-1,101,1693,mm10
AACCTGATCAATGGTT-1,10120,701,GRCh38
AACCTGATCACACAGC-1,247,5033,mm10
AACCTGATCAGTAGTT-1,22526,804,GRCh38
AACCTGATCCATATCC-1,15391,637,GRCh38
AACCTTAGTAACGGGT-1,172,3451,mm10
AACCTTAGTCAGTGCC-1,445,11063,mm10
AACCTTAGTCTAATGC-1,360,5777,mm10
AACCTTAGTTAGCTTA-1,254,5288,mm10
AACCTTGAGTGATCGC-1,21855,587,GRCh38
AACGAACAGAATCACT-1,26538,902,GRCh38
AACGAACAGCGGTCCA-1,23494,776,GRCh38
AACGAACAGGGGACAC-1,3058,220,GRCh38
AACGAACAGGTACCGT-1,210,5458,mm10
AACGAACAGTTACCTC-1,226,5247,mm10
AACGAATGTGCGATCC-1,266,6957,mm10
AACGAATGTGGCGCAA-1,360,8796,mm10
AACGACTCAATCGGGC-1,24823,828,GRCh38
AACGACTCATAGATTG-1,764,20034,mm10
AACGATCCATAATCAG-1,326,7114,mm10
AACGATGGTTACACTA-1,19318,818,GRCh38
AACGATGGTTAGGGTA-1,326,5018,mm10
AACGATGGTTGAGCTT-1,198,4095,mm10
AACGATGGTTGCTATA-1,1655,41731,mm10
AACGATTTCCTGAGCG-1,307,6920,mm10
AACGATTTCGACCCAG-1,33454,862,GRCh38
AACGATTTCGTTCCAT-1,29102,937,GRCh38
AACGCAAGTAATCGGA-1,266,6948,mm10
AACGCAAGTTATAGGG-1,285,6123,mm10
AACGCCACAACATACA-1,14143,598,GRCh38
AACGCCCGTCTTACGG-1,23126,886,GRCh38
AACGCCCGTGGACCCT-1,385,8131,mm10
AACGCCCGTTTGGTAC-1,11460,9467,Multiplet
AACGCGAAGGAATTGA-1,7429,396,GRCh38
AACGCGAAGGCTCCAG-1,16848,608,GRCh38
AACGCGCCAACGGCTA-1,891,156,GRCh38
AACGCGCCACTCGCAT-1,20372,890,GRCh38
AACGCGCCATTGCCAC-1,601,10930,mm10
AACGCTATCCCGCACT-1,304,7187,mm10
AACGCTCAGCATTAAC-1,12757,594,GRCh38
AACGCTTGTAACGCGG-1,301,5300,mm10
AACGCTTGTAATGGAT-1,17532,847,GRCh38
AACGCTTGTAGGCGTG-1,25834,848,GRCh38
AACGCTTGTCATTCCC-1,125,1441,mm10
AACGCTTGTTACACTA-1,342,9927,mm10
AACGGATAGAAGGTAC-1,395,10219,mm10
AACGGATAGTAGGTCC-1,68,1076,mm10
AACGGCAAGGTCGAAG-1,9537,301,GRCh38
AACGGCAAGTAGGGCA-1,224,5110,mm10
AACGGCAAGTTACGCA-1,450,10262,mm10
AACGGCGGTAGCTGGG-1,13759,483,GRCh38
AACGGGGCAGGCTCAA-1,8245,377,GRCh38
AACGGGGCAGTTGCGA-1,17749,881,GRCh38
AACGGGGCATAGACCG-1,250,3959,mm10
AACGGGGCATTACCCA-1,35087,1061,GRCh38
AACGGGGCATTAGACA-1,594,11131,mm10
AACGGTAGTAATCGGA-1,14375,9141,Multiplet
AACGGTAGTAGTGCAA-1,15659,684,GRCh38
AACGGTAGTTCGTTAA-1,6457,376,GRCh38
AACGGTAGTTGTGAGA-1,38712,1402,Multiplet
AACGGTAGTTTCCTCA-1,15677,671,GRCh38
AACGGTGAGATTGCCA-1,476,10743,mm10
AACGGTGAGCTAATGT-1,349,9061,mm10
AACGGTGAGGCACAGA-1,17180,737,GRCh38
AACGTAAAGCGCTTGG-1,407,9866,mm10
AACGTAAAGCGGTCTG-1,457,10103,mm10
AACGTAAAGCTAGAGG-1,11025,449,GRCh38
AACGTAAAGTCAGGAG-1,21179,734,GRCh38
AACGTAGGTAATGTCC-1,28614,844,GRCh38
AACGTAGGTTCAATGC-1,8932,339,GRCh38
AACGTAGGTTGGCTGC-1,1198,285,GRCh38
AACGTAGGTTGTCCTC-1,11592,548,GRCh38
AACGTAGGTTGTGGCC-1,12285,577,GRCh38
AACGTTGTCCTGATCT-1,10968,456,GRCh38
AACGTTGTCCTGCTAT-1,12649,876,GRCh38
AACTAGAAGGAGTAGT-1,287,7072,mm10
AACTAGAAGGCACAGA-1,34129,1024,GRCh38
AACTAGAAGTGACCGT-1,21525,741,GRCh38
AACTAGCCAATCCGTC-1,15587,716,GRCh38
AACTAGCCATTCGTAT-1,16707,747,GRCh38
AACTCAACAAATTACG-1,12765,523,GRCh38
AACTCAACACATTCAT-1,279,7141,mm10
AACTCAACATCCAAGG-1,272,5527,mm10
AACTCAACATGAATTG-1,165,4059,mm10
AACTCGATCACATGAT-1,122,2117,mm10
AACTCGATCCTGCCGT-1,432,11419,mm10
AACTCTTCAAAGGACA-1,18558,556,GRCh38
AACTCTTCAATCGACG-1,237,5304,mm10
AACTCTTCACATACTT-1,13590,642,GRCh38
AACTCTTCAGGCAACC-1,123,2591,mm10
AACTCTTCAGGGCAAG-1,21303,769,GRCh38
AACTCTTCATAAGTGC-1,268,4835,mm10
AACTCTTCATCCTCAA-1,43381,1441,Multiplet
AACTGAAAGGGTCATC-1,60,826,mm10
AACTGACCAATCTATC-1,22082,873,GRCh38
AACTGACCATAAGCTA-1,42431,1260,Multiplet
AACTGAGGTGATGCTT-1,7601,2406,Multiplet
AACTGAGGTGCGGTTC-1,294,7168,mm10
AACTGAGGTTTGGTAC-1,84,511,mm10
AACTGCATCCGCGAAT-1,3956,506,GRCh38
AACTGCATCCTCTACG-1,713,106,GRCh38
AACTGCATCGTAGTGC-1,1658,265,GRCh38
AACTGGTCAAATCCTT-1,795,205,GRCh38
AACTGGTCAATCATCT-1,254,6219,mm10
AACTGGTCATGAAGGA-1,285,4646,mm10
AACTGGTCATTGCGTC-1,200,4156,mm10
AACTTCTCAGGTAGGG-1,22963,684,GRCh38
AACTTCTCATGACAGT-1,13226,469,GRCh38
AACTTGGTCACACTTC-1,25597,926,GRCh38
AACTTGGTCCGCCTAC-1,3004,176,GRCh38
AACTTTGGTCTAGCTG-1,170,3896,mm10
AACTTTGGTGAAGTCA-1,292,6446,mm10
AAGCAAATCGTTGCTT-1,181,3840,mm10
AAGCAACAGTGAGCGA-1,294,6148,mm10
AAGCAATGTAGGTTAG-1,166,3394,mm10
AAGCAATGTCTGGTAT-1,2625,228,GRCh38
AAGCACCTCACAGGGA-1,11024,532,GRCh38
AAGCACCTCCATAGAT-1,314,7650,mm10
AAGCATCCAACGTGCA-1,4585,474,GRCh38
AAGCATCCAGTTAAGC-1,11133,487,GRCh38
AAGCATGGTAATGGCA-1,22471,715,GRCh38
AAGCATGGTCAACGGG-1,27857,952,GRCh38
AAGCATGGTGCGCGTT-1,1310,30745,mm10
AAGCATGGTGGCCAAG-1,472,10087,mm10
AAGCATGGTTATAGCC-1,22089,746,GRCh38
AAGCATTTCAGTAGGG-1,820,21318,mm10
AAGCATTTCCTCATCG-1,45289,1271,Multiplet
AAGCATTTCGATACGC-1,9747,24740,Multiplet
AAGCATTTCGATGGCT-1,15810,637,GRCh38
AAGCATTTCTGTGGAC-1,40,638,mm10
AAGCCATCATCCGTTA-1,53554,1439,Multiplet
AAGCCCCGTTGAATGG-1,70,656,mm10
AAGCCCCGTTTAGCAC-1,703,17113,mm10
AAGCCGCCAAACCCGA-1,10742,480,GRCh38
AAGCCGCCAATATCTC-1,362,9929,mm10
AAGCCGCCACAGGATT-1,271,5469,mm10
AAGCCGGGTCTCCAGA-1,523,7646,mm10
AAGCCGGGTGAGGACT-1,125,2726,mm10
AAGCCGGGTGGCTCAC-1,292,6900,mm10
AAGCCGGGTTAGAGGC-1,15045,661,GRCh38
AAGCCGGGTTCCTCGT-1,93,535,mm10
AAGCCTATCACCTGGG-1,1400,271,GRCh38
AAGCCTATCGAACGCT-1,395,9579,mm10
AAGCCTGCAATAGGTC-1,489,9236,mm10
AAGCCTGCAATATCTC-1,15734,587,GRCh38
AAGCGATAGAATCCAT-1,488,2589,mm10
AAGCGATAGCCTCTAT-1,63,734,mm10
AAGCGATAGGTCACTA-1,1590,8595,mm10
AAGCGATAGTCGATTG-1,787,17007,mm10
AAGCGCAAGCCTGATA-1,20043,566,GRCh38
AAGCGCAAGTAGACTT-1,244,4905,mm10
AAGCGCAAGTGAGACG-1,416,9255,mm10
AAGCGCAAGTGCCTGG-1,321,6270,mm10
AAGCGCAAGTTGCTTC-1,11787,541,GRCh38
AAGCGGATCCTCGTCA-1,169,1773,mm10
AAGCGGATCGCTTGAA-1,55623,1543,Multiplet
AAGCGGATCTAACCGA-1,71,700,mm10
AAGCGGGCAACCAGTG-1,84,1689,mm10
AAGCGGGCACCTCAGT-1,26466,783,GRCh38
AAGCGGGCATCCATCA-1,24239,818,GRCh38
AAGCTAAAGCAGGCTT-1,5510,491,GRCh38
AAGCTAAAGCAGTTCA-1,209,4621,mm10
AAGCTAAAGGCATCCG-1,29853,1184,GRCh38
AAGCTAAAGTGAACTT-1,279,4492,mm10
AAGCTAAAGTGAAGGT-1,24808,837,GRCh38
AAGCTAAAGTGATCTG-1,287,5472,mm10
AAGCTAGGTAGCAGGT-1,486,10148,mm10
AAGCTAGGTAGTCCTG-1,60829,1667,Multiplet
AAGCTAGGTTAGCGTT-1,8563,371,GRCh38
AAGCTAGGTTCCCATC-1,6394,249,GRCh38
AAGCTCGCACTAAGGT-1,356,8546,mm10
AAGCTCGCATCACGAG-1,5205,199,GRCh38
AAGCTCGCATGATCGG-1,260,5746,mm10
AAGCTCTGTAGCGGTG-1,32650,950,GRCh38
AAGCTCTGTGAAGGAG-1,253,7202,mm10
AAGCTCTGTTAGCAGA-1,12871,533,GRCh38
AAGCTCTGTTGAGTAG-1,464,7195,mm10
AAGCTTGTCACGTGCG-1,199,2749,mm10
AAGGAAAGTCAAGGAC-1,408,9532,mm10
AAGGAAAGTTGTGACT-1,25316,707,GRCh38
AAGGACTAGCAGGTGA-1,22409,661,GRCh38
AAGGACTAGCATAGCC-1,27694,1074,GRCh38
AAGGACTAGCGGACTT-1,214,5330,mm10
AAGGACTAGGGGCAAC-1,24467,794,GRCh38
AAGGACTAGGTGGACA-1,183,3415,mm10
AAGGATGCAATGAGCT-1,369,6120,mm10
AAGGCAACAAGCGCGT-1,933,24566,mm10
AAGGCAACAGGATGAA-1,286,6037,mm10
AAGGCAACATTAGAGC-1,23106,890,GRCh38
AAGGCCAAGCGCCAAT-1,59,862,mm10
AAGGCCAAGTGATACT-1,285,5259,mm10
AAGGCCCCATTAGTCT-1,12516,908,GRCh38
AAGGGCATCCTGCTAT-1,34722,1177,GRCh38
AAGGGCATCGTGCCCT-1,175,3410,mm10
AAGGGCCAGAATCAGA-1,69,509,mm10
AAGGGCCAGTTGGTCA-1,178,3680,mm10
AAGGGTTAGCTACTGA-1,97,1649,mm10
AAGGGTTAGTAGGCGA-1,26579,1107,GRCh38
AAGGGTTAGTCGCAGT-1,291,6352,mm10
AAGGTAATCACGCGCA-1,1038,27313,mm10
AAGGTAATCATCAGGC-1,606,13277,mm10
AAGGTAATCTGGAAGG-1,112,1544,mm10
AAGGTATGTGAGTGAC-1,17594,619,GRCh38
AAGGTATGTTAGCCTG-1,602,13325,mm10
AAGGTATGTTCCGCTT-1,66873,1853,Multiplet
AAGGTCAGTATAGTCC-1,287,6194,mm10
AAGGTCAGTGCAAGTA-1,5545,285,GRCh38
AAGGTCAGTTAATCCA-1,5855,571,GRCh38
AAGGTTAAGATTGATC-1,211,4494,mm10
AAGGTTAAGCAATTCG-1,749,20122,mm10
AAGGTTAAGCTTAGAT-1,19168,587,GRCh38
AAGGTTAAGGTGGATG-1,4309,676,GRCh38
AAGGTTGGTAAGCAGC-1,226,4703,mm10
AAGGTTGGTAAGTAGT-1,71,1348,mm10
AAGGTTGGTGATCCCA-1,1163,404,GRCh38
AAGGTTGGTGCGTAGG-1,2877,210,GRCh38
AAGGTTGGTTAACCGT-1,80,889,mm10
AAGTAACGTAATCCAC-1,17926,855,GRCh38
AAGTAACGTATGGACA-1,32164,937,GRCh38
AAGTAACGTGGCTTGC-1,2100,497,GRCh38
AAGTAACGTTAACGTC-1,10618,1856,Multiplet
AAGTAACGTTCGGGTC-1,444,9447,mm10
AAGTAACGTTGACCAT-1,43870,1395,Multiplet
AAGTAACGTTGCACTG-1,716,19854,mm10
AAGTAAGTCCATGACA-1,19649,608,GRCh38
AAGTAAGTCTTGACGA-1,278,6609,mm10
AAGTACCCAGCACTGA-1,782,3268,mm10
AAGTACCCATCCGCTG-1,330,7621,mm10
AAGTACCCATGGTTAA-1,3350,695,GRCh38
AAGTATGAGGATAGCG-1,279,6901,mm10
AAGTATGAGTCGAGAG-1,399,8390,mm10
AAGTCAAAGATTAAGG-1,14991,575,GRCh38
AAGTCAAAGCCACGCA-1,12933,591,GRCh38
AAGTCAAAGCGATGCT-1,22714,779,GRCh38
AAGTCAAAGTATGAGA-1,132,2119,mm10
AAGTCACCAACCCTAC-1,382,9775,mm10
AAGTCACCAGTACTCC-1,278,5954,mm10
AAGTCACCATGACCGA-1,106,1467,mm10
AAGTCACCATGATCGG-1,8360,561,GRCh38
AAGTCACCATGCTCTA-1,85,768,mm10
AAGTCAGGTAACCGGG-1,16559,651,GRCh38
AAGTCAGGTCAGCCAC-1,6382,299,GRCh38
AAGTCATTCACCATTC-1,183,3829,mm10
AAGTCATTCAGCTGGT-1,254,6086,mm10
AAGTCATTCCACCATT-1,485,11606,mm10
AAGTCATTCCTGCTGC-1,3309,645,GRCh38
AAGTCATTCTATGAGT-1,403,8095,mm10
AAGTCCATCAGTTCGA-1,138,1275,mm10
AAGTCCATCATCGTTC-1,112,1290,mm10
AAGTCGCTCCACCGCT-1,22342,1187,GRCh38
AAGTCGCTCCCAATCT-1,181,2785,mm10
AAGTCGCTCCCAGAGT-1,398,6632,mm10
AAGTGATGTAGTGCTT-1,427,10198,mm10
AAGTGATGTATGTAGG-1,5087,460,GRCh38
AAGTGATGTCAGTCAT-1,4134,1115,GRCh38
AAGTGATGTCTTGGGC-1,3763,128,GRCh38
AAGTGATGTTGTGCGC-1,37189,1157,GRCh38
AAGTGCCTCATGTAAC-1,24385,802,GRCh38
AAGTGCCTCCTTGACT-1,15548,364,GRCh38
AAGTGGACACATGCAG-1,403,10928,mm10
AAGTGGGTCACACTGA-1,560,14076,mm10
AAGTGGGTCGAGGTCT-1,38220,1433,Multiplet
AAGTGGGTCGCTCTAT-1,335,7844,mm10
AAGTGGGTCTAGTGCA-1,410,9164,mm10
AAGTTCCGTAGCTCAT-1,23533,808,GRCh38
AAGTTCCGTTCACGCA-1,135,3454,mm10
AAGTTGAAGGTACTAT-1,719,19183,mm10
AAGTTGGGTAAGTCGA-1,2693,146,GRCh38
AAGTTGGGTGATCCAT-1,10687,824,GRCh38
AAGTTGGGTTATCGCG-1,26176,1355,Multiplet
AAGTTTGCACATTGGG-1,295,6770,mm10
AAGTTTGCACTAGGGC-1,47,591,mm10
AATACGAAGGTTACGC-1,352,6743,mm10
AATACGAAGTTAGTCG-1,172,4325,mm10
AATACGCCAAGTCGGC-1,50677,1310,Multiplet
AATACGGGTAACTCTA-1,57022,1909,Multiplet
AATACGGGTCAAGCCC-1,6339,767,GRCh38
AATACGGGTTCGATGT-1,82,1051,mm10
AATACGTTCCAGCGAT-1,173,3784,mm10
AATACGTTCGTTCGCC-1,382,11266,mm10
AATATCGCAAGGGCTC-1,14232,475,GRCh38
AATATCGCAAGGTCTG-1,159,3419,mm10
AATATCGCAAGTGATC-1,340,7892,mm10
AATATCGCAATTCGTT-1,324,7662,mm10
AATATCGCATTACGCC-1,1580,115,GRCh38
AATATCGCATTCGTAT-1,92,2082,mm10
AATATGCTCATGTAAC-1,11475,501,GRCh38
AATATGCTCCCATGAA-1,124,1572,mm10
AATATGCTCCTCGATT-1,20341,1002,GRCh38
AATATGCTCGATTAGT-1,4094,320,GRCh38
AATATGCTCTAGTCGA-1,6559,4379,Multiplet
AATATGGAGAATCAGA-1,25534,874,GRCh38
AATATGGAGCGCTCTC-1,196,3832,mm10
AATATGGAGGCTTACA-1,12650,537,GRCh38
AATATGGAGGTATATC-1,309,6929,mm10
AATCACTAGAAGGGCC-1,10887,390,GRCh38
AATCACTAGCCAACCG-1,444,10605,mm10
AATCACTAGGATTCAT-1,223,5918,mm10
AATCACTAGGTCCACG-1,40499,1138,GRCh38
AATCACTAGGTTAGCC-1,67747,1697,Multiplet
AATCACTAGGTTCCTT-1,423,11255,mm10
AATCACTAGTGAGGAT-1,18384,618,GRCh38
AATCAGCCAAGCGGTC-1,683,12541,mm10
AATCAGCCAAGGTAGA-1,279,8500,mm10
AATCAGCCAAGGTATC-1,184,4169,mm10
AATCAGCCATCACACC-1,49,681,mm10
AATCATCAGCATCACA-1,455,11954,mm10
AATCATCAGGTCATCA-1,169,3061,mm10
AATCCATAGCGAGGTA-1,412,9103,mm10
AATCCCAAGCCCTGTC-1,21465,695,GRCh38
AATCCCAAGTAGCGGA-1,11457,423,GRCh38
AATCGAGGTGACGTGG-1,272,5575,mm10
AATCGAGGTTAGCTCG-1,134,2444,mm10
AATCGAGGTTCCCAAG-1,1583,249,GRCh38
AATCGAGGTTGGGACG-1,27528,999,GRCh38
AATCGCATCCCGCACT-1,3066,524,GRCh38
AATCGCATCCTTCAGT-1,31123,1083,GRCh38
AATCGCGCAAATTCCT-1,98308,2122,Multiplet
AATCGCGCAATAGGGA-1,302,6113,mm10
AATCGGCTCACTCCTG-1,165,4385,mm10
AATCGGCTCCAGGCCA-1,17017,577,GRCh38
AATCGGCTCTTGAGGC-1,212,4777,mm10
AATCGGTCAACTTACT-1,81,1838,mm10
AATCGGTCAATGAGCT-1,170,3341,mm10
AATCGTTAGGTGCATC-1,231,5618,mm10
AATCTAGCAGGTTCAG-1,12183,638,GRCh38
AATCTAGCAGTTGCCT-1,5618,237,GRCh38
AATCTAGCATCGAAGT-1,184,2723,mm10
AATCTAGCATTAGACA-1,21078,735,GRCh38
AATCTCCTCATGCCGG-1,6523,645,GRCh38
AATCTCCTCCGCTGTC-1,197,3368,mm10
AATCTGGTCACTGGGT-1,27653,1026,GRCh38
AATCTGGTCCCCTGTA-1,62,1209,mm10
AATCTGGTCCTGCCGT-1,49207,1505,Multiplet
AATCTGGTCGAACGAG-1,279,6642,mm10
AATCTGGTCTAAGTCG-1,240,6220,mm10
AATGAACGTATTGCAC-1,10234,671,GRCh38
AATGAACGTGCGCAGA-1,5592,1593,Multiplet
AATGAACGTTACACTA-1,13654,779,GRCh38
AATGAACGTTCCTCTA-1,6423,378,GRCh38
AATGACAAGCTACCGG-1,267,7897,mm10
AATGACAAGGCGCATT-1,106,856,mm10
AATGACAAGGGTAGGC-1,17824,733,GRCh38
AATGACAAGTAAGCCC-1,284,6729,mm10
AATGACTTCAATCTCC-1,258,5484,mm10
AATGACTTCCGTAAGC-1,16863,741,GRCh38
AATGACTTCGATAGTT-1,1233,806,GRCh38
AATGAGGCAAGCGACC-1,155,3019,mm10
AATGAGGCACAATCGG-1,875,23666,mm10
AATGAGGCATTAACCT-1,26514,849,GRCh38
AATGATGAGCATCTCT-1,77,1564,mm10
AATGATGAGGTGAGTG-1,21304,737,GRCh38
AATGATGAGTATCTGG-1,23353,919,GRCh38
AATGATGAGTCAGCTA-1,33880,1266,Multiplet
AATGCAAAGCCAGGAA-1,13981,554,GRCh38
AATGCAAAGTTAACCG-1,19788,846,GRCh38
AATGCAGGTGCAGTCC-1,20311,803,GRCh38
AATGCAGGTGCGAGCA-1,360,7415,mm10
AATGCAGGTTAGGTAG-1,22618,811,GRCh38
AATGCAGGTTCGCGGT-1,223,4518,mm10
AATGCAGGTTCGTCAG-1,14298,507,GRCh38
AATGCCTGTGAAGCTA-1,107,710,mm10
AATGCCTGTGGACAGT-1,24452,751,GRCh38
AATGCCTGTTATAGCC-1,18430,694,GRCh38
AATGCCTGTTCCATCC-1,20607,721,GRCh38
AATGCGAGTGAGTCGG-1,4565,117,GRCh38
AATGCGAGTGCAGTCC-1,3912,188,GRCh38
AATGCGAGTTTGCAGT-1,18659,594,GRCh38
AATGCGGAGCGATGGA-1,318,6958,mm10
AATGCGGAGGTGATGG-1,637,9353,mm10
AATGCGGAGTACCAGC-1,16155,591,GRCh38
AATGGATGTAACTCTA-1,1812,6989,mm10
AATGGATGTTGGGCAG-1,317,7248,mm10
AATGGATGTTTACACA-1,58,1163,mm10
AATGGATGTTTGCGGC-1,76,1624,mm10
AATGGCAGTCTTGATA-1,10849,336,GRCh38
AATGGCCTCAGTTACG-1,466,9498,mm10
AATGGCCTCCATTAGG-1,44997,1209,Multiplet
AATGGCCTCCGTGTCC-1,424,10099,mm10
AATGGCCTCCTTAGTC-1,314,7033,mm10
AATGGCGAGTAAGCGG-1,302,6584,mm10
AATGGCTCATCACTTG-1,125312,2704,Multiplet
AATGGCTCATGACCGA-1,17336,613,GRCh38
AATGGCTCATGAGCGC-1,16076,677,GRCh38
AATGGGACATAACTGA-1,321,6067,mm10
AATGGGCGTAGGCGCA-1,270,4720,mm10
AATGGGCGTGAGCGTG-1,184,4167,mm10
AATGGGCGTTTGGAGA-1,281,6727,mm10
AATGGGGTCGATATGT-1,568,13605,mm10
AATGGGTAGCGGATGA-1,192,4043,mm10
AATGGTAAGCCACATA-1,233,4625,mm10
AATGGTAAGTCTAGGC-1,61982,1752,Multiplet
AATGTCCGTATTGGCT-1,916,24269,mm10
AATGTCCGTTCCTTGC-1,154,2705,mm10
AATGTGAAGAACCAGG-1,9404,431,GRCh38
AATGTGAAGATTCACG-1,337,7612,mm10
AATGTGAAGCAGGTCT-1,865,19221,mm10
AATGTGAAGGTAGCCT-1,22311,782,GRCh38
AATGTGAAGGTCGAGA-1,6374,309,GRCh38
AATGTGTTCCAGATAT-1,3049,133,GRCh38
AATGTGTTCCGCGCAA-1,6934,651,GRCh38
AATGTGTTCGAGTACC-1,290,5946,mm10
AATGTTGCACTAGGGC-1,26876,733,GRCh38
AATTACGCACTTGCAC-1,1159,543,GRCh38
AATTACGCAGCTAACG-1,249,6614,mm10
AATTACGCATGGCTAG-1,7433,4222,Multiplet
AATTCAGCAAGCGGTC-1,219,3339,mm10
AATTCAGCACCATGAG-1,14900,547,GRCh38
AATTCCTCAACCCGTT-1,22296,845,GRCh38
AATTCCTCAACCCTGT-1,307,5469,mm10
AATTCCTCACAAGCTG-1,28349,1331,Multiplet
AATTCCTCACATGATA-1,11826,5562,Multiplet
AATTCCTCAGGACATT-1,274,6452,mm10
AATTGGGGTGGAAGCT-1,119,2484,mm10
AATTGGGGTTCCCGTT-1,1125,26683,mm10
AATTGGGGTTCGGCGT-1,38,610,mm10
AATTGGGGTTTAGTTG-1,255,5536,mm10
AATTGGTTCAATCAAC-1,579,11082,mm10
AATTGGTTCCTGACTT-1,18523,747,GRCh38
AATTGTCAGCCTGTGG-1,432,9719,mm10
ACAACAGGTCTGGTTG-1,22083,699,GRCh38
ACAACAGGTGCATCCA-1,14288,586,GRCh38
ACAACAGGTGGCTACC-1,7111,168,GRCh38
ACAACAGGTTCCGTGA-1,5070,326,GRCh38
ACAACAGGTTGTCCAG-1,314,8780,mm10
ACAACATTCCGTCAGG-1,30015,954,GRCh38
ACAACATTCCGTGCAG-1,4175,704,GRCh38
ACAACATTCTAATGCG-1,9561,506,GRCh38
ACAACATTCTGGCATA-1,237,5479,mm10
ACAACCATCACTTCGT-1,10727,913,GRCh38
ACAACCATCAGGTGAG-1,235,4540,mm10
ACAACCATCCCATATC-1,797,653,GRCh38
ACAACCATCGAACCAC-1,8236,734,GRCh38
ACAACCATCGTACCAA-1,18154,583,GRCh38
ACAACCATCTATGTCC-1,28922,945,GRCh38
ACAACCATCTGTCATC-1,11824,747,GRCh38
ACAACCGCAACTGGCA-1,218,6082,mm10
ACAACCGCAAGTGGTT-1,10158,1535,Multiplet
ACAACCGCACCTACCG-1,49433,1571,Multiplet
ACAACCGCAGCTCAAG-1,336,7490,mm10
ACAACCGCAGGATTCG-1,165,2562,mm10
ACAACCTGTAGCTAAG-1,9459,435,GRCh38
ACAACCTGTAGCTCCA-1,334,7586,mm10
ACAACCTGTCTGGCTA-1,33892,1058,GRCh38
ACAACCTGTGATGATG-1,2631,175,GRCh38
ACAACTTAGAAGCTAA-1,47823,1505,Multiplet
ACAACTTAGGTGGACA-1,525,10766,mm10
ACAACTTAGTTAGATC-1,19930,644,GRCh38
ACAAGCGAGGTACGGA-1,28078,994,GRCh38
ACAAGCGAGTAAGTGA-1,10426,542,GRCh38
ACAAGCTCAAGCCAGC-1,746,19259,mm10
ACAAGCTCAAGGGTAA-1,2828,197,GRCh38
ACAAGGCGTAGCAGAC-1,35,855,mm10
ACAAGGCGTCTGTGCA-1,2143,89,GRCh38
ACAAGGGTCCAACTGA-1,144,1669,mm10
ACAAGGGTCGTTCCGC-1,965,149,GRCh38
ACAAGGGTCTGGATAT-1,608,13900,mm10
ACAAGGTAGGGTCCAT-1,269,4610,mm10
ACAAGTAAGGCACGAA-1,97,1621,mm10
ACAAGTAAGTAAGCAA-1,12245,546,GRCh38
ACAAGTTTCACTATCC-1,413,6800,mm10
ACAAGTTTCACTCGTT-1,323,6874,mm10
ACAAGTTTCAGGAGCA-1,12838,624,GRCh38
ACAAGTTTCGATCCGG-1,58,651,mm10
ACAAGTTTCGTGATAT-1,3794,387,GRCh38
ACAATAGAGAAGGAAG-1,305,5138,mm10
ACAATAGAGCAATCGC-1,16406,722,GRCh38
ACAATAGAGGTCCACG-1,19203,695,GRCh38
ACAATAGAGTTGCTTC-1,522,11839,mm10
ACAATCACAAGCGTTG-1,19753,684,GRCh38
ACAATCACAATCTCTG-1,718,18746,mm10
ACAATCACACTATCAT-1,27863,1054,GRCh38
ACAATCACACTCAGCT-1,698,160,GRCh38
ACAATCACATCACACC-1,455,12087,mm10
ACAATCCGTCATGCCA-1,363,8094,mm10
ACAATCCGTGGCTAGG-1,13772,489,GRCh38
ACAATGAAGCATCTAG-1,595,13821,mm10
ACAATGAAGCCAGCAT-1,375,8958,mm10
ACAATGAAGGTGAGGC-1,10817,419,GRCh38
ACAATGAAGTATGACT-1,524,11341,mm10
ACAATGAAGTGATGGG-1,283,5673,mm10
ACAATGGGTCTGGTCA-1,493,11729,mm10
ACAATGGGTGAACCAA-1,30907,1041,GRCh38
ACAATGGGTGATGAGC-1,607,16754,mm10
ACAATTCAGAAGCCTC-1,365,7964,mm10
ACAATTCAGAATCGGG-1,130,2592,mm10
ACAATTCAGATAGATG-1,18103,844,GRCh38
ACAATTCAGGAATTGA-1,18356,588,GRCh38
ACAATTCAGGTCATGC-1,2577,282,GRCh38
ACAATTCAGTATGTGT-1,13553,572,GRCh38
ACAATTCAGTGCCTAA-1,445,13196,mm10
ACACAAGGTGAAGTTG-1,43949,1212,Multiplet
ACACAAGGTTCAAGTC-1,967,20250,mm10
ACACACGCAACCAGCA-1,235,4317,mm10
ACACACGCAACTCGTC-1,66763,1814,Multiplet
ACACACGCAATCTGAA-1,19313,752,GRCh38
ACACACGCAGTTAAGC-1,24277,938,GRCh38
ACACACGCATTACGTT-1,123,779,mm10
ACACAGTCAATTACTC-1,319,7426,mm10
ACACAGTCAGTAAGGA-1,260,5739,mm10
ACACAGTCAGTACTAA-1,239,4429,mm10
ACACAGTCATAGGGTT-1,379,5399,mm10
ACACAGTCATCCGGTT-1,201,4471,mm10
ACACAGTCATGCTCTA-1,224,5916,mm10
ACACATTAGCCACATA-1,28309,898,GRCh38
ACACATTAGCCGCGTA-1,286,5629,mm10
ACACATTAGGTCGTTA-1,256,5750,mm10
ACACCAATCCTTCACG-1,539,14363,mm10
ACACCAATCCTTCATA-1,83780,2065,Multiplet
ACACCAATCGTAGTCA-1,5261,1645,Multiplet
ACACCAATCGTGAGGA-1,8091,356,GRCh38
ACACCAATCTGTGGCG-1,571,14358,mm10
ACACCAGCAAAGGCAA-1,29116,1011,GRCh38
ACACCAGCACTCAGCT-1,21649,706,GRCh38
ACACCCAGTATGGTCT-1,305,5422,mm10
ACACCCAGTCATCAGT-1,310,5971,mm10
ACACCCAGTTATGGGA-1,417,9299,mm10
ACACCCTCACCACATC-1,35172,1543,Multiplet
ACACCCTCACTCAAGG-1,16198,664,GRCh38
ACACCCTCAGGTTCCT-1,237,4648,mm10
ACACCCTCATAAGGGA-1,259,5777,mm10
ACACGAAGTATGTACC-1,1459,437,GRCh38
ACACGAAGTGCATCGC-1,261,5064,mm10
ACACGAAGTTGTGGCC-1,307,6918,mm10
ACACGATCAAGCTGAT-1,16779,673,GRCh38
ACACGATCACAGCGGT-1,21945,899,GRCh38
ACACGGGGTAGGCCAG-1,3576,131,GRCh38
ACACGGGGTGATCAGA-1,1218,27364,mm10
ACACGGGGTTAACCCG-1,20556,836,GRCh38
ACACGGGGTTAGGTAG-1,358,7702,mm10
ACACGGTTCACAGCCG-1,427,5947,mm10
ACACGGTTCCGGTAAC-1,22708,908,GRCh38
ACACGGTTCCTGCTCA-1,21498,1831,Multiplet
ACACGGTTCGACATTG-1,28557,1082,GRCh38
ACACGTTGTCATCCAG-1,121,2139,mm10
ACACGTTGTTGTCATA-1,190,1242,mm10
ACACTAGTCGTGCATA-1,21746,845,GRCh38
ACACTAGTCTATGGCA-1,9032,326,GRCh38
ACACTAGTCTGGGACT-1,65,757,mm10
ACACTCCCACATAGGT-1,29111,1094,GRCh38
ACACTGATCATGTCTC-1,11521,272,GRCh38
ACACTGATCTGGGATC-1,824,20300,mm10
ACAGAACAGCCGATGT-1,36555,1079,GRCh38
ACAGAACAGTCAGCCG-1,123,2238,mm10
ACAGAATGTCTTGACG-1,1873,118,GRCh38
ACAGAATGTTCCGTCT-1,26533,1010,GRCh38
ACAGAATGTTGGAGAC-1,6983,580,GRCh38
ACAGACAGTCAAGGCG-1,12868,597,GRCh38
ACAGACAGTCTCAGTG-1,24449,879,GRCh38
ACAGACAGTGCAGTAA-1,1084,27703,mm10
ACAGACTCAACCCGTT-1,636,13856,mm10
ACAGATGGTATAGCTC-1,23895,914,GRCh38
ACAGATGGTCAAGGGT-1,22700,747,GRCh38
ACAGATGGTTAACGAG-1,239,5374,mm10
ACAGCAAGTCATCGCA-1,13520,482,GRCh38
ACAGCAAGTTAAGCTC-1,27784,1166,GRCh38
ACAGCAAGTTGTAGAG-1,14101,726,GRCh38
ACAGCCACAGTTGCAG-1,19803,10933,Multiplet
ACAGCCACATGACCGA-1,73,1106,mm10
ACAGCCCGTAAGCCAA-1,1146,141,GRCh38
ACAGCCCGTAAGCGTA-1,2018,243,GRCh38
ACAGCCCGTGATAGTG-1,2486,681,GRCh38
ACAGCCCGTGGGTACG-1,15623,675,GRCh38
ACAGCGAAGGTCATTG-1,250,5244,mm10
ACAGCGAAGTCATCAG-1,42116,1326,Multiplet
ACAGCGAAGTGATAGA-1,321,8174,mm10
ACAGCGGGTCATTGGT-1,13263,500,GRCh38
ACAGCGGGTGACTCTG-1,8837,653,GRCh38
ACAGCGGGTTTAGCCG-1,308,6509,mm10
ACAGCTATCAGCATCA-1,1153,30862,mm10
ACAGCTATCCAATGCA-1,9906,285,GRCh38
ACAGCTATCCGGTGTG-1,118,818,mm10
ACAGCTATCTAAGCTG-1,13462,656,GRCh38
ACAGCTCAGAAGGGAA-1,652,114,GRCh38
ACAGCTCAGCGATGCT-1,288,5802,mm10
ACAGCTCAGGCTACAC-1,124,3336,mm10
ACAGCTTGTAGCGAGT-1,27322,1056,GRCh38
ACAGCTTGTATGGATG-1,12268,505,GRCh38
ACAGCTTGTCAACGGG-1,2371,153,GRCh38
ACAGCTTGTCTAAGTC-1,13171,860,GRCh38
ACAGCTTGTTCACCAG-1,19121,691,GRCh38
ACAGGAACAACATGAC-1,12743,10518,Multiplet
ACAGGAACAAGTATCA-1,12531,448,GRCh38
ACAGGAACATGGTCAG-1,10641,443,GRCh38
ACAGGATAGAATCCAT-1,250,4622,mm10
ACAGGATAGCGATCCG-1,122,2736,mm10
ACAGGATAGCTATCCT-1,179,3757,mm10
ACAGGATAGGAATCGG-1,198,4321,mm10
ACAGGCAAGAAGCTAA-1,73,1679,mm10
ACAGGCAAGCTACGCG-1,98,1733,mm10
ACAGGCAAGGATTGGG-1,18958,755,GRCh38
ACAGGCAAGGTACCAC-1,10750,567,GRCh38
ACAGGCAAGGTTGGCT-1,374,10177,mm10
ACAGGCAAGTCGAACC-1,12808,702,GRCh38
ACAGGCGGTTGTGGTT-1,14260,558,GRCh38
ACAGGCTTCCTGCACC-1,19717,820,GRCh38
ACAGGCTTCTTGATCC-1,283,5555,mm10
ACAGGGATCAGTATCG-1,237,5171,mm10
ACAGGGATCGTGAGTC-1,18214,758,GRCh38
ACAGGGATCGTGCCGA-1,660,14821,mm10
ACAGGGGCATCGTAGG-1,3482,628,GRCh38
ACAGGTAGTAAGTGGC-1,6857,342,GRCh38
ACAGGTAGTCATCATA-1,151,3772,mm10
ACAGGTAGTTGTGCGC-1,982,25765,mm10
ACAGGTGAGCGGTCCA-1,318,5651,mm10
ACAGGTGAGGAACTGG-1,15695,505,GRCh38
ACAGGTGAGGTCAACC-1,279,4876,mm10
ACAGGTTCAAACTGGT-1,279,6494,mm10
ACAGGTTCACCTCAGT-1,357,8637,mm10
ACAGTCATCAATCAAC-1,66,1366,mm10
ACAGTCATCACTAACG-1,295,5530,mm10
ACAGTCATCAGGGCTT-1,21221,757,GRCh38
ACAGTCGCAACTATCT-1,254,3835,mm10
ACAGTCGCAGGCAGCT-1,90,1854,mm10
ACAGTGAGTCAGGGCA-1,28173,923,GRCh38
ACAGTGAGTTCGGCGT-1,21616,859,GRCh38
ACAGTTACATTAGAGC-1,1412,404,GRCh38
ACAGTTGTCAGTAATC-1,17654,665,GRCh38
ACAGTTGTCCAATTCC-1,121,818,mm10
ACAGTTGTCCGTATAG-1,34625,1029,GRCh38
ACAGTTTAGCGCTCCT-1,135,3534,mm10
ACAGTTTAGCTGGATC-1,2518,406,GRCh38
ACAGTTTAGGCATGGA-1,128,2283,mm10
ACAGTTTAGGCTAGAG-1,8334,414,GRCh38
ACATAGAAGCTGGAAG-1,15240,488,GRCh38
ACATAGAAGGCTCTGG-1,9494,402,GRCh38
ACATAGAAGGTACCAC-1,325,6578,mm10
ACATAGCCAAGGGACG-1,1990,218,GRCh38
ACATAGCCACATAGGT-1,448,10988,mm10
ACATAGCCAGGATGCC-1,4088,226,GRCh38
ACATATCAGCGAACGA-1,267,5663,mm10
ACATATCAGGGGTTGA-1,329,8276,mm10
ACATATCAGTGAATCT-1,308,7828,mm10
ACATCCCCAACATCGG-1,683,14350,mm10
ACATCCCCATCGCTTA-1,254,5455,mm10
ACATCCGGTAGTAGTG-1,3089,436,GRCh38
ACATCCGGTGGCCAAG-1,301,5677,mm10
ACATCCGGTTAGCCGC-1,323,7937,mm10
ACATCCGGTTCCAGTG-1,23863,768,GRCh38
ACATCCGGTTGGCGCT-1,25535,813,GRCh38
ACATCCTTCACAGGAG-1,146,2710,mm10
ACATCCTTCATACTGG-1,28738,1144,GRCh38
ACATCCTTCCCCATCA-1,5613,196,GRCh38
ACATCCTTCCGGTGAT-1,89,1165,mm10
ACATCCTTCCGGTGTG-1,238,4892,mm10
ACATCCTTCGCTCATT-1,232,4475,mm10
ACATCCTTCGTGAATT-1,24058,672,GRCh38
ACATCTTCAAACCGGC-1,264,6212,mm10
ACATCTTCACAGCGAC-1,1514,250,GRCh38
ACATCTTCACTAGCTC-1,320,8805,mm10
ACATCTTCATCGGTGA-1,14167,463,GRCh38
ACATGAAAGCGGGAAC-1,23144,786,GRCh38
ACATGAAAGGCTACGT-1,26023,17880,Multiplet
ACATGAAAGTCGCATA-1,40257,1096,GRCh38
ACATGAGGTGATCAAG-1,21209,658,GRCh38
ACATGCATCACCATTC-1,219,5905,mm10
ACATGCATCACTCGAA-1,230,5956,mm10
ACATGCATCCAACTAG-1,36230,5570,Multiplet
ACATGCATCCTCAGTT-1,204,4998,mm10
ACATGCATCGACTAAT-1,53365,1423,Multiplet
ACATGCCAGCATAGCC-1,283,5887,mm10
ACATGCCAGGGCTTCG-1,86,1745,mm10
ACATGCCAGTGATACT-1,857,23033,mm10
ACATGGCTCCTCTCGA-1,55,516,mm10
ACATGGCTCCTTCGGC-1,137,1330,mm10
ACATGGTCAAACTGAC-1,30296,922,GRCh38
ACATGGTCAAGGTCGC-1,150,867,mm10
ACATGGTCACAATCCC-1,11555,441,GRCh38
ACATGTTAGCCGATGT-1,614,13726,mm10
ACATGTTAGCCTGTAA-1,553,81,GRCh38
ACATGTTAGGTTGGTC-1,21696,7485,Multiplet
ACATTAGCAAACTCAA-1,36190,1098,GRCh38
ACATTAGCAAGCCACA-1,169,3028,mm10
ACATTAGCACATTAAG-1,4362,286,GRCh38
ACATTCCTCAATCACG-1,21419,731,GRCh38
ACATTCCTCAGGGATG-1,25330,1120,GRCh38
ACATTCCTCCAGGCCA-1,314,8805,mm10
ACATTCCTCGATACAT-1,26561,1101,GRCh38
ACATTCCTCTCATGCT-1,843,23084,mm10
ACATTGGTCATCAGGC-1,260,3894,mm10
ACATTGGTCGCTCTGC-1,216,4563,mm10
ACATTGGTCTATCAGG-1,387,9349,mm10
ACATTTCCAACGTGGC-1,717,1726,mm10
ACATTTGGTCTAGCAT-1,10328,340,GRCh38
ACCAAACCACAGCATG-1,19754,7524,Multiplet
ACCAAACCATAATTGG-1,31225,1197,Multiplet
ACCAAATTCCGTGCGA-1,13409,928,GRCh38
ACCAAATTCGCGACAT-1,328,8316,mm10
ACCAACATCGAACCCG-1,13695,634,GRCh38
ACCAACATCGTGCGTG-1,7034,354,GRCh38
ACCAAGCTCGTTAGTG-1,9574,508,GRCh38
ACCAAGTCAACCAACG-1,594,14669,mm10
ACCAAGTCAAGCTGAT-1,478,12648,mm10
ACCAAGTCAATACGCG-1,170,4258,mm10
ACCAAGTCAATCTCAT-1,12784,595,GRCh38
ACCAAGTCATGGTAGT-1,939,349,GRCh38
ACCAATGTCACTGGGT-1,16678,661,GRCh38
ACCAATGTCCCGGCTT-1,4018,404,GRCh38
ACCAATGTCCGCATCC-1,329,5941,mm10
ACCAATGTCCGCGCTT-1,28226,25081,Multiplet
ACCAATGTCGTTCACT-1,601,111,GRCh38
ACCAATTAGGTTCGAC-1,317,7080,mm10
ACCAATTAGTAGCTTG-1,235,6052,mm10
ACCACAATCAGCACCG-1,36454,1149,GRCh38
ACCACAATCGATCGCG-1,1038,90,GRCh38
ACCACACAGCGACTTA-1,22985,788,GRCh38
ACCACAGCAAATGGCT-1,99,1795,mm10
ACCACAGCACAGGATT-1,30765,921,GRCh38
ACCACAGCAGTACTAA-1,22946,753,GRCh38
ACCACAGCATTACCCA-1,380,7792,mm10
ACCACCTCAAACTGTA-1,217,5181,mm10
ACCACCTCAGCCATAG-1,156,4138,mm10
ACCACCTCATAACCTT-1,975,30121,mm10
ACCACCTCATAGGCTG-1,24736,1046,GRCh38
ACCACCTCATCGGTGA-1,58422,1588,Multiplet
ACCACCTCATGTCGGA-1,17152,898,GRCh38
ACCACGTAGCCATCAA-1,23097,931,GRCh38
ACCAGGCCAAGCTGTG-1,298,6106,mm10
ACCAGGCCACAACGAT-1,24510,763,GRCh38
ACCAGGCCACAATTAG-1,75,723,mm10
ACCATAACAACTTCGC-1,381,10874,mm10
ACCATAACATTCGGGA-1,22060,1057,GRCh38
ACCATAGTCCGCATGG-1,16461,543,GRCh38
ACCATATAGCCAGCCA-1,405,8488,mm10
ACCATATAGCTATCAG-1,2083,47180,mm10
ACCATATAGGTGCTGT-1,347,7048,mm10
ACCATATAGGTGGATG-1,453,10949,mm10
ACCATCAAGCATTACG-1,201,4956,mm10
ACCATCAAGCGGAGAC-1,8024,528,GRCh38
ACCATCAAGGCGTCCA-1,2152,1222,GRCh38
ACCATCCCAAATTCGA-1,271,6713,mm10
ACCATCCCAACGGGTC-1,317,8027,mm10
ACCATCCCAGCTACCT-1,13330,591,GRCh38
ACCATCCCAGTACCAG-1,9339,405,GRCh38
ACCATCCCATCGACCT-1,408,9533,mm10
ACCATCCCATCGACTC-1,1367,271,GRCh38
ACCATCCCATGATAGC-1,200,3537,mm10
ACCATTAGTCCATACG-1,283,7012,mm10
ACCATTAGTGGCGACA-1,10575,4964,Multiplet
ACCATTGAGATTGAAG-1,219,4814,mm10
ACCATTGAGCAGTCTA-1,88,1487,mm10
ACCATTTCAATGAGCT-1,14122,681,GRCh38
ACCATTTCACTTGGGA-1,82,1227,mm10
ACCCAAATCAGGGCAA-1,343,8235,mm10
ACCCAAATCCATGAAT-1,189,4294,mm10
ACCCAAATCGCGTGAT-1,206,4553,mm10
ACCCAACAGCAACCCG-1,10460,435,GRCh38
ACCCAACAGCTGGTCG-1,89,754,mm10
ACCCAACAGGTACATT-1,1312,36063,mm10
ACCCAACAGTCGATAT-1,25608,874,GRCh38
ACCCAATGTTATGGAG-1,12363,586,GRCh38
ACCCAGACATCACGGA-1,191,4928,mm10
ACCCAGACATGATCCC-1,386,8351,mm10
ACCCAGACATGATTAG-1,38393,1207,Multiplet
ACCCAGGTCATCTCAC-1,282,7461,mm10
ACCCAGGTCCGGACAT-1,14568,3235,Multiplet
ACCCAGGTCGTAATCG-1,12437,347,GRCh38
ACCCAGGTCGTGCCAG-1,13979,460,GRCh38
ACCCAGTAGCTAGTAT-1,13721,590,GRCh38
ACCCAGTAGGTAGCAG-1,7558,370,GRCh38
ACCCATAAGCATGGCT-1,12460,483,GRCh38
ACCCATAAGGGTCACT-1,463,11957,mm10
ACCCATAAGGTAAGGT-1,472,8474,mm10
ACCCATCCAATCAGCG-1,187,4871,mm10
ACCCATCCATAACCAA-1,87,891,mm10
ACCCATCCATGCTTCA-1,1199,391,GRCh38
ACCCATGGTATTAGGG-1,323,8186,mm10
ACCCATTTCCCGTGAG-1,336,6570,mm10
ACCCATTTCCGCGTGA-1,300,7737,mm10
ACCCATTTCTTGAGCA-1,600,12823,mm10
ACCCCAAGTTGGTCAT-1,266,5338,mm10
ACCCCAAGTTTGCGTG-1,25364,852,GRCh38
ACCCCATCAAGCGCAC-1,429,9783,mm10
ACCCCATCACTAATGA-1,46537,1133,GRCh38
ACCCCATCAGCTAGGC-1,8197,335,GRCh38
ACCCCGAAGCCTATCT-1,14960,656,GRCh38
ACCCCGTTCGACCAAC-1,426,10025,mm10
ACCCCGTTCTAACCAG-1,636,14205,mm10
ACCCCTGCAAGTATGC-1,15375,613,GRCh38
ACCCCTTGTAAGCTAG-1,207,5160,mm10
ACCCCTTGTAAGTTGG-1,3586,235,GRCh38
ACCCCTTGTGCAACTT-1,1274,28671,mm10
ACCCCTTGTTCGCTCT-1,3617,433,GRCh38
ACCCCTTGTTGCATTA-1,6847,259,GRCh38
ACCCGAACATGCTGAG-1,538,12697,mm10
ACCCGATAGATTACCG-1,353,7867,mm10
ACCCGATAGTGAGGCA-1,4226,992,GRCh38
ACCCGATAGTGATCCA-1,795,19480,mm10
ACCCGCAAGATTCAGT-1,61580,1741,Multiplet
ACCCGCAAGCATCGAC-1,28799,865,GRCh38
ACCCGCAAGCTAGTCA-1,229,4298,mm10
ACCCGCTTCAATTCCC-1,39128,1299,Multiplet
ACCCGCTTCATAGACT-1,309,7689,mm10
ACCCGTAGTATGTGTC-1,280,6092,mm10
ACCCGTGAGCCACGAT-1,18893,839,GRCh38
ACCCGTGAGCTACCGG-1,89,939,mm10
ACCCGTGAGTCGCTCC-1,755,21306,mm10
ACCCGTTCAACCAGAT-1,1496,163,GRCh38
ACCCGTTCAATCGTAA-1,27544,845,GRCh38
ACCCGTTCACCTGCTG-1,1239,292,GRCh38
ACCCGTTCATGCGTAG-1,14123,514,GRCh38
ACCCTAGGTAGGTACA-1,13167,527,GRCh38
ACCCTAGGTAGGTTGA-1,11715,461,GRCh38
ACCCTAGGTGGGTCCT-1,550,14739,mm10
ACCCTATTCCGCGGTA-1,48012,1452,Multiplet
ACCCTCATCAGGCTCG-1,14025,11201,Multiplet
ACCCTCATCCCTCGGT-1,45299,1602,Multiplet
ACCCTCATCTAAGTCG-1,558,9879,mm10
ACCCTCATCTGGAACC-1,188,3889,mm10
ACCCTCGCATGGCTGA-1,412,9808,mm10
ACCCTGCTCCTCATTA-1,269,6273,mm10
ACCCTGCTCGATCCGG-1,17059,769,GRCh38
ACCCTTTAGCAACTCA-1,359,6957,mm10
ACCCTTTAGTAGTGCC-1,40715,1294,Multiplet
ACCGAAAGTTCGATTA-1,32589,987,GRCh38
ACCGACCGTCAATTCA-1,13649,558,GRCh38
ACCGACCGTTTGCCAG-1,23302,809,GRCh38
ACCGACTAGATTGGTT-1,306,6566,mm10
ACCGACTAGCATAGCC-1,29214,1345,Multiplet
ACCGAGGGTATGTCCG-1,812,6435,mm10
ACCGAGGGTCTTGAAC-1,23839,998,GRCh38
ACCGAGGGTGAGTGAC-1,208,3954,mm10
ACCGAGGGTTGAGTGA-1,55,534,mm10
ACCGAGGGTTGGAATG-1,791,19057,mm10
ACCGAGGGTTTGCCAG-1,621,15112,mm10
ACCGAGGGTTTGGGCC-1,216,4080,mm10
ACCGATGCAAGTCGCA-1,7132,506,GRCh38
ACCGATTGTAACGGTA-1,25949,755,GRCh38
ACCGATTGTAGTGCCC-1,308,5166,mm10
ACCGATTGTTGCGTAT-1,228,7413,mm10
ACCGCAACAATAGTGC-1,17400,690,GRCh38
ACCGCAACAATATGGC-1,951,529,GRCh38
ACCGCAACACCTACCG-1,40108,1224,Multiplet
ACCGCAACATAAGCCG-1,24107,814,GRCh38
ACCGCAACATGAGTTA-1,43,653,mm10
ACCGCCAAGCTATCAG-1,96,750,mm10
ACCGCCAAGTCGCAAC-1,166,5183,mm10
ACCGCTAGTAATGAGT-1,11425,488,GRCh38
ACCGCTAGTCCATTAA-1,340,7492,mm10
ACCGCTAGTTATAGGG-1,185,4790,mm10
ACCGGATTCAGCCAAC-1,5833,305,GRCh38
ACCGGATTCCGTTACT-1,35371,1116,GRCh38
ACCGGTTAGAATCGGG-1,209,4231,mm10
ACCGGTTAGCGAGACA-1,291,7192,mm10
ACCGGTTAGGATGCGA-1,409,10939,mm10
ACCGTTGGTTCGAATC-1,15324,576,GRCh38
ACCTAACGTCAGCCAC-1,26239,1177,GRCh38
ACCTAACGTCTAGGTT-1,626,15357,mm10
ACCTAACGTGCAAGTA-1,1224,31144,mm10
ACCTAACGTTGCACCA-1,507,13366,mm10
ACCTAAGTCCGGTGTG-1,191,827,mm10
ACCTAAGTCCGTAGCG-1,25269,813,GRCh38
ACCTAAGTCGACCGTG-1,13688,550,GRCh38
ACCTAAGTCGCGCTCT-1,8630,699,GRCh38
ACCTAAGTCGCTTCAT-1,239,5131,mm10
ACCTACCCAGTTGGTG-1,31396,1020,GRCh38
ACCTACCCATTAGTGA-1,268,5695,mm10
ACCTACTTCACCTAAG-1,264,5417,mm10
ACCTACTTCACTCTCG-1,7582,336,GRCh38
ACCTACTTCCCTCGAC-1,777,19882,mm10
ACCTACTTCTTGATGG-1,133,2356,mm10
ACCTATGAGAACCAGG-1,14888,568,GRCh38
ACCTATGAGGCTTCGG-1,25324,863,GRCh38
ACCTATGAGTAAGGGT-1,65625,1753,Multiplet
ACCTCACCAGCTCTAC-1,3440,536,GRCh38
ACCTCCGCAGCACCAA-1,15097,640,GRCh38
ACCTCCGCATAACGAC-1,4289,1283,Multiplet
ACCTCCGCATTCCTAG-1,25670,1163,GRCh38
ACCTCGCTCTCACCTG-1,241,6860,mm10
ACCTCTTAGCATGGTC-1,169,3502,mm10
ACCTCTTAGGTACCCG-1,23389,886,GRCh38
ACCTGAATCCGTGTGG-1,671,15564,mm10
ACCTGAATCGAACGAG-1,7609,415,GRCh38
ACCTGATGTAGGTGCG-1,1175,29764,mm10
ACCTGATGTAGTAAGT-1,3715,293,GRCh38
ACCTGATGTAGTCAGA-1,13057,455,GRCh38
ACCTGATGTTTCCAGG-1,218,3991,mm10
ACCTGCCTCATAGGAA-1,8485,363,GRCh38
ACCTGCCTCCGGGTAT-1,126,2588,mm10
ACCTGCCTCCTTGGAA-1,23252,930,GRCh38
ACCTGGGTCAGCCTAA-1,307,4606,mm10
ACCTGGGTCCGGGTAT-1,104,1799,mm10
ACCTGTCCAAGTATGC-1,249,6772,mm10
ACCTGTCCACCTCGAT-1,363,9698,mm10
ACCTTAAGTCTCACCT-1,22584,691,GRCh38
ACCTTCACAAGGTAAG-1,10670,639,GRCh38
ACCTTCACAAGGTTCG-1,1116,169,GRCh38
ACCTTCACATTCAGGG-1,32877,961,GRCh38
ACCTTCACATTGCCCG-1,185,2351,mm10
ACGAAATGTAAGCGTA-1,20103,716,GRCh38
ACGAAATGTAGGTTGA-1,4511,278,GRCh38
ACGAAATGTGATGAAT-1,231,4903,mm10
ACGAACCTCACCCTTG-1,30515,1311,Multiplet
ACGAACCTCGTCTCCA-1,330,7684,mm10
ACGAATCCAAGCATTA-1,340,6143,mm10
ACGAATCCAGGACTAT-1,24381,788,GRCh38
ACGAATCCATCCAGCT-1,107,751,mm10
ACGAATGGTCTGTCGA-1,6214,330,GRCh38
ACGACAAGTCATGCTG-1,146,3901,mm10
ACGACAAGTCATTCCC-1,583,15137,mm10
ACGACAAGTTATATCG-1,48338,1531,Multiplet
ACGACAAGTTGAGGAC-1,303,6801,mm10
ACGACATCAAAGGTTC-1,911,21517,mm10
ACGACATCACAGCGGT-1,266,5985,mm10
ACGACATCAGCTCAAG-1,357,8526,mm10
ACGACGAAGGTCCCAG-1,32124,1040,GRCh38
ACGACGAAGTGAGTCC-1,6167,287,GRCh38
ACGAGCAAGGATTAAG-1,542,13229,mm10
ACGAGCAAGGTATGAA-1,630,132,GRCh38
ACGAGTAGTGAGACCG-1,236,4691,mm10
ACGAGTAGTTGAGCTT-1,12747,533,GRCh38
ACGAGTGAGCTTAGAT-1,281,6800,mm10
ACGATAGGTCATCATA-1,128,2083,mm10
ACGATAGGTCTAGTCG-1,9776,369,GRCh38
ACGATAGGTGAAGCAC-1,13313,517,GRCh38
ACGATAGGTGAGGTTA-1,18943,710,GRCh38
ACGATAGGTGCGGTGA-1,72,1164,mm10
ACGATAGGTTAATCCA-1,6662,778,GRCh38
ACGATATTCACCAGCG-1,371,9193,mm10
ACGATATTCCCCATAT-1,19572,671,GRCh38
ACGATGGAGATAGAGC-1,389,9371,mm10
ACGATGGAGCTAGCAC-1,259,6068,mm10
ACGATGGAGTGATACT-1,792,19008,mm10
ACGATTGTCCATCTAC-1,31559,1320,Multiplet
ACGATTGTCCGTAGCG-1,16059,647,GRCh38
ACGATTGTCCTCGTCA-1,304,6285,mm10
ACGATTTAGCCATAGC-1,187,3319,mm10
ACGATTTAGCGACTTA-1,225,3132,mm10
ACGCAATCAATACTCT-1,20748,969,GRCh38
ACGCAATCAATTAGCA-1,304,8156,mm10
ACGCAATCACAGCGAC-1,13064,282,GRCh38
ACGCAATCAGGAATGA-1,9247,362,GRCh38
ACGCACTAGCATCCTT-1,28865,5511,Multiplet
ACGCACTAGCGATGTC-1,4954,870,GRCh38
ACGCACTAGGTAGCTC-1,217,4084,mm10
ACGCACTAGGTCACGT-1,2250,568,GRCh38
ACGCAGCCAACTCGCT-1,9711,559,GRCh38
ACGCAGCCACAATGAC-1,263,6746,mm10
ACGCAGCCACATTGAA-1,21640,891,GRCh38
ACGCAGCCACTTGCGT-1,31797,1086,GRCh38
ACGCAGCCAGCAGTCA-1,27060,884,GRCh38
ACGCAGCCATAAGCGT-1,4050,284,GRCh38
ACGCAGCCATCCGTTA-1,29434,1111,GRCh38
ACGCATATCACCCTTG-1,204,4547,mm10
ACGCATATCCTGTAAG-1,270,5780,mm10
ACGCATATCTATGAGT-1,355,8200,mm10
ACGCATTGTAAGGGCT-1,282,5100,mm10
ACGCATTGTTAGCACT-1,5472,661,GRCh38
ACGCCAACAAGGTTAC-1,229,5621,mm10
ACGCCAACACTAGCCT-1,30178,1025,GRCh38
ACGCCATAGCGATTCA-1,90,1855,mm10
ACGCCATAGGCATGTC-1,239,4437,mm10
ACGCCATAGTACCAAT-1,2607,309,GRCh38
ACGCCCAAGCATCTAG-1,33523,1100,GRCh38
ACGCCTAGTAGTCCTG-1,540,12393,mm10
ACGCCTAGTTACACCG-1,444,9910,mm10
ACGCCTAGTTGCCCTT-1,1231,31850,mm10
ACGCGAAAGCAAGGCA-1,373,7373,mm10
ACGCGAAAGCAGGCAA-1,7508,225,GRCh38
ACGCGAAAGCATCGAC-1,16865,11835,Multiplet
ACGCGAAAGCGAGGTA-1,60,1160,mm10
ACGCGAAAGCGGATCT-1,749,16971,mm10
ACGCGAAAGGGCAGTA-1,35606,1115,GRCh38
ACGCGAAAGGGTAGCA-1,21897,797,GRCh38
ACGCGAGGTAAGTCCT-1,16392,1500,Multiplet
ACGCGAGGTCTCACAG-1,242,5234,mm10
ACGCGAGGTTAAGCCT-1,36695,1132,GRCh38
ACGCGAGGTTAGCCAT-1,24777,1013,GRCh38
ACGCGATTCAGCGAAG-1,823,134,GRCh38
ACGCGATTCCAGATCA-1,710,17973,mm10
ACGCGATTCCATGTCT-1,49,641,mm10
ACGCGATTCGTAGTGC-1,2341,209,GRCh38
ACGCGCATCAATCGGC-1,222,5439,mm10
ACGCGCATCCTTGGTT-1,602,11412,mm10
ACGCGGTCAAAGGGAC-1,6409,256,GRCh38
ACGCGGTCAATCAGCG-1,258,4946,mm10
ACGCGGTCAGCTCAAG-1,194,4882,mm10
ACGCGGTCATCGTACC-1,11056,525,GRCh38
ACGCGGTCATTGCCAC-1,5354,446,GRCh38
ACGCTAATCACGCAAC-1,191,4024,mm10
ACGCTAATCACTCAGA-1,305,6815,mm10
ACGCTATGTCAGCATT-1,237,5906,mm10
ACGCTATGTTTGGCAT-1,100,538,mm10
ACGCTCAGTTAGACGA-1,235,5867,mm10
ACGCTCAGTTAGTAGG-1,172,4511,mm10
ACGCTGACAGCACCTT-1,208,4738,mm10
ACGCTGACAGGGACCT-1,194,4367,mm10
ACGCTTGGTCAGCACC-1,29297,1089,GRCh38
ACGCTTGGTTCGCTCT-1,477,10598,mm10
ACGGAACGTAAGTCCT-1,342,7454,mm10
ACGGAACGTAGCGATA-1,149,3074,mm10
ACGGAACGTAGCTCCA-1,317,6716,mm10
ACGGAACGTTCTGGAT-1,9363,345,GRCh38
ACGGAACGTTGCTCGA-1,8000,388,GRCh38
ACGGACAAGCGACTTA-1,14816,550,GRCh38
ACGGACAAGGGTAGAT-1,257,5005,mm10
ACGGACCCAACCGGAC-1,15777,713,GRCh38
ACGGACCCATGCAGAT-1,373,7735,mm10
ACGGAGGCAACCGGAC-1,10649,569,GRCh38
ACGGAGGCAAGGGCTC-1,628,56,GRCh38
ACGGAGGCAATACGCG-1,6778,348,GRCh38
ACGGAGGCAGCAGTTG-1,473,11049,mm10
ACGGAGGCAGGGCTGT-1,503,9868,mm10
ACGGAGGCAGTTGCAG-1,21203,790,GRCh38
ACGGAGGCATCCTCAA-1,79,1882,mm10
ACGGATAGTAACTGCT-1,361,8234,mm10
ACGGATTCAAGTATGC-1,114,840,mm10
ACGGATTCAAGTGGAA-1,427,9932,mm10
ACGGATTCACTTGAGG-1,41276,1404,Multiplet
ACGGATTCATTCCTAG-1,30587,1048,GRCh38
ACGGCAAAGGGCTCTG-1,285,6132,mm10
ACGGCAAAGTAATGTC-1,97,802,mm10
ACGGCACCAACATCGG-1,301,6571,mm10
ACGGCACCAGGATTAC-1,688,17589,mm10
ACGGCAGGTAGGTACA-1,2089,316,GRCh38
ACGGCCATCCGCCTAC-1,377,7128,mm10
ACGGCCATCGATCCGG-1,24160,6962,Multiplet
ACGGCCATCGTTCACT-1,67,1058,mm10
ACGGCTTAGCATCGCG-1,8422,433,GRCh38
ACGGCTTAGCTATGCA-1,22323,731,GRCh38
ACGGCTTAGGTCAACC-1,19087,647,GRCh38
ACGGCTTAGTGATGAA-1,12665,495,GRCh38
ACGGCTTAGTGCCGTG-1,290,7707,mm10
ACGGGATGTCATGCCA-1,885,24618,mm10
ACGGGATGTTGGAGCG-1,16387,753,GRCh38
ACGGGATGTTGTCCGA-1,82,626,mm10
ACGGGATGTTTCGGTG-1,4181,611,GRCh38
ACGGGCAGTATGGTAG-1,2779,535,GRCh38
ACGGGCAGTCAAGTCT-1,123,1112,mm10
ACGGGCTCACTATATC-1,581,15129,mm10
ACGGGCTCATGACCAG-1,309,8012,mm10
ACGGGGACAAGGTTCG-1,15365,646,GRCh38
ACGGGGACAAGTAACC-1,10698,395,GRCh38
ACGGGGTAGGCTACCG-1,98,567,mm10
ACGGGGTAGTGCGGTT-1,33443,5853,Multiplet
ACGGGGTAGTGCTGAC-1,15494,641,GRCh38
ACGGGGTAGTTGCTGA-1,376,7498,mm10
ACGGGTAAGATTAGCT-1,13092,535,GRCh38
ACGGGTAAGTCGATGC-1,442,9908,mm10
ACGGGTAAGTGAGACG-1,19203,780,GRCh38
ACGGGTTTCTAAGCAT-1,342,7823,mm10
ACGGTCACAAGTGTGT-1,92,679,mm10
ACGGTCACAGGATTAC-1,16670,629,GRCh38
ACGGTGAAGCCACTCC-1,360,8354,mm10
ACGGTGAAGCGCTATA-1,73707,1870,Multiplet
ACGGTGAAGGTTCATG-1,754,19594,mm10
ACGGTGAAGTTAGAGA-1,27214,776,GRCh38
ACGGTTATCGATCCAA-1,31136,1564,Multiplet
ACGGTTGCAAGTATCA-1,140,2992,mm10
ACGGTTGCAGGGACTC-1,20282,883,GRCh38
ACGGTTGCAGTAAGGA-1,12405,474,GRCh38
ACGTAACCAACTATCT-1,8599,498,GRCh38
ACGTAACCAAGCATCG-1,191,3435,mm10
ACGTAACCATGCAGGC-1,69,1163,mm10
ACGTAACCATGCGTAG-1,5345,294,GRCh38
ACGTAAGGTAGTTACC-1,351,8319,mm10
ACGTAAGGTGGCTCAC-1,26381,861,GRCh38
ACGTATTAGAAGCGCA-1,17920,479,GRCh38
ACGTATTAGAATCAAG-1,247,6539,mm10
ACGTATTAGTTGCTGA-1,19598,857,GRCh38
ACGTCAATCCCAGTAA-1,9656,2052,Multiplet
ACGTCAATCTAGGCAC-1,239,5671,mm10
ACGTCACAGCATTGAT-1,212,4870,mm10
ACGTCCCTCGACCAAC-1,5617,758,GRCh38
ACGTCCCTCGACTAAT-1,246,2285,mm10
ACGTCCCTCGCGCAAT-1,551,15483,mm10
ACGTCCCTCTGGAACC-1,11607,888,GRCh38
ACGTCCTCAACGTTAA-1,242,5030,mm10
ACGTCCTCACAATCGG-1,700,139,GRCh38
ACGTCCTCATAAGGCT-1,40633,1102,GRCh38
ACGTCCTCATCCTCGG-1,183,2890,mm10
ACGTCCTCATCGGGTA-1,235,5648,mm10
ACGTCTAAGTCAGCCG-1,2171,299,GRCh38
ACGTGAGAGCTAGCAC-1,6065,282,GRCh38
ACGTGAGAGTTGCCGG-1,452,10778,mm10
ACGTGGTTCCCTGACC-1,85289,2197,Multiplet
ACGTGGTTCGAAGCCT-1,173,3693,mm10
ACGTGGTTCGTTCCAT-1,14416,723,GRCh38
ACGTGGTTCTTGATCC-1,18813,870,GRCh38
ACGTGTTGTAGCCAGG-1,441,9649,mm10
ACGTGTTGTTCGAATC-1,17858,642,GRCh38
ACGTGTTGTTGAAGGC-1,321,6600,mm10
ACGTGTTGTTGCGGAG-1,251,5293,mm10
ACGTGTTGTTGGGTAA-1,469,10929,mm10
ACGTTAACAGGATGCC-1,46,509,mm10
ACGTTAACATCGGTCT-1,496,10162,mm10
ACGTTAGTCACGTTGA-1,107,527,mm10
ACGTTAGTCCTCTCGA-1,554,13907,mm10
ACGTTAGTCGATAGCC-1,64,1131,mm10
ACGTTAGTCGTACCTT-1,68,1141,mm10
ACGTTATAGAAGGTTA-1,192,3671,mm10
ACGTTATAGCTTAGAT-1,224,4450,mm10
ACGTTATAGGAGGCGT-1,38,587,mm10
ACGTTCAAGGTCCAGT-1,86,1489,mm10
ACGTTCCCAATAGGTC-1,306,5598,mm10
ACGTTCCCAATTCACT-1,31187,933,GRCh38
ACGTTCCCACATTCAT-1,24642,1175,GRCh38
ACGTTCCCAGGGACTC-1,643,14645,mm10
ACGTTCCCAGTACTCC-1,280,4622,mm10
ACGTTCCCATGGATCG-1,24439,793,GRCh38
ACGTTTAGTCTAACGT-1,8032,450,GRCh38
ACGTTTAGTGAGCATA-1,385,8912,mm10
ACGTTTAGTTAGACGA-1,1664,373,GRCh38
ACGTTTAGTTGAATCC-1,211,4466,mm10
ACGTTTGAGGAGGTAT-1,7293,311,GRCh38
ACTAAGCCAATACCAA-1,8599,353,GRCh38
ACTAAGCCAATTGGAC-1,290,7157,mm10
ACTAAGCCAGGATCTG-1,387,9159,mm10
ACTAAGGGTCATGCCA-1,17439,6277,Multiplet
ACTAAGGGTTGCACTG-1,38418,1203,Multiplet
ACTAAGGGTTTAGTCA-1,591,15263,mm10
ACTAAGGGTTTCCATT-1,553,11358,mm10
ACTAATGCACAATGAC-1,47,603,mm10
ACTAATGCACCTGCAT-1,609,13648,mm10
ACTAATGCAGGGACCT-1,340,8474,mm10
ACTACAACAACTATCT-1,212,5563,mm10
ACTACAACAGGATACT-1,21443,732,GRCh38
ACTACAACATCGGTCT-1,92,918,mm10
ACTACAACATTACCAT-1,719,19465,mm10
ACTACATAGCAACTAT-1,129,1472,mm10
ACTACATAGCATGCAC-1,349,9717,mm10
ACTACATAGGTAGGAT-1,290,5451,mm10
ACTACCAAGAAGCCTC-1,4132,384,GRCh38
ACTACCAAGCCTGCTC-1,1069,27588,mm10
ACTACCCCAAGTGCTG-1,7799,442,GRCh38
ACTACCCCAATTCAGA-1,37417,917,GRCh38
ACTACCCCAGGAATGA-1,255,5149,mm10
ACTACCTTCATGGCCG-1,56266,1512,Multiplet
ACTACCTTCCCAGAGT-1,13646,27970,Multiplet
ACTACCTTCCGGTATA-1,12509,598,GRCh38
ACTACCTTCGTAGTTG-1,17161,677,GRCh38
ACTACCTTCGTGACTA-1,208,3631,mm10
ACTACTTCAAGCATGT-1,527,10633,mm10
ACTACTTCATTACGTT-1,18527,627,GRCh38
ACTATCAGTAACGAAT-1,12573,605,GRCh38
ACTATCAGTAAGCTCT-1,117,1854,mm10
ACTATCAGTGACGACG-1,243,3466,mm10
ACTATCAGTTCACGGC-1,83,1494,mm10
ACTATCAGTTGCTAAC-1,10695,558,GRCh38
ACTATCCTCCTCATAC-1,19592,702,GRCh38
ACTATCCTCGAATGGG-1,116,781,mm10
ACTATCCTCGCTAGAC-1,8750,354,GRCh38
ACTATCCTCGCTCCTA-1,274,5238,mm10
ACTATCTCAACCGTAG-1,5398,297,GRCh38
ACTATCTCAGGAGCAG-1,13403,543,GRCh38
ACTATCTCATTAGTTC-1,445,9762,mm10
ACTATGGTCAGGAGAT-1,291,5083,mm10
ACTATGGTCAGTTGAT-1,18038,650,GRCh38
ACTATGGTCATGCCTT-1,18470,679,GRCh38
ACTATGGTCGATGTGC-1,352,6592,mm10
ACTATTCCACAAGGCC-1,252,5580,mm10
ACTATTCCAGCACGTA-1,315,7590,mm10
ACTCACAAGCTAGCGT-1,5465,140,GRCh38
ACTCACAAGGCAAGTG-1,20870,1067,GRCh38
ACTCACAAGTCAAGTT-1,24882,843,GRCh38
ACTCACCCAAACTGAC-1,140,2741,mm10
ACTCACCCAATTACGA-1,14908,531,GRCh38
ACTCACCCAGTAAGTC-1,332,11165,mm10
ACTCACCCAGTACCAG-1,258,5352,mm10
ACTCACTTCCAACTAG-1,341,9184,mm10
ACTCACTTCCAATTCC-1,9116,320,GRCh38
ACTCACTTCGATGTAT-1,2827,185,GRCh38
ACTCAGGCAGGCAATT-1,41047,1233,Multiplet
ACTCAGGCAGGGACAG-1,302,6785,mm10
ACTCATTCAAGCGTAT-1,28942,993,GRCh38
ACTCATTCACTTGCAC-1,24739,777,GRCh38
ACTCATTCAGGCAGAG-1,26504,865,GRCh38
ACTCCACCAACTATGA-1,117,3356,mm10
ACTCCACCACATATAG-1,22578,792,GRCh38
ACTCCACCATAAGCCG-1,232,5659,mm10
ACTCCCATCAGGCAAG-1,211,3992,mm10
ACTCCCGCAAGTAGTC-1,549,10604,mm10
ACTCCCGCACCTCAAC-1,32501,5238,Multiplet
ACTCCCTGTAACGCGG-1,1794,272,GRCh38
ACTCCCTGTGATGCAA-1,308,6624,mm10
ACTCCGCTCACACCGG-1,9802,543,GRCh38
ACTCCGCTCAGGTCGT-1,811,154,GRCh38
ACTCCGCTCCGCCTTA-1,447,523,mm10
ACTCCGCTCCGCGATG-1,320,6023,mm10
ACTCCGCTCTGGGCAT-1,89,655,mm10
ACTCCTTAGCAGGCAA-1,51499,1316,Multiplet
ACTCCTTAGGAGGATT-1,278,6689,mm10
ACTCGAATCGTACGGT-1,37294,993,GRCh38
ACTCGATGTAAGTGCA-1,17669,690,GRCh38
ACTCGATGTCAGGAGT-1,283,5825,mm10
ACTCGATGTTGGAGTA-1,219,6114,mm10
ACTCGATGTTTGAGGA-1,329,8123,mm10
ACTCGCCTCAGGCACT-1,248,5660,mm10
ACTCGCCTCCCCAGCT-1,402,10104,mm10
ACTCGCCTCGATGTAT-1,407,10008,mm10
ACTCGCCTCTAACCTC-1,23373,755,GRCh38
ACTCGCCTCTATGTCC-1,319,8007,mm10
ACTCGCCTCTGTGGAC-1,11590,3362,Multiplet
ACTCGTCCACAAGGAA-1,38320,1042,GRCh38
ACTCGTCCACTCGGTT-1,3335,7512,Multiplet
ACTCGTCCAGGTTGGC-1,414,10353,mm10
ACTCGTCCATCGGTGA-1,294,6653,mm10
ACTCGTCCATGGTGAT-1,16079,581,GRCh38
ACTCGTTTCACTCCGC-1,18685,714,GRCh38
ACTCGTTTCATCTAGG-1,223,4654,mm10
ACTCGTTTCGACTGAC-1,113,2784,mm10
ACTCGTTTCTGGATCA-1,29246,888,GRCh38
ACTCTAAGTAAGCAAT-1,260,5663,mm10
ACTCTAAGTGGGTAGT-1,147,2800,mm10
ACTCTAAGTTTGGTTA-1,5,616,mm10
ACTCTCACAATAGTGC-1,97,2545,mm10
ACTCTGTTCGCGCTTC-1,15072,768,GRCh38
ACTCTGTTCTATCTCA-1,66,1016,mm10
ACTCTGTTCTATGGTG-1,815,20612,mm10
ACTCTTGCAAAGGGTA-1,294,7333,mm10
ACTCTTGCAACTACCC-1,511,11555,mm10
ACTCTTGCAGCTCTCG-1,642,15122,mm10
ACTCTTGCATGTCGGA-1,5363,334,GRCh38
ACTGAAGGTAAGCCAA-1,15345,703,GRCh38
ACTGAAGGTGAACTGA-1,158,3981,mm10
ACTGAGGAGCCAACCG-1,14875,583,GRCh38
ACTGAGGAGCTACCTT-1,10671,461,GRCh38
ACTGAGGAGCTGAGTC-1,42,603,mm10
ACTGAGGAGGCAAGTG-1,333,8638,mm10
ACTGATTAGATTCAGT-1,306,6566,mm10
ACTGATTAGCAGGCTT-1,523,12193,mm10
ACTGATTAGCCTAGCG-1,22701,643,GRCh38
ACTGATTAGCGAATCC-1,386,8168,mm10
ACTGATTAGTAGCGGA-1,238,5432,mm10
ACTGCAATCAGCAACC-1,119,2279,mm10
ACTGCATGTGATGCAA-1,12334,477,GRCh38
ACTGCATGTTATCCAA-1,236,4696,mm10
ACTGCATGTTGCGTAT-1,236,5896,mm10
ACTGCATGTTGGTAGA-1,533,11764,mm10
ACTGCCCTCCATGTGA-1,439,10612,mm10
ACTGCCCTCCCTCTAG-1,139,3673,mm10
ACTGCCCTCGATTAAC-1,19802,694,GRCh38
ACTGCCCTCGTGACTA-1,1497,46184,mm10
ACTGCCTCAAGCACAT-1,536,12376,mm10
ACTGCGCGTATTGGGA-1,46257,1194,Multiplet
ACTGCTAAGGCACAGA-1,19582,727,GRCh38
ACTGCTGGTAACGGTA-1,5883,22011,Multiplet
ACTGCTGGTGAGACAC-1,21783,722,GRCh38
ACTGGGTTCCCCAATT-1,66494,1641,Multiplet
ACTGGGTTCTATGTCC-1,70080,1855,Multiplet
ACTGGTCAGCCATACA-1,289,7151,mm10
ACTGGTCAGCCGATAC-1,12028,1118,GRCh38
ACTGGTCAGCCGCATG-1,266,6313,mm10
ACTGGTCAGCGCCACA-1,16240,583,GRCh38
ACTGGTTGTAAGCACA-1,103,1679,mm10
ACTGGTTGTGAAGCTA-1,8187,290,GRCh38
ACTGGTTGTGCAGGCA-1,229,4966,mm10
ACTGTCAAGATTGAAG-1,75,1556,mm10
ACTGTCAAGCTATGCA-1,246,6063,mm10
ACTGTCAAGGTGCATC-1,8582,332,GRCh38
ACTGTGATCAGCACGT-1,304,6848,mm10
ACTGTGATCCATCCTG-1,228,5482,mm10
ACTGTGATCCCAGTCC-1,12133,736,GRCh38
ACTGTGATCCCCAGCT-1,24413,735,GRCh38
ACTGTGATCCGTTAAG-1,12472,737,GRCh38
ACTGTTAGTCCATTCC-1,18837,820,GRCh38
ACTGTTAGTGATCAAG-1,3949,501,GRCh38
ACTGTTAGTGATGCGG-1,269,5509,mm10
ACTGTTAGTTAATTCG-1,20748,819,GRCh38
ACTGTTAGTTCGCCTT-1,23311,573,GRCh38
ACTGTTAGTTGACTAC-1,83,931,mm10
ACTGTTAGTTGCCCAA-1,11621,6765,Multiplet
ACTGTTAGTTGGATCT-1,147,2991,mm10
ACTGTTGAGAACGACG-1,196,4174,mm10
ACTGTTGAGCGCTCTC-1,114,2536,mm10
ACTGTTGAGGATTCGC-1,2305,127,GRCh38
ACTGTTGAGGCAATCC-1,205,4861,mm10
ACTGTTGAGTCAATGT-1,485,10005,mm10
ACTGTTGAGTTACGGC-1,357,8462,mm10
ACTTAACAGTAAGTTC-1,4429,238,GRCh38
ACTTACCTCAGTGCGT-1,9371,397,GRCh38
ACTTACCTCCGTGAGT-1,32443,939,GRCh38
ACTTACCTCGTTCGTT-1,15470,724,GRCh38
ACTTACTCAATTGGCG-1,339,7386,mm10
ACTTACTCACAGGACC-1,339,5081,mm10
ACTTACTCAGCTATCC-1,382,9420,mm10
ACTTACTCATTACCAT-1,268,7002,mm10
ACTTAGGTCCAGCATA-1,20990,857,GRCh38
ACTTATGGTAATCGGA-1,708,17788,mm10
ACTTATGGTTTCGCCT-1,398,8198,mm10
ACTTCATCAAATCGAC-1,106,1841,mm10
ACTTCATCAACCTCTA-1,20633,762,GRCh38
ACTTCATCACTAGGTG-1,228,5354,mm10
ACTTCATCATAAGTGC-1,1119,27261,mm10
ACTTCATCATAGACAC-1,139,2126,mm10
ACTTCGCCACTAGCTC-1,7762,280,GRCh38
ACTTCGTTCAGTTGAT-1,29567,901,GRCh38
ACTTCGTTCCATCTCG-1,324,9104,mm10
ACTTCGTTCGATGATT-1,725,99,GRCh38
ACTTCGTTCGTTCCAT-1,92,1685,mm10
ACTTCGTTCTGGTGTA-1,32492,1028,GRCh38
ACTTCTATCATCTCAC-1,100,1489,mm10
ACTTCTATCTAATGAC-1,399,7193,mm10
ACTTGAGTCCGTAGTA-1,1040,47,GRCh38
ACTTGAGTCGCGTCTC-1,154,3275,mm10
ACTTGAGTCTAGCGCG-1,18836,806,GRCh38
ACTTGAGTCTCACCAT-1,21853,875,GRCh38
ACTTGCTTCAGTTACG-1,535,14092,mm10
ACTTGCTTCCAGGCCA-1,10592,450,GRCh38
ACTTGCTTCCTCGTCA-1,13403,623,GRCh38
ACTTGCTTCGACCGTG-1,18573,897,GRCh38
ACTTGCTTCGCATCCC-1,254,6149,mm10
ACTTGCTTCGCGTGTG-1,41767,1318,Multiplet
ACTTGGGCAATGAGCT-1,228,5817,mm10
ACTTGGGCATCCGTAC-1,14899,842,GRCh38
ACTTGTGAGGTATGAA-1,167,2477,mm10
ACTTTAGGTAATGTGG-1,3587,368,GRCh38
ACTTTAGGTATGGGAC-1,12017,517,GRCh38
ACTTTAGGTTTGAGGA-1,14515,445,GRCh38
ACTTTCATCCCGCTTA-1,10534,730,GRCh38
ACTTTCGCAACCCTTA-1,19830,906,GRCh38
ACTTTCGCAATTCGTT-1,357,8379,mm10
ACTTTCGCAGTAATTG-1,269,6233,mm10
ACTTTCGCATAAGTTG-1,140,3047,mm10
ACTTTGAGTAGGTTAG-1,9378,396,GRCh38
ACTTTGAGTGGACCCT-1,11157,623,GRCh38
ACTTTGCTCAGTAGCC-1,5478,366,GRCh38
ACTTTGCTCATATCGG-1,328,5725,mm10
ACTTTGCTCCCAGACG-1,5728,480,GRCh38
ACTTTGGAGGATCAGG-1,672,15991,mm10
ACTTTGGAGTCAGTTG-1,13348,533,GRCh38
ACTTTGGAGTGAGGAT-1,2897,665,GRCh38
ACTTTGGAGTGCTGGT-1,11050,384,GRCh38
ACTTTGGAGTTACACG-1,201,4609,mm10
ACTTTGGAGTTGCCTT-1,541,12967,mm10
AGAAGGTTCACTCGTT-1,112,1685,mm10
AGAAGGTTCAGTTCGA-1,320,6300,mm10
AGAAGGTTCCCGGCAA-1,16299,642,GRCh38
AGAAGGTTCCGCGTGA-1,2462,147,GRCh38
AGAAGTCAGAACGGGC-1,9823,663,GRCh38
AGAAGTCAGCCTGCGA-1,6015,405,GRCh38
AGAAGTCAGCTAATCG-1,253,5518,mm10
AGAAGTTGTAATGGAT-1,162,2809,mm10
AGAAGTTGTATAGCCT-1,256,6480,mm10
AGAAGTTGTGCGCATC-1,446,10250,mm10
AGAAGTTGTTTGACAC-1,164,4607,mm10
AGAATAGTCAGGAACG-1,769,122,GRCh38
AGAATAGTCGAATCCA-1,3807,135,GRCh38
AGAATCAAGCAAGGCA-1,22177,949,GRCh38
AGAATTGAGCTAGGGA-1,16398,579,GRCh38
AGAATTGAGGAGTCAG-1,871,417,GRCh38
AGAATTGAGGATGCAG-1,25927,786,GRCh38
AGAATTGAGGCAATGG-1,3859,320,GRCh38
AGAATTGAGGTCCAGT-1,22514,871,GRCh38
AGACAACAGGCGCTAT-1,30217,1035,GRCh38
AGACAACAGTCATCAG-1,252,5684,mm10
AGACAGACAAGGTAGA-1,57,673,mm10
AGACAGACAGCTATGG-1,296,6760,mm10
AGACAGACATCACTCA-1,649,158,GRCh38
AGACAGACATGGATGT-1,356,6683,mm10
AGACATAAGCATCGCG-1,13759,664,GRCh38
AGACATAAGCATGAGG-1,7897,358,GRCh38
AGACATAAGCATGATT-1,251,5824,mm10
AGACATAAGCCCGTGA-1,426,11318,mm10
AGACATAAGGATAGCG-1,525,12494,mm10
AGACATCCAACTGTGG-1,593,309,GRCh38
AGACATCCAAGCTGGC-1,305,7961,mm10
AGACATCCACATAGGT-1,536,15854,mm10
AGACATGGTATGTGAG-1,968,4039,mm10
AGACATGGTGGAAGCT-1,105,1627,mm10
AGACATGGTTGCGTAT-1,53,1353,mm10
AGACATGGTTTAGGCT-1,116,2099,mm10
AGACGAACATAATCCT-1,96,735,mm10
AGACGATAGAATCCGC-1,244,5979,mm10
AGACGATAGCTAGTAT-1,5287,4027,Multiplet
AGACGCAAGATAGGTA-1,221,5421,mm10
AGACGCAAGCTAGTCA-1,16554,700,GRCh38
AGACGCAAGGCACTGT-1,12304,480,GRCh38
AGACGCGGTCTTGATA-1,28704,1193,Multiplet
AGACGCGGTGAGACGT-1,401,11262,mm10
AGACGCGGTGCAGCCT-1,713,17196,mm10
AGACGCGGTTAAGGAT-1,3314,446,GRCh38
AGACGCGGTTGGCCTA-1,2087,978,GRCh38
AGACGGATCATGGCAC-1,210,2987,mm10
AGACGGATCCTGTACT-1,223,5064,mm10
AGACGGATCTAACCGA-1,657,14968,mm10
AGACGGATCTTGAGGC-1,86,1389,mm10
AGACGGGCAACTTACT-1,357,7401,mm10
AGACGGGCACCATCCG-1,265,6035,mm10
AGACGGGCATCCACGT-1,4928,18424,Multiplet
AGACGGGCATCGAACG-1,236,5631,mm10
AGACGTAGTTAGCCAT-1,9028,507,GRCh38
AGACGTAGTTTAATCG-1,592,13622,mm10
AGACGTAGTTTGGTAC-1,2825,264,GRCh38
AGACGTTCAAACTTAG-1,106,2491,mm10
AGACGTTCAACCAGAT-1,2654,388,GRCh38
AGACGTTCACATGCAG-1,14691,709,GRCh38
AGACGTTCACCATGAG-1,66,1443,mm10
AGACTCGCAGGACACC-1,140,3559,mm10
AGACTCGCAGTACTAA-1,269,7453,mm10
AGACTGCTCCCGGCAA-1,27978,964,GRCh38
AGACTGCTCCTCAACT-1,96,873,mm10
AGACTTACAAAGGTAG-1,261,6302,mm10
AGACTTACAACCAGGC-1,320,6473,mm10
AGACTTACACTAGCAG-1,15835,570,GRCh38
AGACTTACATTACACT-1,14064,620,GRCh38
AGAGAATCAAGCTCAG-1,28909,943,GRCh38
AGAGAATCAATCCATT-1,21361,610,GRCh38
AGAGAATCATTCGGCT-1,16391,5798,Multiplet
AGAGACCGTGCACCGT-1,240,5292,mm10
AGAGACCGTTCCGGTA-1,525,12286,mm10
AGAGACCGTTTACGAC-1,7498,446,GRCh38
AGAGACTAGCGATTCA-1,307,8180,mm10
AGAGACTAGCGCATTA-1,570,11456,mm10
AGAGACTAGTAGTCCA-1,120,2008,mm10
AGAGACTAGTCGCATA-1,21876,694,GRCh38
AGAGACTAGTTACCAG-1,11824,626,GRCh38
AGAGAGAAGATAGCTT-1,215,4520,mm10
AGAGAGAAGCATGTGC-1,9207,402,GRCh38
AGAGAGAAGTGAGACG-1,56418,1385,Multiplet
AGAGAGGGTAATCAGG-1,356,8290,mm10
AGAGAGGGTTGCGAGG-1,8781,397,GRCh38
AGAGAGGGTTGGTGAA-1,12564,495,GRCh38
AGAGATGCACCACAGA-1,20147,687,GRCh38
AGAGATGCACCAGGGT-1,405,10779,mm10
AGAGATTGTCATGGAA-1,44343,1102,GRCh38
AGAGATTGTGACTTCG-1,6854,324,GRCh38
AGAGATTGTGCACCAC-1,36324,1032,GRCh38
AGAGATTGTTAGCTTA-1,196,4402,mm10
AGAGATTGTTAGTTCA-1,6931,320,GRCh38
AGAGGAGGTAGTGCCC-1,198,2676,mm10
AGAGGAGGTCAGGAGT-1,905,11192,mm10
AGAGGCATCAAGTAAG-1,19736,2182,Multiplet
AGAGGCATCATCGTGA-1,420,9451,mm10
AGAGGCATCGATATGT-1,415,7592,mm10
AGAGGCGCAAACCATA-1,329,6656,mm10
AGAGGCGCACCAGGGT-1,32547,1094,GRCh38
AGAGGCGCACCATAGG-1,14259,602,GRCh38
AGAGGCGCATCCCTAA-1,835,178,GRCh38
AGAGGCGCATGGTCTC-1,917,19174,mm10
AGAGGCGCATTAGGCG-1,276,5425,mm10
AGAGGGTCAATGGGCC-1,168,4413,mm10
AGAGGGTCACAACCCT-1,12469,541,GRCh38
AGAGGGTCACTAGCTC-1,13480,717,GRCh38
AGAGGGTCATGAGCCA-1,18632,648,GRCh38
AGAGGGTCATGAGCTG-1,299,5635,mm10
AGAGGGTCATTACGCC-1,227,4593,mm10
AGAGTAATCTGGGCTG-1,550,14033,mm10
AGAGTATGTGGCGCTT-1,10832,296,GRCh38
AGAGTATGTTAAGCTC-1,99,2040,mm10
AGAGTATGTTAGTTGC-1,4239,278,GRCh38
AGAGTCAGTGAGGTAC-1,27580,924,GRCh38
AGAGTCAGTGGACTAA-1,14340,520,GRCh38
AGAGTCAGTTCACCGA-1,249,5705,mm10
AGAGTCCTCAATCGCA-1,23666,704,GRCh38
AGAGTCCTCCTGTAAG-1,413,10295,mm10
AGAGTTGGTCCATCGA-1,152,2858,mm10
AGAGTTGGTTGGCGCT-1,37,767,mm10
AGCAAATGTAGTTGGA-1,8283,305,GRCh38
AGCAAATGTTTCCTAT-1,74,1343,mm10
AGCAACCTCGCATACA-1,601,15203,mm10
AGCAAGGTCCGCATCC-1,292,6386,mm10
AGCAAGGTCTAATGAC-1,490,12133,mm10
AGCAATCCAACCGTAG-1,20302,805,GRCh38
AGCAATCCAATCGCCT-1,866,189,GRCh38
AGCAATTTCGTTCCAT-1,45990,1584,Multiplet
AGCAATTTCTCATCAC-1,551,15448,mm10
AGCACGCCAGTTGAGT-1,568,15157,mm10
AGCACGCCATGATTAG-1,34822,1051,GRCh38
AGCACGTTCACGCCTC-1,15387,12571,Multiplet
AGCACGTTCACTCCAT-1,684,15291,mm10
AGCACGTTCCAGCCTC-1,415,10476,mm10
AGCACGTTCCAGGTTA-1,644,146,GRCh38
AGCACGTTCGCATGAC-1,6919,346,GRCh38
AGCACGTTCGCGTTAA-1,210,4898,mm10
AGCACGTTCGCTATCT-1,247,5886,mm10
AGCACGTTCTAGTGAT-1,9852,363,GRCh38
AGCACTATCCCTTGAT-1,14341,551,GRCh38
AGCACTATCTTGAGCA-1,5639,318,GRCh38
AGCACTTGTAGCTCGC-1,248,5755,mm10
AGCACTTGTGGCAGCA-1,102,1567,mm10
AGCACTTGTTGAGCAA-1,9978,490,GRCh38
AGCAGCAAGAATCATC-1,54229,1287,Multiplet
AGCAGCAAGCAAGCGA-1,162,3221,mm10
AGCAGCAAGCATTCGA-1,94,766,mm10
AGCAGCAAGCTGGAAG-1,472,11482,mm10
AGCAGCAAGGGTACTC-1,772,19214,mm10
AGCAGGATCCTGCCAC-1,208,3690,mm10
AGCATAGGTCTCAGGC-1,289,7733,mm10
AGCATATTCCAGCCCT-1,314,8698,mm10
AGCATCATCCATAGTG-1,338,6531,mm10
AGCATCATCCTTCACG-1,23103,954,GRCh38
AGCATCGCAAATGCAC-1,179,3127,mm10
AGCATGAGTGAGCCCT-1,25583,917,GRCh38
AGCATGAGTGATGAGC-1,246,6605,mm10
AGCATGAGTGATGGTA-1,4273,428,GRCh38
AGCATGAGTTCACGCA-1,35,587,mm10
AGCATGAGTTGACCAT-1,235,5965,mm10
AGCATTGTCCCGTAGG-1,351,8970,mm10
AGCATTGTCCGCTGTC-1,54769,1570,Multiplet
AGCATTGTCGATGCCG-1,150,3685,mm10
AGCATTTAGCGGAGTA-1,36296,1009,GRCh38
AGCATTTAGGGTAGTG-1,1148,27851,mm10
AGCATTTAGTCATTCC-1,1398,142,GRCh38
AGCCAAAGTAGTGCTT-1,13981,716,GRCh38
AGCCAAAGTTAAGCGA-1,343,7546,mm10
AGCCAAAGTTGTAGTC-1,24035,804,GRCh38
AGCCAATCACTAACTT-1,370,8994,mm10
AGCCAATCACTCGCTG-1,6818,669,GRCh38
AGCCAATCAGGACTGC-1,20696,773,GRCh38
AGCCACTAGGTAGCCT-1,56,555,mm10
AGCCACTAGGTGCTCG-1,4066,421,GRCh38
AGCCACTAGTAGGACG-1,29144,1011,GRCh38
AGCCAGCCAAGCTCAG-1,641,17374,mm10
AGCCAGCCAATCGCCT-1,2215,652,GRCh38
AGCCAGCCAGCTAAGT-1,7953,436,GRCh38
AGCCAGCCAGGTAGGG-1,74,618,mm10
AGCCATCAGCCTGGTG-1,25858,947,GRCh38
AGCCATCAGGATTAAG-1,313,5921,mm10
AGCCATCAGTAATGAG-1,28523,1030,GRCh38
AGCCATCAGTACGCTA-1,4589,285,GRCh38
AGCCATCAGTTGCTTC-1,12552,519,GRCh38
AGCCATTGTAAGGTAT-1,27576,850,GRCh38
AGCCATTGTAAGTCAG-1,30067,1024,GRCh38
AGCCATTGTTCCTTGC-1,2666,526,GRCh38
AGCCCAACAATCCAGG-1,38223,1128,GRCh38
AGCCCAACACCTTAGC-1,13628,5309,Multiplet
AGCCCAACATCATCTG-1,10872,477,GRCh38
AGCCCATAGAACCTTG-1,9031,442,GRCh38
AGCCCATAGCCATCGG-1,19724,684,GRCh38
AGCCCATAGCTAGTAT-1,264,6365,mm10
AGCCCATAGTCTAGCA-1,285,7073,mm10
AGCCCCAAGCCCTTGC-1,7122,431,GRCh38
AGCCCCTTCACCCTGC-1,42470,1110,GRCh38
AGCCCGATCACGTTGA-1,253,6254,mm10
AGCCCGATCATGCGCG-1,66,514,mm10
AGCCCGATCCCTCTAG-1,1478,552,GRCh38
AGCCCTAGTATTGCGT-1,335,8232,mm10
AGCCCTAGTTACACAC-1,1533,195,GRCh38
AGCCCTAGTTATCATG-1,159,859,mm10
AGCCGAAAGCATTACG-1,493,9054,mm10
AGCCGAAAGGTCAATT-1,42016,1326,Multiplet
AGCCGAAAGGTCGATC-1,66,1284,mm10
AGCCGAAAGTGCAACC-1,436,10211,mm10
AGCCGATTCCCTCGAC-1,42840,1230,Multiplet
AGCCGATTCGAATGAA-1,245,4663,mm10
AGCCGTTAGTTGGTTG-1,198,4101,mm10
AGCCTCAGTCATTAGC-1,264,6715,mm10
AGCCTCCTCACTTCAC-1,1386,38252,mm10
AGCCTCCTCAGTACGC-1,17870,632,GRCh38
AGCCTCTCAGGAGCCT-1,18578,793,GRCh38
AGCCTCTCATGATATG-1,327,8239,mm10
AGCCTGACACCACAGA-1,279,5328,mm10
AGCCTGACATCCCAAC-1,108,1385,mm10
AGCCTGACATCCTGTA-1,14814,597,GRCh38
AGCCTGACATGGATAC-1,14557,758,GRCh38
AGCCTGGTCAAGTGAA-1,12736,519,GRCh38
AGCCTTGGTGATTAGG-1,14986,549,GRCh38
AGCCTTGGTTTCGCCT-1,787,230,GRCh38
AGCGAACGTCAGTCGC-1,3884,118,GRCh38
AGCGAACGTGAGGATC-1,412,10570,mm10
AGCGAATAGCCGCGTA-1,266,6304,mm10
AGCGAATAGGCGTACT-1,857,20225,mm10
AGCGACAAGCAATCTG-1,22315,690,GRCh38
AGCGACAAGCATGGCT-1,710,7850,mm10
AGCGACAAGGAACTGG-1,169,4540,mm10
AGCGACAAGGCACAGA-1,13320,540,GRCh38
AGCGACAAGGTACATT-1,9544,479,GRCh38
AGCGACAAGGTATATC-1,352,8760,mm10
AGCGACAAGTGAGTCC-1,1096,24475,mm10
AGCGACCCACAGGCTA-1,240,4820,mm10
AGCGACCCATCCGTGT-1,217,4576,mm10
AGCGACCCATTCAGTT-1,1334,193,GRCh38
AGCGAGGCAAACCCAG-1,7812,619,GRCh38
AGCGAGGCAAATGGTC-1,12351,744,GRCh38
AGCGAGGCAATACGAC-1,262,5548,mm10
AGCGAGGCACCTAACC-1,58,1445,mm10
AGCGAGGCAGCAGGTC-1,280,6883,mm10
AGCGAGGCATCCGTTA-1,52480,1478,Multiplet
AGCGAGGCATGGATGT-1,342,8318,mm10
AGCGATAGTAGCAGAC-1,511,11644,mm10
AGCGATAGTCTAGCCA-1,17095,609,GRCh38
AGCGATAGTGATCAGA-1,298,7519,mm10
AGCGATAGTTAGCCTG-1,434,11545,mm10
AGCGATGAGCATCTCT-1,31587,906,GRCh38
AGCGATGAGTCGCAGT-1,1142,27289,mm10
AGCGATTCAATGGAAG-1,10110,357,GRCh38
AGCGATTCACTCATGC-1,232,5193,mm10
AGCGATTCATGATAGC-1,425,11589,mm10
AGCGCACCACTCATAT-1,19797,650,GRCh38
AGCGCACCATCATACT-1,465,9514,mm10
AGCGCACCATCCATCA-1,12845,698,GRCh38
AGCGCAGGTATTGCCG-1,23717,813,GRCh38
AGCGCAGGTTAGTGAG-1,16923,647,GRCh38
AGCGCAGGTTCGAGCC-1,8167,521,GRCh38
AGCGCATTCATCGAAT-1,5980,198,GRCh38
AGCGCATTCCTCTAGT-1,13726,521,GRCh38
AGCGCATTCTCACCAT-1,10502,533,GRCh38
AGCGCCATCACATGAT-1,118,1265,mm10
AGCGCCATCGATCAAT-1,226,5041,mm10
AGCGCCATCTATCAGG-1,29025,834,GRCh38
AGCGCCTGTCAATCCG-1,3360,896,GRCh38
AGCGCCTGTGAAGTAT-1,495,11344,mm10
AGCGCCTGTTCAAGGA-1,13223,504,GRCh38
AGCGCCTGTTGAATCC-1,72,1401,mm10
AGCGGATGTTAGTGTC-1,4734,187,GRCh38
AGCGGATGTTGTGGCC-1,36644,1148,GRCh38
AGCGGATGTTTGAGCT-1,183,2945,mm10
AGCGGGACAGCCTAAG-1,283,6656,mm10
AGCGGGACATGGTCAG-1,25495,958,GRCh38
AGCGGTTTCCTTCCTC-1,207,4052,mm10
AGCGGTTTCGAACGAG-1,18409,745,GRCh38
AGCGTAAGTCAATGTC-1,18963,702,GRCh38
AGCGTAAGTTGCACTG-1,407,8506,mm10
AGCGTCCGTAGTGTGA-1,11514,530,GRCh38
AGCGTCCGTCCATCTC-1,615,509,GRCh38
AGCGTCCGTTTCAGCG-1,617,14962,mm10
AGCGTTATCAATCTGG-1,62,664,mm10
AGCGTTATCACATGAT-1,245,5041,mm10
AGCGTTATCCCCAACC-1,5535,415,GRCh38
AGCGTTATCCGCCAGA-1,250,4239,mm10
AGCGTTATCTGTCTGT-1,22371,702,GRCh38
AGCGTTGCAAGTGGTT-1,16889,814,GRCh38
AGCGTTGCACATTACT-1,347,8235,mm10
AGCGTTGCACTATATC-1,243,7162,mm10
AGCGTTGCAGCTACGA-1,44858,1286,Multiplet
AGCTAACCAGGGACAG-1,310,7547,mm10
AGCTAAGGTCAAGCGG-1,613,10843,mm10
AGCTAAGGTCAGCGAG-1,580,15155,mm10
AGCTAAGGTGCGATCC-1,437,12137,mm10
AGCTAAGGTTCACGGC-1,1342,89,GRCh38
AGCTAAGGTTGCATAC-1,238,5606,mm10
AGCTAATTCCGGATGT-1,5304,7291,Multiplet
AGCTAATTCCGTCCTA-1,176,3386,mm10
AGCTAATTCGATGAGG-1,9870,397,GRCh38
AGCTAATTCTGTGAAT-1,17998,3834,Multiplet
AGCTACGCAAATTACG-1,74,781,mm10
AGCTACGCAATCATAG-1,101,2150,mm10
AGCTACGCATAGATGC-1,275,4404,mm10
AGCTACGCATGACGTG-1,305,7547,mm10
AGCTATGTCACTAGCA-1,351,8696,mm10
AGCTGAGAGCCTGTAA-1,21101,462,GRCh38
AGCTGAGAGGCTTACA-1,33263,1094,GRCh38
AGCTGAGAGTGTCAAT-1,223,5558,mm10
AGCTGGTTCAGGAACG-1,17872,639,GRCh38
AGCTGGTTCCCATTCG-1,222,5363,mm10
AGCTGTTGTTTCGGGC-1,612,6512,mm10
AGCTTAACAACGTTCC-1,84,845,mm10
AGCTTAACACCATTCA-1,9939,294,GRCh38
AGCTTAACACCTAATT-1,246,3194,mm10
AGCTTAACAGCTCTCG-1,269,4910,mm10
AGCTTAACATTAAGTG-1,93861,2213,Multiplet
AGCTTACGTGGAGCAT-1,15285,630,GRCh38
AGCTTACGTGGCGATG-1,26805,904,GRCh38
AGCTTAGTCACAGGGA-1,25723,938,GRCh38
AGCTTAGTCCAACTCT-1,464,11952,mm10
AGCTTAGTCCGTGATA-1,119397,2495,Multiplet
AGCTTAGTCTGTGCTT-1,15110,627,GRCh38
AGCTTATAGGCAACGA-1,20616,979,GRCh38
AGCTTATAGGCAAGGC-1,25439,854,GRCh38
AGCTTATAGGCGATCT-1,5518,230,GRCh38
AGCTTATAGTAAGGAC-1,234,6478,mm10
AGCTTTAGTAGCAGGT-1,6205,225,GRCh38
AGCTTTAGTTAACGTC-1,33877,908,GRCh38
AGGAAATCACAGCCTT-1,376,8899,mm10
AGGAAATCACTCATGC-1,1244,155,GRCh38
AGGAACTAGCCTGGTG-1,247,5606,mm10
AGGAATATCACAGGGA-1,21255,725,GRCh38
AGGAATATCACGCTAA-1,32512,912,GRCh38
AGGAATATCACGTAAT-1,58,922,mm10
AGGAATATCAGCGGAA-1,39452,1256,Multiplet
AGGAATATCAGGTTCA-1,12462,717,GRCh38
AGGAATATCCAACCAA-1,22013,667,GRCh38
AGGAATATCTGTGCCC-1,139,2891,mm10
AGGAATGCAGTTAATG-1,11095,283,GRCh38
AGGAATGCATCACGCT-1,5755,431,GRCh38
AGGACAACAAGCGGTC-1,1632,177,GRCh38
AGGACAACAGCTAGTG-1,3256,462,GRCh38
AGGACATAGAAGCTCC-1,24720,796,GRCh38
AGGACATAGAAGGGTT-1,72,874,mm10
AGGACATAGCATATCG-1,299,8123,mm10
AGGACATAGCCGACAT-1,20127,678,GRCh38
AGGACATAGCCGATGT-1,6553,223,GRCh38
AGGACATAGCGCATGT-1,11346,570,GRCh38
AGGACCAAGCTACAGC-1,306,4213,mm10
AGGACCAAGGAATGAC-1,12791,446,GRCh38
AGGACCAAGTACCACA-1,172,2997,mm10
AGGACCAAGTCGATCA-1,362,8991,mm10
AGGACCCCAAACTAGC-1,231,5593,mm10
AGGACCCCAAGGGAAC-1,280,4647,mm10
AGGACCCCACCACAGA-1,230,4852,mm10
AGGACCCCATTAGCAA-1,241,5316,mm10
AGGACCCCATTGCGTC-1,47300,1345,Multiplet
AGGACTAGTCATTGGT-1,388,9470,mm10
AGGACTAGTTGCGTGC-1,31871,1142,GRCh38
AGGACTGAGATAGAGC-1,227,5153,mm10
AGGACTGAGTCAGCGT-1,23060,850,GRCh38
AGGAGATTCATGCTGA-1,256,5638,mm10
AGGAGATTCCGCATGG-1,344,7013,mm10
AGGAGATTCCGGTTGG-1,369,8676,mm10
AGGAGCCAGATTAAGG-1,58,1169,mm10
AGGAGCCAGATTCGCA-1,381,8629,mm10
AGGAGCCAGCTGGTGT-1,818,78,GRCh38
AGGAGCCAGGTGGCAA-1,5080,333,GRCh38
AGGAGCCAGTACCAAT-1,321,5251,mm10
AGGAGCCAGTCGACAC-1,632,17104,mm10
AGGAGCCAGTTGCGCG-1,5889,346,GRCh38
AGGAGTTAGCATGCCG-1,11223,5009,Multiplet
AGGAGTTAGCTAATGT-1,28132,945,GRCh38
AGGATCAGTAAGGTCA-1,323,6732,mm10
AGGATCAGTGCGTACC-1,393,8387,mm10
AGGATCAGTGGCGACA-1,783,20040,mm10
AGGATCAGTTGGGACG-1,24268,813,GRCh38
AGGATTGGTCTGGTGC-1,43041,1383,Multiplet
AGGATTGGTTCGTGTG-1,9758,491,GRCh38
AGGATTGGTTGGGTAA-1,24628,907,GRCh38
AGGATTGGTTGTGAAG-1,476,11698,mm10
AGGATTGGTTTACCTT-1,2997,241,GRCh38
AGGCAAGTCACTAACG-1,289,5971,mm10
AGGCAAGTCCAATTCC-1,223,5106,mm10
AGGCAATAGCCATCAA-1,19362,570,GRCh38
AGGCAATAGGAGGACC-1,21673,920,GRCh38
AGGCAATAGGGTCATC-1,7909,507,GRCh38
AGGCAATAGTCATACG-1,300,7465,mm10
AGGCAATAGTCATGTG-1,187,3400,mm10
AGGCACGGTTGTCCCT-1,20820,724,GRCh38
AGGCAGGCAACCGCTT-1,14461,633,GRCh38
AGGCAGGCAATTACCT-1,24335,857,GRCh38
AGGCAGGCACATGAAC-1,270,6221,mm10
AGGCAGGCACTAGGAT-1,283,5845,mm10
AGGCAGGCAGCTAGTG-1,143,3066,mm10
AGGCATAGTCAACTAC-1,2875,279,GRCh38
AGGCATAGTCTTGAGT-1,393,9486,mm10
AGGCATAGTGATTGAG-1,913,21334,mm10
AGGCATAGTGCAAGGT-1,538,13920,mm10
AGGCATAGTTACTGCG-1,656,341,GRCh38
AGGCATGAGAAGCACG-1,415,9117,mm10
AGGCATGAGATAGCAA-1,31300,919,GRCh38
AGGCATGAGGTCATTG-1,389,7078,mm10
AGGCATGAGTAGTGAA-1,19430,707,GRCh38
AGGCATGAGTTAATGC-1,11966,554,GRCh38
AGGCATGAGTTGCAGC-1,933,22781,mm10
AGGCATTCAACATTAG-1,1270,495,GRCh38
AGGCATTCATTCGCTA-1,5803,351,GRCh38
AGGCCAAAGCGGACTT-1,226,4403,mm10
AGGCCAGGTTCAAGGA-1,75,1403,mm10
AGGCCAGGTTGGAGAC-1,3211,680,GRCh38
AGGCCATTCAATTGGT-1,251,4806,mm10
AGGCCATTCCAGGGAA-1,708,19990,mm10
AGGCCATTCCGTGTAA-1,20993,827,GRCh38
AGGCCATTCGTTCAAG-1,630,17481,mm10
AGGCCCATCACTCATC-1,289,6991,mm10
AGGCGAATCACAGGGA-1,13508,598,GRCh38
AGGCGAATCCATCGCC-1,6099,437,GRCh38
AGGCGAATCCCTGATT-1,8484,716,GRCh38
AGGCGAATCGCGTAAC-1,7961,329,GRCh38
AGGCGCAGTAATCCAC-1,28812,859,GRCh38
AGGCGCAGTCAAGGTA-1,12318,460,GRCh38
AGGCGCAGTTATGGGA-1,20575,807,GRCh38
AGGCGCAGTTCACGAT-1,12876,668,GRCh38
AGGCGCAGTTGCTCGA-1,203,5230,mm10
AGGCGCAGTTGGATTC-1,217,4321,mm10
AGGCGGACAAATTCCT-1,293,6691,mm10
AGGCGGACACAACGGC-1,534,13263,mm10
AGGCGGACACCATCAC-1,187,2226,mm10
AGGCGGACAGTTGCCT-1,28239,927,GRCh38
AGGCGGACATAGACCG-1,303,6786,mm10
AGGCGTTTCGACCTGG-1,6796,6158,Multiplet
AGGCGTTTCGCTCCTA-1,16519,753,GRCh38
AGGCTCACAAGGGTAA-1,239,4440,mm10
AGGCTCCGTGCAGCCT-1,322,7577,mm10
AGGCTCCGTTGCGAGG-1,26884,943,GRCh38
AGGCTTATCACAGCAC-1,38661,5551,Multiplet
AGGCTTATCAGTTCCT-1,274,3117,mm10
AGGCTTATCCACGGAT-1,249,5672,mm10
AGGCTTATCCGCACCT-1,29576,1194,Multiplet
AGGCTTGCAAGTTCGG-1,10109,442,GRCh38
AGGCTTGCAATAGAGG-1,28523,955,GRCh38
AGGCTTGCAGGCTACA-1,24698,827,GRCh38
AGGCTTGCATAAGCCG-1,10936,228,GRCh38
AGGGAACCACATAGCG-1,38242,805,GRCh38
AGGGAAGGTAGGCCAG-1,882,63,GRCh38
AGGGAAGGTATGTCCG-1,241,5045,mm10
AGGGAAGGTCATGCTG-1,367,8163,mm10
AGGGAAGGTTGCATAC-1,6744,304,GRCh38
AGGGAGTCAATTCAGA-1,21669,662,GRCh38
AGGGAGTCACCATCTA-1,21243,859,GRCh38
AGGGAGTCATTCCTGA-1,851,21687,mm10
AGGGATTAGCTTCCCA-1,850,20243,mm10
AGGGATTAGGTGCGTT-1,156,3283,mm10
AGGGCAATCCGGAACT-1,323,6845,mm10
AGGGCAATCGATGGGA-1,371,9513,mm10
AGGGCATGTCTCACGA-1,100,2152,mm10
AGGGCATGTGAGTGTA-1,1071,17520,mm10
AGGGCTAAGCCACACG-1,1408,32530,mm10
AGGGCTAAGCCTCTGC-1,210,4620,mm10
AGGGCTAAGCGCTTAA-1,121,2202,mm10
AGGGCTAAGCTACTGA-1,84,1734,mm10
AGGGCTAAGGTACTTG-1,5598,274,GRCh38
AGGGCTAAGTTAATGC-1,627,15262,mm10
AGGGCTGGTATGGTAG-1,222,5472,mm10
AGGGCTGGTGCGTGCT-1,15885,604,GRCh38
AGGGCTGGTTATCTCT-1,237,4599,mm10
AGGGCTGGTTCGCGTA-1,485,11331,mm10
AGGGCTGGTTGCCTGA-1,16286,594,GRCh38
AGGGGTTGTGGCCATC-1,7171,427,GRCh38
AGGGGTTGTTATGAGG-1,270,5320,mm10
AGGGTACGTCAGTATC-1,47,601,mm10
AGGGTACGTCTAGGCC-1,439,12060,mm10
AGGGTACGTGGACACG-1,3258,200,GRCh38
AGGGTATAGCATTGAT-1,252,5782,mm10
AGGGTATAGGCGTCTG-1,21959,1173,GRCh38
AGGGTATAGTGAAGGT-1,22119,849,GRCh38
AGGGTCAAGCGAAGCA-1,24939,829,GRCh38
AGGGTCAAGGGGCAAC-1,414,8050,mm10
AGGGTCAAGTGCCCAG-1,524,14523,mm10
AGGGTTAGTGGCCAGA-1,286,6726,mm10
AGGGTTGAGCGCAATC-1,42796,1263,Multiplet
AGGGTTGAGGAGGACC-1,19903,704,GRCh38
AGGTAAATCACTTCAC-1,317,7142,mm10
AGGTAAATCCATCGAA-1,11251,360,GRCh38
AGGTAAATCGTGACCG-1,338,7637,mm10
AGGTAAATCTGGGCTG-1,25601,6372,Multiplet
AGGTAACAGGGCTAGA-1,319,6719,mm10
AGGTAACAGTATGTCG-1,29,842,mm10
AGGTAATGTATGTCAC-1,22826,647,GRCh38
AGGTAATGTGACCGAG-1,48453,1404,Multiplet
AGGTAATGTGACTCGC-1,780,17176,mm10
AGGTAATGTGAGGTAC-1,21213,769,GRCh38
AGGTAGTAGCAAGCGA-1,239,5509,mm10
AGGTAGTAGGGTCCAT-1,6075,163,GRCh38
AGGTAGTAGGTTCACA-1,13004,481,GRCh38
AGGTATGGTCATCCTC-1,1019,217,GRCh38
AGGTATGGTGGGTTGG-1,11631,543,GRCh38
AGGTATGGTTAGCTCG-1,14120,472,GRCh38
AGGTATGGTTGCCCTT-1,26595,1136,GRCh38
AGGTATGGTTTAGGAG-1,37481,1138,GRCh38
AGGTATGGTTTGCATA-1,18460,632,GRCh38
AGGTGATAGCCAACCG-1,32806,994,GRCh38
AGGTGATAGTATGGAA-1,19526,1839,Multiplet
AGGTGATAGTCGCGTG-1,207,4068,mm10
AGGTGCAAGATTCCCT-1,36309,1150,GRCh38
AGGTGCAAGGTCAATT-1,6612,465,GRCh38
AGGTGCAAGGTGGCAA-1,3309,269,GRCh38
AGGTGCTTCAGGCATC-1,4504,160,GRCh38
AGGTGCTTCCCGTACC-1,13893,600,GRCh38
AGGTGTGAGGCGAATG-1,3548,408,GRCh38
AGGTGTGAGGGCTTAC-1,10705,420,GRCh38
AGGTGTGAGGTAATTC-1,163,3493,mm10
AGGTGTGAGGTCCCAG-1,998,24071,mm10
AGGTGTGAGTCGCGCA-1,52139,1545,Multiplet
AGGTGTGAGTGAAGGT-1,124,2830,mm10
AGGTTAAAGCCAGAGA-1,24682,740,GRCh38
AGGTTAAAGGCACGAA-1,50692,1389,Multiplet
AGGTTAAAGGTTGCAC-1,4245,188,GRCh38
AGGTTAGGTAACCCAT-1,83,1780,mm10
AGGTTAGGTAACGAAT-1,373,7189,mm10
AGGTTAGGTAAGGTGC-1,83,1525,mm10
AGGTTAGGTAGTCATC-1,288,7467,mm10
AGGTTAGGTGCAACCC-1,98,739,mm10
AGGTTAGGTTAGCTCG-1,9655,322,GRCh38
AGGTTAGGTTTACTGA-1,5140,5034,Multiplet
AGGTTCATCAGGTTCA-1,153,3263,mm10
AGGTTCATCGACTCAA-1,13625,505,GRCh38
AGGTTCATCTAAGCGC-1,17531,664,GRCh38
AGGTTCGCATGGTGCA-1,1797,145,GRCh38
AGGTTGAGTATTGGCT-1,660,13551,mm10
AGGTTGCTCTAGTCTC-1,314,7483,mm10
AGGTTGGAGCTACTCT-1,18357,674,GRCh38
AGGTTGGAGTGCTCAA-1,18141,539,GRCh38
AGTAACCCAATCCAGG-1,843,5729,mm10
AGTAACCCAGGACATT-1,15534,587,GRCh38
AGTAACGGTAATGGCA-1,20000,761,GRCh38
AGTAACGGTATGTCCG-1,25754,972,GRCh38
AGTAACGGTTGGGATA-1,214,5650,mm10
AGTAACGGTTGGTGAA-1,301,5568,mm10
AGTAACGGTTTCGCTC-1,652,213,GRCh38
AGTACACCAAGCGCAC-1,327,5695,mm10
AGTACACCAGCTCTAC-1,486,9165,mm10
AGTACAGGTATGGATG-1,9357,300,GRCh38
AGTACAGGTGGGTATA-1,5799,255,GRCh38
AGTACAGGTTTGGGAA-1,31855,1071,GRCh38
AGTACCATCGAAGGGC-1,278,4068,mm10
AGTACCATCTGTGCTT-1,90,856,mm10
AGTACCGCAACTAGGT-1,9608,548,GRCh38
AGTACCGCAATCCGCT-1,1747,152,GRCh38
AGTACCTGTAATGAAC-1,202,3025,mm10
AGTACCTGTGCATTAC-1,920,187,GRCh38
AGTACCTGTGGGTTGG-1,271,7535,mm10
AGTACCTGTTTGGGCC-1,17606,9263,Multiplet
AGTACGGAGCATGGAG-1,10582,398,GRCh38
AGTACGGAGCTAGAGG-1,509,11584,mm10
AGTACGGAGGAATTGA-1,548,11977,mm10
AGTACTTAGTACGGCT-1,90,954,mm10
AGTACTTAGTTAACGT-1,11033,343,GRCh38
AGTATAGAGATTGAGA-1,11095,458,GRCh38
AGTATAGAGGCACTGT-1,304,6509,mm10
AGTATAGAGTGAGTAA-1,248,5316,mm10
AGTATCACACTTCGTA-1,18283,747,GRCh38
AGTATCCGTGAGTGCG-1,290,6904,mm10
AGTATGAAGCCTAAGC-1,651,188,GRCh38
AGTATGAAGTAAGGCG-1,31774,824,GRCh38
AGTATGAAGTGCAACC-1,6255,261,GRCh38
AGTATGGGTAAGTAGT-1,280,6952,mm10
AGTATGGGTAAGTCGA-1,508,9367,mm10
AGTATGGGTTGAGCTT-1,428,9858,mm10
AGTATGTTCCACGGCA-1,210,3893,mm10
AGTATGTTCCCGCGAA-1,249,4072,mm10
AGTATGTTCTGGATTG-1,19428,675,GRCh38
AGTATTCAGGGCTCTG-1,435,10978,mm10
AGTCAACCAAACTTGA-1,24946,725,GRCh38
AGTCAACCAAGCATTA-1,342,8436,mm10
AGTCAACCAAGTCCCT-1,66,698,mm10
AGTCAACCACTATACT-1,221,4630,mm10
AGTCAACCAGGGACTC-1,19844,668,GRCh38
AGTCAACCATTCAGCC-1,10228,664,GRCh38
AGTCAACCATTCGGGA-1,8587,566,GRCh38
AGTCAAGGTTTCACTT-1,28174,1263,Multiplet
AGTCAATTCATGCGCG-1,7334,559,GRCh38
AGTCAATTCCAGCATA-1,18448,1941,Multiplet
AGTCAATTCCGCTGTC-1,90,680,mm10
AGTCAATTCCTGGTAA-1,319,7379,mm10
AGTCAATTCGATGAGG-1,357,8493,mm10
AGTCACGCAACTACCC-1,362,8001,mm10
AGTCACGCATAGATGC-1,64,1155,mm10
AGTCAGCTCAGGGACA-1,9289,344,GRCh38
AGTCAGCTCCTGAATG-1,756,15885,mm10
AGTCAGGAGCTATGCA-1,660,13324,mm10
AGTCAGGAGGTTCATG-1,20603,810,GRCh38
AGTCAGGAGTGAGTCC-1,22932,815,GRCh38
AGTCAGTCATGCAGTG-1,307,7841,mm10
AGTCATTAGAACCTTG-1,6052,292,GRCh38
AGTCATTAGAATCGCC-1,718,20471,mm10
AGTCATTAGCATGACC-1,6733,3812,Multiplet
AGTCATTAGCCAGATC-1,27110,947,GRCh38
AGTCATTAGCGAAGTG-1,3259,95,GRCh38
AGTCATTAGCGAGTTC-1,1386,77,GRCh38
AGTCATTAGCTAGCGT-1,23640,903,GRCh38
AGTCATTAGGCTTCCC-1,11939,22440,Multiplet
AGTCATTAGGTGCATC-1,12570,552,GRCh38
AGTCATTAGGTTAGGG-1,11012,272,GRCh38
AGTCCAGCACTAACTT-1,270,5991,mm10
AGTCCAGCACTTGGGA-1,28367,7314,Multiplet
AGTCCCAGTTTCACGG-1,225,5278,mm10
AGTCCCAGTTTCGTAA-1,3784,175,GRCh38
AGTCCCTCACAGGCAC-1,81,1335,mm10
AGTCCCTCACCAATCC-1,21868,1166,GRCh38
AGTCCCTCACTTACAT-1,26978,1199,Multiplet
AGTCCCTCAGCAGGTC-1,170,4389,mm10
AGTCCCTCATCCTGAC-1,677,16836,mm10
AGTCCTAAGATTGGCC-1,23775,864,GRCh38
AGTCCTAAGTTGCTTC-1,262,4689,mm10
AGTCCTGGTGCGAGCA-1,409,10410,mm10
AGTCCTGGTTATAGCC-1,1433,35850,mm10
AGTCGAAGTCAAGTGA-1,263,6329,mm10
AGTCGAAGTCATGCTG-1,95,1044,mm10
AGTCGAAGTGATGGGT-1,2063,318,GRCh38
AGTCGAAGTTGCTCGA-1,8824,263,GRCh38
AGTCGATCAAGTTCCC-1,68,573,mm10
AGTCGATCAATATGTG-1,11452,473,GRCh38
AGTCGATCAGGATAGA-1,165,3855,mm10
AGTCGATCAGGTATGT-1,10594,481,GRCh38
AGTCGGGGTAGCGATA-1,14757,451,GRCh38
AGTCGGGGTCAAGTAG-1,57,727,mm10
AGTCGGGGTCATGATC-1,116,2363,mm10
AGTCGGGGTGGCTTGC-1,22126,8963,Multiplet
AGTCGGTTCAGCTAAT-1,73,1526,mm10
AGTCGGTTCAGGCAAG-1,16774,627,GRCh38
AGTCGGTTCGCTAATG-1,257,6259,mm10
AGTCGTTGTAGGTATG-1,147,3050,mm10
AGTCGTTGTGATTACC-1,300,6360,mm10
AGTCGTTGTTATCGAC-1,3814,295,GRCh38
AGTCGTTGTTCACGCA-1,22699,844,GRCh38
AGTCTCAAGCGGTACT-1,22485,739,GRCh38
AGTCTCAAGGTACCCG-1,442,9785,mm10
AGTCTCAAGTAGGGCA-1,242,4616,mm10
AGTCTTAGTTCAATCA-1,5864,531,GRCh38
AGTCTTGAGCATATAC-1,307,7572,mm10
AGTCTTGAGTTGGCTA-1,341,6856,mm10
AGTGAACAGCGGATTC-1,1836,234,GRCh38
AGTGAACAGTGGCTCG-1,44331,1319,Multiplet
AGTGAATGTCCATAGT-1,13977,575,GRCh38
AGTGAATGTCTCCAAG-1,77867,1887,Multiplet
AGTGAATGTCTTGGAT-1,16429,519,GRCh38
AGTGAGACACTTCGAC-1,708,115,GRCh38
AGTGAGGTCCGCTGAG-1,24795,814,GRCh38
AGTGAGTAGAACGAGT-1,12028,479,GRCh38
AGTGAGTAGTAAGCCC-1,812,113,GRCh38
AGTGATCCACCTAATT-1,188,4657,mm10
AGTGATCCAGGCATTG-1,407,9156,mm10
AGTGATGGTGAGGATC-1,16995,616,GRCh38
AGTGATGGTGAGTCGG-1,394,9119,mm10
AGTGATGGTTGAATCC-1,302,6364,mm10
AGTGATTTCACACAGC-1,39318,1150,GRCh38
AGTGATTTCCTGTCGC-1,25911,724,GRCh38
AGTGATTTCGCGCAAT-1,299,7983,mm10
AGTGCAAGTAATGGCA-1,19425,575,GRCh38
AGTGCAAGTGGCTCTA-1,2421,95,GRCh38
AGTGCAAGTTCGGTTG-1,372,9053,mm10
AGTGCATCAACCGCAA-1,429,11640,mm10
AGTGCATCAACGGCAC-1,220,5626,mm10
AGTGCATCAATGTCAA-1,71,661,mm10
AGTGCCCGTATTGGTC-1,5018,910,GRCh38
AGTGCCCGTCATGCTG-1,809,130,GRCh38
AGTGCCCGTTCCTGAG-1,526,13566,mm10
AGTGCCCGTTGGGCAG-1,1921,74,GRCh38
AGTGCCCGTTGTGGTT-1,17955,675,GRCh38
AGTGCGCCATAACGCG-1,17720,749,GRCh38
AGTGCTCAGGATTCAT-1,42,570,mm10
AGTGCTTGTCTTGGTG-1,68,1018,mm10
AGTGCTTGTTCGCATG-1,255,5551,mm10
AGTGCTTGTTTGCACG-1,4025,143,GRCh38
AGTGGAACAACGTTAA-1,194,4784,mm10
AGTGGAACAAGTGAAG-1,256,5760,mm10
AGTGGAACACCTCAAC-1,121,2005,mm10
AGTGGAACAGGTATGT-1,108,1022,mm10
AGTGGAACAGTTAAGC-1,57,653,mm10
AGTGGATAGCCAGACT-1,182,3350,mm10
AGTGGATAGCGCTTAA-1,489,12688,mm10
AGTGGATAGGAATCAA-1,18421,601,GRCh38
AGTGGATAGGGCTTCG-1,40998,1356,Multiplet
AGTGGATAGTCGATAT-1,21418,781,GRCh38
AGTGGCGGTGAGTTAG-1,265,5183,mm10
AGTGGCTTCACAGGTC-1,13067,486,GRCh38
AGTGGCTTCAGGACAG-1,13304,558,GRCh38
AGTGGCTTCATGTGTG-1,93655,2459,Multiplet
AGTGGCTTCCCCAAGG-1,41748,1245,Multiplet
AGTGGCTTCGAAGCCT-1,556,15507,mm10
AGTGGTGAGCAAGGCA-1,37645,1125,GRCh38
AGTGGTGAGCAATCTG-1,16458,526,GRCh38
AGTGTAAAGCTATGCA-1,147,3394,mm10
AGTGTAAAGGATCATT-1,77,1073,mm10
AGTGTAAAGTAAGCAA-1,288,6462,mm10
AGTGTAAAGTCAAGTT-1,357,7038,mm10
AGTGTCATCTCACTGT-1,80,1366,mm10
AGTGTCGCAAAGGAGC-1,10724,554,GRCh38
AGTGTGAGTCCATCAG-1,4064,505,GRCh38
AGTTAGAAGAATCGCC-1,321,7536,mm10
AGTTAGAAGCAGGTTC-1,371,7541,mm10
AGTTAGAAGGTAGCGA-1,306,5593,mm10
AGTTAGAAGGTCGTAC-1,18736,959,GRCh38
AGTTAGCCAAACTGAC-1,647,200,GRCh38
AGTTAGCCAAAGGATG-1,15470,593,GRCh38
AGTTAGCCAAGTCGCA-1,395,7540,mm10
AGTTAGCCATTGGAGT-1,144,3129,mm10
AGTTATCAGCCCTGAG-1,335,7524,mm10
AGTTATCAGCTAGGGA-1,522,59,GRCh38
AGTTATCAGGCGTATC-1,46,584,mm10
AGTTATCAGGGTCCTG-1,254,5672,mm10
AGTTGAAAGCCCGTCT-1,7697,443,GRCh38
AGTTGAAAGTATGACT-1,219,4898,mm10
AGTTGAAAGTCGCAGT-1,16526,695,GRCh38
AGTTGAGGTTGAAGGC-1,35286,1150,GRCh38
AGTTGAGGTTGGATGA-1,23994,791,GRCh38
AGTTGCATCCATCCTG-1,118,991,mm10
AGTTGCATCGCGTCTC-1,759,208,GRCh38
AGTTGCATCTATGACG-1,105,2237,mm10
AGTTGGGAGGTGATCC-1,17537,773,GRCh38
AGTTGGGAGTAGAGCG-1,268,4748,mm10
AGTTGGTCAAATTACG-1,296,7895,mm10
AGTTGGTCAATAGGGA-1,32146,922,GRCh38
AGTTGGTCACTCAGGA-1,569,13941,mm10
AGTTGGTCAGGAGCGA-1,216,4808,mm10
AGTTGGTCATTAGTGA-1,22689,917,GRCh38
AGTTTAGCAGGATCGC-1,270,5159,mm10
AGTTTCAGTATAGTGG-1,325,5849,mm10
AGTTTCAGTGAGTATG-1,35294,1223,Multiplet
AGTTTCAGTTCCAGTG-1,155,2177,mm10
AGTTTCAGTTGCCTCT-1,67,763,mm10
AGTTTCAGTTGTCTGG-1,303,4703,mm10
AGTTTCCTCACGCATA-1,8910,426,GRCh38
AGTTTCCTCAGGGATG-1,257,4031,mm10
AGTTTCCTCGTTAGTG-1,318,8088,mm10
AGTTTGGTCAATCAAC-1,213,4212,mm10
AGTTTGGTCAGCTGCG-1,413,9451,mm10
AGTTTGGTCAGTTGAT-1,22057,805,GRCh38
ATAACCACATTAGGTA-1,96,2066,mm10
ATAACGAAGCTATACG-1,4955,256,GRCh38
ATAACGAAGGGGTAAT-1,22645,637,GRCh38
ATAACGAAGTCAGTGC-1,16186,586,GRCh38
ATAACGTTCAATCGCA-1,16130,685,GRCh38
ATAACGTTCCATGACA-1,256,5639,mm10
ATAACGTTCCGCAGAT-1,22384,911,GRCh38
ATAACGTTCCTGACTT-1,769,5985,mm10
ATAACGTTCGTTCAAG-1,107,1904,mm10
ATAAGCAAGGGGTCAA-1,21201,708,GRCh38
ATAAGCAAGGTAATCT-1,7383,389,GRCh38
ATAAGCTTCACGGATC-1,21416,813,GRCh38
ATAAGCTTCGAAGGGC-1,16913,551,GRCh38
ATAAGCTTCTATGACG-1,13572,552,GRCh38
ATAAGGATCGTGAACC-1,225,5196,mm10
ATAAGTGAGATTGAAG-1,48,784,mm10
ATAAGTGAGCATCACA-1,536,5331,mm10
ATAAGTGAGGGGTAGC-1,8248,273,GRCh38
ATAAGTGAGGTAACTT-1,359,9284,mm10
ATAAGTGAGTAAGTAG-1,20940,722,GRCh38
ATAAGTGAGTCGATGC-1,231,6277,mm10
ATAATCGCAATGTATG-1,547,12361,mm10
ATAATCGCACCATCCG-1,43257,1630,Multiplet
ATAATCGCAGTTAGGT-1,170,1352,mm10
ATAATCGCATGCTGTC-1,22556,684,GRCh38
ATAATGCTCTCACTCG-1,7258,210,GRCh38
ATACACTAGCCACACG-1,91,1435,mm10
ATACACTAGCCTGCGA-1,14764,567,GRCh38
ATACAGCCAACCTTGC-1,431,11414,mm10
ATACAGCCACTATGAA-1,471,13131,mm10
ATACAGCCATGACAGT-1,36319,1042,GRCh38
ATACAGCCATGCGTTC-1,6190,355,GRCh38
ATACCATAGCCACGAT-1,39002,1105,GRCh38
ATACCATAGCCGACAT-1,327,8302,mm10
ATACCATAGGCAACTC-1,39573,1184,GRCh38
ATACCATAGTAATGCT-1,3721,408,GRCh38
ATACCCTTCACATAGT-1,16957,498,GRCh38
ATACCCTTCAGTAGTT-1,6760,955,GRCh38
ATACCTAGTGATTCGT-1,17551,560,GRCh38
ATACCTAGTTCGGTTG-1,317,5365,mm10
ATACGAAAGCCTCTCA-1,993,24642,mm10
ATACGAAAGTCGAGCT-1,2761,158,GRCh38
ATACGATTCACATGAT-1,62422,1637,Multiplet
ATACGATTCACCAGCG-1,25369,870,GRCh38
ATACGATTCCAACTGA-1,351,8289,mm10
ATACGATTCCTGGTAA-1,13530,515,GRCh38
ATACGCGCAAGCGTTG-1,251,6043,mm10
ATACGCGCAATTAGTG-1,9136,564,GRCh38
ATACGCGCAGCATGGC-1,2615,138,GRCh38
ATACGCGCATCCTATG-1,775,18861,mm10
ATACGGTCAAGTGATC-1,568,15733,mm10
ATACGTTAGGATGTAA-1,25094,699,GRCh38
ATACGTTAGGTAGTAA-1,39681,1156,GRCh38
ATACGTTAGTGATCGC-1,80,626,mm10
ATACTCCTCGACTAGC-1,173,1471,mm10
ATACTCCTCGTTGCCC-1,266,6283,mm10
ATACTGACAACTGGAT-1,7487,352,GRCh38
ATACTGACACTTGACC-1,440,12619,mm10
ATACTGACAGGGATGG-1,18523,723,GRCh38
ATACTGACATAACGCG-1,20353,732,GRCh38
ATACTGACATGATATG-1,9644,962,GRCh38
ATACTGGTCATAGGCC-1,450,9178,mm10
ATACTGGTCCTCATTA-1,247,4183,mm10
ATACTGGTCCTGCACC-1,14891,547,GRCh38
ATACTGGTCGACCATA-1,374,8891,mm10
ATACTGGTCGTGCTGG-1,7314,4740,Multiplet
ATACTTGGTGAGGTTA-1,80,1226,mm10
ATACTTGGTGGAAGCT-1,39602,1224,Multiplet
ATACTTGGTTGCTCTC-1,20377,819,GRCh38
ATACTTGGTTGGCTTG-1,22941,1024,GRCh38
ATAGCAAAGCTTACAG-1,238,4887,mm10
ATAGCAAAGGGTCTGT-1,192,1798,mm10
ATAGCACCAACGGTAT-1,286,5761,mm10
ATAGCACCAATAGGGA-1,15903,684,GRCh38
ATAGCACCAATAGTCA-1,88,843,mm10
ATAGCACCACCTATGC-1,15598,758,GRCh38
ATAGCACCACGCCATT-1,13195,639,GRCh38
ATAGCAGGTAGCCTTG-1,41351,1527,Multiplet
ATAGCAGGTTGGGACG-1,89,768,mm10
ATAGCAGGTTTGACCG-1,327,8367,mm10
ATAGCCATCACTCATC-1,352,6186,mm10
ATAGCCATCATCTGGA-1,387,8302,mm10
ATAGCCATCCATCCCA-1,93,1726,mm10
ATAGCCATCCTGTATC-1,47558,1496,Multiplet
ATAGCCTGTGGGTCCT-1,457,12118,mm10
ATAGCGAGTGGAAGCT-1,538,13169,mm10
ATAGCGAGTTATGTGC-1,63,950,mm10
ATAGCGCTCATGCGAC-1,413,9903,mm10
ATAGCGCTCGAACCCG-1,358,8472,mm10
ATAGCGCTCTAGCTTC-1,3904,467,GRCh38
ATAGCGCTCTAGTCTC-1,29588,940,GRCh38
ATAGCGGAGCCCGTAG-1,3924,501,GRCh38
ATAGCGGAGGGGTTGA-1,180,2074,mm10
ATAGGATGTAGGTCCC-1,15266,625,GRCh38
ATAGGATGTTAGACAG-1,353,7123,mm10
ATAGGATGTTGGGATA-1,21649,748,GRCh38
ATAGGCCTCATCAGCA-1,45327,1394,Multiplet
ATAGGCCTCGACCCGA-1,1736,108,GRCh38
ATAGGCCTCGCGCATG-1,11347,374,GRCh38
ATAGGCCTCGCTAGAC-1,33014,920,GRCh38
ATAGGCGAGCCAGTAC-1,208,4123,mm10
ATAGGCGAGGAATGCG-1,816,26484,mm10
ATAGGCGAGGCTTACA-1,262,6024,mm10
ATAGGCGAGTGAGGCA-1,85,1226,mm10
ATAGGCTCAACATCCC-1,34725,1095,GRCh38
ATAGGCTCAATATGTG-1,7127,16023,Multiplet
ATAGGCTCAATTCATC-1,14376,552,GRCh38
ATAGGCTCACCATGCT-1,23505,826,GRCh38
ATAGGCTCAGGATGAA-1,37,518,mm10
ATAGGCTCATTGCCAC-1,143,2848,mm10
ATAGGGCGTATGGTCT-1,372,7384,mm10
ATAGGGCGTGAAGCCG-1,13402,450,GRCh38
ATAGGGCGTGAAGTGC-1,4825,355,GRCh38
ATAGGGGTCACCTCGC-1,17824,637,GRCh38
ATAGGGGTCAGCTATG-1,7719,300,GRCh38
ATAGGGGTCGCTGGAT-1,195,4311,mm10
ATAGGGTAGCATTGAT-1,47893,1180,GRCh38
ATAGGGTAGCGCTCGA-1,19673,777,GRCh38
ATAGGGTAGCTGGACT-1,29001,874,GRCh38
ATAGGGTAGTGTCATG-1,798,20160,mm10
ATAGTCACAACGGCTA-1,49936,1271,Multiplet
ATAGTCACAATTGGCG-1,16199,661,GRCh38
ATAGTCACAGGCTTAG-1,6351,247,GRCh38
ATAGTCACAGGGACCT-1,27182,1032,GRCh38
ATAGTCCGTAATCGCT-1,47,644,mm10
ATAGTCCGTGAGTGTA-1,291,7118,mm10
ATAGTCCGTGATCAGA-1,56243,1446,Multiplet
ATAGTCCGTTATGTCA-1,290,7265,mm10
ATAGTGAAGGGGACGT-1,1062,28737,mm10
ATAGTGAAGTGCGGAA-1,4246,185,GRCh38
ATATCACAGGTCCCAG-1,69,1142,mm10
ATATCAGCAGGCTACA-1,18037,587,GRCh38
ATATCAGCATTCATGT-1,105,2280,mm10
ATATCCCTCAGGTTCA-1,254,3310,mm10
ATATCCCTCCGTAATG-1,305,6897,mm10
ATATCCTCAAATCCTT-1,1382,33722,mm10
ATATCCTCAACTCGCT-1,23126,1031,GRCh38
ATATCCTCAAGCGTAT-1,21456,809,GRCh38
ATATCCTCAAGTGGTT-1,23057,797,GRCh38
ATATCCTCAGCCATAG-1,45087,1425,Multiplet
ATATCCTCAGCTAAGT-1,16171,515,GRCh38
ATATCCTCAGTACCCT-1,256,6576,mm10
ATATCCTCATAACGTA-1,173,3465,mm10
ATATCCTCATGGATCG-1,477,10131,mm10
ATATGGCCAACCAGTG-1,374,8487,mm10
ATATGGCCACTATCCA-1,383,7752,mm10
ATATGGGGTAATCCGT-1,14482,511,GRCh38
ATATGGGGTGATAGCA-1,384,7884,mm10
ATATGGGGTTATAGCC-1,227,5238,mm10
ATATGGGGTTCCCATC-1,276,6267,mm10
ATATGTCAGCGAACGA-1,361,9186,mm10
ATATGTCAGCTGGAAG-1,298,6191,mm10
ATATTCCCAACATCGG-1,20276,990,GRCh38
ATATTCCCATCAAGTA-1,224,4425,mm10
ATCAACTAGTGAAGCG-1,22645,724,GRCh38
ATCAACTAGTGCCCAG-1,28447,1106,GRCh38
ATCAAGCCAAACTGAC-1,14659,1468,Multiplet
ATCAAGCCAATGACGT-1,152,1172,mm10
ATCAAGGGTAGCGGCA-1,8588,580,GRCh38
ATCAAGGGTGATGACA-1,4959,263,GRCh38
ATCACAACAAGGTGCC-1,292,7398,mm10
ATCACAACACCTCATA-1,290,7346,mm10
ATCACAACAGCTAACG-1,394,9228,mm10
ATCACATAGATAGGCG-1,7625,360,GRCh38
ATCACATAGTGTCCGG-1,575,14380,mm10
ATCACGATCAGGTGAG-1,79,748,mm10
ATCACGATCCCTGATT-1,6309,137,GRCh38
ATCACGATCCTTCGCA-1,17456,8725,Multiplet
ATCACGATCGTACCTT-1,1739,64,GRCh38
ATCACTTCAACCGCAA-1,206,5520,mm10
ATCACTTCAACTTAGA-1,420,11091,mm10
ATCACTTCAAGCTGTG-1,14127,357,GRCh38
ATCACTTCACTAACCC-1,975,379,GRCh38
ATCAGCCAGAACGAGT-1,874,244,GRCh38
ATCAGCCAGATTCAAC-1,324,3199,mm10
ATCAGCCAGCATCCGG-1,64638,1767,Multiplet
ATCAGCCAGCATGGCT-1,23109,785,GRCh38
ATCAGCCAGCTTCCTG-1,26500,1031,GRCh38
ATCAGCCAGGTACAGG-1,339,7402,mm10
ATCAGCCAGTGCCTGG-1,630,13811,mm10
ATCAGGGAGCGACTGT-1,240,6102,mm10
ATCAGGTCACAACCGA-1,4998,270,GRCh38
ATCAGGTCACCTTAGC-1,318,7481,mm10
ATCAGTTAGCATTAGT-1,1345,142,GRCh38
ATCAGTTAGCTTACCT-1,67070,9690,Multiplet
ATCAGTTAGGGTTGCT-1,19539,765,GRCh38
ATCAGTTAGTAAGGCG-1,31348,894,GRCh38
ATCATCAGTCAAGTAG-1,101,1137,mm10
ATCATCAGTTTCAGCG-1,128,1864,mm10
ATCATCCTCCAGCCCT-1,54197,9256,Multiplet
ATCATCCTCCCTCGAC-1,21269,910,GRCh38
ATCATCCTCTGTGAAT-1,39550,1154,GRCh38
ATCATCTCAAGCACTG-1,30865,1237,Multiplet
ATCATCTCAAGTTAGC-1,4077,512,GRCh38
ATCATCTCAATACCGG-1,305,2295,mm10
ATCATCTCACTAGCGA-1,244,6620,mm10
ATCATCTCAGGAAGTA-1,367,8952,mm10
ATCATCTCATTCAACT-1,266,5565,mm10
ATCATGGTCCCGCTAC-1,447,11554,mm10
ATCATGGTCCTTCAGT-1,414,9123,mm10
ATCATGGTCGAACGCT-1,15445,722,GRCh38
ATCATTCCAATATCCT-1,24975,1398,Multiplet
ATCCAAGTCATGACGC-1,551,16557,mm10
ATCCAAGTCGTTAGCA-1,207,4172,mm10
ATCCAATAGAATCCAT-1,241,6857,mm10
ATCCAATAGAATCGGG-1,206,4406,mm10
ATCCAATAGCCTCTGC-1,301,6711,mm10
ATCCAATAGGAGGTTG-1,16112,604,GRCh38
ATCCAATAGGAGTATA-1,27943,837,GRCh38
ATCCACAAGGATACTT-1,327,8463,mm10
ATCCACGGTAGGTCGG-1,31132,1014,GRCh38
ATCCACGGTCATGATC-1,25031,889,GRCh38
ATCCACTTCAGCTACA-1,20392,1060,GRCh38
ATCCACTTCCAGCGTG-1,163,3248,mm10
ATCCACTTCGTGCGAT-1,398,9782,mm10
ATCCACTTCTAGTCTC-1,303,6708,mm10
ATCCATAGTATAGTCC-1,282,5482,mm10
ATCCATAGTCTGTGAT-1,24854,785,GRCh38
ATCCATAGTGAAGCAC-1,158,1955,mm10
ATCCATAGTGACTCTG-1,323,8187,mm10
ATCCATGAGAATCCGC-1,6962,210,GRCh38
ATCCATGAGGTCGAAG-1,10745,498,GRCh38
ATCCCAAAGCCTTGGG-1,687,16642,mm10
ATCCCAAAGCGATGCT-1,669,2944,mm10
ATCCCAAAGGAGCTAG-1,270,6039,mm10
ATCCCAAAGGAGGATT-1,7240,469,GRCh38
ATCCCAAAGGATACTT-1,365,7792,mm10
ATCCCAAAGGCATCCG-1,2882,429,GRCh38
ATCCCAAAGGTGCGTT-1,248,5451,mm10
ATCCCAGGTAATGCCT-1,8025,434,GRCh38
ATCCCAGGTAGCCTGC-1,21881,826,GRCh38
ATCCCAGGTCAGGAAC-1,179,4233,mm10
ATCCCAGGTGAACTAG-1,10237,531,GRCh38
ATCCCATTCAATCCTC-1,214,5227,mm10
ATCCCATTCACAGGGA-1,17698,620,GRCh38
ATCCCATTCCGTGGCA-1,31217,881,GRCh38
ATCCCATTCGAGTTGC-1,16431,634,GRCh38
ATCCCATTCGATGACC-1,30802,868,GRCh38
ATCCCATTCTGGGACT-1,624,9584,mm10
ATCCCCATCCAGCCGA-1,2274,148,GRCh38
ATCCCCATCCCGCATC-1,15535,492,GRCh38
ATCCCCATCTGGAACC-1,276,6488,mm10
ATCCCCTGTGCGCATC-1,4750,498,GRCh38
ATCCCCTGTTGCTAAC-1,479,10743,mm10
ATCCCGCTCAGCTCGG-1,29218,873,GRCh38
ATCCCGCTCCAGATAT-1,21091,1116,GRCh38
ATCCCGCTCCCAGGCA-1,14552,628,GRCh38
ATCCCGCTCGCTGACG-1,45053,1341,Multiplet
ATCCCGCTCTGTGCTT-1,51970,1427,Multiplet
ATCCCTTAGAAGCGGC-1,85,1546,mm10
ATCCCTTAGCATCAAT-1,43108,1336,Multiplet
ATCCGACAGGCTCCGA-1,82,1485,mm10
ATCCGCCTCACAGACC-1,22085,736,GRCh38
ATCCGCCTCACATGGC-1,483,12382,mm10
ATCCGCCTCAGGGAAT-1,39,1422,mm10
ATCCGCCTCCTCTATA-1,74332,2078,Multiplet
ATCCGGGTCACTTGAG-1,277,7644,mm10
ATCCGGGTCCAATGAT-1,17978,845,GRCh38
ATCCGGGTCCATGCTT-1,241,5008,mm10
ATCCGGGTCGAGTTGC-1,618,16981,mm10
ATCCGTAAGCATGTGC-1,57,548,mm10
ATCCGTAAGCTTAGAT-1,7109,385,GRCh38
ATCCGTAAGGGTCATC-1,4965,13390,Multiplet
ATCCGTAAGGTAGTGG-1,157,3641,mm10
ATCCGTAAGGTCCAAC-1,238,4298,mm10
ATCCGTCCAATAGGGA-1,13459,16283,Multiplet
ATCCTAAGTCAGGAGT-1,133,3036,mm10
ATCCTAAGTCATGTCG-1,6545,312,GRCh38
ATCCTAAGTTAAGTGG-1,228,5604,mm10
ATCCTAAGTTGGTGAA-1,6843,389,GRCh38
ATCCTAGAGCATCAAT-1,1377,70,GRCh38
ATCCTAGAGCGAGCTT-1,27133,917,GRCh38
ATCCTAGAGGTGATGG-1,391,9407,mm10
ATCCTCACAACCATCC-1,372,7696,mm10
ATCCTCACAGCTACCT-1,24055,851,GRCh38
ATCCTCACATAACTAG-1,273,7656,mm10
ATCCTCACATAATCAG-1,19679,551,GRCh38
ATCCTCACATAGGCCA-1,384,8656,mm10
ATCCTCACATGGTCCT-1,290,7081,mm10
ATCCTCCGTAATCCAC-1,1229,216,GRCh38
ATCCTCCGTTCGCTTC-1,35419,1252,Multiplet
ATCCTCCGTTGAGTGA-1,280,7150,mm10
ATCCTGAAGCTAGAGG-1,101,608,mm10
ATCCTGAAGCTTACCT-1,1975,417,GRCh38
ATCCTGAAGGCGATTC-1,401,8308,mm10
ATCCTGAAGTTGCAGC-1,321,7446,mm10
ATCCTGTTCGAACGTC-1,158,2549,mm10
ATCGAACCAATCTACT-1,298,7487,mm10
ATCGAACCAGGGCTTA-1,25156,1011,GRCh38
ATCGAACCATCATCTG-1,558,12087,mm10
ATCGAACCATGGTATA-1,221,4968,mm10
ATCGAACCATTACGCC-1,24372,881,GRCh38
ATCGAAGGTGCGATCC-1,9951,413,GRCh38
ATCGAAGGTTGTGGCC-1,15582,558,GRCh38
ATCGATTAGATAGAGC-1,287,5863,mm10
ATCGATTAGCTGGAGA-1,17550,611,GRCh38
ATCGATTAGGGGATGC-1,224,5272,mm10
ATCGATTAGTGCAAGG-1,15871,732,GRCh38
ATCGCATGTGATAGTG-1,11666,619,GRCh38
ATCGCATGTGCAGGAT-1,297,6623,mm10
ATCGCATGTTGCGTGC-1,28317,984,GRCh38
ATCGCATGTTGGAGTA-1,21264,805,GRCh38
ATCGCCCTCACTCGAA-1,206,4796,mm10
ATCGCCCTCAGGGAAT-1,348,8258,mm10
ATCGCCCTCCCCTGTA-1,42069,1199,Multiplet
ATCGCCCTCGCATGAC-1,451,12327,mm10
ATCGCGCGTATGGTTC-1,309,7549,mm10
ATCGCGCGTGATTGCT-1,9186,418,GRCh38
ATCGCGCGTGGCGACA-1,128,2267,mm10
ATCGCGCGTTGTGACT-1,2895,302,GRCh38
ATCGGGCCAAGCATTA-1,78,721,mm10
ATCGGGCCAATACCGG-1,2502,339,GRCh38
ATCGGTCAGCCTTGGG-1,633,6664,mm10
ATCGGTCAGGTTCCTT-1,644,17529,mm10
ATCGTACGTAATCGTC-1,448,9904,mm10
ATCGTAGTCCAGCGAT-1,2145,529,GRCh38
ATCGTAGTCCATAGAT-1,236,4993,mm10
ATCGTAGTCCGCAGTG-1,745,20027,mm10
ATCGTAGTCGCTGGCA-1,84511,2187,Multiplet
ATCGTAGTCTGGATCA-1,436,10458,mm10
ATCGTCAAGCTGGATC-1,14169,510,GRCh38
ATCGTCAAGGCACGAA-1,477,11532,mm10
ATCGTTAGTAGCCAGG-1,13065,614,GRCh38
ATCGTTAGTCTGTCCT-1,15734,702,GRCh38
ATCGTTAGTTAGACGA-1,38649,960,GRCh38
ATCGTTAGTTCAAGCT-1,6284,353,GRCh38
ATCGTTGAGCATGGTC-1,356,8407,mm10
ATCGTTGAGTTACGGC-1,17297,610,GRCh38
ATCTACCTCCATGACA-1,13862,534,GRCh38
ATCTACCTCTATGGAT-1,28411,1026,GRCh38
ATCTATGGTAATCGAG-1,10404,450,GRCh38
ATCTATGGTGAGTGAC-1,3165,639,GRCh38
ATCTATGGTTTGCGTG-1,1040,22431,mm10
ATCTCATCAGGCAGGA-1,266,5288,mm10
ATCTCATCATAAGGGA-1,13278,560,GRCh38
ATCTCCACAATGGGCC-1,15515,481,GRCh38
ATCTCCACACTCAACC-1,274,6596,mm10
ATCTCCACAGCCAAGC-1,344,9126,mm10
ATCTCGCCAAGCTAAC-1,385,8066,mm10
ATCTCGCCAGGGACAG-1,177,4278,mm10
ATCTCGCCATTAGTTC-1,329,8291,mm10
ATCTGAGTCATGAGCC-1,171,3846,mm10
ATCTGAGTCCCTGACC-1,14545,615,GRCh38
ATCTGCAAGGCATGTC-1,577,13013,mm10
ATCTGCAAGGCGAAGC-1,653,15413,mm10
ATCTGCAAGGGTAGGC-1,83,1040,mm10
ATCTGGATCACGGCTG-1,31828,950,GRCh38
ATCTGGATCTAAGCAT-1,18907,515,GRCh38
ATCTGTGAGCCTCTCA-1,20227,696,GRCh38
ATCTGTGAGCGGACTT-1,704,14670,mm10
ATCTGTGAGTGAGATA-1,301,6581,mm10
ATCTGTGAGTGCGCCA-1,429,3245,mm10
ATCTGTTCAAACCGGC-1,8369,425,GRCh38
ATCTGTTCAACCAGTG-1,22613,850,GRCh38
ATCTGTTCACATGATA-1,36548,2016,Multiplet
ATCTGTTCAGGATGGG-1,12786,567,GRCh38
ATCTGTTCATAGGTAC-1,647,15456,mm10
ATCTTAGGTCTAGCGC-1,117,2072,mm10
ATCTTAGGTTCTGTCC-1,20406,696,GRCh38
ATCTTCATCACCTAAG-1,21726,641,GRCh38
ATCTTCATCATGCCGG-1,21217,820,GRCh38
ATCTTCATCCACGGCA-1,9288,426,GRCh38
ATCTTGCTCAGCACTA-1,25417,918,GRCh38
ATCTTGCTCCGCAGAT-1,4420,161,GRCh38
ATCTTGCTCGATAGCC-1,25116,1119,GRCh38
ATCTTGCTCTGTGATG-1,558,15090,mm10
ATGAAACGTAAGCGGT-1,17761,725,GRCh38
ATGAAACGTGAGCAAC-1,39112,1717,Multiplet
ATGAAACGTGCGCAGA-1,432,9469,mm10
ATGAAACGTTAGCGCC-1,18240,855,GRCh38
ATGAAAGTCCCGCAGA-1,182,3736,mm10
ATGAAAGTCGCATGTA-1,21420,16586,Multiplet
ATGAAAGTCTAGGCCG-1,11956,493,GRCh38
ATGAACCCAAGTAGTC-1,1226,209,GRCh38
ATGAACCCAATATACG-1,55225,1494,Multiplet
ATGAACCCACCTACTA-1,27277,838,GRCh38
ATGAACCCAGGGCTAC-1,308,7895,mm10
ATGAACGGTGAACCGG-1,323,7395,mm10
ATGAACGGTTCCGTAG-1,9354,776,GRCh38
ATGAACGGTTTACTCT-1,25737,7890,Multiplet
ATGACAGGTCAGTAGA-1,256,6195,mm10
ATGACAGGTTCTGTAA-1,114,1824,mm10
ATGACAGGTTTAGGCT-1,166,4188,mm10
ATGACCCAGCCGATAC-1,355,6314,mm10
ATGACCCAGGCGATTC-1,91,1912,mm10
ATGACCCAGGTTGGGA-1,18905,582,GRCh38
ATGACCCAGTTAGCAT-1,15227,576,GRCh38
ATGACGGAGCGCTACG-1,41940,1151,GRCh38
ATGACGGAGGATCACC-1,6122,477,GRCh38
ATGACGGAGGTGAGCA-1,519,12161,mm10
ATGACGGAGTAGCTGC-1,13969,579,GRCh38
ATGACGGAGTATGAAG-1,12358,480,GRCh38
ATGACGGAGTCGCAGT-1,352,8992,mm10
ATGACGGAGTTAACGT-1,17075,569,GRCh38
ATGAGGCGTAACCGAA-1,223,5234,mm10
ATGAGGCGTTCACTGG-1,11060,586,GRCh38
ATGAGGTAGGCGTTCG-1,17116,667,GRCh38
ATGAGTAAGGAACCAG-1,202,5505,mm10
ATGAGTAAGTTAGAGA-1,141,2667,mm10
ATGAGTTTCCGGTACG-1,269,6637,mm10
ATGAGTTTCCGTGATA-1,17826,5947,Multiplet
ATGATCCGTTGCGTGC-1,44640,1626,Multiplet
ATGATCCGTTGGGCCT-1,11812,816,GRCh38
ATGATGAAGCATCACA-1,1313,175,GRCh38
ATGATGAAGCCAGTTA-1,49641,1404,Multiplet
ATGATGAAGCGGATAG-1,14290,505,GRCh38
ATGATGAAGCTTAGAT-1,7359,345,GRCh38
ATGATGAAGGATAGAC-1,481,12647,mm10
ATGATGAAGGTGAGTG-1,625,15794,mm10
ATGATGAAGTAGCTGC-1,14481,483,GRCh38
ATGATGAAGTCTAGCA-1,11465,510,GRCh38
ATGATGTTCACCCTAT-1,53409,1798,Multiplet
ATGATGTTCACGCATA-1,25056,809,GRCh38
ATGATTGCAACCCGAA-1,9696,450,GRCh38
ATGATTGCATAACGAC-1,11420,450,GRCh38
ATGATTGCATCATATC-1,38,586,mm10
ATGATTGCATGGTTCC-1,338,7078,mm10
ATGCAAGGTAGCTTAC-1,222,4456,mm10
ATGCAAGGTGACTCCA-1,224,5528,mm10
ATGCAAGGTGCGTGAG-1,18154,746,GRCh38
ATGCAAGGTTGTCTCC-1,157,3607,mm10
ATGCAAGGTTTGGTCG-1,35791,1249,Multiplet
ATGCACGCACCATGCT-1,276,6930,mm10
ATGCACGCAGCACCTT-1,29166,951,GRCh38
ATGCAGCTCATAGACT-1,40122,1688,Multiplet
ATGCAGCTCCGCGGTA-1,26917,870,GRCh38
ATGCAGCTCCTGTAAG-1,1128,889,GRCh38
ATGCAGCTCGCTGAGT-1,224,4563,mm10
ATGCAGGAGTTAGGAA-1,110,650,mm10
ATGCAGGAGTTGGTGC-1,20458,530,GRCh38
ATGCATTAGCAACTCA-1,1061,537,GRCh38
ATGCATTAGGCATGTC-1,459,10088,mm10
ATGCCAATCACCAGAC-1,19486,807,GRCh38
ATGCCACAGGTAGGGC-1,6379,163,GRCh38
ATGCCACAGGTGAACG-1,18561,866,GRCh38
ATGCCACAGTGAGGCA-1,767,3440,mm10
ATGCCAGCAAACCAAC-1,29413,973,GRCh38
ATGCCCAGTAGGTGTA-1,15517,523,GRCh38
ATGCCCAGTCAATCAC-1,26311,748,GRCh38
ATGCCCAGTCTGGCGT-1,49,520,mm10
ATGCCCAGTCTGGGTC-1,273,6313,mm10
ATGCCCAGTTAGTCAC-1,11839,506,GRCh38
ATGCCCAGTTGTAAGG-1,567,12545,mm10
ATGCCCTCAAACTAGC-1,31087,1620,Multiplet
ATGCCCTCAATCGTCC-1,21755,1180,GRCh38
ATGCCCTCACAGCGAC-1,53,600,mm10
ATGCCCTCATCGCGTT-1,317,7907,mm10
ATGCCTAAGCTACGAC-1,726,19636,mm10
ATGCCTAAGGAGGTCA-1,15921,327,GRCh38
ATGCCTAAGGATTCAT-1,426,7883,mm10
ATGCCTAAGGGGTTAG-1,36313,1151,GRCh38
ATGCCTAAGTGAGCAG-1,20324,899,GRCh38
ATGCCTGGTTGGGATA-1,218,5443,mm10
ATGCGAAGTGGCTCAC-1,18266,560,GRCh38
ATGCGAAGTTAGCTCG-1,23213,802,GRCh38
ATGCGAAGTTGCACGC-1,21736,794,GRCh38
ATGCGGTTCAGCGACT-1,520,15007,mm10
ATGCGGTTCAGTGCTA-1,203,4163,mm10
ATGCTAACAAGTTCGG-1,766,81,GRCh38
ATGCTAACATCGGCTT-1,156,3614,mm10
ATGCTAACATGACACG-1,27142,846,GRCh38
ATGCTAGTCCCAGAGT-1,184,4213,mm10
ATGCTAGTCTGTGCTT-1,2439,242,GRCh38
ATGCTCAAGCCTGCGA-1,5404,1077,GRCh38
ATGCTCAAGCGAATGG-1,115,1291,mm10
ATGCTCAAGTGACCAC-1,32978,1063,GRCh38
ATGCTCCCATTAGGTA-1,1005,25852,mm10
ATGCTGATCATCGTTC-1,2243,209,GRCh38
ATGCTGATCGTGCATA-1,236,5274,mm10
ATGCTTAGTCTCCACT-1,470,10815,mm10
ATGCTTAGTTGCTTCC-1,758,138,GRCh38
ATGCTTGAGTCGAGGA-1,277,6726,mm10
ATGGACTCAATTAGTG-1,12805,577,GRCh38
ATGGACTCACATATAG-1,312,7020,mm10
ATGGACTCACATTCCA-1,334,2988,mm10
ATGGAGACAGTTGCGA-1,306,5922,mm10
ATGGAGACATGCTGCT-1,274,6900,mm10
ATGGAGTAGCGGCATT-1,11064,7378,Multiplet
ATGGAGTAGGGCTAAG-1,360,6302,mm10
ATGGAGTAGGGCTCTG-1,324,8636,mm10
ATGGAGTAGGTGCGAA-1,277,6378,mm10
ATGGATGGTTGAAGTG-1,7624,340,GRCh38
ATGGCAAGTTGCTCGA-1,520,11276,mm10
ATGGCCCGTAATGTGG-1,31825,1214,Multiplet
ATGGCCCGTATGTCCG-1,10181,1094,GRCh38
ATGGCCCGTGATTGCT-1,5161,3364,Multiplet
ATGGCCCGTGCAAGGT-1,17721,699,GRCh38
ATGGCCCGTTATCGGT-1,1709,304,GRCh38
ATGGCCCGTTGGATGA-1,4418,3387,Multiplet
ATGGCCCGTTGGGCAG-1,26405,905,GRCh38
ATGGCGAAGGCTAGAG-1,196,3234,mm10
ATGGCGAAGTTGGTCA-1,214,4488,mm10
ATGGCTATCAGTTGGC-1,13176,552,GRCh38
ATGGCTATCCATCTCG-1,21981,743,GRCh38
ATGGCTATCCGCGTCT-1,188,4432,mm10
ATGGCTATCTAGTGCA-1,12815,5814,Multiplet
ATGGCTGCAACTGCGA-1,431,12159,mm10
ATGGCTGCAAGCACGC-1,20798,681,GRCh38
ATGGCTGCATCGGTCT-1,25080,1198,Multiplet
ATGGCTTGTAAGCGGT-1,876,178,GRCh38
ATGGCTTGTGCAGTAA-1,343,8161,mm10
ATGGGATAGCGATACC-1,710,18805,mm10
ATGGGATAGGAGGCGT-1,201,5034,mm10
ATGGGATAGGGCAGTA-1,26306,787,GRCh38
ATGGGATAGGTAGGTG-1,230,4162,mm10
ATGGGATAGGTTCGCG-1,390,9073,mm10
ATGGGATAGTCATCCT-1,16108,630,GRCh38
ATGGGCAAGCCATGAC-1,210,4453,mm10
ATGGGCAAGGAGCTTC-1,235,5184,mm10
ATGGGCAAGGGTCACT-1,287,6685,mm10
ATGGGCTTCACGCTCC-1,22747,1119,GRCh38
ATGGGCTTCGACATGC-1,7171,422,GRCh38
ATGGGCTTCTGTGGAC-1,13330,600,GRCh38
ATGGGGATCAGGTAGG-1,12764,418,GRCh38
ATGGGGATCCCCAAGG-1,396,8873,mm10
ATGGGGATCTATCAGG-1,171,3539,mm10
ATGGGTAGTTCGGCGT-1,531,10666,mm10
ATGGGTGAGAAGCACG-1,33381,1090,GRCh38
ATGGGTGAGCCTCTCA-1,7478,349,GRCh38
ATGGGTGAGGGTCCTG-1,43,573,mm10
ATGGGTGAGTAGGTAA-1,62,1311,mm10
ATGGGTTCAAGTCGCA-1,294,6100,mm10
ATGGGTTCAGCCAGGT-1,323,4145,mm10
ATGGTAAAGGATAGCG-1,13512,725,GRCh38
ATGGTAAAGGCTCCTC-1,2693,658,GRCh38
ATGGTAGGTGCGTACC-1,17054,623,GRCh38
ATGGTAGGTTTCGGTG-1,2698,398,GRCh38
ATGGTCATCACCCTTG-1,318,8244,mm10
ATGGTCATCATCTGGA-1,42936,1270,Multiplet
ATGGTCATCCCAGTAA-1,29084,1057,GRCh38
ATGGTCATCCGCAGAT-1,266,5456,mm10
ATGGTGAGTAGGTTGA-1,72,845,mm10
ATGGTGAGTATAGCTC-1,143,3997,mm10
ATGGTGGAGCGAAGGC-1,541,16392,mm10
ATGGTGGAGGCTCCGA-1,196,3235,mm10
ATGGTGGAGGTAGCTC-1,39032,1327,Multiplet
ATGGTGGAGGTGACTC-1,18460,7667,Multiplet
ATGGTGGAGTCGAAGG-1,27190,826,GRCh38
ATGGTTTAGCCAACTA-1,512,11007,mm10
ATGGTTTAGGTCCATA-1,428,9765,mm10
ATGGTTTAGTCGCTCC-1,9334,1114,GRCh38
ATGTACCGTAATTCGC-1,40151,1385,Multiplet
ATGTACCGTAGCGCAG-1,319,7340,mm10
ATGTACCGTTGCAATC-1,10791,476,GRCh38
ATGTAGCCACCATAGG-1,728,20075,mm10
ATGTAGCCACCTCAGT-1,22649,876,GRCh38
ATGTCAACAAATGACC-1,84,1770,mm10
ATGTCAACACCAGCTT-1,22136,800,GRCh38
ATGTCAACAGGGACTC-1,31667,1020,GRCh38
ATGTCAACATTACAGA-1,226,5325,mm10
ATGTCCCCAAACTAGC-1,242,5340,mm10
ATGTCCCCATCGGTTC-1,189,4336,mm10
ATGTCCCCATTCCTTC-1,8231,634,GRCh38
ATGTCCTTCATGCGTA-1,337,8603,mm10
ATGTCCTTCCCCATCA-1,342,7623,mm10
ATGTGAAAGCCACGAT-1,300,5459,mm10
ATGTGAAAGCCAGTGT-1,33606,1047,GRCh38
ATGTGAAAGCCTGCCT-1,271,7036,mm10
ATGTGAAAGTCGAAGG-1,4564,147,GRCh38
ATGTGAGGTAGTGCCC-1,20812,788,GRCh38
ATGTGAGGTATGGCAA-1,66,1281,mm10
ATGTGAGGTATTAGCC-1,68,886,mm10
ATGTGAGGTGCGGTGA-1,255,6801,mm10
ATGTGAGGTTATGGAG-1,18731,676,GRCh38
ATGTGCATCCCAGATA-1,21907,670,GRCh38
ATGTGCATCCCGGCAA-1,97,516,mm10
ATGTGCATCGTGCAAC-1,76,820,mm10
ATGTGCATCTCATTCA-1,28666,919,GRCh38
ATGTGGCTCAATCTGG-1,506,12499,mm10
ATGTGGCTCGAAGCCT-1,3269,514,GRCh38
ATGTGGGAGATTCGTG-1,3886,109,GRCh38
ATGTGGGAGCATTAAC-1,19650,13560,Multiplet
ATGTGGGAGCTAGTCA-1,13963,481,GRCh38
ATGTGGGAGGAGGTGC-1,148,3823,mm10
ATGTGTTAGCCCTTCA-1,41,777,mm10
ATGTGTTAGCTAGATT-1,21535,734,GRCh38
ATGTGTTAGGAGCCAA-1,248,4560,mm10
ATGTTAGCAAGCGGAG-1,17109,773,GRCh38
ATGTTAGCAAGTGGCC-1,22333,807,GRCh38
ATGTTAGCAATAGCGT-1,144,2450,mm10
ATGTTCCTCAGGTCCG-1,18366,16901,Multiplet
ATGTTCCTCGCGCATG-1,681,183,GRCh38
ATGTTCTCAGCAGTTG-1,16013,5996,Multiplet
ATGTTCTCATAAGGGA-1,1483,643,GRCh38
ATTAAGCTCAGCATCA-1,286,6286,mm10
ATTAAGCTCATCTACC-1,16306,614,GRCh38
ATTAAGCTCCAGCGTG-1,387,6747,mm10
ATTAAGCTCGACCCGA-1,305,6989,mm10
ATTACAGCAAGCCAAT-1,15240,605,GRCh38
ATTACAGCAATCAATG-1,517,13384,mm10
ATTACAGCAATTGCCC-1,30324,1153,GRCh38
ATTACCCTCGACTGAC-1,3701,446,GRCh38
ATTACCTCAAACCACG-1,15076,593,GRCh38
ATTACCTCAGGATGCC-1,29285,1086,GRCh38
ATTACCTCATAATTGG-1,18336,621,GRCh38
ATTACGTAGAATCGCC-1,272,5888,mm10
ATTACGTAGCTAAGGG-1,27540,1090,GRCh38
ATTACTGGTTGCATGT-1,423,9693,mm10
ATTCACCTCACTTCAC-1,20879,684,GRCh38
ATTCACCTCCGCACGA-1,386,8372,mm10
ATTCAGGTCACGCATA-1,188,4852,mm10
ATTCAGGTCCTCGTCA-1,230,5851,mm10
ATTCAGGTCGATGGGA-1,23378,714,GRCh38
ATTCAGGTCGTGAGAG-1,43557,1184,GRCh38
ATTCAGTAGCGGGATA-1,15635,697,GRCh38
ATTCAGTAGGGGATTG-1,18577,710,GRCh38
ATTCATCCAATCTAAG-1,92,826,mm10
ATTCATCCACAGGGTC-1,282,5889,mm10
ATTCATCCATCACTAT-1,281,7022,mm10
ATTCATGGTCTGTGGC-1,240,4788,mm10
ATTCATGGTGACGATA-1,154,2956,mm10
ATTCATGGTTGCCTGA-1,8218,415,GRCh38
ATTCCAAGTAGGTCAA-1,850,21422,mm10
ATTCCAAGTCAGTTCG-1,166,4128,mm10
ATTCCAAGTGGGTTGG-1,725,19262,mm10
ATTCCATCAAATGGGA-1,7921,640,GRCh38
ATTCCATCAGCTATGG-1,252,5556,mm10
ATTCCATCAGGTTGGC-1,27059,822,GRCh38
ATTCCCACAAGGGTAA-1,218,5440,mm10
ATTCCCACAAGGTTCG-1,65,1760,mm10
ATTCCGCCATTCCTCT-1,16959,882,GRCh38
ATTCCGGGTCATGAAG-1,308,7301,mm10
ATTCCGGGTCCATACG-1,351,9274,mm10
ATTCCGGGTCTCCATC-1,55381,1629,Multiplet
ATTCCGGGTGGCTGTC-1,212,5325,mm10
ATTCCTTGTAGCTAAG-1,11680,598,GRCh38
ATTCCTTGTAGGTAGC-1,203,2721,mm10
ATTCCTTGTCATCACG-1,1712,360,GRCh38
ATTCCTTGTTGAAGGC-1,6636,425,GRCh38
ATTCCTTGTTGAATGG-1,379,9005,mm10
ATTCGATAGCAAGGAT-1,28410,1008,GRCh38
ATTCGATAGCGAACCT-1,143,2308,mm10
ATTCGATAGGTGAACG-1,13719,638,GRCh38
ATTCGCTTCAATCCGA-1,329,7876,mm10
ATTCGCTTCCCCAAGG-1,26549,767,GRCh38
ATTCGCTTCCTGGTAA-1,18148,709,GRCh38
ATTCGCTTCGTGCCGA-1,8089,253,GRCh38
ATTCGGGCACAGGGTC-1,114,1890,mm10
ATTCGTAGTCATTCAA-1,13700,3876,Multiplet
ATTCGTAGTGAAGGTC-1,9651,491,GRCh38
ATTCGTTCAACTTAGA-1,29379,1046,GRCh38
ATTCGTTCACCTTCAA-1,22976,3967,Multiplet
ATTCGTTCAGGCATCA-1,60,1013,mm10
ATTCGTTCAGGCTTGA-1,511,13921,mm10
ATTCGTTCATAACGGT-1,238,5076,mm10
ATTCGTTCATTAACTC-1,251,5296,mm10
ATTCTCATCCAGCAAC-1,83,792,mm10
ATTGACTAGCAGGCTT-1,29853,1133,GRCh38
ATTGACTAGCCCTTCA-1,28426,809,GRCh38
ATTGACTAGCCTGTCC-1,13261,341,GRCh38
ATTGACTAGCTAATCG-1,375,9067,mm10
ATTGACTAGGAACCAG-1,14184,567,GRCh38
ATTGAGAAGAATCCAT-1,280,7315,mm10
ATTGAGAAGGCGAGGT-1,3155,113,GRCh38
ATTGAGAAGTGACCAC-1,50,990,mm10
ATTGAGGGTAGCAGTA-1,245,5637,mm10
ATTGAGGGTATAGCGA-1,38528,4688,Multiplet
ATTGAGGGTGCATCGC-1,11988,532,GRCh38
ATTGAGGGTGGAAGGA-1,15542,552,GRCh38
ATTGAGGGTTGGTTCG-1,627,12465,mm10
ATTGATGCAATCTACT-1,11128,515,GRCh38
ATTGCCCCAATGCGTG-1,237,5255,mm10
ATTGCCCCATCAATTC-1,255,5533,mm10
ATTGCCTTCCACGGCA-1,10800,569,GRCh38
ATTGCCTTCCATGCCC-1,3199,391,GRCh38
ATTGCCTTCCCATTCG-1,224,2306,mm10
ATTGGATTCCCATATC-1,22041,703,GRCh38
ATTGGATTCCGTGGAT-1,231,3630,mm10
ATTGGATTCGCTATGA-1,22952,1194,Multiplet
ATTGGATTCTCACTTA-1,297,5163,mm10
ATTGGCCAGGAATTAG-1,36244,1088,GRCh38
ATTGGCCAGGATGGTG-1,44109,1536,Multiplet
ATTGGCCAGGTTACAT-1,288,5350,mm10
ATTGGCGCACTTCATG-1,28360,1113,GRCh38
ATTGGCGCAGCTAGGC-1,253,4800,mm10
ATTGGCGCATTAACTC-1,517,11497,mm10
ATTGGCTGTTCACCGA-1,25629,912,GRCh38
ATTGGCTGTTGGCTTG-1,1034,8626,mm10
ATTGGCTGTTTAATCG-1,2568,463,GRCh38
ATTGGCTGTTTACCGG-1,18543,851,GRCh38
ATTGGGTCATCAATCT-1,2073,245,GRCh38
ATTGGTTAGCCAACTA-1,20115,626,GRCh38
ATTGTCAGTCAGCATT-1,27636,1035,GRCh38
ATTGTCAGTCTAAGCT-1,815,4740,mm10
ATTGTCAGTTAGCCTG-1,364,7052,mm10
ATTGTCAGTTGAGCGG-1,222,3785,mm10
CAAACCATCAGGGAAT-1,206,4903,mm10
CAAACCATCAGTTGCA-1,3149,228,GRCh38
CAAACCATCATGGCGT-1,234,6435,mm10
CAAACCATCCGTTGGG-1,88,669,mm10
CAAACCATCGCATCCC-1,16045,1051,GRCh38
CAAACCATCGTAGTTG-1,800,646,GRCh38
CAAACCCAGCCTCTCA-1,44787,1183,GRCh38
CAAACCCAGCGATTGC-1,59,650,mm10
CAAACCCAGGCAATGG-1,84,1206,mm10
CAAACCTGTAGCAGAC-1,300,7880,mm10
CAAACCTGTCCATCGA-1,32447,2202,Multiplet
CAAACCTGTTTGAGCT-1,7329,478,GRCh38
CAAACTTAGAATCATC-1,2995,216,GRCh38
CAAACTTAGATTACGT-1,39,544,mm10
CAAACTTAGCTAGACC-1,252,5809,mm10
CAAACTTAGCTGGAGA-1,5883,353,GRCh38
CAAACTTAGGTAGTGG-1,104,2077,mm10
CAAAGCCTCGAGTCCG-1,329,6519,mm10
CAAAGCCTCGTGATTG-1,212,5154,mm10
CAAAGCGAGCATCCTT-1,11609,480,GRCh38
CAAAGCGAGGTTCCTT-1,346,7027,mm10
CAAAGCTCAGGACATT-1,299,5584,mm10
CAAAGCTCATGAATTG-1,47,570,mm10
CAAAGGGTCATCGTCT-1,358,8577,mm10
CAAAGGGTCGATATGT-1,1404,970,GRCh38
CAAAGGGTCTGGATAT-1,10284,431,GRCh38
CAAAGGGTCTGGTCGG-1,19881,697,GRCh38
CAAAGGTAGGTTAATC-1,436,11862,mm10
CAAAGTAAGCATCGCG-1,228,4196,mm10
CAAAGTAAGCATGGGA-1,18994,663,GRCh38
CAAAGTAAGCCCTGAG-1,22799,828,GRCh38
CAAAGTAAGGATAGAC-1,9695,333,GRCh38
CAAATCACAAACTAGC-1,102,2253,mm10
CAAATCACATAACTCT-1,234,6410,mm10
CAAATCACATCCGGTT-1,426,10998,mm10
CAAATCCGTAAGCTAG-1,17820,794,GRCh38
CAAATCCGTGAACCGG-1,949,200,GRCh38
CAAATCCGTGCACCGT-1,17074,619,GRCh38
CAAATCCGTGCGGTGA-1,9343,477,GRCh38
CAAATCCGTTGACGTT-1,17633,652,GRCh38
CAAATGGGTAGTAGGC-1,14004,687,GRCh38
CAAATGGGTCAAGGTA-1,168,4615,mm10
CAAATGGGTTGCTCAG-1,255,5625,mm10
CAAATGTTCAATTGCG-1,401,9186,mm10
CAAATGTTCACTTGAG-1,24302,921,GRCh38
CAAATGTTCTCACAGA-1,342,7506,mm10
CAAATTCAGTGCGGAA-1,461,9600,mm10
CAACACGCAAACCCAG-1,5821,475,GRCh38
CAACACGCAATCAATG-1,22151,840,GRCh38
CAACACGCAATCGCTC-1,12804,3792,Multiplet
CAACACGCACCAGGAC-1,353,9038,mm10
CAACACGCACCTGTAC-1,43103,1443,Multiplet
CAACACGCAGGCAGTC-1,168,719,mm10
CAACACGCAGTACTAA-1,202,4649,mm10
CAACACGCATAGATGC-1,27783,901,GRCh38
CAACACGCATGGTATA-1,3642,451,GRCh38
CAACAGTCACAATGAC-1,900,23632,mm10
CAACAGTCACAATGGT-1,12610,749,GRCh38
CAACATTAGATAGCTT-1,16590,665,GRCh38
CAACATTAGTGGCTTA-1,16467,516,GRCh38
CAACCAATCAATCAGT-1,272,5986,mm10
CAACCAGCAAGCACAT-1,2000,310,GRCh38
CAACCAGCAATCGAAC-1,37120,1184,GRCh38
CAACCAGCACTATCCA-1,2535,57569,Multiplet
CAACCAGCACTTACGC-1,378,9266,mm10
CAACCAGCAGGTAGGG-1,367,8228,mm10
CAACCAGCATCACATT-1,640,16092,mm10
CAACCAGCATGCTACC-1,19138,640,GRCh38
CAACCCAGTATGTCCG-1,44,716,mm10
CAACCCAGTTAGGTAG-1,2734,507,GRCh38
CAACCCTCATTACCCA-1,27726,815,GRCh38
CAACGAAGTAGCTGCC-1,520,12842,mm10
CAACGAAGTAGCTGGG-1,329,7714,mm10
CAACGAAGTAGTCAAG-1,57,751,mm10
CAACGAAGTGGAGACT-1,7977,365,GRCh38
CAACGAAGTTAATGCC-1,255,4513,mm10
CAACGATCAAATTCCT-1,206,4992,mm10
CAACGATCAATAGCCG-1,274,6507,mm10
CAACGATCACTTAACT-1,55487,1936,Multiplet
CAACGGGGTCAAGTGA-1,391,568,mm10
CAACGGGGTTTACGCG-1,273,7054,mm10
CAACGGGGTTTGCCCT-1,358,9023,mm10
CAACTAACACATGAAC-1,284,6095,mm10
CAACTAGTCACGCGAT-1,5858,368,GRCh38
CAACTAGTCCGCCATC-1,296,5681,mm10
CAACTAGTCTGTAAGT-1,362,7742,mm10
CAACTCCCAAATGCTA-1,280,6787,mm10
CAACTCCCAACGGTCA-1,125,3158,mm10
CAACTCCCAATATCTC-1,209,3660,mm10
CAACTGATCACTTGCT-1,59727,1833,Multiplet
CAACTGATCCGCGAAT-1,413,9425,mm10
CAACTGATCTATGCCT-1,1173,380,GRCh38
CAAGACAGTATGGTCT-1,220,5242,mm10
CAAGACAGTTTGAGGA-1,330,5911,mm10
CAAGACTCAAACCTGG-1,360,8026,mm10
CAAGACTCACTAGTCC-1,26606,800,GRCh38
CAAGACTCAGGATTAC-1,28585,823,GRCh38
CAAGACTCAGGGACTC-1,253,5510,mm10
CAAGACTCATCCATGC-1,278,5093,mm10
CAAGACTCATGCTACC-1,2467,169,GRCh38
CAAGATGGTAAGCAAT-1,18352,1132,GRCh38
CAAGATGGTATGGGAC-1,17878,746,GRCh38
CAAGCAAGTAATTGCC-1,12768,557,GRCh38
CAAGCAAGTATGGACA-1,11034,270,GRCh38
CAAGCCACAATATCTC-1,163,3927,mm10
CAAGCCACACATAGGT-1,507,13301,mm10
CAAGCCACAGGATCGC-1,77,955,mm10
CAAGCCACATCCGTAC-1,235,3973,mm10
CAAGCCACATCCTAAT-1,467,13510,mm10
CAAGCCACATTGCACC-1,14639,756,GRCh38
CAAGCCCGTAACTCTA-1,394,9082,mm10
CAAGCCCGTTGACCTG-1,28011,8189,Multiplet
CAAGCCCGTTGGCGCT-1,31614,1482,Multiplet
CAAGCGAAGGCGAGTA-1,35785,1063,GRCh38
CAAGCGAAGGCGATGA-1,212,5599,mm10
CAAGCGCCAACCAGTG-1,385,10026,mm10
CAAGCGCCACATTACT-1,110,1222,mm10
CAAGCGCCACCACACT-1,185,4364,mm10
CAAGCGCCATCGACAG-1,21395,808,GRCh38
CAAGCGGGTCAGGATA-1,20268,680,GRCh38
CAAGCTATCACATGCA-1,316,7746,mm10
CAAGCTATCCAACTCT-1,12569,912,GRCh38
CAAGCTATCCCGCGAA-1,310,5945,mm10
CAAGCTATCGATGACC-1,208,3902,mm10
CAAGCTCAGAAGCACG-1,2404,101,GRCh38
CAAGCTCAGCGAGCAA-1,19309,645,GRCh38
CAAGCTCAGCGCTGAT-1,287,6572,mm10
CAAGCTCAGGGTAGCA-1,23687,816,GRCh38
CAAGCTGCAAATGACC-1,788,19151,mm10
CAAGCTGCATCCCTGG-1,2341,541,GRCh38
CAAGGAACAACCTGTC-1,12113,669,GRCh38
CAAGGAACAAGGTAGA-1,464,11172,mm10
CAAGGAACACATGACG-1,32544,1003,GRCh38
CAAGGAACAGGCAGAG-1,28102,962,GRCh38
CAAGGAACATGGCTCT-1,14567,610,GRCh38
CAAGGATAGGATACCC-1,52424,1493,Multiplet
CAAGGATAGTCGCTAA-1,732,6509,mm10
CAAGGCAAGCAATCGC-1,317,7864,mm10
CAAGGCAAGGTGCAGA-1,313,6588,mm10
CAAGGCAAGTGGCTGT-1,21532,693,GRCh38
CAAGGCGGTATTGGCT-1,227,4347,mm10
CAAGGGATCAGGTAGG-1,67,956,mm10
CAAGGGGCAAATTCAG-1,13700,535,GRCh38
CAAGGGGCAACGGTGC-1,702,18784,mm10
CAAGGGGCATAAGTGC-1,176,4469,mm10
CAAGGTAGTATGTGCT-1,20806,811,GRCh38
CAAGGTAGTCAATCGT-1,470,11659,mm10
CAAGGTAGTGAACGAC-1,176,3138,mm10
CAAGGTGAGCTAGGTC-1,19561,755,GRCh38
CAAGGTTCAAGTTCAA-1,29105,7647,Multiplet
CAAGGTTCACTAATCT-1,1512,560,GRCh38
CAAGTAAAGAAGCATA-1,11424,444,GRCh38
CAAGTAAAGGCACTTA-1,7360,464,GRCh38
CAAGTAGGTGATGGCG-1,4162,599,GRCh38
CAAGTAGGTGCATCAT-1,442,8214,mm10
CAAGTCATCAATGGCC-1,312,6505,mm10
CAAGTCATCATCACAG-1,547,116,GRCh38
CAAGTCATCCAGCAGT-1,6086,195,GRCh38
CAAGTCATCTAAGTGT-1,7796,6090,Multiplet
CAAGTCGCAACCCTAC-1,14599,602,GRCh38
CAAGTCGCAACGGCAC-1,462,11070,mm10
CAAGTCGCAACGTTAA-1,20867,698,GRCh38
CAAGTCGCAACTTACT-1,8885,27366,Multiplet
CAAGTCGCAATTCAGA-1,19337,726,GRCh38
CAAGTCTGTAGCGCCT-1,219,4085,mm10
CAAGTGAGTTAAGTCC-1,240,5799,mm10
CAAGTGAGTTAGTTGC-1,284,6853,mm10
CAAGTGAGTTTACGAC-1,29969,1046,GRCh38
CAAGTTACACAACCGA-1,298,5517,mm10
CAAGTTACACCTTGAC-1,12530,458,GRCh38
CAAGTTTAGATTCCTC-1,75,1032,mm10
CAAGTTTAGCAGGGTA-1,257,5014,mm10
CAATAGCCATCCATAT-1,16562,996,GRCh38
CAATCATAGGAATTGA-1,394,8291,mm10
CAATCATAGTATGTGT-1,360,6207,mm10
CAATCATAGTTAGGAA-1,275,4079,mm10
CAATCCCCAATTGGCG-1,47,755,mm10
CAATCCCCACAATCAA-1,285,6608,mm10
CAATCCCCAGGTATCG-1,866,151,GRCh38
CAATCCGGTATGTGTC-1,838,1613,mm10
CAATCCGGTTATGCGT-1,18178,701,GRCh38
CAATCCGGTTCATCGG-1,285,6574,mm10
CAATCCGGTTGAAGTG-1,16854,522,GRCh38
CAATCCTTCCGCGTGA-1,20922,738,GRCh38
CAATCGATCAATGGTT-1,5931,3339,Multiplet
CAATCGATCCGCGCAA-1,9680,577,GRCh38
CAATCGATCGACATTG-1,309,7859,mm10
CAATCTTCAAATTCAG-1,336,7452,mm10
CAATCTTCAACGTGAT-1,26866,814,GRCh38
CAATCTTCAAGTCGTG-1,8619,395,GRCh38
CAATCTTCACCATGTC-1,3098,916,GRCh38
CAATCTTCACTCATAT-1,72,1686,mm10
CAATCTTCAGGACTTG-1,48631,1555,Multiplet
CAATCTTCATAGATGC-1,300,5758,mm10
CAATCTTCATGAGCGC-1,125,2518,mm10
CAATGCATCACATACG-1,27414,932,GRCh38
CAATGCATCATACTCC-1,494,9035,mm10
CAATGCATCCTGACGG-1,20678,739,GRCh38
CAATGCATCGTGCCCT-1,1174,211,GRCh38
CAATGCCAGGTAGTGG-1,15501,737,GRCh38
CAATGCCAGTCAGTTG-1,3130,666,GRCh38
CAATGCCAGTCTCTGT-1,2222,991,GRCh38
CAATGCCAGTGCCGAT-1,386,8885,mm10
CAATGGCTCATGGCTA-1,27933,983,GRCh38
CAATGGCTCGTTGCTT-1,443,11663,mm10
CAATGGGAGTAACCCA-1,429,10712,mm10
CAATGGGAGTAAGGTA-1,131,2182,mm10
CAATGGTCAAGTCGCA-1,164,2844,mm10
CAATGGTCACTCGGAA-1,408,8930,mm10
CAATGGTCAGGATCAT-1,347,7637,mm10
CAATGTTAGCATTAAC-1,960,230,GRCh38
CAATGTTAGGGCTTCG-1,748,146,GRCh38
CAATTAGCAACTGTCC-1,110,2431,mm10
CAATTAGCAATCAAGC-1,6444,193,GRCh38
CAATTAGCAGCTCACT-1,321,7063,mm10
CAATTAGCAGTACCAG-1,25227,825,GRCh38
CAATTCCTCACCTATC-1,234,4635,mm10
CAATTCCTCAGTTGAT-1,998,25381,mm10
CAATTCCTCTAACTGG-1,21642,1084,GRCh38
CAATTGGTCATGTCAG-1,88,650,mm10
CAATTGGTCCGGGTCA-1,11379,474,GRCh38
CAATTTCCAAAGGGTA-1,7328,8273,Multiplet
CAATTTCCAATGAAGG-1,2365,256,GRCh38
CAATTTCCAGCTACCT-1,3523,825,GRCh38
CAATTTCCAGGGATGG-1,298,7413,mm10
CACAACATCACAGGTC-1,19859,745,GRCh38
CACAACATCACTAGGC-1,1755,55625,mm10
CACAACATCATACTCC-1,16774,725,GRCh38
CACAACATCCAGATGC-1,327,7398,mm10
CACAACATCTAACCAG-1,74,1554,mm10
CACAACATCTATGCGA-1,12252,519,GRCh38
CACAAGCTCACCACTT-1,47190,1456,Multiplet
CACAAGCTCCCATTAC-1,35788,1144,GRCh38
CACAAGCTCCTCTCAG-1,112,2846,mm10
CACAAGTCAGCTACGA-1,390,8778,mm10
CACAAGTCATGATTAG-1,1633,444,GRCh38
CACACAATCACTAGGC-1,347,7620,mm10
CACACACAGCCTGTCC-1,403,11298,mm10
CACACACAGTAAGGGT-1,20099,747,GRCh38
CACACAGCAATCGCAG-1,24714,780,GRCh38
CACACAGCAGGATACT-1,1238,3109,mm10
CACACAGCATCGACCT-1,22811,1009,GRCh38
CACACAGCATGCAGAT-1,10033,357,GRCh38
CACACCCTCCTCACTG-1,2533,322,GRCh38
CACACCCTCGATGACC-1,28802,936,GRCh38
CACACCTCAACGGGTC-1,99,689,mm10
CACACCTCAAGTGTCG-1,993,185,GRCh38
CACACCTCACATTACT-1,242,5553,mm10
CACACTAAGGGTATCC-1,68,1936,mm10
CACACTAAGTCAGCCG-1,4732,550,GRCh38
CACAGGCCAAGCCACA-1,17046,832,GRCh38
CACAGGTTCACAGCTA-1,153,3355,mm10
CACAGGTTCTATCGTC-1,237,3835,mm10
CACAGGTTCTGGCTAA-1,967,26775,mm10
CACAGGTTCTTGAGTG-1,244,5145,mm10
CACATAACAACTATGA-1,57047,1378,Multiplet
CACATAACATGGAATC-1,260,6335,mm10
CACATAGTCCACCGTC-1,22050,43755,Multiplet
CACATAGTCCGCTGCT-1,28773,6685,Multiplet
CACATAGTCCTGAGAC-1,189,2851,mm10
CACATAGTCCTGCACC-1,315,7577,mm10
CACATAGTCCTGCCAC-1,308,6214,mm10
CACATAGTCGCTGAGT-1,20656,716,GRCh38
CACATAGTCGTGAACC-1,13538,473,GRCh38
CACATAGTCTTGACGA-1,241,5779,mm10
CACATATAGCTTCCAT-1,398,8282,mm10
CACATCAAGGATCCGT-1,32860,914,GRCh38
CACATCAAGTATCTCC-1,213,4834,mm10
CACATCCCACAACGAT-1,265,6717,mm10
CACATCCCATAGGCGC-1,262,5378,mm10
CACATTAGTAAGCGAC-1,8369,513,GRCh38
CACATTAGTAATCGGA-1,38822,1656,Multiplet
CACATTAGTTGCGGTC-1,12508,578,GRCh38
CACATTGAGCTTAGGC-1,24459,850,GRCh38
CACATTGAGTCGAATT-1,4862,310,GRCh38
CACATTGAGTTGCTGA-1,16800,7055,Multiplet
CACATTTCAAGGTATC-1,18692,669,GRCh38
CACATTTCATCGGGTA-1,35168,1144,GRCh38
CACATTTCATGGAGCC-1,564,14882,mm10
CACATTTCATTACCAT-1,23120,705,GRCh38
CACCAAATCATAGATC-1,232,6501,mm10
CACCAAATCCTTCATA-1,9927,522,GRCh38
CACCAAATCGCTTCGC-1,521,13564,mm10
CACCAAATCGTGCCTC-1,148,2889,mm10
CACCAACAGATTACGT-1,304,7421,mm10
CACCAACAGGAGCTGA-1,525,10667,mm10
CACCAACAGGGGCAAC-1,13266,549,GRCh38
CACCAACAGTCAGTCA-1,29578,1002,GRCh38
CACCAATGTAGCGACG-1,3409,307,GRCh38
CACCAATGTCATGGAA-1,26450,1090,GRCh38
CACCAATGTTGTCCTC-1,449,10639,mm10
CACCACCTCCCATATC-1,245,5403,mm10
CACCACCTCCGCAACG-1,60,971,mm10
CACCACCTCTGTGGCG-1,18541,759,GRCh38
CACCAGACAACTTCAT-1,29959,1041,GRCh38
CACCAGACAAGTCGGC-1,16691,677,GRCh38
CACCAGACATTACTGT-1,50782,1506,Multiplet
CACCAGTAGGTATCTG-1,14177,738,GRCh38
CACCAGTAGGTCGTAC-1,248,5698,mm10
CACCATAAGGTTCAGC-1,260,6282,mm10
CACCATAAGTACGGAG-1,1004,69,GRCh38
CACCATCCAATGACGT-1,254,5501,mm10
CACCATCCAGCACCTT-1,24527,922,GRCh38
CACCATCCAGGAGCGA-1,16989,1050,GRCh38
CACCATCCATAAGCGT-1,365,8711,mm10
CACCATCCATTAACCT-1,12212,681,GRCh38
CACCATTTCAGCCCGA-1,32425,1094,GRCh38
CACCATTTCAGGAGAT-1,242,4550,mm10
CACCATTTCCCATTAC-1,345,9055,mm10
CACCATTTCGTTAAGT-1,31370,1064,GRCh38
CACCCAAGTAATGCTC-1,7271,371,GRCh38
CACCCAAGTGGCGTAG-1,35255,1114,GRCh38
CACCCAAGTGGGTCCT-1,9739,506,GRCh38
CACCCAAGTTAGTTCA-1,15148,1308,Multiplet
CACCCAAGTTGCGATT-1,7438,316,GRCh38
CACCCATCAAGCATTA-1,242,4288,mm10
CACCCATCACCTCGCA-1,47947,1185,GRCh38
CACCCATCATGCTTGC-1,14229,548,GRCh38
CACCCGTTCACATACG-1,105,2245,mm10
CACCCGTTCCGTGCAG-1,93,1204,mm10
CACCCGTTCGCATTGA-1,301,6487,mm10
CACCCGTTCGCGAATC-1,130,964,mm10
CACCCTGCAATAGCAC-1,310,7417,mm10
CACCCTGCACCAATCC-1,1679,197,GRCh38
CACCCTGCATTCATAC-1,10884,503,GRCh38
CACCCTTGTAGTAGGC-1,1512,276,GRCh38
CACCCTTGTTGTGAAG-1,8120,508,GRCh38
CACCGAACAAACTGTA-1,172,4578,mm10
CACCGAACAATTGGCG-1,258,5769,mm10
CACCGAACATTAATCC-1,32276,967,GRCh38
CACCGATAGCCTTCGC-1,710,179,GRCh38
CACCGATAGTTACACG-1,28928,2241,Multiplet
CACCGCAAGGTCCCAG-1,10744,372,GRCh38
CACCGCTTCAGCCCGA-1,276,7159,mm10
CACCGTAGTCTAAGGA-1,28642,889,GRCh38
CACCGTAGTTTGCATA-1,299,6159,mm10
CACCGTTCAAGTCGTG-1,122,2648,mm10
CACCGTTCAGCCATCT-1,28329,600,GRCh38
CACCTAAAGGTATCTG-1,169,3536,mm10
CACCTAAAGTAGAGTA-1,13490,531,GRCh38
CACCTATTCGCTGGAT-1,37393,1140,GRCh38
CACCTATTCTGGATAT-1,1065,127,GRCh38
CACCTCATCCTGCCAC-1,199,4044,mm10
CACCTCATCTAACCCT-1,356,10092,mm10
CACCTCGCAAGTATGC-1,76,1054,mm10
CACCTCGCAGCTACAG-1,25585,875,GRCh38
CACCTCTGTAATCACC-1,52,650,mm10
CACCTCTGTGAGCACG-1,212,4149,mm10
CACCTGCTCCAGATGC-1,19857,840,GRCh38
CACCTGCTCCATCGCC-1,48696,16860,Multiplet
CACCTGCTCCATGAGC-1,69,613,mm10
CACCTGCTCTGGGATC-1,114,2299,mm10
CACCTTTAGGCGAGAC-1,17420,573,GRCh38
CACCTTTAGGCGATAG-1,329,7459,mm10
CACCTTTAGTCATCTC-1,518,13656,mm10
CACGAAAGTAGCCAGG-1,14498,646,GRCh38
CACGAAAGTGATGCCC-1,59,768,mm10
CACGACCGTAACTGTC-1,327,6418,mm10
CACGACTAGCCTGTCC-1,159,3553,mm10
CACGACTAGTAGTCAT-1,513,10458,mm10
CACGACTAGTGAGACG-1,34481,1051,GRCh38
CACGAGGGTAGCTGGG-1,23882,906,GRCh38
CACGAGGGTCAGCCAC-1,251,4800,mm10
CACGAGGGTTGTGACT-1,4656,110,GRCh38
CACGATGCACTTACCA-1,521,12657,mm10
CACGATTGTAAGTGTG-1,1630,109,GRCh38
CACGATTGTAGTGACA-1,18155,750,GRCh38
CACGATTGTGGAGCCA-1,6047,285,GRCh38
CACGCAACAAGCCGGT-1,651,16694,mm10
CACGCAACAATCGACG-1,32309,1182,GRCh38
CACGCAACACAGGATT-1,28590,1008,GRCh38
CACGCAACACATACTT-1,602,15823,mm10
CACGCAACAGCAGTCA-1,77,1126,mm10
CACGCCAAGCATGATT-1,147,4168,mm10
CACGCCAAGCGAACTC-1,19405,651,GRCh38
CACGCCAAGTCGACCG-1,26571,845,GRCh38
CACGCCAAGTGAACCC-1,371,7758,mm10
CACGCTAGTTAGACCT-1,90,594,mm10
CACGGCTGTGAGTAGC-1,8268,332,GRCh38
CACGGCTGTTGGTAAG-1,487,11811,mm10
CACGGGTCAAGCTTAA-1,14906,1560,Multiplet
CACGGGTCAGGATCAT-1,5008,299,GRCh38
CACGGGTCAGGGCTGT-1,19300,628,GRCh38
CACGGTTAGCCCGTAG-1,21397,721,GRCh38
CACGGTTAGCCCGTCT-1,20486,723,GRCh38
CACGGTTAGGTTGGAG-1,69,869,mm10
CACGGTTAGTCAAGCC-1,274,5659,mm10
CACGGTTAGTCGAGTC-1,233,5032,mm10
CACGGTTAGTTGCTTC-1,119,2196,mm10
CACGTAATCAATCAAC-1,817,23472,mm10
CACGTAATCACCACTT-1,3397,8113,Multiplet
CACGTAATCATCGAGC-1,356,8019,mm10
CACGTAATCCTGCCAC-1,18742,797,GRCh38
CACGTATGTCTGGTCA-1,3656,627,GRCh38
CACGTATGTGATCCAT-1,287,6150,mm10
CACGTATGTTGACCCA-1,18993,640,GRCh38
CACGTTGGTAACTCCG-1,104,1713,mm10
CACGTTGGTAATGTGG-1,198,4324,mm10
CACGTTGGTAGCGCAG-1,30316,926,GRCh38
CACGTTGGTCTTGCGA-1,15908,615,GRCh38
CACTACAAGCTATCCT-1,21759,795,GRCh38
CACTACAAGGCTGTAC-1,106,1505,mm10
CACTACAAGGTGAGAT-1,18976,682,GRCh38
CACTACAAGTAGGAGT-1,43670,5974,Multiplet
CACTACCCAAATGGTC-1,95,598,mm10
CACTACCCAATGCGTG-1,19411,769,GRCh38
CACTACCCACATACTT-1,11143,505,GRCh38
CACTACCCATCATACT-1,37159,911,GRCh38
CACTACTTCCAACTCT-1,196,3775,mm10
CACTACTTCCTCTCTC-1,267,6561,mm10
CACTACTTCGTTCATC-1,1292,38252,mm10
CACTATGAGGAGTAGT-1,1689,385,GRCh38
CACTATGAGTATGAGA-1,11117,479,GRCh38
CACTATGAGTGGCTTA-1,8501,407,GRCh38
CACTCAAAGCCTGGTG-1,5901,641,GRCh38
CACTCAAAGGATTGAA-1,306,6801,mm10
CACTCAAAGTATGGTT-1,10376,322,GRCh38
CACTCACCACCTTAAT-1,291,5571,mm10
CACTCACCAGGATGGG-1,21110,836,GRCh38
CACTCACCATGCTTCA-1,4670,274,GRCh38
CACTCCATCAGTACCA-1,4613,341,GRCh38
CACTCCGCAATACCTT-1,146,3694,mm10
CACTCCGCACTATGAA-1,428,9232,mm10
CACTCCGCATCATCTG-1,698,20559,mm10
CACTCCGCATGACCCT-1,317,7355,mm10
CACTCGCTCAATTGGT-1,73,524,mm10
CACTCGCTCCTCACGC-1,169,3794,mm10
CACTCGCTCTGGTAAT-1,22552,928,GRCh38
CACTGCCTCATAGGTT-1,15201,565,GRCh38
CACTGCCTCTGTGCCC-1,2773,139,GRCh38
CACTGGACAAGTCGCA-1,226,5973,mm10
CACTGGACAATAGCGT-1,732,19099,mm10
CACTGGACACTCATGC-1,13976,688,GRCh38
CACTGTCCAAATCGCG-1,12115,443,GRCh38
CACTGTCCAAGGGACG-1,20609,659,GRCh38
CACTGTCCAATTCACT-1,27361,917,GRCh38
CACTGTCCACTACCCG-1,471,13418,mm10
CACTGTCCATCACTGC-1,27579,1026,GRCh38
CACTTAGAGGTGCATC-1,350,8137,mm10
CACTTAGAGTAGCAGG-1,277,6031,mm10
CACTTAGAGTGAGGCA-1,245,5830,mm10
CACTTCACATTGCACC-1,352,7390,mm10
CAGCAAAGTCATCATA-1,208,2092,mm10
CAGCAAAGTCTGTGGC-1,587,15173,mm10
CAGCAAAGTTCCGGGT-1,903,5497,mm10
CAGCAAAGTTGCATAC-1,297,6089,mm10
CAGCAAAGTTTCCATT-1,1001,340,GRCh38
CAGCAAAGTTTCGGCA-1,2263,6322,mm10
CAGCAATCAAATCCTT-1,15847,645,GRCh38
CAGCAATCACTTCGAC-1,74,1437,mm10
CAGCAATCATTAGTGA-1,12115,590,GRCh38
CAGCACTAGGATTCGC-1,2565,118,GRCh38
CAGCACTAGTAGCGGA-1,303,5743,mm10
CAGCACTAGTGTCCGG-1,82,541,mm10
CAGCAGCCAACATCCC-1,124,2022,mm10
CAGCAGCCAATCCGTC-1,2594,798,GRCh38
CAGCAGCCAATGGAGA-1,10472,484,GRCh38
CAGCAGCCACTAGCCT-1,340,7555,mm10
CAGCATATCACAGAGG-1,1220,27441,mm10
CAGCATATCCTCGACC-1,16991,802,GRCh38
CAGCATTGTAATGTGG-1,6155,258,GRCh38
CAGCATTGTGGCTGCT-1,815,199,GRCh38
CAGCATTGTTGTCAGT-1,2487,223,GRCh38
CAGCATTGTTTACAGC-1,10219,477,GRCh38
CAGCATTGTTTGATGC-1,18327,720,GRCh38
CAGCCATAGGTGCGAA-1,323,7005,mm10
CAGCCATAGTCAGTCA-1,684,18283,mm10
CAGCCATAGTGGGTAG-1,888,166,GRCh38
CAGCCTAGTCAAGTTC-1,29051,947,GRCh38
CAGCCTAGTTCGCAAT-1,287,6273,mm10
CAGCGAGGTTTAGCCG-1,10186,451,GRCh38
CAGCGAGGTTTCCGAG-1,77,1080,mm10
CAGCGATTCACGGCTG-1,12281,544,GRCh38
CAGCGATTCATCTCTA-1,208,5316,mm10
CAGCGCATCACTCGAA-1,34542,975,GRCh38
CAGCGCATCCTTCATA-1,367,7112,mm10
CAGCGCATCGATTAAC-1,5273,366,GRCh38
CAGCGCATCGCGCTAG-1,478,10117,mm10
CAGCGGTCAATCTCCA-1,209,3625,mm10
CAGCGGTCAGCCTACT-1,311,6310,mm10
CAGCGGTCAGGTTGGC-1,27768,947,GRCh38
CAGCGGTCATAGAGGA-1,667,17310,mm10
CAGCGGTCATCACACC-1,17866,710,GRCh38
CAGCGGTCATGACCTC-1,1614,329,GRCh38
CAGCTAATCAGGCTAC-1,304,7254,mm10
CAGCTAATCTATCAGG-1,189,3673,mm10
CAGCTATGTAACGCTT-1,367,7036,mm10
CAGCTATGTTGCAGTT-1,374,9586,mm10
CAGCTATGTTTCGCCT-1,71,505,mm10
CAGCTCTCAACCTCAC-1,19637,643,GRCh38
CAGCTCTCAAGGTATC-1,268,6214,mm10
CAGCTTGGTAATCGGA-1,12907,615,GRCh38
CAGCTTGGTTATGCGT-1,312,7186,mm10
CAGGAACGTATGTGGA-1,34890,1196,Multiplet
CAGGAACGTCATCAGT-1,26832,992,GRCh38
CAGGAACGTTGAAGTG-1,527,51,GRCh38
CAGGAACGTTGGCCTA-1,124,4137,mm10
CAGGACAAGGAGGATT-1,18229,567,GRCh38
CAGGACAAGTGCTTAG-1,129,2336,mm10
CAGGACAAGTGGCGAA-1,1075,10380,mm10
CAGGACAAGTTAGGCC-1,167,3443,mm10
CAGGAGGCACATATAG-1,125,2493,mm10
CAGGAGGCATTACCCA-1,23335,871,GRCh38
CAGGATAGTCAGCATT-1,360,8993,mm10
CAGGATTCAGTAAGTC-1,204,4352,mm10
CAGGATTCAGTTGGGC-1,107,584,mm10
CAGGATTCATAACTAG-1,97,2955,mm10
CAGGCACCAAGGGATA-1,18579,601,GRCh38
CAGGCACCAAGTAGCT-1,8195,840,GRCh38
CAGGCACCAATGCGTG-1,14515,599,GRCh38
CAGGCACCAGTTAGCG-1,31005,1229,Multiplet
CAGGCACCATTGCCGT-1,140,3746,mm10
CAGGCCATCATGGACC-1,596,10434,mm10
CAGGCCATCGCTAATG-1,19200,724,GRCh38
CAGGCCATCTATGACG-1,249,7214,mm10
CAGGCCATCTGGCTGG-1,566,13721,mm10
CAGGCGAGTAATGCAG-1,368,8902,mm10
CAGGCGAGTTAATGGG-1,737,16298,mm10
CAGGCGAGTTAGTCCG-1,7166,428,GRCh38
CAGGCGAGTTGGATAG-1,29471,918,GRCh38
CAGGCGAGTTGTCATA-1,17838,603,GRCh38
CAGGCTTAGCCAGTAC-1,7796,673,GRCh38
CAGGCTTAGCCAGTGT-1,2866,138,GRCh38
CAGGCTTAGCGGGATA-1,9250,422,GRCh38
CAGGCTTAGGCAACTC-1,19759,800,GRCh38
CAGGCTTAGTAGGACG-1,2600,355,GRCh38
CAGGGATGTTGAGTAG-1,17668,581,GRCh38
CAGGGATGTTGCGTCA-1,161,1530,mm10
CAGGGATGTTGGGACG-1,23405,809,GRCh38
CAGGGCAGTAACTTCA-1,42056,1191,Multiplet
CAGGGCAGTATTAGCC-1,13144,611,GRCh38
CAGGGCAGTTGTCAGT-1,19496,5772,Multiplet
CAGGGCTCAAATCGAC-1,10593,332,GRCh38
CAGGGCTCACTTGACC-1,451,11009,mm10
CAGGGCTCAGTTGGCA-1,213,3281,mm10
CAGGGCTCATCCGCAT-1,334,8433,mm10
CAGGGCTCATGGTCAG-1,21286,905,GRCh38
CAGGGGACAGCCTAGA-1,370,7451,mm10
CAGGGGACAGCTCAGA-1,1939,165,GRCh38
CAGGGGACATGGATTA-1,17157,966,GRCh38
CAGGGGTAGATAGCTT-1,12799,560,GRCh38
CAGGGGTAGTAACCCA-1,181,4082,mm10
CAGGGGTAGTTACCCT-1,940,23390,mm10
CAGGGGTAGTTAGAGA-1,1180,287,GRCh38
CAGGGTTTCACTAGAT-1,56724,1842,Multiplet
CAGGGTTTCCTCATAC-1,8173,414,GRCh38
CAGGGTTTCTATCGAG-1,318,6604,mm10
CAGGTAAGTCAGCGGA-1,123,1806,mm10
CAGGTAAGTCTTACGG-1,2321,97,GRCh38
CAGGTAAGTTAGCGCC-1,39,518,mm10
CAGGTAAGTTCCTCTA-1,10712,6956,Multiplet
CAGGTAAGTTTAAGCC-1,16524,572,GRCh38
CAGGTCACAAGCTCGA-1,22580,683,GRCh38
CAGGTCACACCTATGC-1,23745,843,GRCh38
CAGGTCACATCGGCTT-1,70,682,mm10
CAGGTCACATGCTCCG-1,13915,620,GRCh38
CAGGTCCGTATGTCCG-1,291,7737,mm10
CAGGTCCGTCAGGACG-1,994,208,GRCh38
CAGGTCCGTCTAGTGT-1,1225,1084,GRCh38
CAGGTCCGTGGCGCTT-1,10992,442,GRCh38
CAGGTCCGTTCGTCTC-1,18884,998,GRCh38
CAGGTGAAGCTACCAA-1,27782,866,GRCh38
CAGGTGAAGCTAGCCG-1,192,4727,mm10
CAGGTGAAGGATGCTC-1,10959,593,GRCh38
CAGGTGAAGGGTGAAT-1,14859,592,GRCh38
CAGGTTATCAGCGGAA-1,52434,1436,Multiplet
CAGGTTATCAGTATGT-1,126,693,mm10
CAGGTTATCCGTCCGT-1,1929,50436,mm10
CAGGTTATCGTTGCTT-1,190,4736,mm10
CAGTAACCAGGTATCG-1,85,1802,mm10
CAGTAACCATGGTAAC-1,309,7955,mm10
CAGTAAGGTAAGCATG-1,36179,1109,GRCh38
CAGTAAGGTATAGCCT-1,26555,955,GRCh38
CAGTAAGGTCTAATCA-1,17913,615,GRCh38
CAGTAAGGTTAGCCAT-1,424,10184,mm10
CAGTAAGGTTGAGCAA-1,15722,497,GRCh38
CAGTACGCATAACCGG-1,21944,851,GRCh38
CAGTACGCATCCCGTG-1,307,6564,mm10
CAGTACGCATTGGCGA-1,41871,1442,Multiplet
CAGTAGCTCATGCGGT-1,159,3382,mm10
CAGTAGCTCTCATGCT-1,375,8292,mm10
CAGTAGGAGAACCTTG-1,11298,484,GRCh38
CAGTAGGAGCATGTCA-1,739,17564,mm10
CAGTAGGAGGGGCAGT-1,1116,29942,mm10
CAGTAGGAGGTTCGGT-1,90,1657,mm10
CAGTAGGAGTTGGCGT-1,21439,687,GRCh38
CAGTAGTCAAGTGGCC-1,13946,1001,GRCh38
CAGTAGTCAGGATGCC-1,621,13154,mm10
CAGTAGTCATCCCTAA-1,316,6639,mm10
CAGTAGTCATCCTTGA-1,399,7431,mm10
CAGTATTAGCGGCATT-1,24228,722,GRCh38
CAGTATTAGGTTAGTT-1,6098,289,GRCh38
CAGTATTAGTGAGTCC-1,210,4101,mm10
CAGTCCCTCAGCATCA-1,804,1291,mm10
CAGTCCCTCATCTCTA-1,16047,628,GRCh38
CAGTCCCTCATGCCAA-1,15887,573,GRCh38
CAGTCCCTCGATAGGG-1,90,1282,mm10
CAGTCCTCAGGACTCA-1,407,11356,mm10
CAGTCCTCATCCATGC-1,345,8238,mm10
CAGTCTAAGTTACAGT-1,379,8988,mm10
CAGTGTTGTGAGGTTA-1,5019,139,GRCh38
CAGTGTTGTGATGCTT-1,401,9445,mm10
CAGTTAACAATCGAGT-1,570,14316,mm10
CAGTTAACACTCGCAT-1,346,9163,mm10
CAGTTACGTAATGCAG-1,402,8435,mm10
CAGTTACGTATAGACG-1,20918,752,GRCh38
CAGTTACGTATGTGTC-1,402,10179,mm10
CAGTTACGTTCGTGCA-1,255,4657,mm10
CAGTTAGTCAGGAAGT-1,424,9344,mm10
CAGTTAGTCCCAGGAT-1,279,6827,mm10
CAGTTAGTCCTTGATC-1,368,8742,mm10
CAGTTAGTCGACCCAG-1,231,4782,mm10
CAGTTATAGCAAGGGC-1,282,3707,mm10
CAGTTATAGCGCCTAG-1,19682,636,GRCh38
CAGTTATAGGGCTCCA-1,212,5100,mm10
CAGTTATAGTGAGTGG-1,402,8341,mm10
CAGTTCAAGCGCATAC-1,20960,798,GRCh38
CAGTTCCCAATCGGTG-1,26748,3907,Multiplet
CAGTTCCCATGACGAT-1,1863,6752,mm10
CAGTTTAGTGCGGTTC-1,291,6218,mm10
CAGTTTGAGTAAGTCT-1,3778,279,GRCh38
CAGTTTGAGTATGACT-1,14882,449,GRCh38
CAGTTTGAGTGACCCG-1,95,513,mm10
CATAAGCCAAGTGTGT-1,128,2448,mm10
CATAAGCCAATCAGAC-1,226,4616,mm10
CATAAGGGTTCACCGA-1,225,5790,mm10
CATAAGGGTTTGGGCC-1,193,4661,mm10
CATACAACAACTGGCA-1,303,7955,mm10
CATACAACAATTACAG-1,69083,1896,Multiplet
CATACAACAGGCTTAG-1,15167,657,GRCh38
CATACAACAGGCTTGA-1,95,1351,mm10
CATACAACATTAAGCA-1,26759,819,GRCh38
CATACATAGGATTAGA-1,616,42,GRCh38
CATACATAGGTAGGGC-1,1042,368,GRCh38
CATACATAGGTGCTGT-1,571,12152,mm10
CATACATAGTGGGTCT-1,808,158,GRCh38
CATACCAAGCCTGAAC-1,29238,1323,Multiplet
CATACCCCAATACGAC-1,430,5815,mm10
CATACCCCAATCTCTG-1,17193,545,GRCh38
CATACCCCACAGGCTA-1,18972,642,GRCh38
CATACCCCAGGCAGCT-1,883,155,GRCh38
CATACCCCATCATAGA-1,43229,1168,GRCh38
CATACCCCATCATCAT-1,10753,459,GRCh38
CATACTGAGAACGAAC-1,242,5059,mm10
CATACTGAGGCGAAGC-1,11763,552,GRCh38
CATACTGAGTTAGAGA-1,10168,3795,Multiplet
CATACTTCAAATCCTT-1,316,2762,mm10
CATACTTCAAATGCGT-1,3592,131,GRCh38
CATACTTCAAGCGACC-1,206,3690,mm10
CATACTTCAGTACCTC-1,17018,706,GRCh38
CATAGAGGTGAGTGAC-1,812,19537,mm10
CATAGAGGTTGGATTC-1,224,4197,mm10
CATAGATTCACGCCTC-1,12313,539,GRCh38
CATAGATTCATCGTAG-1,1486,187,GRCh38
CATAGATTCCGCAACG-1,19780,885,GRCh38
CATAGATTCCTCAGTT-1,211,3940,mm10
CATAGATTCTAGTCCT-1,180,3469,mm10
CATAGATTCTAGTGTG-1,300,5957,mm10
CATAGATTCTATCCTA-1,81,1142,mm10
CATAGCATCAGCCAGT-1,326,8119,mm10
CATAGCATCATGCAAT-1,25696,798,GRCh38
CATAGCATCGACCCAG-1,186,3346,mm10
CATAGCATCTATGCAG-1,9254,345,GRCh38
CATAGCCAGAAGCTGG-1,230,5125,mm10
CATAGCCAGCGCCTTC-1,474,11769,mm10
CATAGCCAGGATACCC-1,18962,732,GRCh38
CATAGCCAGGCACACT-1,156,3714,mm10
CATAGCCAGGCTACCG-1,394,10191,mm10
CATAGCCAGGGTTGAG-1,12954,454,GRCh38
CATAGCGCAATGGAGA-1,17417,766,GRCh38
CATAGCTGTTAGACCT-1,18631,735,GRCh38
CATAGCTGTTGGCATT-1,31294,1074,GRCh38
CATAGCTGTTGTGGAA-1,579,12508,mm10
CATAGGCTCCCCAACC-1,297,6718,mm10
CATAGGCTCCGCGAAT-1,291,6556,mm10
CATAGGCTCCGCTGAG-1,17709,619,GRCh38
CATAGGCTCGCTCTAT-1,17760,746,GRCh38
CATAGGGAGGGTTGAG-1,183,4659,mm10
CATAGGGAGTAGGATA-1,27193,771,GRCh38
CATAGGTCACCTTGAC-1,121,811,mm10
CATAGGTCAGGTTACG-1,38913,1212,Multiplet
CATAGGTCATTACCTG-1,288,4710,mm10
CATAGGTCATTCGCAC-1,5368,556,GRCh38
CATAGTTAGGATGCGA-1,5054,425,GRCh38
CATAGTTAGTGACGAG-1,709,18778,mm10
CATATAGCAAAGGTGA-1,20581,719,GRCh38
CATATAGCAACGTTCC-1,31742,946,GRCh38
CATATAGCAAGCCAGC-1,241,1158,mm10
CATATAGCACATGAGT-1,8734,422,GRCh38
CATATAGCATTCAGGG-1,108,926,mm10
CATATCCTCGAATGAA-1,11671,421,GRCh38
CATATCCTCGCGCGTA-1,970,23236,mm10
CATATCCTCTCATCCG-1,320,7761,mm10
CATATCTCAATATCTC-1,12515,552,GRCh38
CATATCTCACAGCCTT-1,8403,225,GRCh38
CATATCTCAGCAGTTG-1,898,195,GRCh38
CATATCTCATCCCAAC-1,24897,874,GRCh38
CATATGGTCCGCTGAG-1,18433,650,GRCh38
CATATGGTCGCATACA-1,16477,557,GRCh38
CATATGGTCGTAGTGC-1,12256,593,GRCh38
CATATGGTCGTGAGGA-1,18508,617,GRCh38
CATATTCCAAGTAGTC-1,12931,1093,GRCh38
CATATTGGTCTCCAGA-1,23369,1001,GRCh38
CATATTGGTGACGTGG-1,300,7158,mm10
CATATTGGTTTCCATT-1,303,6355,mm10
CATCAATAGAAGCAAC-1,25442,827,GRCh38
CATCAATAGCTAGTTG-1,6251,459,GRCh38
CATCAATAGGAGGCGT-1,94,1863,mm10
CATCAATAGGCATCCG-1,337,7145,mm10
CATCAATAGGCGTCAT-1,276,7207,mm10
CATCAATAGGTTAGCC-1,84,1560,mm10
CATCACCCAAAGGTAG-1,18870,665,GRCh38
CATCACTTCAGCCACG-1,12706,670,GRCh38
CATCACTTCGCGCACA-1,1233,32632,mm10
CATCACTTCGTACAGC-1,43486,1518,Multiplet
CATCACTTCGTGCCCT-1,9711,622,GRCh38
CATCACTTCTAACCCT-1,12396,511,GRCh38
CATCACTTCTGGCTAA-1,4733,458,GRCh38
CATCAGGCAAGCACCA-1,196,3531,mm10
CATCAGGCAATAGACC-1,19642,737,GRCh38
CATCAGGCAATCGGGC-1,20749,695,GRCh38
CATCAGGCACAATGCG-1,8979,595,GRCh38
CATCAGGCAGGGCCAT-1,9585,705,GRCh38
CATCATTCAAGCCGAC-1,34768,1496,Multiplet
CATCATTCAATTAACG-1,32794,1038,GRCh38
CATCATTCACAGCGAC-1,585,13254,mm10
CATCATTCAGGTAGTT-1,284,7628,mm10
CATCATTCATAACCAA-1,52,748,mm10
CATCATTCATAATTCC-1,1442,139,GRCh38
CATCCAAAGATAGACA-1,253,6742,mm10
CATCCAAAGCCCTGTC-1,18570,851,GRCh38
CATCCAAAGGTACGAG-1,220,4685,mm10
CATCCAAAGGTATAGA-1,500,11937,mm10
CATCCACCAGGAACGG-1,1354,34899,mm10
CATCCACCAGGACACC-1,154,3598,mm10
CATCCAGGTATGGGTA-1,284,7748,mm10
CATCCAGGTCAAGCAA-1,15542,607,GRCh38
CATCCAGGTCTCACGA-1,666,113,GRCh38
CATCCAGGTTAGAGTG-1,26528,841,GRCh38
CATCCAGGTTAGTCAC-1,848,23398,mm10
CATCCCATCATGACTG-1,443,9890,mm10
CATCCCATCCCAGTAA-1,16771,529,GRCh38
CATCCCATCCGGGTAT-1,134,981,mm10
CATCCCGCAGGCAGCT-1,86,814,mm10
CATCCCGCATGAGCAT-1,1015,110,GRCh38
CATCCCTGTGGCTAGG-1,559,101,GRCh38
CATCCCTGTTAGTCCG-1,23644,709,GRCh38
CATCCCTGTTAGTGGA-1,29966,928,GRCh38
CATCCCTGTTGGACGG-1,1225,5395,mm10
CATCCGCTCCATTCGT-1,22901,802,GRCh38
CATCCGCTCCCGTGCT-1,18029,746,GRCh38
CATCCGCTCCTTGGAA-1,16379,645,GRCh38
CATCCGCTCGAATCCA-1,426,8651,mm10
CATCCGCTCGCTCGCT-1,271,6320,mm10
CATCCGGAGAAGCAAC-1,3055,351,GRCh38
CATCCGGAGTCATGGC-1,545,13167,mm10
CATCGCCTCCTCTATA-1,306,6477,mm10
CATCGTCCAACGTTCC-1,15563,759,GRCh38
CATCGTCCACATTAAG-1,570,152,GRCh38
CATCGTCCAGCCAGTA-1,255,5747,mm10
CATCGTCCATGGCAAT-1,97,2441,mm10
CATCGTTTCACGCCAG-1,17018,551,GRCh38
CATCGTTTCATCGACA-1,23028,890,GRCh38
CATCGTTTCGAAGCTC-1,237,4522,mm10
CATCGTTTCTATGTCC-1,14477,528,GRCh38
CATCTAAGTTTCGTAA-1,485,11613,mm10
CATCTCACAACGTGGC-1,45696,1302,Multiplet
CATCTCACACAACCCT-1,18579,638,GRCh38
CATCTCACACCAGCTT-1,231,5377,mm10
CATCTCACAGTTAGCG-1,271,6211,mm10
CATCTCACATGATTAG-1,15779,577,GRCh38
CATCTCACATTCATAC-1,229,5450,mm10
CATCTGTTCGACTATG-1,697,16768,mm10
CATCTGTTCTATCTCA-1,14607,550,GRCh38
CATGAACCACATTCAT-1,15578,689,GRCh38
CATGAACCACCTTGCG-1,263,5037,mm10
CATGAAGGTTCGTAAC-1,83,1729,mm10
CATGATTAGGATGAAC-1,29654,1053,GRCh38
CATGCAATCACGCATA-1,667,19567,mm10
CATGCAATCACTTGGA-1,311,7204,mm10
CATGCAATCCAGATCA-1,26932,1016,GRCh38
CATGCCAGTTAGGCTT-1,939,24571,mm10
CATGCCTCAAATGGAG-1,39359,1245,Multiplet
CATGCCTCATAGGTGT-1,10079,354,GRCh38
CATGCTGGTAGTCAAG-1,362,9775,mm10
CATGCTGGTAGTTGGA-1,13310,533,GRCh38
CATGCTGGTCTAGTAC-1,569,14427,mm10
CATGCTGGTGAGTGTA-1,76,537,mm10
CATGCTGGTTGCTTGG-1,35613,1080,GRCh38
CATGGGTTCGACTAAT-1,355,7449,mm10
CATGGTCAGCGATTGC-1,469,8910,mm10
CATGGTCAGCGCCATG-1,103,2556,mm10
CATGGTCAGTTAGCTG-1,1684,291,GRCh38
CATGGTTGTGGAGAGA-1,258,6086,mm10
CATGTCAAGGCGAATG-1,7082,370,GRCh38
CATGTCAAGTTACCTC-1,179,2065,mm10
CATGTTAGTAGTCAAG-1,565,13303,mm10
CATGTTAGTCTCCAGA-1,789,83,GRCh38
CATGTTAGTTAGCTCG-1,2669,167,GRCh38
CATGTTAGTTCTGGTG-1,615,14069,mm10
CATGTTAGTTGAGGAC-1,23880,699,GRCh38
CATGTTGAGAATCAGA-1,72,1127,mm10
CATGTTGAGCATTGAT-1,20466,788,GRCh38
CATGTTGAGCGCTCAG-1,45,771,mm10
CATGTTGAGGAGTCGA-1,14580,628,GRCh38
CATGTTGAGTGACCGT-1,977,175,GRCh38
CATGTTGAGTTAGGCC-1,27653,766,GRCh38
CATTAACAGAAGCGCA-1,325,7064,mm10
CATTAACAGGCACTCG-1,288,4221,mm10
CATTAACAGTAAGCCC-1,333,8559,mm10
CATTAACAGTAGCTCA-1,5552,246,GRCh38
CATTAACAGTAGTTCG-1,714,132,GRCh38
CATTACCTCCAGAGAG-1,194,4670,mm10
CATTACCTCCCGCATC-1,310,5670,mm10
CATTACCTCGCTAGTA-1,19829,660,GRCh38
CATTACTCAACCAGTG-1,408,8827,mm10
CATTACTCAATATCGA-1,125,1406,mm10
CATTAGGTCAGGTCCG-1,470,10029,mm10
CATTAGGTCCGCGAAT-1,9937,478,GRCh38
CATTAGTAGCGAGGTA-1,82,1486,mm10
CATTAGTAGGAGGTGC-1,8483,487,GRCh38
CATTCATCAATCATCT-1,904,24444,mm10
CATTCATCAGTTAGAC-1,28352,842,GRCh38
CATTCATCATGGCGAC-1,13699,567,GRCh38
CATTCGAAGCCAGATC-1,17660,581,GRCh38
CATTCGCCAACGTGCA-1,829,304,GRCh38
CATTCGCCAAGTGCGC-1,465,11088,mm10
CATTCGCCACAACCAG-1,23755,1023,GRCh38
CATTCGCCACTCATCA-1,121,563,mm10
CATTCGCCATGACCCT-1,863,21949,mm10
CATTCGTTCCACGGCA-1,2337,109,GRCh38
CATTCGTTCCGTCATT-1,96,726,mm10
CATTCTATCCGTCCTA-1,35902,1126,GRCh38
CATTCTATCCTTAACC-1,264,6910,mm10
CATTGGATCACAGCAC-1,2547,139,GRCh38
CATTGGATCACTCTAC-1,55,529,mm10
CATTGGATCTGTGGCG-1,537,13963,mm10
CATTGGGCATTAGCCC-1,32187,1479,Multiplet
CATTGTGAGAAGCCTC-1,26358,836,GRCh38
CATTGTGAGATACTGT-1,280,3972,mm10
CATTGTGAGATTAGAG-1,2493,486,GRCh38
CATTGTGAGCAATCCA-1,1555,37946,mm10
CATTGTGAGCCCGTCT-1,13876,639,GRCh38
CATTGTGAGCTGGCTG-1,56,731,mm10
CATTGTGAGGCAACCT-1,523,9956,mm10
CATTTAGGTAGCTGAA-1,230,6101,mm10
CATTTAGGTCAGCGAG-1,47622,1233,Multiplet
CATTTAGGTGACTTCG-1,236,3758,mm10
CATTTAGGTGGACCGA-1,640,126,GRCh38
CATTTCATCACACCAA-1,2314,189,GRCh38
CATTTCATCACTGTCT-1,151,1116,mm10
CATTTCATCCGTATAG-1,777,18684,mm10
CATTTCATCGATGCTA-1,21574,960,GRCh38
CATTTCATCTATCCTA-1,301,6261,mm10
CATTTCGCATGCGCTT-1,45145,1466,Multiplet
CATTTGAGTAAGTCGA-1,14389,544,GRCh38
CATTTGAGTGCGTACC-1,3685,392,GRCh38
CATTTGAGTTGAGTGA-1,295,6087,mm10
CATTTGAGTTTGAGCT-1,12600,474,GRCh38
CATTTGCTCCCAATGA-1,20564,5741,Multiplet
CATTTGCTCGTCTATC-1,925,27627,mm10
CATTTGGAGTTAGTAC-1,17089,691,GRCh38
CCAAAGTCAAGCACGC-1,99,2764,mm10
CCAAAGTCAATACATG-1,24948,791,GRCh38
CCAAAGTCACCTTCGG-1,149,4289,mm10
CCAAATGTCACTGGCG-1,26769,6406,Multiplet
CCAAATGTCCATGTCT-1,31091,1093,GRCh38
CCAAATGTCCTGCCAC-1,6334,301,GRCh38
CCAAATGTCCTGTATC-1,372,8673,mm10
CCAAATGTCGATCGCG-1,11933,429,GRCh38
CCAAATGTCTTGATCC-1,351,8240,mm10
CCAAATTAGATTAGTC-1,321,7096,mm10
CCAAATTAGGATCCCG-1,4173,423,GRCh38
CCAACCCTCACATTCC-1,25948,1046,GRCh38
CCAACCCTCCTCGTTG-1,405,9839,mm10
CCAACCTCAGGCAGTC-1,11231,535,GRCh38
CCAACCTCATGGTAGT-1,1078,404,GRCh38
CCAACTAAGAACGGGC-1,3723,477,GRCh38
CCAACTAAGAAGGGCC-1,91,2091,mm10
CCAACTAAGAATCGTT-1,6401,209,GRCh38
CCAACTAAGCGATCAC-1,191,4646,mm10
CCAACTAAGCGCCTCT-1,346,8710,mm10
CCAACTAAGCTAGGGA-1,1036,109,GRCh38
CCAACTGGTCAGTATC-1,188,5280,mm10
CCAACTGGTGCACCAC-1,36869,1416,Multiplet
CCAACTGGTTAGTTGC-1,120,898,mm10
CCAACTGGTTGACGCC-1,843,102,GRCh38
CCAAGGGGTAGTTACC-1,19185,833,GRCh38
CCAAGGGGTGAGGACT-1,293,5380,mm10
CCAAGGGGTTCGCATG-1,86,849,mm10
CCAAGGGGTTCGGTTG-1,27840,934,GRCh38
CCAAGGGGTTTAATCG-1,16196,502,GRCh38
CCAAGGTTCAGCCCGA-1,155,3536,mm10
CCAAGGTTCATGCACA-1,804,22676,mm10
CCAAGGTTCGAATCCA-1,3712,188,GRCh38
CCAAGTCAGCTATCCT-1,347,7474,mm10
CCAAGTCAGGTCATTG-1,233,3158,mm10
CCAATAGTCGATGGGA-1,218,4920,mm10
CCAATAGTCGCTCATT-1,555,13917,mm10
CCAATAGTCTAACTGG-1,14176,6019,Multiplet
CCAATATAGATAGAGC-1,4757,451,GRCh38
CCAATATAGCATCGAC-1,229,5721,mm10
CCAATCAAGAATCACT-1,14147,492,GRCh38
CCAATCAAGTAAGGCG-1,45175,1276,Multiplet
CCAATCCCAATAGGGA-1,160,3875,mm10
CCAATCCCAGCTCAGA-1,116289,2593,Multiplet
CCAATCCCATAGATCA-1,10236,432,GRCh38
CCAATTAGTCTCCAGA-1,18229,657,GRCh38
CCAATTAGTGAACCAA-1,354,9857,mm10
CCAATTGAGGTACTTG-1,93,2826,mm10
CCAATTGAGTTGGCTA-1,59092,1548,Multiplet
CCAATTTCAAAGGCCC-1,413,10155,mm10
CCAATTTCAACCTGTC-1,25599,1068,GRCh38
CCAATTTCACATGAGT-1,15952,525,GRCh38
CCAATTTCAGCCAATG-1,21158,666,GRCh38
CCACAACAGCAACTCA-1,216,4406,mm10
CCACAACAGCGCTGTG-1,13706,887,GRCh38
CCACAACAGGATTAAG-1,18519,699,GRCh38
CCACAACAGTGCAAGG-1,309,7006,mm10
CCACAACAGTTAATGC-1,376,9416,mm10
CCACAACAGTTGCGAC-1,992,22435,mm10
CCACACAGTATTGACC-1,431,10489,mm10
CCACACAGTTATAGGG-1,5627,522,GRCh38
CCACACAGTTCCGTGA-1,25375,942,GRCh38
CCACACAGTTTGAGAG-1,8568,1324,Multiplet
CCACATAAGCGATGGA-1,10186,393,GRCh38
CCACATAAGTCATCAG-1,1195,26707,mm10
CCACATCCAAGGTACT-1,50,892,mm10
CCACATCCAAGTAGTC-1,16705,712,GRCh38
CCACATGGTTATGCGT-1,1541,386,GRCh38
CCACCAAGTCATGTCG-1,5028,730,GRCh38
CCACCAAGTCTAGGTT-1,273,6303,mm10
CCACCATCATCGGGAC-1,5647,790,GRCh38
CCACCGTTCACCAGTA-1,703,20045,mm10
CCACCGTTCCCATACT-1,17900,539,GRCh38
CCACCTATCACAGCAC-1,1111,175,GRCh38
CCACCTCAGAACCAGG-1,13071,442,GRCh38
CCACCTCAGAACCTCA-1,348,7794,mm10
CCACCTCAGGGGTTAG-1,398,11162,mm10
CCACCTCAGTAACCAT-1,87,803,mm10
CCACCTGCAAGCCTGA-1,380,9917,mm10
CCACCTGCACATATAG-1,51452,1563,Multiplet
CCACCTGCACCTCACG-1,22586,753,GRCh38
CCACCTGCACTAATCT-1,17798,5162,Multiplet
CCACCTGCATTACTCG-1,16694,728,GRCh38
CCACCTTGTATAGCTC-1,298,5798,mm10
CCACCTTGTTTAGGCT-1,935,248,GRCh38
CCACCTTGTTTGGTGT-1,272,5509,mm10
CCACGAACAACTGCCT-1,40082,1226,Multiplet
CCACGAACAAGTCCAG-1,25317,826,GRCh38
CCACGAACAATCTACT-1,1767,961,GRCh38
CCACGAACACAGCCTT-1,230,5017,mm10
CCACGAACAGCCTAGA-1,59514,1625,Multiplet
CCACGAACAGGACAGG-1,255,5489,mm10
CCACGATAGATAGCCC-1,14919,471,GRCh38
CCACGATAGATTGAAG-1,252,4361,mm10
CCACGCAAGATAGATG-1,21710,848,GRCh38
CCACGCAAGCATGGAG-1,195,4969,mm10
CCACGTAGTAATGCCT-1,141,3150,mm10
CCACGTAGTAGGTGCG-1,9817,504,GRCh38
CCACGTAGTTTGATTG-1,176,3776,mm10
CCACGTTCAAGCTGCA-1,123,1529,mm10
CCACGTTCAATATCGA-1,221,3452,mm10
CCACTAAAGGTGGAAT-1,261,4524,mm10
CCACTAGGTAATGGGC-1,252,5647,mm10
CCACTAGGTATGGAGC-1,21822,894,GRCh38
CCACTAGGTATTGCCG-1,992,198,GRCh38
CCACTAGGTGGCTGTC-1,25251,992,GRCh38
CCACTATTCACAGGAG-1,315,8092,mm10
CCACTATTCACTCAGA-1,275,6811,mm10
CCACTATTCGAGTACC-1,19535,595,GRCh38
CCACTATTCTCATCTA-1,1151,5940,mm10
CCACTATTCTGGATAT-1,238,5344,mm10
CCACTCGCAAAGGTAG-1,1391,240,GRCh38
CCACTTACAACCGCTT-1,26300,1030,GRCh38
CCACTTACACAACGGC-1,649,15278,mm10
CCACTTACAGGAGCGA-1,22305,732,GRCh38
CCACTTACATTAAGTG-1,22682,822,GRCh38
CCAGAATCAAATCACA-1,116404,2674,Multiplet
CCAGAATCAACTACTT-1,807,19901,mm10
CCAGAATCAAGCCGAC-1,6523,2200,Multiplet
CCAGAATCAAGTTACA-1,26487,821,GRCh38
CCAGAATCATAAGCAC-1,169,4336,mm10
CCAGACTAGCGAGAGC-1,38058,8533,Multiplet
CCAGACTAGGTCATAT-1,350,8199,mm10
CCAGAGAAGAATCGCC-1,155,2999,mm10
CCAGAGAAGCCGATTA-1,730,20611,mm10
CCAGAGAAGCGCATCG-1,9611,531,GRCh38
CCAGAGAAGGCGAAGC-1,38467,1163,GRCh38
CCAGAGGGTTAGAGAT-1,17669,567,GRCh38
CCAGAGGGTTCCTGAG-1,1746,40732,mm10
CCAGAGGGTTCGGCAC-1,13742,597,GRCh38
CCAGAGGGTTTACAGC-1,4652,110,GRCh38
CCAGAGGGTTTACCGG-1,1725,540,GRCh38
CCAGATGCACATACCC-1,51926,1359,Multiplet
CCAGATGCACCAGCTT-1,301,6474,mm10
CCAGATGCACTTACTG-1,211,4733,mm10
CCAGATGCATTACTGT-1,39312,1026,GRCh38
CCAGATTGTCTTGCGA-1,164,4103,mm10
CCAGCAACAGCACGGT-1,1803,672,GRCh38
CCAGCAACATCACAGG-1,858,22964,mm10
CCAGCCAAGGATTGAA-1,18013,21109,Multiplet
CCAGCCAAGGGTCACT-1,25025,840,GRCh38
CCAGCCAAGGTACCGT-1,5248,193,GRCh38
CCAGCCAAGTAGACTT-1,175,1570,mm10
CCAGCCTTCCAGAGCT-1,115,2246,mm10
CCAGCCTTCCGTAAGC-1,13002,717,GRCh38
CCAGCCTTCGCGACAT-1,8518,315,GRCh38
CCAGCTAGTGCGCGTT-1,22152,826,GRCh38
CCAGCTAGTTAGTCGT-1,172,4230,mm10
CCAGGCATCAATGTCG-1,163,3506,mm10
CCAGGCATCACGCGCA-1,84,1327,mm10
CCAGGCATCCATGCAA-1,190,2318,mm10
CCAGGCATCCCTCAGC-1,7128,304,GRCh38
CCAGGCATCTAAGCTG-1,54,648,mm10
CCAGGCATCTATCGGA-1,98,1456,mm10
CCAGGTTAGATTGAGA-1,185,3880,mm10
CCAGGTTAGCATGTAT-1,140,4139,mm10
CCAGGTTAGGGGCATA-1,10292,496,GRCh38
CCAGTAATCACCTAGA-1,44207,1683,Multiplet
CCAGTAATCCCGTGCT-1,17318,569,GRCh38
CCAGTATGTAATCGTC-1,24346,885,GRCh38
CCAGTATGTTGAATCC-1,341,7176,mm10
CCAGTCCTCAAGTTCG-1,35758,1256,Multiplet
CCAGTCCTCCTCTAGT-1,17218,585,GRCh38
CCAGTTAAGATTGCTG-1,368,8326,mm10
CCAGTTAAGCCATGCG-1,288,7027,mm10
CCAGTTAAGGATAGTA-1,10081,298,GRCh38
CCAGTTAAGGCGAGTA-1,6659,786,GRCh38
CCAGTTGGTGACTTCG-1,559,5167,mm10
CCATAACGTAGTGCGG-1,513,10554,mm10
CCATAACGTGGCCATC-1,215,4470,mm10
CCATAAGTCCACCATT-1,20960,803,GRCh38
CCATAAGTCCAGCGTG-1,11432,529,GRCh38
CCATAAGTCTAGGCCG-1,219,5012,mm10
CCATAATAGATTGGCC-1,437,11325,mm10
CCATAATAGCTAAGTT-1,55683,1647,Multiplet
CCATAATAGTGAGACG-1,268,5193,mm10
CCATACTTCTCATCTA-1,204,5230,mm10
CCATATAGTGGACTAA-1,333,5615,mm10
CCATATAGTTAGTTCA-1,204,4604,mm10
CCATATAGTTATGTGC-1,227,5984,mm10
CCATCACCAACATACA-1,252,4867,mm10
CCATCACCAACCCTAC-1,6065,188,GRCh38
CCATCACCAACGGGCT-1,15189,622,GRCh38
CCATCACCACAGCGGT-1,3692,355,GRCh38
CCATCACCAGCACGAC-1,29868,1042,GRCh38
CCATCAGGTAGGCGAT-1,174,4316,mm10
CCATCAGGTCAATTCA-1,165,2272,mm10
CCATCAGGTTATCCAA-1,138,1549,mm10
CCATCAGGTTGCCTTC-1,25175,1007,GRCh38
CCATCATTCAGCAGTC-1,20454,715,GRCh38
CCATCATTCAGCGAAG-1,258,5998,mm10
CCATCATTCGTTCATC-1,1575,341,GRCh38
CCATCATTCTCATCTA-1,22318,731,GRCh38
CCATCCGCACTAGTCC-1,16838,616,GRCh38
CCATCCGCAGGCAATT-1,31996,951,GRCh38
CCATCCTGTATTGGGA-1,12904,661,GRCh38
CCATCCTGTGAACGAC-1,279,6891,mm10
CCATCCTGTGATCAAG-1,28787,806,GRCh38
CCATCCTGTTTCGCTC-1,13568,529,GRCh38
CCATCGCTCCCTCATG-1,316,7790,mm10
CCATCGCTCTGGCCTC-1,623,13256,mm10
CCATCTTAGCATATAC-1,128,3171,mm10
CCATCTTAGGCAATCC-1,2800,441,GRCh38
CCATCTTAGTATGGAA-1,1033,56,GRCh38
CCATGCCTCCCCTTGA-1,400,11450,mm10
CCATGCCTCCGTCACC-1,79,580,mm10
CCATGCCTCTGTGAGC-1,470,13044,mm10
CCATGGGTCCGTGTAA-1,31718,1037,GRCh38
CCATGGGTCCTGTCTG-1,11898,732,GRCh38
CCATGGGTCGATCGTA-1,13062,442,GRCh38
CCATGGGTCGCATGAC-1,20085,767,GRCh38
CCATGGGTCGCTAGTA-1,17945,733,GRCh38
CCATGGGTCGTTAGGC-1,653,14787,mm10
CCATGGGTCTGGGAAG-1,204,4460,mm10
CCATGTCCAAACCGTG-1,20283,4220,Multiplet
CCATGTCCAAATGAGG-1,5507,4730,Multiplet
CCATGTCCAATTACTC-1,186,3334,mm10
CCATGTCCACCAACCT-1,302,5547,mm10
CCATGTCCAGCAGGCT-1,549,15257,mm10
CCATGTCCATGGTCCT-1,16824,832,GRCh38
CCATTAAGTCAGTCGC-1,1364,283,GRCh38
CCATTAAGTTAACTGC-1,402,11085,mm10
CCATTAAGTTCACGCA-1,190,4353,mm10
CCATTAAGTTCCCATC-1,12618,815,GRCh38
CCATTAAGTTCGAGCC-1,1264,25536,mm10
CCATTAAGTTGGGATA-1,86,743,mm10
CCATTGAAGCAAGGTG-1,357,7724,mm10
CCATTGAAGCATGGCT-1,15850,717,GRCh38
CCATTGAAGCCAGAGA-1,485,12918,mm10
CCATTGAAGCGAGTAG-1,33797,996,GRCh38
CCATTGAAGCGCTGAT-1,2616,109,GRCh38
CCATTGAAGTATCTCC-1,318,7791,mm10
CCATTGAAGTCTAGCA-1,195,4673,mm10
CCATTTCAGCCAACTA-1,37482,1438,Multiplet
CCATTTCAGTGCTGTA-1,16345,585,GRCh38
CCCAAATGTCAGTAGA-1,7814,439,GRCh38
CCCAAATGTCTAATTG-1,337,6736,mm10
CCCAAATGTCTCCACT-1,11154,603,GRCh38
CCCAAATGTCTTACCC-1,414,7769,mm10
CCCAAATGTTTAATCG-1,349,7192,mm10
CCCAACCTCATCATCC-1,124,1807,mm10
CCCAACCTCATCTCTA-1,767,155,GRCh38
CCCAACCTCATGCTTC-1,39685,1068,GRCh38
CCCAACCTCCCGCAGA-1,43,618,mm10
CCCAACCTCCGTAAGC-1,42940,1887,Multiplet
CCCAAGGTCCTGCCAC-1,1420,376,GRCh38
CCCAAGGTCGTGACTA-1,429,9280,mm10
CCCAATCCAACCGCAA-1,87,600,mm10
CCCAATCCAATGTATG-1,544,12878,mm10
CCCAATCCACTAGTAA-1,15870,569,GRCh38
CCCAATCCACTTACTG-1,94,821,mm10
CCCAATCCAGGTTACG-1,748,14167,mm10
CCCAATCCATTCGGCT-1,1851,228,GRCh38
CCCAATTTCACTCGAA-1,309,7144,mm10
CCCAATTTCTATCGTC-1,29931,929,GRCh38
CCCAATTTCTGGGATC-1,1371,33880,mm10
CCCACTATCCCTCGAC-1,168,4104,mm10
CCCACTTGTTAGTGTC-1,143,4222,mm10
CCCACTTGTTCGCTTC-1,18939,718,GRCh38
CCCACTTGTTGCTCAG-1,847,18147,mm10
CCCAGGATCCTGGGAT-1,36657,1226,Multiplet
CCCAGGATCCTTGAGA-1,469,12273,mm10
CCCAGTGAGTAGTCTG-1,33844,1035,GRCh38
CCCATAGGTGGCAGCA-1,18833,667,GRCh38
CCCATAGGTTAACCGT-1,574,6450,mm10
CCCATAGGTTCCTCTA-1,12695,791,GRCh38
CCCATATTCAATTGCG-1,310,5937,mm10
CCCATATTCAGCACGT-1,374,7523,mm10
CCCATATTCAGGTCGT-1,16660,683,GRCh38
CCCATATTCCGTGCAG-1,4825,322,GRCh38
CCCATCATCATCGTAG-1,21427,792,GRCh38
CCCATCATCCAGGGTT-1,10118,502,GRCh38
CCCATCATCCATCTGT-1,18699,715,GRCh38
CCCATCGCAAATCCTT-1,10696,11437,Multiplet
CCCATCGCAAGTTAGC-1,365,9572,mm10
CCCATCGCACTTGGTC-1,2591,520,GRCh38
CCCATCGCATCCGTGT-1,4413,372,GRCh38
CCCATCGCATGCTCTA-1,23915,728,GRCh38
CCCATCTGTAAGTCAG-1,36384,1016,GRCh38
CCCATCTGTGCAGGTG-1,4555,616,GRCh38
CCCATCTGTGCGCAAG-1,380,7864,mm10
CCCATCTGTTCCAGCA-1,180,3468,mm10
CCCATGAGTAAGCGGT-1,18703,707,GRCh38
CCCATGAGTCTCCACT-1,16748,644,GRCh38
CCCATGAGTTAGTCGT-1,301,6495,mm10
CCCATGAGTTGGTAAG-1,304,7067,mm10
CCCATGCTCAATCAAC-1,19258,611,GRCh38
CCCATGCTCAGCCATA-1,99,1152,mm10
CCCATGCTCAGGGCTT-1,303,7057,mm10
CCCATGCTCGACTGGT-1,9373,231,GRCh38
CCCATGCTCGCGTTAA-1,403,9282,mm10
CCCATGCTCGCTCGTC-1,191,4230,mm10
CCCATGGAGATTGCGC-1,281,2363,mm10
CCCATGGAGCCGCGTA-1,36394,1094,GRCh38
CCCATGGAGCTATGTG-1,35877,1028,GRCh38
CCCATGGAGTGACCGT-1,22908,829,GRCh38
CCCATTGTCACAGGAG-1,16147,811,GRCh38
CCCATTGTCTGTGAGC-1,5281,131,GRCh38
CCCATTTAGCATGCAC-1,10107,394,GRCh38
CCCATTTAGGAGGACC-1,10672,464,GRCh38
CCCATTTAGTTGCCGG-1,237,4589,mm10
CCCGAATAGATACTGT-1,145,2631,mm10
CCCGAATAGGATGTAA-1,638,15109,mm10
CCCGAATAGTAGCCGT-1,205,3771,mm10
CCCGAATAGTGATGGG-1,468,9393,mm10
CCCGAATAGTTGCTGA-1,29567,961,GRCh38
CCCGACAAGGAGCCAA-1,225,2992,mm10
CCCGATAGTATGGACA-1,24488,785,GRCh38
CCCGATAGTCTAACGT-1,65209,1685,Multiplet
CCCGATGAGCCCTTCA-1,12441,689,GRCh38
CCCGATGAGCCTGTAA-1,9878,394,GRCh38
CCCGATGAGTATGTGT-1,418,9870,mm10
CCCGATTCAAAGGTGA-1,13979,12161,Multiplet
CCCGATTCAACATCAA-1,351,4167,mm10
CCCGATTCACCTCATA-1,14394,4123,Multiplet
CCCGATTCATCCATAT-1,6879,614,GRCh38
CCCGATTCATCCGTGT-1,319,8646,mm10
CCCGCATTCATGCCAA-1,11824,268,GRCh38
CCCGCATTCTAGGCAC-1,394,10623,mm10
CCCGCTTAGAATCGAA-1,3619,181,GRCh38
CCCGCTTAGCTAGAGG-1,552,44,GRCh38
CCCGCTTAGCTTACTC-1,22636,714,GRCh38
CCCGCTTAGGCAATCC-1,681,281,GRCh38
CCCGCTTAGTAGGTCC-1,474,10570,mm10
CCCGGTAAGTATCTGG-1,212,4527,mm10
CCCGGTAAGTCGACAC-1,86,606,mm10
CCCGGTAAGTGGCTGT-1,964,172,GRCh38
CCCGTAAGTGAACGGT-1,2112,161,GRCh38
CCCGTAAGTGACGTGG-1,250,5239,mm10
CCCGTAAGTTACACAC-1,233,5528,mm10
CCCGTAAGTTGCATAC-1,18913,647,GRCh38
CCCGTTATCACGTTGA-1,34361,1265,Multiplet
CCCGTTATCAGTTGCA-1,11165,3037,Multiplet
CCCGTTATCCACCTTG-1,10995,629,GRCh38
CCCGTTATCCGCGACA-1,246,6051,mm10
CCCGTTGCAAATTCAG-1,13782,497,GRCh38
CCCGTTGCATTGCCAC-1,27684,813,GRCh38
CCCTAACCAAGTAGTC-1,4952,280,GRCh38
CCCTAACCACCAACGA-1,23351,886,GRCh38
CCCTAACCAGGTATCG-1,129,1169,mm10
CCCTAACCATGCTGAG-1,2838,474,GRCh38
CCCTAATTCCAGGCCA-1,35473,1295,Multiplet
CCCTAATTCGACATCA-1,86,625,mm10
CCCTAATTCGCGTTGG-1,982,25307,mm10
CCCTAATTCGTTAGTG-1,46283,1313,Multiplet
CCCTAATTCTGGTCCC-1,23252,845,GRCh38
CCCTACGCACTAGGCA-1,592,1246,mm10
CCCTACGCAGTTGCAG-1,26448,814,GRCh38
CCCTACGCATCCTTAG-1,352,9150,mm10
CCCTAGCTCACTTCAC-1,4737,568,GRCh38
CCCTAGCTCGTGCTGG-1,19827,755,GRCh38
CCCTAGCTCTGTGCAA-1,425,11070,mm10
CCCTAGTCAACTCGTC-1,15908,585,GRCh38
CCCTAGTCAAGTAGCT-1,246,1705,mm10
CCCTAGTCAATCGGGC-1,188,4013,mm10
CCCTAGTCACATGCCT-1,24789,948,GRCh38
CCCTATGTCAATTGCG-1,1395,623,GRCh38
CCCTATGTCGACCCAG-1,721,18560,mm10
CCCTCAATCCAACTTC-1,34105,1177,GRCh38
CCCTCAATCCCAGAGT-1,541,15066,mm10
CCCTCACAGATTGGCC-1,95,1554,mm10
CCCTCACAGGGTAGAT-1,30331,1078,GRCh38
CCCTCAGCAACTACGG-1,66631,1762,Multiplet
CCCTCAGCACTTGCAC-1,19887,1317,Multiplet
CCCTCAGCAGCAGTTG-1,7942,7232,Multiplet
CCCTCAGCAGGCAATT-1,40446,1270,Multiplet
CCCTCAGCATGACGGC-1,8674,703,GRCh38
CCCTGAGAGAAGGTCG-1,296,7107,mm10
CCCTGGTTCCAGCCGA-1,6012,197,GRCh38
CCCTGGTTCGATGACC-1,9894,429,GRCh38
CCCTGGTTCTATCGCT-1,285,8024,mm10
CCCTTAACAAGGTCGC-1,454,12864,mm10
CCCTTAACAGGGACTC-1,31000,918,GRCh38
CCCTTAACATCGGCTT-1,150,1438,mm10
CCCTTACGTTCGTGAT-1,18001,658,GRCh38
CCCTTACGTTGGCGCT-1,80,1030,mm10
CCCTTACGTTTACCAA-1,193,5004,mm10
CCCTTAGTCATGATCG-1,326,5271,mm10
CCCTTAGTCCAGCTCC-1,182,4040,mm10
CCCTTAGTCCGCGTAG-1,50053,1323,Multiplet
CCCTTAGTCTGGGCTG-1,460,10239,mm10
CCCTTGATCCGGAACT-1,19804,684,GRCh38
CCCTTGATCCGTCATT-1,19193,658,GRCh38
CCCTTGATCTATGGGC-1,67,1764,mm10
CCCTTTAGTAATGTCC-1,4760,597,GRCh38
CCCTTTAGTCAGGACG-1,15824,602,GRCh38
CCCTTTAGTCCATATA-1,4880,653,GRCh38
CCCTTTAGTGCGAGTG-1,276,5488,mm10
CCCTTTAGTGCGGTTC-1,302,6380,mm10
CCCTTTAGTTCGTAAC-1,667,1898,mm10
CCCTTTAGTTGCTTAA-1,561,12848,mm10
CCCTTTAGTTGTGCAT-1,91,1493,mm10
CCGAAATCACCAACCT-1,92,809,mm10
CCGAAATCACTAACGG-1,213,3507,mm10
CCGAACTAGTAACCGC-1,15639,615,GRCh38
CCGAACTAGTCATCGA-1,60485,1765,Multiplet
CCGAATATCACCAGCG-1,138,1860,mm10
CCGAATATCAGTTCGA-1,26124,905,GRCh38
CCGAATATCCAGCGAT-1,788,20,GRCh38
CCGAATATCCCATGAA-1,719,186,GRCh38
CCGAATATCCTTAGAG-1,29819,1016,GRCh38
CCGAATATCGATCCGG-1,257,4644,mm10
CCGAATGCACTTGGGA-1,2375,115,GRCh38
CCGAATGCATCGACTC-1,72454,1826,Multiplet
CCGAATGCATGACCTC-1,936,26222,mm10
CCGACAACAACCCGAA-1,136,2993,mm10
CCGACATAGATTCGGC-1,228,6756,mm10
CCGACATAGCCTCTGC-1,768,19762,mm10
CCGACATAGGAGTAAC-1,972,25556,mm10
CCGACATAGGTAGATA-1,257,4418,mm10
CCGACATAGTAAGGCG-1,6574,678,GRCh38
CCGACATAGTAGGTCC-1,465,11700,mm10
CCGACCAAGAACGGAT-1,71806,2065,Multiplet
CCGACCAAGTGGCGAA-1,55760,1633,Multiplet
CCGACTAGTGGACACG-1,332,7124,mm10
CCGACTAGTTCGGTTG-1,636,18155,mm10
CCGACTTCAAGGTCTG-1,11669,8251,Multiplet
CCGACTTCAATCGGTG-1,385,8412,mm10
CCGACTTCACAATCAA-1,262,6182,mm10
CCGATTAAGCCTAGAC-1,351,9332,mm10
CCGATTAAGGATACTT-1,102,1434,mm10
CCGATTAAGGCTTGGT-1,7270,281,GRCh38
CCGATTAAGGTTAATC-1,191,4942,mm10
CCGATTAAGTGCAATT-1,2975,365,GRCh38
CCGATTGGTAGTAGCA-1,2204,51517,mm10
CCGATTGGTTCGAGTT-1,396,7676,mm10
CCGCAAGTCCGTTACT-1,176,4146,mm10
CCGCAAGTCCTCTAAC-1,196,4174,mm10
CCGCAAGTCCTGGTCC-1,12904,418,GRCh38
CCGCAAGTCGACCCAG-1,14858,567,GRCh38
CCGCAAGTCGATGATT-1,60,1368,mm10
CCGCAATAGAACGAAC-1,191,3321,mm10
CCGCAATAGATAGCCC-1,40122,1181,GRCh38
CCGCAATAGGTAGGGC-1,16050,576,GRCh38
CCGCAATAGGTGACTC-1,190,3505,mm10
CCGCAATAGTTAGATC-1,21439,878,GRCh38
CCGCATTCAAACTACA-1,19126,731,GRCh38
CCGCATTCACCTTGGT-1,257,5895,mm10
CCGCCAAAGGCGAGGT-1,16882,632,GRCh38
CCGCCAAAGGTTCCGG-1,20685,741,GRCh38
CCGCCATTCACTATGG-1,325,7358,mm10
CCGCCATTCAGGGATG-1,13320,643,GRCh38
CCGCCTTAGCCAGCAT-1,146,2835,mm10
CCGCCTTAGGTGCGTT-1,598,15208,mm10
CCGCGAATCCACCAGG-1,631,14190,mm10
CCGCGAATCCTCTCGA-1,14542,605,GRCh38
CCGCGAATCGCGTCCT-1,12411,400,GRCh38
CCGCGAATCGTTACAG-1,18297,709,GRCh38
CCGCGATGTGGCGCTT-1,57500,1720,Multiplet
CCGCGATGTTTCCGTC-1,73,513,mm10
CCGCGTTTCATGGCCG-1,136,670,mm10
CCGCGTTTCCGCGGTA-1,21711,748,GRCh38
CCGCTAAGTAAGCGAC-1,60,570,mm10
CCGCTAAGTCAATCAC-1,15912,699,GRCh38
CCGCTAAGTGACGAAC-1,12917,513,GRCh38
CCGCTAAGTGCGGTTC-1,13161,626,GRCh38
CCGCTAAGTGGCTGAG-1,15836,831,GRCh38
CCGCTAAGTTATAGCC-1,535,12151,mm10
CCGCTAGAGCGAAGGC-1,269,5132,mm10
CCGCTAGAGGATAGTA-1,19387,709,GRCh38
CCGCTAGAGTCGCGTG-1,8574,3112,Multiplet
CCGCTCACACCTGTCG-1,551,13118,mm10
CCGCTCACATCCCTAA-1,16099,682,GRCh38
CCGCTCACATCGGGAC-1,11394,527,GRCh38
CCGCTTATCCCGGCAA-1,6529,269,GRCh38
CCGCTTATCCCTCGAC-1,14590,808,GRCh38
CCGCTTGCATTACTAC-1,19635,632,GRCh38
CCGCTTGCATTAGCCC-1,633,13700,mm10
CCGGAACCAAACCGCA-1,16885,629,GRCh38
CCGGAACCAACATGGT-1,1263,10777,mm10
CCGGAACCAATACTTC-1,810,19570,mm10
CCGGAACCACTAACGG-1,280,5053,mm10
CCGGAACCACTATATC-1,588,113,GRCh38
CCGGAACCAGCACTCT-1,13827,608,GRCh38
CCGGAACCATTCATCG-1,142,1104,mm10
CCGGAAGGTTCCCAGA-1,186,4413,mm10
CCGGAAGGTTGCACCA-1,40300,1378,Multiplet
CCGGAAGGTTGGACCC-1,239,5779,mm10
CCGGATTAGCCGCGTA-1,18285,753,GRCh38
CCGGATTAGGTGAGAT-1,996,24801,mm10
CCGGCAATCAATCGGC-1,20337,688,GRCh38
CCGGCAATCGCGCTGA-1,289,5137,mm10
CCGGCATGTAGTAGCA-1,76,1419,mm10
CCGGCTAAGCAAGCGA-1,132,1932,mm10
CCGGCTAAGCGGACTT-1,23706,694,GRCh38
CCGGCTAAGGTTGACC-1,49515,1430,Multiplet
CCGGCTAAGTCAAGCC-1,1039,27588,mm10
CCGGTACGTGGCGCTT-1,238,4742,mm10
CCGGTACGTTTCGTAA-1,21849,698,GRCh38
CCGGTACGTTTGGCAT-1,82231,2193,Multiplet
CCGGTATAGCGACTAC-1,6586,411,GRCh38
CCGGTATAGCGGACTT-1,33449,1045,GRCh38
CCGGTATAGGATGGGC-1,7943,13211,Multiplet
CCGGTATAGGTGAAGT-1,6013,356,GRCh38
CCGGTATAGTACGCCG-1,92,2290,mm10
CCGGTATAGTTGCCGG-1,222,4517,mm10
CCGGTCAAGAATCATC-1,407,9470,mm10
CCGGTCAAGATTGCTG-1,14761,486,GRCh38
CCGGTCAAGTTAGACT-1,20779,715,GRCh38
CCGGTTAGTGAGTGGT-1,1697,611,GRCh38
CCGGTTGAGGTACACC-1,679,16655,mm10
CCGGTTGAGGTACGGA-1,439,9126,mm10
CCGTAAATCCTGACCC-1,687,134,GRCh38
CCGTAAATCGATCATG-1,357,9740,mm10
CCGTAACAGCGGTAGA-1,152,2756,mm10
CCGTAACAGTCGCATA-1,711,120,GRCh38
CCGTAATGTCTGTGTG-1,332,6943,mm10
CCGTAATGTTTGGTGT-1,190,3645,mm10
CCGTACCTCAATTGGT-1,35750,1347,Multiplet
CCGTACCTCCTCGTCA-1,98,1626,mm10
CCGTAGTAGCGCTATA-1,429,8931,mm10
CCGTAGTAGTAATGGA-1,850,22676,mm10
CCGTAGTAGTCGAAGG-1,164,3520,mm10
CCGTATGGTGCATCCA-1,397,8412,mm10
CCGTATGGTGGAAGGA-1,71,1548,mm10
CCGTCAAGTCAGCTTG-1,14265,608,GRCh38
CCGTCAAGTCATTGCG-1,321,7642,mm10
CCGTCAAGTCTCACAG-1,12728,597,GRCh38
CCGTCAAGTGGCTGAG-1,261,5848,mm10
CCGTCAAGTTGCACGC-1,20259,949,GRCh38
CCGTCAAGTTTACGAC-1,16605,596,GRCh38
CCGTCATCAACTGGAT-1,50,527,mm10
CCGTCATCAGCTACTC-1,21034,799,GRCh38
CCGTCCACAACTGCCT-1,294,8490,mm10
CCGTCCACAAGTCCCT-1,10131,497,GRCh38
CCGTCCACACAATGGT-1,17986,729,GRCh38
CCGTCCACACAGCAAT-1,690,16548,mm10
CCGTCCACAGGAAGGT-1,3600,401,GRCh38
CCGTCCACATAACGGT-1,19060,606,GRCh38
CCGTCGAAGCAAGCGA-1,142,2492,mm10
CCGTCGAAGCATAGGG-1,310,7363,mm10
CCGTCGAAGGTTGCCG-1,14727,796,GRCh38
CCGTCGTTCACATGCA-1,325,7402,mm10
CCGTCGTTCACGTTGA-1,588,13693,mm10
CCGTCGTTCATCATCC-1,185,3150,mm10
CCGTCGTTCCAGAGCT-1,355,6537,mm10
CCGTCGTTCGCTCATT-1,181,3763,mm10
CCGTCTATCGTGCCCT-1,321,7581,mm10
CCGTGATAGCGATACC-1,9128,452,GRCh38
CCGTGATAGGATCAGG-1,165,3467,mm10
CCGTGCAAGATTGGTT-1,14084,518,GRCh38
CCGTGCAAGCGCATCG-1,4975,139,GRCh38
CCGTGCAAGGATCCAC-1,360,8994,mm10
CCGTGCTTCAATGTAC-1,2958,365,GRCh38
CCGTGCTTCCACCTGC-1,18637,796,GRCh38
CCGTGCTTCCCCAGAG-1,212,5774,mm10
CCGTGCTTCCCCAGCT-1,264,6183,mm10
CCGTGCTTCCGGATGT-1,329,7292,mm10
CCGTGCTTCGACATTG-1,289,5316,mm10
CCGTGCTTCGCATCAA-1,18263,586,GRCh38
CCGTGGATCACAGGGA-1,2432,256,GRCh38
CCGTGGATCGACCAGT-1,7635,6885,Multiplet
CCGTGTGAGATTAGCT-1,209,5021,mm10
CCGTGTGAGCCTGTCC-1,665,16406,mm10
CCGTGTTCAAGCGATT-1,20118,686,GRCh38
CCGTGTTCACTAGCCT-1,724,104,GRCh38
CCGTGTTCAGGTTGGC-1,11074,428,GRCh38
CCGTGTTCATAGGTTA-1,2996,780,GRCh38
CCGTGTTCATTGCGCT-1,9383,3509,Multiplet
CCGTTAGGTTGTGGAA-1,92,1782,mm10
CCGTTCATCGATCCTT-1,72,979,mm10
CCGTTCATCGCATAGC-1,372,8327,mm10
CCGTTCGCAGGCTTGA-1,233,4092,mm10
CCGTTCGCATGCTCTA-1,334,8483,mm10
CCGTTGAGTATTGAGG-1,117,620,mm10
CCGTTGAGTGGAGCCA-1,224,5002,mm10
CCGTTGAGTTAAGTCC-1,20755,668,GRCh38
CCGTTGAGTTGTAGCT-1,266,6423,mm10
CCGTTGCTCACATGCA-1,53482,1679,Multiplet
CCGTTGCTCATCACGA-1,20950,667,GRCh38
CCGTTGCTCGTTCGCC-1,260,7000,mm10
CCGTTGGAGATAGTTC-1,274,6343,mm10
CCGTTGGAGCATGATT-1,3461,1528,Multiplet
CCGTTGGAGGCAACTC-1,314,6965,mm10
CCGTTGGAGGGTAGCA-1,261,5607,mm10
CCGTTGGAGTTGCTCT-1,14163,649,GRCh38
CCTAACCCAAGTGTAC-1,5878,325,GRCh38
CCTAACCCAATGCCGA-1,64,635,mm10
CCTAACCCAGGCATAT-1,16646,514,GRCh38
CCTAACCCAGGCATTG-1,17960,3904,Multiplet
CCTAACCCAGTACCCT-1,345,6684,mm10
CCTAACCCATTACGCC-1,390,9765,mm10
CCTAACCCATTAGGCG-1,454,9730,mm10
CCTAACTTCCAACTAG-1,272,4446,mm10
CCTAACTTCCATGCGG-1,21559,781,GRCh38
CCTAACTTCCATGCTT-1,488,11547,mm10
CCTAACTTCCTCAGCC-1,19733,1029,GRCh38
CCTAATGAGCAAGGGC-1,1873,219,GRCh38
CCTAATGAGCGCCTGA-1,242,4597,mm10
CCTAATGAGGTACTTG-1,808,18787,mm10
CCTAATGAGTGATGAA-1,24797,789,GRCh38
CCTAATTCAATGGAAG-1,25340,904,GRCh38
CCTAATTCACCTTCAA-1,305,8839,mm10
CCTACAGGTTATCTCT-1,849,21526,mm10
CCTACAGGTTCACGCA-1,799,17710,mm10
CCTACAGGTTCGGCAC-1,353,7864,mm10
CCTACCATCCCCAAGG-1,20097,834,GRCh38
CCTACCGCAATTCAGA-1,284,7117,mm10
CCTACCGCAATTGCCC-1,423,10359,mm10
CCTACCTGTTCGGGTC-1,13901,778,GRCh38
CCTACCTGTTGGATTC-1,296,6708,mm10
CCTACGAGTAGCAGGT-1,23613,898,GRCh38
CCTACGAGTCTTGCTC-1,269,6202,mm10
CCTACGAGTTAGCGAA-1,311,6558,mm10
CCTACGAGTTCCGTCT-1,94,651,mm10
CCTACGAGTTTCGTAA-1,208,4987,mm10
CCTAGCCTCACACATG-1,350,8634,mm10
CCTAGCCTCCACGGCA-1,1020,33660,mm10
CCTAGCCTCGTAACTG-1,10253,359,GRCh38
CCTAGCCTCTCATGCT-1,514,14778,mm10
CCTAGCGAGCAAGTGG-1,13442,5611,Multiplet
CCTAGCGAGTCGCTCC-1,564,13948,mm10
CCTAGCTCAACTTCAT-1,30306,1024,GRCh38
CCTAGCTCAAGTATGC-1,112,1844,mm10
CCTAGCTCAATCCTTG-1,26647,930,GRCh38
CCTAGCTCAATTACTC-1,1698,43451,mm10
CCTAGCTCACCATGCT-1,314,7624,mm10
CCTAGCTCACTAGGGC-1,9763,555,GRCh38
CCTAGCTCATAAGTGC-1,6306,384,GRCh38
CCTAGGGTCTCACCAT-1,32840,1150,GRCh38
CCTAGGTAGCAGGGTA-1,19147,801,GRCh38
CCTAGGTAGCATCACA-1,2438,608,GRCh38
CCTAGGTAGCGAGGAC-1,656,126,GRCh38
CCTAGGTAGCGATGCT-1,76,884,mm10
CCTAGTAAGCAACTGC-1,45003,1326,Multiplet
CCTAGTAAGGAGTATA-1,21250,772,GRCh38
CCTAGTAAGGTATCGC-1,2908,204,GRCh38
CCTAGTAAGGTTAGTT-1,358,7146,mm10
CCTAGTAAGTATGTGT-1,13745,484,GRCh38
CCTAGTTTCACACCGG-1,495,12204,mm10
CCTAGTTTCAGTTAGT-1,15404,635,GRCh38
CCTAGTTTCGCATGAC-1,16709,667,GRCh38
CCTAGTTTCTGGATGC-1,12273,634,GRCh38
CCTATAGAGATAGAGC-1,242,4987,mm10
CCTATAGAGTAAGTTC-1,767,19265,mm10
CCTATCACAGGACTCA-1,117,843,mm10
CCTATCACATAAGTTG-1,21186,874,GRCh38
CCTATCCGTTAGCAGA-1,277,6042,mm10
CCTATCCGTTCCGTAG-1,8706,491,GRCh38
CCTATCCGTTCGCTTC-1,433,9336,mm10
CCTATGAAGCATGCAC-1,692,17609,mm10
CCTATGAAGCCTCTCA-1,225,5554,mm10
CCTATGAAGGAATGCG-1,303,6904,mm10
CCTATGAAGTAAGGAC-1,116,2428,mm10
CCTATGGGTCCCGTAA-1,794,19948,mm10
CCTATGGGTCTTGATA-1,10058,554,GRCh38
CCTATGGGTGGCGTGA-1,5168,144,GRCh38
CCTATGGGTTTCGTAA-1,219,3760,mm10
CCTATTATCACGCAGT-1,205,3763,mm10
CCTATTATCCCCTTAG-1,23588,1083,GRCh38
CCTATTATCGAGTGTC-1,8630,303,GRCh38
CCTATTCAGAACGGAT-1,19882,669,GRCh38
CCTATTCAGGTATAGA-1,296,6120,mm10
CCTCAACCAAATCGGT-1,161,2594,mm10
CCTCAACCAAGTAAGG-1,36362,1063,GRCh38
CCTCAACCACAAGCTG-1,313,7036,mm10
CCTCAACCATAACTGA-1,2157,119,GRCh38
CCTCAACCATTAGTTC-1,288,618,mm10
CCTCAAGGTGATCCGC-1,84,1675,mm10
CCTCAAGGTGGCCATC-1,30430,1216,Multiplet
CCTCAATTCATAGATC-1,213,4265,mm10
CCTCAATTCCAGAGCT-1,24076,7978,Multiplet
CCTCAATTCCCGTGCT-1,189,3613,mm10
CCTCAATTCCTCAATC-1,1328,36100,mm10
CCTCAATTCCTGCGCT-1,17351,641,GRCh38
CCTCACGCAAGTGCCA-1,7145,700,GRCh38
CCTCAGCTCCAGGGTT-1,219,5085,mm10
CCTCAGCTCGTTCGTT-1,3465,440,GRCh38
CCTCATTAGCCCTGTC-1,4212,626,GRCh38
CCTCCTGGTAAGTAGT-1,1850,139,GRCh38
CCTCCTGGTCAGCGGA-1,126,1653,mm10
CCTCCTGGTGATTCGT-1,15613,556,GRCh38
CCTCCTGGTTCCGCAA-1,706,21227,mm10
CCTCCTGGTTCGAGTT-1,28914,917,GRCh38
CCTCGAAGTAGTGACA-1,234,5469,mm10
CCTCGAAGTATTGGAG-1,16156,497,GRCh38
CCTCGAAGTCTAGGCC-1,221,4698,mm10
CCTCGAAGTGGCGACA-1,255,5339,mm10
CCTCGAAGTTTGGACT-1,44910,1335,Multiplet
CCTCGATCAATGTATG-1,323,7000,mm10
CCTCGATCACATGCGA-1,191,3718,mm10
CCTCGATCAGCTACAG-1,67,1129,mm10
CCTCGATCATTAAGTG-1,43542,1374,Multiplet
CCTCGGTTCACGCCAG-1,11471,743,GRCh38
CCTCGGTTCACTAACG-1,306,7802,mm10
CCTCGGTTCCTGCCTA-1,241,5205,mm10
CCTCGTTGTCAGGAGT-1,6926,275,GRCh38
CCTCTAACAAGTCGCA-1,309,8093,mm10
CCTCTAACAGGTTCAG-1,455,10185,mm10
CCTCTAACATCATCTG-1,12356,6507,Multiplet
CCTCTAACATGAAGGA-1,6975,332,GRCh38
CCTCTAACATTACCAT-1,45,529,mm10
CCTCTCAAGCTTACCT-1,22366,809,GRCh38
CCTCTCAAGCTTAGGC-1,279,6507,mm10
CCTCTCAAGGATCATT-1,645,88,GRCh38
CCTCTCAAGGCGAGTA-1,6214,222,GRCh38
CCTCTCAAGGGCTTCG-1,193,2887,mm10
CCTCTCAAGGTATCGC-1,11960,554,GRCh38
CCTCTGATCCAACCGG-1,1579,629,GRCh38
CCTCTGATCCATCGCC-1,1511,195,GRCh38
CCTCTGATCCTTCGAT-1,8281,413,GRCh38
CCTCTGATCGAAGCTC-1,84,1619,mm10
CCTCTTAGTCATGAGA-1,817,142,GRCh38
CCTCTTAGTGAGGCCA-1,14704,592,GRCh38
CCTCTTGAGGTTCACA-1,342,6188,mm10
CCTCTTGAGTGATCTG-1,682,85,GRCh38
CCTGAACAGCGAGTGA-1,27868,1246,Multiplet
CCTGAACAGGAGTCAG-1,612,12277,mm10
CCTGAATGTGCAGTAA-1,398,10123,mm10
CCTGAATGTTATGTCA-1,41415,1344,Multiplet
CCTGAGACAAGCACGC-1,309,7078,mm10
CCTGAGTAGCGGGATA-1,36499,1296,Multiplet
CCTGAGTAGGATGGCA-1,27344,848,GRCh38
CCTGAGTAGGTACCCG-1,420,10779,mm10
CCTGAGTAGTCAGTAT-1,284,6484,mm10
CCTGAGTAGTGATGGG-1,396,9684,mm10
CCTGAGTAGTGCGGAA-1,630,15615,mm10
CCTGATCCAGGGACGA-1,846,17283,mm10
CCTGATCCATTCCTGA-1,489,12389,mm10
CCTGATGGTCTTGCTC-1,100,1340,mm10
CCTGATGGTGCGGCTT-1,3763,281,GRCh38
CCTGATGGTGGCTTGC-1,29566,1117,GRCh38
CCTGATGGTTAGTTGC-1,269,6120,mm10
CCTGATTTCCCCAGGA-1,176,3531,mm10
CCTGATTTCTCACTGT-1,38555,1266,Multiplet
CCTGCAAGTTAAGTCC-1,59,505,mm10
CCTGCAAGTTCGCGGT-1,131,1836,mm10
CCTGCATCATTACAGA-1,315,7745,mm10
CCTGCCACAAGTGCTG-1,912,24087,mm10
CCTGCCACATCAAGTA-1,21795,1182,GRCh38
CCTGCGAAGGTGGAAT-1,223,4707,mm10
CCTGCTCAGCCAATGC-1,177,3895,mm10
CCTGCTCAGCGATCAC-1,12799,569,GRCh38
CCTGCTCAGCGATGGA-1,135,3111,mm10
CCTGCTCAGTGCGCCA-1,13629,518,GRCh38
CCTGGCAAGGTACATT-1,1541,325,GRCh38
CCTGGCTTCAATCCTC-1,1961,356,GRCh38
CCTGGCTTCCGGTTGG-1,6079,171,GRCh38
CCTGGCTTCTCATCCG-1,331,6574,mm10
CCTGGTAGTAACGCTT-1,358,9316,mm10
CCTGGTAGTTCCCAGA-1,542,12408,mm10
CCTGGTAGTTGAGTTC-1,33007,1121,GRCh38
CCTGGTGAGGGTACGA-1,247,5928,mm10
CCTGGTGAGGTTGGGA-1,443,10636,mm10
CCTGGTTCAATCAGTA-1,629,16126,mm10
CCTGGTTCAGGCAACC-1,11331,786,GRCh38
CCTGGTTCATGACTCC-1,234,6166,mm10
CCTGTAAAGAAGGAGA-1,75,843,mm10
CCTGTAAAGGAATCGG-1,6884,364,GRCh38
CCTGTAAAGGATCCCG-1,193,4920,mm10
CCTGTCATCAGGCAGA-1,749,108,GRCh38
CCTGTCATCCGTAGTA-1,256,5078,mm10
CCTGTCATCCTCTCTC-1,135,3623,mm10
CCTGTCATCGAGTACC-1,295,7182,mm10
CCTGTCGCAGGAGCAG-1,17392,538,GRCh38
CCTGTCGCAGGCAGCT-1,189,2969,mm10
CCTGTCGCAGGTTCAG-1,20769,745,GRCh38
CCTGTCGCATGAATGC-1,266,5699,mm10
CCTGTGAGTCAACCTG-1,6306,243,GRCh38
CCTGTGAGTTAGACCT-1,287,5390,mm10
CCTGTGAGTTATGGCT-1,28906,938,GRCh38
CCTGTGAGTTCGCTCT-1,19292,774,GRCh38
CCTGTGAGTTGCATCG-1,251,4660,mm10
CCTGTGGAGAAGGGCC-1,5136,221,GRCh38
CCTGTGGAGTCGAGCT-1,8327,359,GRCh38
CCTGTTGTCACCTACT-1,399,12298,mm10
CCTGTTGTCAGCAATT-1,563,14638,mm10
CCTGTTGTCAGCGGTT-1,16720,693,GRCh38
CCTGTTGTCCTTCGAT-1,1823,42565,mm10
CCTTAATCAAACTACA-1,113,1766,mm10
CCTTAATCAACGTGAT-1,507,12080,mm10
CCTTAATCAAGCGTTG-1,151,2089,mm10
CCTTAGAAGCCAGCAT-1,30514,941,GRCh38
CCTTAGAAGTCATCAG-1,370,8442,mm10
CCTTAGCCATCACACC-1,492,12020,mm10
CCTTATATCAAGTCGC-1,330,7969,mm10
CCTTATATCAGCCACG-1,12098,2370,Multiplet
CCTTATATCATAGATC-1,314,6216,mm10
CCTTATATCCCGCGAA-1,226,4905,mm10
CCTTATATCCGTGTAA-1,250,4469,mm10
CCTTATATCCTCTCAG-1,156,3342,mm10
CCTTATCAGATAGCGG-1,1368,175,GRCh38
CCTTATCAGCGAGGTA-1,121,2727,mm10
CCTTATCAGGTCATTG-1,239,5993,mm10
CCTTATCAGTTAGATC-1,290,7238,mm10
CCTTCCTTCACACCGG-1,65,664,mm10
CCTTCCTTCATATAGC-1,25972,685,GRCh38
CCTTCCTTCCTCATTA-1,34772,1475,Multiplet
CCTTCCTTCGTGCCAG-1,355,8208,mm10
CCTTCCTTCGTTAAGT-1,2321,286,GRCh38
CCTTCGATCCAGAGAG-1,12587,450,GRCh38
CCTTCGATCCCTGTAT-1,3605,395,GRCh38
CCTTCGATCTAATCCC-1,494,13965,mm10
CCTTGAAAGCGATCTA-1,327,8039,mm10
CCTTGAAAGGATCACC-1,335,7101,mm10
CCTTGAGGTATTGCCG-1,51475,1593,Multiplet
CCTTGAGGTTTAGTCA-1,16862,631,GRCh38
CCTTGAGGTTTCCGCT-1,16629,661,GRCh38
CCTTGCATCAATCGGC-1,367,7981,mm10
CCTTGCATCAGGCACT-1,17531,782,GRCh38
CCTTGCATCAGGGACA-1,251,6009,mm10
CCTTGCATCCACCTCA-1,54782,1633,Multiplet
CCTTGCATCGACATTG-1,1004,672,GRCh38
CCTTGGGAGAAGGTGT-1,97099,2247,Multiplet
CCTTGGGAGCGGTCCA-1,214,4687,mm10
CCTTGGGAGGTGCTCG-1,719,15591,mm10
CCTTGGGAGTAAGGTA-1,105,2337,mm10
CCTTGGGAGTGACCAC-1,2580,283,GRCh38
CCTTGGGAGTTACGTG-1,248,5435,mm10
CCTTGGTCATGATAGC-1,255,5227,mm10
CCTTTAATCCGCACGA-1,18627,605,GRCh38
CCTTTAATCTATCTCA-1,31348,944,GRCh38
CCTTTAGCACATTAGA-1,58,726,mm10
CCTTTCAGTTAGTGCT-1,20476,690,GRCh38
CCTTTCAGTTTACCAA-1,28095,879,GRCh38
CCTTTCCTCCACGGCA-1,293,5925,mm10
CCTTTCCTCGCATTAG-1,297,3885,mm10
CCTTTCCTCGTCTACT-1,236,5429,mm10
CCTTTGGTCACGCTCC-1,718,18720,mm10
CCTTTGGTCACGGATC-1,7901,2419,Multiplet
CCTTTGGTCATGCACA-1,652,14092,mm10
CCTTTGGTCGCTGGAT-1,218,1516,mm10
CGAAACCTCAGCAGTC-1,50,750,mm10
CGAAACCTCAGTTCGA-1,9995,388,GRCh38
CGAAACCTCCGCTGAG-1,24603,1149,GRCh38
CGAAACCTCGTTACAG-1,19399,924,GRCh38
CGAACATCAAAGGTTC-1,377,8222,mm10
CGAACATCAATTGGAC-1,11334,691,GRCh38
CGAACATCATAGGCTG-1,143,2993,mm10
CGAACATCATGGTCGA-1,9089,391,GRCh38
CGAACCACAACGGCAC-1,23104,978,GRCh38
CGAACCACATGGTTAA-1,263,5386,mm10
CGAACGAAGCTACCGG-1,311,4400,mm10
CGAACGAAGTAGACTT-1,48416,1586,Multiplet
CGAACGAAGTCAAGTT-1,96,924,mm10
CGAACGGGTCAGCGAG-1,11822,363,GRCh38
CGAACTATCCGGATGT-1,16163,3186,Multiplet
CGAACTTGTCAAGGTA-1,230,5253,mm10
CGAACTTGTGCAGGAT-1,330,8419,mm10
CGAAGCAAGATTAGCT-1,13253,508,GRCh38
CGAAGCAAGTGAGGAT-1,549,468,GRCh38
CGAAGCAAGTGAGGTG-1,2637,93,GRCh38
CGAAGGATCCGGTACG-1,12237,437,GRCh38
CGAAGGATCCGTCACC-1,15097,427,GRCh38
CGAAGTGAGAAGCCAG-1,308,6211,mm10
CGAAGTGAGAAGGAGA-1,8632,319,GRCh38
CGAAGTGAGATTAGGA-1,483,9817,mm10
CGAATAGGTCTGTGAT-1,4193,2579,Multiplet
CGAATAGGTTCAATGC-1,745,19519,mm10
CGAATAGGTTCGTATA-1,609,16594,mm10
CGAATCATCACGCCGA-1,57,644,mm10
CGAATCTGTTGCTTGG-1,313,7035,mm10
CGAATTTAGCGGGATA-1,156,4187,mm10
CGAATTTAGGGTACGA-1,226,4808,mm10
CGACAATCAAACCATA-1,33297,917,GRCh38
CGACAATCAGCTAGTG-1,518,12431,mm10
CGACAATCATGGCTAG-1,484,11412,mm10
CGACACTAGGAACCTC-1,40,754,mm10
CGACACTAGTAATGGA-1,10205,373,GRCh38
CGACACTAGTCAGCTA-1,53803,1532,Multiplet
CGACAGCCATAACCAA-1,21671,782,GRCh38
CGACAGCCATAGACAC-1,231,6310,mm10
CGACAGCCATTAGTGA-1,33478,1366,Multiplet
CGACCAACAATACGCG-1,238,5621,mm10
CGACCATAGAAGGAAG-1,277,5316,mm10
CGACCATAGCTGGAAG-1,116,2255,mm10
CGACCATAGGCGATAG-1,260,5460,mm10
CGACCATAGGCTACCG-1,875,9298,mm10
CGACCATAGGTTCCAA-1,407,8500,mm10
CGACCATAGTAAGGTA-1,54409,1666,Multiplet
CGACCCTTCACTTCGT-1,10160,556,GRCh38
CGACCCTTCCGTGAAC-1,28113,1094,GRCh38
CGACCGATCAGGACTC-1,196,5275,mm10
CGACCGATCCGGAACT-1,1173,828,GRCh38
CGACCGATCGATAGGG-1,18220,677,GRCh38
CGACGTTAGCCTGCTC-1,129,1894,mm10
CGACGTTAGGCACTCG-1,236,4891,mm10
CGACTAATCCCGTACC-1,18259,582,GRCh38
CGACTATGTAGCCTTG-1,342,7103,mm10
CGACTATGTCAACCCA-1,548,14355,mm10
CGACTATGTTAACCGT-1,1974,980,GRCh38
CGACTATGTTATCAGC-1,6216,388,GRCh38
CGACTATGTTTGCGTG-1,126,3111,mm10
CGACTCCTCACCATCT-1,17239,748,GRCh38
CGACTCCTCACCTCGC-1,1811,1399,GRCh38
CGACTCCTCATGCAGC-1,4040,172,GRCh38
CGACTCCTCCAATTCC-1,355,7263,mm10
CGACTCCTCGCTAATG-1,29301,1018,GRCh38
CGACTGACAAATGGGA-1,292,6833,mm10
CGACTGGTCGTGCTCC-1,33077,1015,GRCh38
CGACTGGTCTAGTGCA-1,35472,1131,GRCh38
CGACTTGGTAAGTCGA-1,302,7787,mm10
CGACTTGGTGATCCAT-1,192,4289,mm10
CGACTTGGTTGTAAGG-1,8253,379,GRCh38
CGACTTGGTTGTGCAT-1,1262,29636,mm10
CGAGCAAAGCGAACCT-1,10341,623,GRCh38
CGAGCAAAGCGATTGC-1,52396,1812,Multiplet
CGAGCAAAGTAACCAT-1,384,10070,mm10
CGAGCACCAATCATAG-1,848,20290,mm10
CGAGCACCATTAAGCA-1,40416,1398,Multiplet
CGAGCACCATTCGCTA-1,286,6978,mm10
CGAGCAGGTGAAGCAC-1,12320,450,GRCh38
CGAGCAGGTGCGGACA-1,283,7051,mm10
CGAGCAGGTTCTGTGG-1,649,17604,mm10
CGAGCAGGTTTGATGC-1,22455,1041,GRCh38
CGAGCCATCATCTGGA-1,20829,878,GRCh38
CGAGCCATCCCCTGTA-1,13647,540,GRCh38
CGAGCCATCCTGTATC-1,101,2342,mm10
CGAGCCATCTGTGCTT-1,9959,439,GRCh38
CGAGCCTGTAGTGATG-1,330,6103,mm10
CGAGCCTGTTAGCCAT-1,251,5674,mm10
CGAGCCTGTTGAATGG-1,3527,126,GRCh38
CGAGCCTGTTGGGTCC-1,183,2004,mm10
CGAGCGAGTGGCGCTT-1,17240,618,GRCh38
CGAGCGAGTTCCCTTA-1,23284,953,GRCh38
CGAGGAATCACACCGG-1,219,4806,mm10
CGAGGAATCAGGTCGT-1,23486,542,GRCh38
CGAGGAATCTCACTCG-1,16028,585,GRCh38
CGAGGATGTAATCACC-1,393,8729,mm10
CGAGGATGTTGCGGTC-1,255,5111,mm10
CGAGGATGTTTGCAGT-1,16736,726,GRCh38
CGAGGGACAACTTCGC-1,384,9873,mm10
CGAGGGACAATGTCGG-1,34797,1191,Multiplet
CGAGGGACAGTTGGAT-1,155,3344,mm10
CGAGGGTAGGTGCGTT-1,180,4056,mm10
CGAGGGTAGGTTCAAT-1,28493,899,GRCh38
CGAGGGTAGTAATCGT-1,286,6763,mm10
CGAGTAAGTCCATCCT-1,20063,746,GRCh38
CGAGTAAGTGATCCCA-1,18544,666,GRCh38
CGAGTAAGTTAGCCTG-1,88,930,mm10
CGAGTCCGTAACCCAT-1,1274,175,GRCh38
CGAGTCCGTAACGCAA-1,118,1873,mm10
CGAGTCCGTCTAGTTA-1,324,7305,mm10
CGAGTCCGTGACTTCG-1,10523,8750,Multiplet
CGAGTCCGTGGCGACA-1,428,11385,mm10
CGAGTCCGTTGCATAC-1,30533,1099,GRCh38
CGAGTCCGTTGCTCAG-1,387,10091,mm10
CGATAACCAAGCTCTC-1,118,923,mm10
CGATAACCAATTCACT-1,288,8353,mm10
CGATAACCATGACCCT-1,242,6282,mm10
CGATAACCATGAGCTG-1,181,3363,mm10
CGATAGCTCAGTTGAT-1,277,6400,mm10
CGATAGCTCCATCGAA-1,336,6828,mm10
CGATAGCTCGCGAGTT-1,58437,1687,Multiplet
CGATAGTCATAGGTGT-1,37442,1351,Multiplet
CGATCAATCCCCTGAC-1,243,5282,mm10
CGATCAATCCTGCGAG-1,19990,754,GRCh38
CGATCAATCTATCACC-1,398,4889,mm10
CGATCAATCTTGACAG-1,17913,577,GRCh38
CGATCACAGATTCCTC-1,18266,762,GRCh38
CGATCACAGATTGGCC-1,20932,924,GRCh38
CGATCACAGCATGACC-1,685,16614,mm10
CGATCACAGGCACAGA-1,242,6162,mm10
CGATCAGCATGAGCCA-1,32212,1007,GRCh38
CGATCAGCATGGCCTT-1,19594,810,GRCh38
CGATCCCTCACATAGT-1,294,7462,mm10
CGATCCCTCACTTGAG-1,7804,367,GRCh38
CGATCCCTCAGTTCCT-1,21086,839,GRCh38
CGATCCCTCCGGTTCC-1,21168,889,GRCh38
CGATCCCTCGCTTGCC-1,16450,727,GRCh38
CGATCCTCAAGTAAGG-1,344,7715,mm10
CGATCTAAGCCTATCT-1,28602,928,GRCh38
CGATCTAAGTGAGCGA-1,435,8712,mm10
CGATCTAAGTTGCAGC-1,316,6163,mm10
CGATGAGAGGATGTGG-1,26810,776,GRCh38
CGATGGGGTAAGGGCT-1,25632,593,GRCh38
CGATGGGGTGGGTCTC-1,14226,727,GRCh38
CGATGGGGTTGGATTC-1,24639,866,GRCh38
CGATGGTTCACTTCGT-1,289,5056,mm10
CGATGGTTCAGGAAGT-1,704,16289,mm10
CGATGGTTCCAGCCCT-1,953,23688,mm10
CGATGGTTCCGGTAAC-1,1063,217,GRCh38
CGATGGTTCGTAATCG-1,115,2218,mm10
CGATGTCAGCGCAATC-1,13094,682,GRCh38
CGATGTCAGTGATGGG-1,7917,449,GRCh38
CGATGTTGTAACTGTC-1,18102,707,GRCh38
CGATGTTGTGAGGTAC-1,22153,831,GRCh38
CGATGTTGTTGAGTAG-1,364,8193,mm10
CGATGTTGTTGCCTAG-1,16526,686,GRCh38
CGATGTTGTTGTAAGG-1,399,8854,mm10
CGATGTTGTTTCGCTC-1,13737,690,GRCh38
CGATTAACAACCTGAG-1,692,18613,mm10
CGATTAACAAGCGCGT-1,18624,786,GRCh38
CGATTAACAGGACTAT-1,24957,847,GRCh38
CGATTAACAGGATGCC-1,330,2936,mm10
CGATTAACATAGAGGA-1,553,12819,mm10
CGATTAACATTACAGA-1,14974,483,GRCh38
CGATTACGTAATCGCT-1,407,11238,mm10
CGATTACGTTAGCCGC-1,401,11063,mm10
CGATTAGTCTAGCGCG-1,8976,430,GRCh38
CGATTATAGCCACGAT-1,4323,294,GRCh38
CGATTATAGCCTGAAC-1,481,10770,mm10
CGATTATAGGATCAGG-1,12900,529,GRCh38
CGATTCAAGCGGACTT-1,1773,1017,GRCh38
CGATTCAAGGCTCCAG-1,474,9999,mm10
CGATTCAAGTCAATCG-1,380,9402,mm10
CGATTCAAGTGAGCCT-1,10535,405,GRCh38
CGATTTAGTAACGGTA-1,15985,781,GRCh38
CGATTTAGTAATCCCG-1,24715,904,GRCh38
CGATTTAGTAGGTAGC-1,136,2901,mm10
CGATTTAGTGCACGCT-1,154,4300,mm10
CGATTTGAGCCGACCA-1,267,7476,mm10
CGATTTGAGCTGGAAG-1,409,8591,mm10
CGATTTGAGTATGGCC-1,318,6954,mm10
CGCAAATCATCCATAT-1,17847,788,GRCh38
CGCAAATCATTCATGT-1,537,12596,mm10
CGCAACTAGATTGAGA-1,151,2556,mm10
CGCAACTAGGCTCCAG-1,16877,791,GRCh38
CGCAACTAGTAGACCC-1,44476,1352,Multiplet
CGCAATATCTAACCAG-1,271,5050,mm10
CGCAATTGTATTGCTA-1,19674,727,GRCh38
CGCAATTGTCATCGCA-1,174,3574,mm10
CGCAATTGTTGACTCG-1,328,8386,mm10
CGCAATTGTTGGCTAT-1,17414,750,GRCh38
CGCACAACAACGGTAT-1,864,22567,mm10
CGCACCTTCAGGTCTA-1,226,4687,mm10
CGCACCTTCAGTTCCT-1,2288,242,GRCh38
CGCACCTTCCAACCTT-1,344,8376,mm10
CGCACCTTCCACCTGC-1,188,3960,mm10
CGCACCTTCGCTATGA-1,236,4623,mm10
CGCACGATCCAACTTC-1,271,7045,mm10
CGCACGATCCGGGTCA-1,22184,744,GRCh38
CGCACGATCTGTGGCG-1,197,5022,mm10
CGCACTTCAAATCCAA-1,217,4664,mm10
CGCACTTCAATCTCCA-1,279,7525,mm10
CGCACTTCATTAGCAA-1,466,12193,mm10
CGCAGATTCATGTGCA-1,94,1571,mm10
CGCAGATTCCATTGCT-1,1083,24225,mm10
CGCAGATTCGATGCGT-1,323,5558,mm10
CGCAGCTGTAAGCGCG-1,379,7668,mm10
CGCAGCTGTAGTGCCC-1,50,638,mm10
CGCAGCTGTATTGGTC-1,361,8273,mm10
CGCAGCTGTGCACGTC-1,945,172,GRCh38
CGCAGCTGTTAGAGGC-1,6560,276,GRCh38
CGCAGCTGTTCAAGGA-1,333,7943,mm10
CGCAGCTGTTGCGGAG-1,268,4940,mm10
CGCAGGTCAACATAGC-1,24006,893,GRCh38
CGCAGGTCAGGCTTAG-1,15406,540,GRCh38
CGCAGGTCATTACTCG-1,307,7092,mm10
CGCAGTTAGCTATCCT-1,171,3520,mm10
CGCAGTTAGGAGGACC-1,1991,433,GRCh38
CGCAGTTAGTCGACCG-1,1227,159,GRCh38
CGCAGTTAGTGAAGCG-1,52,510,mm10
CGCAGTTAGTTAGGCC-1,16001,544,GRCh38
CGCATAATCAATCGGC-1,289,6928,mm10
CGCATAATCTATCGGA-1,14384,1920,Multiplet
CGCATAATCTGGTGAC-1,290,7250,mm10
CGCATAGCATCCACGT-1,4745,173,GRCh38
CGCATATGTTCACCGA-1,321,7384,mm10
CGCATATGTTGGCGAG-1,13570,512,GRCh38
CGCATATGTTGGCGTC-1,195,3780,mm10
CGCATATGTTGGCTGC-1,49188,1484,Multiplet
CGCATCAGTTGCATAC-1,1116,208,GRCh38
CGCATCCTCAATGGCC-1,182,3965,mm10
CGCATCCTCCTTAGAG-1,379,9523,mm10
CGCATCCTCTAAGTAC-1,225,5174,mm10
CGCATCTCAATGCGTG-1,24120,745,GRCh38
CGCATCTCATGGATTA-1,270,7049,mm10
CGCATGGTCATAGAGA-1,15588,569,GRCh38
CGCATGGTCCGTGGAT-1,101,1748,mm10
CGCATGGTCGCATGTA-1,181,4560,mm10
CGCATGGTCGCTATGA-1,469,13427,mm10
CGCATGGTCTCATCCG-1,32791,1053,GRCh38
CGCATTCCACATTCGC-1,198,5070,mm10
CGCATTCCAGGCAGAG-1,612,17294,mm10
CGCCAAGTCAGCCATA-1,11870,13148,Multiplet
CGCCAAGTCCAGCACG-1,395,10303,mm10
CGCCAAGTCCATGAAT-1,725,19310,mm10
CGCCAATAGCATCACA-1,22898,850,GRCh38
CGCCAATAGGATAGCG-1,258,4612,mm10
CGCCAATAGGTGAGAT-1,23884,816,GRCh38
CGCCAATAGTTGCGGT-1,5831,318,GRCh38
CGCCACAAGATAGTCT-1,174,3555,mm10
CGCCACAAGGTGATCC-1,17665,537,GRCh38
CGCCACAAGTCAACTG-1,17918,645,GRCh38
CGCCACTTCCAGCGAT-1,2560,295,GRCh38
CGCCACTTCGCTGATA-1,7023,6881,Multiplet
CGCCATAGTAACGGGT-1,256,6475,mm10
CGCCATAGTGGCCTGT-1,16949,682,GRCh38
CGCCATGAGCGATCAC-1,143,2903,mm10
CGCCATGAGGGCTACT-1,100,798,mm10
CGCCATTCAGCTCGAA-1,740,21419,mm10
CGCCCAAAGATTCGCA-1,503,12237,mm10
CGCCCAAAGCCAGTTA-1,10603,565,GRCh38
CGCCCAAAGTCGATGC-1,77,579,mm10
CGCCCAAAGTGAAGGT-1,2676,293,GRCh38
CGCCCATTCACAGACC-1,19991,891,GRCh38
CGCCCATTCCAGCGTG-1,26831,861,GRCh38
CGCCCATTCCCTCTCT-1,8576,346,GRCh38
CGCCCATTCCGTAATG-1,304,7123,mm10
CGCCCATTCGAGGTCT-1,390,8419,mm10
CGCCCATTCGATTACG-1,14481,457,GRCh38
CGCCCATTCTATGGGC-1,628,16384,mm10
CGCCCTTAGGCGAGGT-1,218,4640,mm10
CGCCCTTAGGCTCCGA-1,160,2009,mm10
CGCCTAAGTTTACGAC-1,1552,99,GRCh38
CGCCTAGAGGTGGAGC-1,212,4851,mm10
CGCCTAGAGTCAGTCA-1,3952,209,GRCh38
CGCCTCACAATTAACG-1,157,3744,mm10
CGCCTGAAGCCCTGGA-1,31383,1340,Multiplet
CGCCTGAAGTAGAGAC-1,3287,385,GRCh38
CGCCTGTTCGTTCATC-1,26059,1070,GRCh38
CGCCTTGCAGGTTGCA-1,249,5036,mm10
CGCCTTGCATCAAGTA-1,40440,1173,GRCh38
CGCCTTGCATTAGGAC-1,2372,113,GRCh38
CGCGAACCAAGCCACA-1,12155,537,GRCh38
CGCGATTAGGAGGTAT-1,13289,578,GRCh38
CGCGATTAGGTAGTGG-1,36251,1304,Multiplet
CGCGATTAGTAGTCGC-1,266,6109,mm10
CGCGATTAGTGAAGGT-1,20176,650,GRCh38
CGCGCAATCGCTCTAT-1,27403,846,GRCh38
CGCGGTTGTTAGTGTC-1,11167,520,GRCh38
CGCGGTTGTTGCGTAT-1,116,2848,mm10
CGCGTACGTAGCTAAG-1,177,3195,mm10
CGCGTACGTTAGGTGA-1,16812,537,GRCh38
CGCGTACGTTTACTAG-1,18300,575,GRCh38
CGCGTCAAGGTATCGC-1,210,4455,mm10
CGCGTCAAGTTACGAT-1,261,6350,mm10
CGCGTTAGTAGCCTGC-1,30673,1017,GRCh38
CGCGTTAGTCAACGAA-1,28610,909,GRCh38
CGCGTTAGTCAGCTCA-1,177,4271,mm10
CGCGTTAGTGCGCGAA-1,302,7574,mm10
CGCGTTAGTTCGTCCT-1,72,1643,mm10
CGCGTTAGTTGCGGTC-1,350,8672,mm10
CGCTAAATCCGTGGAT-1,2766,679,GRCh38
CGCTAAATCGCGCACA-1,2355,515,GRCh38
CGCTAAATCGCTGATA-1,24104,887,GRCh38
CGCTAAATCTGGATAT-1,11636,607,GRCh38
CGCTAACAGAAGGTTA-1,72,1263,mm10
CGCTAACAGGAATGTA-1,9029,373,GRCh38
CGCTAACAGGGCTATC-1,185,3309,mm10
CGCTAACAGGTAGCGA-1,10848,850,GRCh38
CGCTAACAGTTAGCGC-1,13487,451,GRCh38
CGCTAATGTAGCCCGT-1,15172,615,GRCh38
CGCTAATGTAGGTTAG-1,22689,870,GRCh38
CGCTAATGTGCACGCT-1,5768,310,GRCh38
CGCTAATGTTCACCGA-1,444,10401,mm10
CGCTACCTCATGATCG-1,318,6839,mm10
CGCTACCTCGTGCTCC-1,368,8756,mm10
CGCTACCTCTATCCAC-1,76,2022,mm10
CGCTACCTCTGGTCGG-1,23988,911,GRCh38
CGCTACTCACATTGAA-1,15581,672,GRCh38
CGCTACTCACCTCGAT-1,81900,1974,Multiplet
CGCTATGGTCTAGCCA-1,613,5879,mm10
CGCTATGGTTCCCGAA-1,38052,1315,Multiplet
CGCTATGGTTGCTCAG-1,296,7452,mm10
CGCTATGGTTTAGGCT-1,4393,399,GRCh38
CGCTCATCACTATATC-1,10544,823,GRCh38
CGCTCATCACTCGCTG-1,11730,466,GRCh38
CGCTCCACAAGTAGAG-1,258,6950,mm10
CGCTCCACAGGCAATT-1,31061,3444,Multiplet
CGCTGATAGCCAGACT-1,748,149,GRCh38
CGCTGATAGGCGAATG-1,14530,525,GRCh38
CGCTGATAGGTTACTG-1,115,3006,mm10
CGCTGATAGTCAGTCA-1,301,6787,mm10
CGCTGATAGTTGGTTG-1,317,8723,mm10
CGCTGCAAGGCTTCCC-1,145,592,mm10
CGCTGCAAGTAGGGCA-1,58,727,mm10
CGCTGCTTCAATGGAA-1,6639,195,GRCh38
CGCTGCTTCTCATCAC-1,4364,204,GRCh38
CGCTGGATCCGCACCT-1,1234,230,GRCh38
CGCTGGATCCTGCGCT-1,157,2499,mm10
CGCTGGATCGATCCAA-1,388,9804,mm10
CGCTGTGAGGATTCGC-1,194,3710,mm10
CGCTGTGAGGCAAGCA-1,389,5537,mm10
CGCTGTGAGGTTGGCT-1,26495,29009,Multiplet
CGCTGTTCAAACTGCG-1,160,3574,mm10
CGCTGTTCAAAGGGTA-1,9756,322,GRCh38
CGCTGTTCAATTCAGA-1,15432,459,GRCh38
CGCTGTTCAGGTAGTT-1,1942,501,GRCh38
CGCTTAGGTGCAATCT-1,16509,766,GRCh38
CGCTTAGGTGGAGAGA-1,421,10383,mm10
CGCTTAGGTGGGTTGG-1,25831,910,GRCh38
CGCTTAGGTTAATGCC-1,187,3221,mm10
CGCTTAGGTTGAAGCA-1,4113,411,GRCh38
CGCTTCATCACATGAT-1,26750,777,GRCh38
CGCTTCATCACTCATC-1,575,15095,mm10
CGCTTCATCTTGAGGC-1,245,4308,mm10
CGCTTGCTCCCCATTG-1,306,6869,mm10
CGGAAAGTCATATCGG-1,12203,7477,Multiplet
CGGAAAGTCGATTAGT-1,24442,8203,Multiplet
CGGAACCCAAGCGAGG-1,11541,519,GRCh38
CGGAACCCACAGCATG-1,416,9731,mm10
CGGAACCCACTATGAA-1,23222,836,GRCh38
CGGAACCCACTCAAGG-1,501,12653,mm10
CGGAACGGTAACCCAT-1,16300,550,GRCh38
CGGAACGGTCTTGCAG-1,28898,909,GRCh38
CGGAACGGTGCACGTC-1,3048,204,GRCh38
CGGACAGGTAACCACT-1,282,3805,mm10
CGGACAGGTAACGAGC-1,295,6852,mm10
CGGACAGGTATGTAGG-1,323,7627,mm10
CGGACAGGTTGCTTCC-1,400,7964,mm10
CGGACATTCACGTAAT-1,682,7852,mm10
CGGACTTAGAATCACT-1,163,2719,mm10
CGGACTTAGATAGTCT-1,205,4909,mm10
CGGACTTAGTGAGCCT-1,235,4370,mm10
CGGATAAGTAACCACT-1,1226,392,GRCh38
CGGATAAGTCATTAGC-1,399,9247,mm10
CGGATAAGTGGCGCTT-1,433,9610,mm10
CGGATAAGTTACACCG-1,349,9444,mm10
CGGATAAGTTACACGT-1,2256,620,GRCh38
CGGATAAGTTAGCGAA-1,1225,6860,mm10
CGGATAAGTTCCTCGT-1,11699,5451,Multiplet
CGGATAAGTTCTGTCC-1,301,7093,mm10
CGGATCACACCATCTA-1,19662,522,GRCh38
CGGATCACACTCATAT-1,102,2215,mm10
CGGATTCAGCTAAGGG-1,4561,273,GRCh38
CGGCAAGGTTGAATCC-1,9839,4234,Multiplet
CGGCATTAGAACGGAT-1,70,1673,mm10
CGGCATTAGATTGCAT-1,139,3274,mm10
CGGCATTAGGAGCCAA-1,20412,704,GRCh38
CGGCATTAGTAAGCGG-1,17128,672,GRCh38
CGGCCAATCACACTAG-1,11017,666,GRCh38
CGGCCAATCTAATGAC-1,433,12163,mm10
CGGCCAATCTCACAGA-1,31551,1113,GRCh38
CGGCCTAAGCAACCGT-1,3121,361,GRCh38
CGGCCTAAGGCTCCGA-1,20692,1106,GRCh38
CGGCCTAAGGTAACTT-1,76,741,mm10
CGGCCTAAGTCATGGC-1,490,10252,mm10
CGGCCTAAGTTAGACT-1,759,167,GRCh38
CGGCTAACAGCAGTTG-1,399,9914,mm10
CGGCTAACATGGTGCA-1,342,9811,mm10
CGGCTAGTCTCACTGT-1,283,6667,mm10
CGGCTCAAGATTAAGG-1,65,1091,mm10
CGGCTCAAGGTGAGCA-1,193,4663,mm10
CGGCTGATCACTTGAG-1,426,10469,mm10
CGGCTGATCATAGGAA-1,712,16858,mm10
CGGCTGATCCCGTACC-1,205,4301,mm10
CGGCTGATCCTCATAC-1,305,6930,mm10
CGGCTGATCGTAACTG-1,15958,622,GRCh38
CGGCTGATCTATGAAC-1,261,6833,mm10
CGGCTTAGTATAGTCC-1,10547,454,GRCh38
CGGCTTAGTGACGAAC-1,1531,37425,mm10
CGGCTTGAGCAAGGGC-1,229,4795,mm10
CGGCTTGAGGCAATGG-1,27313,811,GRCh38
CGGGACTCAAATGCGT-1,21054,632,GRCh38
CGGGACTCAACTAAGC-1,644,18264,mm10
CGGGACTCAAGTCGGC-1,380,8928,mm10
CGGGACTCAAGTGGTT-1,727,16034,mm10
CGGGATGGTAATGCTC-1,34237,1163,GRCh38
CGGGATGGTCAGTTCG-1,538,10682,mm10
CGGGCAAGTCAACTAC-1,789,22613,mm10
CGGGCAAGTCAGCGGA-1,414,6493,mm10
CGGGCAAGTTCGGTTG-1,555,2166,mm10
CGGGCTATCACCTTAC-1,10442,266,GRCh38
CGGGCTATCAGTATCG-1,338,7550,mm10
CGGGCTATCGCTTCCA-1,422,9486,mm10
CGGGCTTGTAGCTAAG-1,20758,731,GRCh38
CGGGCTTGTGAGTAGC-1,248,5725,mm10
CGGGCTTGTGAGTTAG-1,188,3395,mm10
CGGGGAACAACGGGTC-1,13635,667,GRCh38
CGGGGATAGAACGGGC-1,82664,1905,Multiplet
CGGGGATAGGATCACC-1,14637,629,GRCh38
CGGGGATAGGTACAGG-1,244,5629,mm10
CGGGGTAGTAACTTCA-1,255,3749,mm10
CGGGGTAGTAGCCTCA-1,30699,1156,GRCh38
CGGGGTAGTGACGAAC-1,589,13558,mm10
CGGGGTAGTGATCCAT-1,13686,644,GRCh38
CGGGTAAAGAAGGGTT-1,30670,583,GRCh38
CGGGTAAAGGTTAGCC-1,12605,495,GRCh38
CGGGTAGGTATGGCCC-1,10659,345,GRCh38
CGGGTAGGTTCGCCTT-1,10894,448,GRCh38
CGGGTCATCACGGACT-1,22105,880,GRCh38
CGGGTCATCCACCATT-1,585,13683,mm10
CGGGTCATCCGGAACT-1,270,5036,mm10
CGGGTCATCTATCACC-1,222,5709,mm10
CGGGTGAGTAGGTTAG-1,24765,789,GRCh38
CGGGTGAGTGAAGCTA-1,9256,357,GRCh38
CGGGTGAGTGCACCGT-1,248,5180,mm10
CGGGTGAGTGCAGCGA-1,392,8314,mm10
CGGGTGAGTTGTGCTG-1,1917,282,GRCh38
CGGGTTACACAACCCT-1,121,1907,mm10
CGGGTTACATGGCCTT-1,28850,1174,GRCh38
CGGGTTTAGCGAACTC-1,261,2189,mm10
CGGGTTTAGTGCCGTG-1,23770,983,GRCh38
CGGTAAAGTAAGGTAT-1,930,21393,mm10
CGGTAAAGTAATGTCC-1,387,9570,mm10
CGGTAAAGTTCCAGGC-1,276,4217,mm10
CGGTAATCACTTACAT-1,6241,601,GRCh38
CGGTAATCATTGCGTC-1,19923,781,GRCh38
CGGTATATCACCAGTA-1,270,5967,mm10
CGGTATATCAGCGAAG-1,3771,420,GRCh38
CGGTATATCTAACTCC-1,17811,640,GRCh38
CGGTATTGTCTAGAGA-1,528,10266,mm10
CGGTATTGTCTGTCCT-1,16568,788,GRCh38
CGGTATTGTTCGTGAT-1,15329,615,GRCh38
CGGTATTGTTGTGATC-1,5664,443,GRCh38
CGGTCAACATCGCTCG-1,254,5625,mm10
CGGTGAAAGGTGCAGA-1,80,682,mm10
CGGTGAGGTTGAGTAG-1,872,75,GRCh38
CGGTGCATCATCGAAT-1,43704,1696,Multiplet
CGGTGCATCATCTACC-1,14536,640,GRCh38
CGGTGCATCCATCGGG-1,7589,549,GRCh38
CGGTGCATCCCGTGAG-1,226,5331,mm10
CGGTGCATCCTCACGC-1,317,7151,mm10
CGGTGCATCCTCGTTG-1,14023,10495,Multiplet
CGGTGCATCCTGCCGT-1,15244,659,GRCh38
CGGTGTTAGCCCTTGC-1,2547,2342,Multiplet
CGGTGTTAGCTAAGTT-1,1022,25623,mm10
CGGTGTTAGTCGATCA-1,5464,268,GRCh38
CGGTGTTAGTGCCTAA-1,15648,15199,Multiplet
CGGTTAATCATCTAGG-1,627,17120,mm10
CGGTTAATCCCGTGTC-1,55,962,mm10
CGGTTAATCCGTTACT-1,1061,26523,mm10
CGGTTAATCGAAGGGC-1,72,617,mm10
CGGTTAATCGACCAGT-1,9501,18072,Multiplet
CGGTTAATCTGGATGC-1,679,18025,mm10
CGGTTAATCTGGTCCC-1,277,6207,mm10
CGGTTAGCACAAGCCA-1,17161,621,GRCh38
CGGTTAGCACAGCAAT-1,12857,532,GRCh38
CGGTTAGCACAGCAGC-1,20269,757,GRCh38
CGGTTAGCAGCTCGAA-1,2269,438,GRCh38
CGGTTCCTCACGGAGA-1,21112,730,GRCh38
CGGTTCCTCCAGGCCA-1,788,16183,mm10
CGGTTCTCAAGTAACC-1,170,3519,mm10
CGGTTTCCAAACTGCG-1,87122,1853,Multiplet
CGGTTTCCACCTTGGT-1,150,2822,mm10
CGGTTTCCATTCGCTA-1,215,4021,mm10
CGGTTTCCATTCGTTG-1,14099,694,GRCh38
CGGTTTGGTGCGCCAT-1,986,101,GRCh38
CGGTTTGGTGCGCGAA-1,5357,778,GRCh38
CGTAAACCAGGACTAT-1,28000,797,GRCh38
CGTAAAGGTATGTAGG-1,460,11071,mm10
CGTAAATTCCGCACCT-1,1814,184,GRCh38
CGTAAATTCCTCATAC-1,69,1090,mm10
CGTAAATTCCTTCATA-1,10709,424,GRCh38
CGTAAATTCTCACCGC-1,236,6303,mm10
CGTAACATCAGTAATC-1,5905,1808,Multiplet
CGTAACATCCCGCTAC-1,10760,506,GRCh38
CGTAATGTCCTCGATT-1,408,10452,mm10
CGTAATGTCCTGCTGC-1,405,10660,mm10
CGTAATGTCGAGTACC-1,15969,514,GRCh38
CGTAATGTCGTGCATA-1,28017,946,GRCh38
CGTAATGTCTCATCGT-1,25014,1086,GRCh38
CGTAATTAGCTTACAG-1,23330,842,GRCh38
CGTAATTAGGTACGTC-1,389,8462,mm10
CGTACAGCAAATGGAG-1,4154,139,GRCh38
CGTACAGCAACCATCC-1,6638,1162,GRCh38
CGTACAGCACTAATGA-1,7431,416,GRCh38
CGTACAGCAGCAGTTG-1,18685,846,GRCh38
CGTACAGCATAGATTG-1,23647,819,GRCh38
CGTACCCTCCCGCAAG-1,56,787,mm10
CGTACCCTCGCATCAA-1,13005,508,GRCh38
CGTACCCTCTAACCTC-1,211,4787,mm10
CGTACCTCACATGCTC-1,9793,660,GRCh38
CGTACCTCACATTCAT-1,206,3709,mm10
CGTACCTCAGCACCTT-1,6435,589,GRCh38
CGTACCTCATGCAGGC-1,29112,913,GRCh38
CGTACGTAGCTTACAG-1,128,2591,mm10
CGTACGTAGGTGCTGT-1,137,2741,mm10
CGTACGTAGTGGGTCT-1,291,7127,mm10
CGTACTAAGAATCAAG-1,311,6118,mm10
CGTACTAAGATTCGTG-1,937,615,GRCh38
CGTACTAAGCCGATGT-1,16477,622,GRCh38
CGTACTAAGGTTGCTA-1,722,181,GRCh38
CGTACTGGTAAGCTGA-1,382,9913,mm10
CGTACTGGTATTGCAC-1,33960,1097,GRCh38
CGTACTGGTGATAGCA-1,7196,344,GRCh38
CGTACTGGTTTACATG-1,370,8210,mm10
CGTAGGCCATTAGCAA-1,559,13510,mm10
CGTAGGGGTAAGCAGC-1,8236,430,GRCh38
CGTAGGGGTTATCATG-1,89,835,mm10
CGTAGGTTCCGTAGCG-1,265,6888,mm10
CGTAGGTTCCTGAGTA-1,148,2809,mm10
CGTAGTTGTAGTGCTT-1,257,5247,mm10
CGTAGTTGTATGTGAG-1,577,12481,mm10
CGTAGTTGTGAGACAC-1,270,7470,mm10
CGTAGTTGTTAATCTG-1,97,1363,mm10
CGTAGTTGTTAGCTCG-1,694,106,GRCh38
CGTAGTTGTTGAGGTA-1,166,981,mm10
CGTAGTTGTTGCTCAG-1,366,9138,mm10
CGTAGTTGTTTCCGAG-1,2026,403,GRCh38
CGTATATAGCCAGGAA-1,50210,1074,GRCh38
CGTATATAGCGGATTC-1,46983,1431,Multiplet
CGTATATAGGTTCATG-1,247,5466,mm10
CGTATCCCAAACTCAA-1,729,19190,mm10
CGTATCCCAATTACGA-1,207,4423,mm10
CGTATCCCAGGAGCAG-1,332,7872,mm10
CGTATGATCATGGATT-1,725,18155,mm10
CGTATGATCGTAGTTG-1,14278,506,GRCh38
CGTATTAGTAGGCCAG-1,14107,686,GRCh38
CGTATTAGTAGGTGCG-1,155,2955,mm10
CGTATTAGTATGGAGC-1,12020,619,GRCh38
CGTATTAGTTGCATAC-1,867,21931,mm10
CGTATTAGTTGTAAGG-1,8108,445,GRCh38
CGTATTAGTTTACGCG-1,103,2115,mm10
CGTATTGAGAACGACG-1,997,468,GRCh38
CGTATTGAGGGTACGA-1,19437,768,GRCh38
CGTATTGAGTAAGTGA-1,537,14071,mm10
CGTATTGAGTCGATGC-1,204,4193,mm10
CGTATTGAGTTGCTGA-1,15869,20457,Multiplet
CGTCAAATCAGCGGAA-1,6039,262,GRCh38
CGTCAAATCAGTTGGC-1,16113,695,GRCh38
CGTCAAATCTAATGGT-1,9845,507,GRCh38
CGTCAATGTAGTAACG-1,1020,206,GRCh38
CGTCAATGTCTAAGGA-1,2927,750,GRCh38
CGTCAATGTTGAGGCG-1,71,1474,mm10
CGTCAATGTTTGGGTT-1,514,13281,mm10
CGTCACCTCAGGTCCG-1,366,10316,mm10
CGTCACCTCATCTCTA-1,347,8981,mm10
CGTCAGGTCGATACGC-1,107,1948,mm10
CGTCATAAGCCAGAGA-1,351,6731,mm10
CGTCATAAGGAGCTGA-1,173,3618,mm10
CGTCATAAGGCAACTC-1,17919,680,GRCh38
CGTCATAAGGTGCTCG-1,84,1265,mm10
CGTCATAAGTCAGTTG-1,5348,271,GRCh38
CGTCATAAGTGCCTAA-1,328,7173,mm10
CGTCATGGTAGCTATC-1,14232,536,GRCh38
CGTCATGGTGATGGGT-1,532,13532,mm10
CGTCATTTCACACCTT-1,28102,988,GRCh38
CGTCATTTCACATTCC-1,5069,469,GRCh38
CGTCATTTCACTCGAA-1,1568,48842,mm10
CGTCATTTCTAAGCTG-1,10151,449,GRCh38
CGTCCAAGTAGTAGCA-1,70444,2329,Multiplet
CGTCCATCATAGATGC-1,57,816,mm10
CGTCCATCATGGATAC-1,421,9864,mm10
CGTCCCACACTAACGG-1,56913,1711,Multiplet
CGTCCGTTCAGGCTAC-1,12564,2818,Multiplet
CGTCCGTTCATCTAGG-1,7992,347,GRCh38
CGTCCGTTCCCAATTC-1,185,2870,mm10
CGTCCTCAGGAGTATA-1,437,10204,mm10
CGTCCTCAGGGCAGTA-1,16918,831,GRCh38
CGTCCTCAGGGTATCC-1,62,591,mm10
CGTCCTCAGTCATCAG-1,334,7417,mm10
CGTCCTCAGTCTCTGT-1,366,9154,mm10
CGTCCTCAGTGCCTAA-1,254,5663,mm10
CGTCCTCAGTTGGTAT-1,25878,1014,GRCh38
CGTCCTGCAACCAACG-1,1191,39836,mm10
CGTCCTGCAATGAGCT-1,15033,525,GRCh38
CGTCGCTTCCGCATGG-1,46659,1318,Multiplet
CGTCGCTTCCGGTAAC-1,266,5004,mm10
CGTCGCTTCGTACAGC-1,980,25293,mm10
CGTCGTAGTGCGTACC-1,105,1959,mm10
CGTCGTTCAAACCGGC-1,240,5851,mm10
CGTCGTTCAAACTATG-1,192,3707,mm10
CGTCGTTCAAGGGATA-1,235,4561,mm10
CGTCGTTCAATCCCGT-1,39257,10246,Multiplet
CGTCGTTCACTAACCC-1,221,5757,mm10
CGTCTATTCAGGCACT-1,167,4248,mm10
CGTCTATTCGAGTCCG-1,26510,1003,GRCh38
CGTCTCATCCGCTGAG-1,136,2827,mm10
CGTCTCATCCTCACGC-1,6757,370,GRCh38
CGTCTTGTCACCATAG-1,16624,601,GRCh38
CGTCTTGTCCGCGTAG-1,57,1110,mm10
CGTCTTGTCGAAGCTC-1,207,5547,mm10
CGTCTTGTCTCACATC-1,13972,522,GRCh38
CGTGAAAGTTAGCCGC-1,59,1002,mm10
CGTGACCGTAACGAGC-1,16733,588,GRCh38
CGTGACCGTGAACCGG-1,13133,470,GRCh38
CGTGACCGTGAGCGCA-1,4193,4077,Multiplet
CGTGAGAAGCCCTACC-1,268,4927,mm10
CGTGAGAAGGCGATTC-1,1441,146,GRCh38
CGTGAGAAGGTGATCC-1,16601,467,GRCh38
CGTGAGAAGTGGGTTC-1,20995,746,GRCh38
CGTGAGGGTCAGCCGT-1,243,5211,mm10
CGTGAGGGTGCAATGA-1,562,15738,mm10
CGTGATTGTAGGTGAC-1,173,3817,mm10
CGTGATTGTGAGCACG-1,21135,806,GRCh38
CGTGATTGTTCCAGCA-1,726,173,GRCh38
CGTGCCTTCTGGTAGC-1,444,5265,mm10
CGTGCTAGTGGCCATC-1,488,15388,mm10
CGTGCTGAGTGCGGAA-1,122,3066,mm10
CGTGCTGAGTTGCACA-1,248,5476,mm10
CGTGGCTGTAGGCTGG-1,406,10864,mm10
CGTGGCTGTTAGGCAA-1,405,7992,mm10
CGTGGGTCAACTACTT-1,17502,646,GRCh38
CGTGGGTCACTAGGAT-1,216,4778,mm10
CGTGGGTCACTCAGCT-1,399,9102,mm10
CGTGGTTAGGTTCAGC-1,151,2337,mm10
CGTGGTTAGTACGGGA-1,814,19923,mm10
CGTGTATGTAGTTGAG-1,66,1407,mm10
CGTGTATGTATGGTTC-1,1684,140,GRCh38
CGTGTATGTGAGGAGA-1,9968,385,GRCh38
CGTGTATGTTAACCCG-1,6838,239,GRCh38
CGTGTATGTTGCGTAT-1,74,1660,mm10
CGTGTCAGTTAAGCCT-1,203,3767,mm10
CGTGTCAGTTGAGGTA-1,95,2372,mm10
CGTGTTAAGCATGGTC-1,35638,9221,Multiplet
CGTGTTAAGGGTTGGA-1,140,3317,mm10
CGTGTTGGTATGGTTC-1,5589,242,GRCh38
CGTGTTGGTATGTGAG-1,8457,213,GRCh38
CGTGTTGGTTAGTGAG-1,25,515,mm10
CGTGTTGGTTCGTGTG-1,4953,162,GRCh38
CGTTAATAGCATGCAC-1,19484,757,GRCh38
CGTTAATAGTATGAGA-1,187,4890,mm10
CGTTACCCATCACGGA-1,29390,813,GRCh38
CGTTACCCATCCAACC-1,6027,326,GRCh38
CGTTACTTCTAAGCAT-1,26301,766,GRCh38
CGTTATAGTTGCTCCT-1,666,16710,mm10
CGTTATGAGCCATCAA-1,17989,561,GRCh38
CGTTATGAGTTAATGC-1,2819,9127,Multiplet
CGTTCACCAACGGTAT-1,400,8539,mm10
CGTTCACCAAGTGCGC-1,14006,690,GRCh38
CGTTCACCAATGCCGA-1,7512,534,GRCh38
CGTTCACCACCACACT-1,88,1404,mm10
CGTTCACCAGGCTTGA-1,6500,671,GRCh38
CGTTCACCATCACAGG-1,9284,231,GRCh38
CGTTCACCATCCCAAC-1,20019,690,GRCh38
CGTTCACCATCCCTGG-1,4362,257,GRCh38
CGTTCAGGTTCCCGAA-1,195,3682,mm10
CGTTCAGGTTGACCGC-1,10297,770,GRCh38
CGTTCAGGTTGGATTC-1,109,780,mm10
CGTTCAGGTTGTCCCT-1,29241,1260,Multiplet
CGTTCATTCACTCTCG-1,25076,884,GRCh38
CGTTCATTCATATCGG-1,189,3947,mm10
CGTTCATTCCGTGGAT-1,432,10422,mm10
CGTTCCATCCATGCAA-1,158,5210,mm10
CGTTCCATCCCGCTTA-1,7562,575,GRCh38
CGTTCCATCGCATTGA-1,485,10970,mm10
CGTTCCATCTGTCAAG-1,14986,772,GRCh38
CGTTCCGCACATGATA-1,722,16978,mm10
CGTTCCGCACATTAGA-1,466,10171,mm10
CGTTCCTGTTAGACAG-1,290,6170,mm10
CGTTCCTGTTCCTTGC-1,18858,643,GRCh38
CGTTCGCTCCACCAGG-1,74,726,mm10
CGTTCGCTCCGCCAAG-1,750,20476,mm10
CGTTCGCTCCGGTGTG-1,285,6163,mm10
CGTTCGCTCCGTAGGT-1,133,2697,mm10
CGTTCGCTCCTCATCG-1,57,1063,mm10
CGTTCGCTCGACCAGT-1,744,329,GRCh38
CGTTCGCTCGATCACA-1,44,706,mm10
CGTTCGCTCGCTTCAT-1,246,6032,mm10
CGTTGAATCCGGAGTT-1,239,5988,mm10
CGTTGAATCCTGCGTC-1,461,10610,mm10
CGTTGAATCGACCCAG-1,27492,876,GRCh38
CGTTGCCTCAATCCCT-1,4632,465,GRCh38
CGTTGCCTCACTCGTT-1,21163,769,GRCh38
CGTTGCCTCCATGCCC-1,95,3361,mm10
CGTTGGACAACATGCG-1,25299,6053,Multiplet
CGTTGGACAAGTCCAG-1,341,7633,mm10
CGTTGGACAGGAGCCT-1,160,3691,mm10
CGTTGGACAGTAATCA-1,47,895,mm10
CGTTGGGTCCATCCCA-1,1928,246,GRCh38
CGTTGGGTCCATCCGC-1,136,3357,mm10
CGTTGGGTCGAAGCCT-1,235,4954,mm10
CGTTGGGTCGATTGAT-1,346,8406,mm10
CGTTGTAAGAACCATT-1,317,6762,mm10
CGTTGTCCAAACTAGC-1,260,6722,mm10
CGTTGTCCAAGTCCAG-1,354,7113,mm10
CGTTGTCCATAGATTG-1,64,513,mm10
CGTTGTCCATCAAGCG-1,11542,496,GRCh38
CGTTGTCCATTAGATG-1,645,217,GRCh38
CGTTTAAGTTATCGCG-1,100,1083,mm10
CGTTTAAGTTCGTAAC-1,72758,1988,Multiplet
CGTTTCACAATGGAAG-1,83,1415,mm10
CGTTTCACATGGTCTC-1,24086,1004,GRCh38
CGTTTCACATTACAGA-1,49,751,mm10
CGTTTCACATTCGGTC-1,35686,1390,Multiplet
CGTTTCCGTATTGCAC-1,36929,1806,Multiplet
CGTTTCCGTCAGCTCA-1,10177,652,GRCh38
CGTTTCCGTGCGCGAA-1,19860,1204,Multiplet
CGTTTCCGTTAACGCT-1,55,584,mm10
CGTTTGAAGCGAGTTC-1,128,2666,mm10
CGTTTGAAGTCAACTG-1,173,3305,mm10
CGTTTGGGTAGTTGCT-1,24363,760,GRCh38
CTAAACCGTGAGTAGC-1,392,10160,mm10
CTAAACCGTGGACTGG-1,236,4594,mm10
CTAAACCGTTCGAATC-1,254,4374,mm10
CTAAACTAGGCGCTCA-1,219,4241,mm10
CTAAAGCCAAGCTTCC-1,4872,399,GRCh38
CTAAAGCCATCACGCT-1,8888,522,GRCh38
CTAAAGGGTGATGACA-1,18712,670,GRCh38
CTAAAGGGTTCGTCTC-1,11801,6813,Multiplet
CTAAAGGGTTTACTGA-1,4505,376,GRCh38
CTAAAGGGTTTCGGGC-1,2332,579,GRCh38
CTAAATGCAAGCTCGA-1,61,1069,mm10
CTAAATGCAATTCACT-1,1276,31192,mm10
CTAAATGCATCGTACC-1,359,6888,mm10
CTAACATAGAACCTAT-1,267,5187,mm10
CTAACATAGTCGAGGA-1,348,7803,mm10
CTAACCAAGGCAAGGC-1,476,13656,mm10
CTAACCAAGGGTCTAC-1,27627,1442,Multiplet
CTAACCAAGTCGACAC-1,80934,2141,Multiplet
CTAACCAAGTGGCAAG-1,113,982,mm10
CTAACCTTCCGTGAGT-1,1768,260,GRCh38
CTAACGATCCATCCAT-1,97,1890,mm10
CTAACGATCTGGTCGG-1,453,10587,mm10
CTAAGCATCATGTCAG-1,130,2345,mm10
CTAAGCATCGATGGGA-1,20876,645,GRCh38
CTAAGCCAGGATGGAT-1,6057,638,GRCh38
CTAAGCCAGGCTCTGG-1,249,4622,mm10
CTAAGGCTCAAGTAGA-1,294,6422,mm10
CTAAGGCTCATGTAAC-1,21348,687,GRCh38
CTAAGGTCAACCTTCA-1,46,1094,mm10
CTAAGGTCACCAACGA-1,2529,234,GRCh38
CTAAGGTCAGCACGAC-1,583,14317,mm10
CTAAGGTCAGGCTATG-1,38448,1417,Multiplet
CTAATCTCAAATCGTA-1,253,5724,mm10
CTAATCTCACCTTCGG-1,8440,359,GRCh38
CTAATGGTCTATCTCA-1,20143,513,GRCh38
CTAATTGGTCATTGCG-1,631,14535,mm10
CTAATTGGTCCATAGT-1,1930,45081,mm10
CTACAATAGAACCTGC-1,390,9415,mm10
CTACAATAGAAGGGCC-1,299,6046,mm10
CTACACAAGATTAGAG-1,285,5806,mm10
CTACACAAGCCGAGTT-1,4858,433,GRCh38
CTACACAAGGGGATAT-1,180,4078,mm10
CTACACAAGTGACCCG-1,196,3985,mm10
CTACACCCAGCCTATC-1,10333,668,GRCh38
CTACATAGTGGCCTGT-1,8410,424,GRCh38
CTACATGAGGGCTAGA-1,294,6407,mm10
CTACATTCAAATCGCG-1,126,1313,mm10
CTACATTCAAGTGTGT-1,5036,554,GRCh38
CTACATTCAGGGCTTA-1,22067,931,GRCh38
CTACCAAAGCCACGAT-1,375,9113,mm10
CTACCAAAGCGGTCTG-1,45974,1679,Multiplet
CTACCATTCATGTCTC-1,1746,127,GRCh38
CTACCATTCTGGGCTG-1,16907,13362,Multiplet
CTACCATTCTGTGATG-1,17735,645,GRCh38
CTACCCGCAATACGGT-1,60321,1756,Multiplet
CTACCCGCACCAGGGT-1,46368,1507,Multiplet
CTACCCGCACTTAACT-1,13571,667,GRCh38
CTACCCGCAGCTAGTG-1,36702,1157,GRCh38
CTACCCGCAGGAAGCG-1,274,6478,mm10
CTACCCGCATAGATCA-1,19955,796,GRCh38
CTACCCGCATCAAGTA-1,19608,759,GRCh38
CTACCCTGTCTAGGTT-1,64,835,mm10
CTACCCTGTGCAGCGA-1,19132,697,GRCh38
CTACCCTGTTCCTGAG-1,120,2280,mm10
CTACCCTGTTGGTTAC-1,372,9309,mm10
CTACCCTGTTGTGCAT-1,17804,713,GRCh38
CTACCGCTCACTCGGG-1,600,15449,mm10
CTACCGCTCCATCAAG-1,471,12687,mm10
CTACGAATCATGAACT-1,7134,550,GRCh38
CTACGAATCCAGCACG-1,8493,379,GRCh38
CTACGAATCCGCACAG-1,287,6725,mm10
CTACGAATCGATGTAT-1,24319,764,GRCh38
CTACGACAGCAATCTG-1,368,9126,mm10
CTACGACAGGGGATGC-1,83,700,mm10
CTACGATGTAGCGCAG-1,58,660,mm10
CTACGATGTCAATGGA-1,2398,166,GRCh38
CTACGATGTGACGAAC-1,33379,7631,Multiplet
CTACGCCTCATGGCGT-1,52,871,mm10
CTACGCCTCCCGCTTA-1,187,5185,mm10
CTACGCCTCGCGTTAA-1,17927,716,GRCh38
CTACGGACAAGTCCCT-1,9436,263,GRCh38
CTACGGACAGCTAACG-1,240,5714,mm10
CTACGGACAGGCATAT-1,333,7140,mm10
CTACGGGTCCGCTGGA-1,805,130,GRCh38
CTACGTAAGGCAAGCA-1,485,11835,mm10
CTACGTAAGTCGCACG-1,2859,796,GRCh38
CTACGTTTCATGCGCG-1,7581,537,GRCh38
CTACGTTTCGATAGGG-1,255,5009,mm10
CTACTCACAAACTTAG-1,382,11123,mm10
CTACTCACAGGAATGA-1,382,8869,mm10
CTACTGTTCACGCTAA-1,147,1674,mm10
CTACTTATCTATGGCA-1,3670,287,GRCh38
CTACTTGCAACTGTAA-1,10691,566,GRCh38
CTACTTGCAATTAGGC-1,19504,706,GRCh38
CTACTTGCATGGCGTA-1,2765,208,GRCh38
CTAGAACCAAGCTCTC-1,325,5896,mm10
CTAGAACCAATCGGTG-1,41829,1235,Multiplet
CTAGAAGGTCATCAGT-1,407,10101,mm10
CTAGAAGGTCTGTCGA-1,15379,615,GRCh38
CTAGAAGGTGAACGTA-1,309,6116,mm10
CTAGAAGGTGATAGTG-1,209,4446,mm10
CTAGAAGGTTAAGCGA-1,161,2632,mm10
CTAGATTAGAACGGGC-1,22382,778,GRCh38
CTAGATTAGATTGATC-1,5815,154,GRCh38
CTAGATTAGCTTAACG-1,78,798,mm10
CTAGATTAGTTGGGTC-1,995,179,GRCh38
CTAGCATGTGGGTACG-1,3403,888,GRCh38
CTAGCATGTTCATCGG-1,2808,187,GRCh38
CTAGCATGTTCGTCTC-1,16648,557,GRCh38
CTAGCCAGTATGGACA-1,9598,972,GRCh38
CTAGCCAGTCATGTGT-1,370,7902,mm10
CTAGCCAGTTTCAGGT-1,217,4989,mm10
CTAGCCAGTTTCAGTA-1,237,5876,mm10
CTAGCCTCACCTCATA-1,5820,3387,Multiplet
CTAGCCTCAGCTAACG-1,86,1451,mm10
CTAGCCTCAGTAATTG-1,231,4963,mm10
CTAGCCTCATGCTCCG-1,13069,369,GRCh38
CTAGCGCGTCCATATA-1,235,5858,mm10
CTAGCGCGTTAGCTCG-1,213,5176,mm10
CTAGCTGGTCAGCTAT-1,115,1511,mm10
CTAGCTGGTCTGTGCA-1,736,220,GRCh38
CTAGCTGGTGGCTACC-1,36912,1211,Multiplet
CTAGCTGGTTAACGTC-1,16404,794,GRCh38
CTAGGTCAGCTACCTT-1,346,8431,mm10
CTAGGTCAGGCGCTCA-1,34976,1492,Multiplet
CTAGGTCAGGGTTGCT-1,119,1661,mm10
CTAGGTCAGGTTACAT-1,24161,869,GRCh38
CTAGGTTGTAGGCGAT-1,19425,974,GRCh38
CTAGGTTGTCAGTAGA-1,57,1097,mm10
CTAGGTTGTTGACCTG-1,286,5837,mm10
CTAGGTTGTTGCTGAT-1,240,5122,mm10
CTAGTATAGCATCCAA-1,309,6650,mm10
CTAGTCAAGGCAATGG-1,19225,689,GRCh38
CTAGTTAGTAACGAGC-1,82,1507,mm10
CTAGTTGAGCCATTAG-1,218,4628,mm10
CTAGTTGAGGCAATCC-1,66,789,mm10
CTATAGGTCAGCATTG-1,14581,512,GRCh38
CTATAGGTCCATGAGC-1,352,6996,mm10
CTATAGGTCCCGTTCA-1,195,3843,mm10
CTATAGGTCGATCCTT-1,26343,5885,Multiplet
CTATAGGTCGCATGAC-1,298,6698,mm10
CTATAGTAGATTCGAT-1,563,11616,mm10
CTATAGTAGGTTGCTA-1,95,1128,mm10
CTATAGTAGTCAGCGT-1,222,5409,mm10
CTATATGGTGATGAGC-1,717,9111,mm10
CTATCAAGTCATGGCC-1,679,16966,mm10
CTATCAAGTCTGTGCA-1,237,4971,mm10
CTATCAAGTTGGTCAT-1,213,4429,mm10
CTATCGAAGGTAGCGA-1,15324,775,GRCh38
CTATCGAAGTCTAGGC-1,383,8631,mm10
CTATCGCCAAGGTTAC-1,87,1260,mm10
CTATCGCCAAGTGCGC-1,7860,443,GRCh38
CTATCGCCAATATACG-1,6050,308,GRCh38
CTATCGCCACTTCATG-1,865,21964,mm10
CTATCGTTCAAGTCCA-1,7702,236,GRCh38
CTATCGTTCGATACAT-1,195,3240,mm10
CTATCGTTCGTGATAT-1,14935,606,GRCh38
CTATCTATCAATTCGG-1,110,1728,mm10
CTATCTATCACTCCGC-1,105,1629,mm10
CTATGCAAGCCCTGTC-1,311,8652,mm10
CTATGCAAGTAGACTT-1,31559,1350,Multiplet
CTATGCAAGTGGGTAG-1,11136,565,GRCh38
CTATGGATCACGGACT-1,617,12342,mm10
CTATGGATCCCTCATG-1,20705,609,GRCh38
CTATGGATCGAACCCG-1,113,2479,mm10
CTATGGATCGATAGCC-1,24790,876,GRCh38
CTATGGATCGCGCTCT-1,220,2320,mm10
CTATGGATCTGTGCCC-1,264,6864,mm10
CTATGGGCAACGGCTA-1,161,835,mm10
CTATGGGCAACTACCC-1,167,3547,mm10
CTATGGGCAACTTCAT-1,31672,1189,GRCh38
CTATGGGCATCCGCTG-1,265,5857,mm10
CTATGTGAGATAGGGT-1,214,4566,mm10
CTATGTGAGCTACAGC-1,27284,772,GRCh38
CTATGTGAGGCGAGGT-1,12965,576,GRCh38
CTATGTGAGTCATGTG-1,403,9675,mm10
CTATGTTCACTTCGTA-1,370,7982,mm10
CTATGTTCACTTGCTA-1,13619,612,GRCh38
CTATTCATCGTTAAGT-1,17465,670,GRCh38
CTATTCGCAACTACCC-1,10299,282,GRCh38
CTATTCGCAATGTCAA-1,593,11242,mm10
CTATTCGCACTTCGAC-1,173,3888,mm10
CTATTCGCATGGTTAA-1,39346,1292,Multiplet
CTATTGAGTTCACCAG-1,5813,2783,Multiplet
CTATTGAGTTCGCACA-1,7064,368,GRCh38
CTATTGAGTTCGTGAT-1,21163,686,GRCh38
CTATTGAGTTGTGGTT-1,196,3788,mm10
CTATTGAGTTTGGGCC-1,284,5268,mm10
CTCAAAGTCTGGAAGG-1,219,3679,mm10
CTCAACGGTAGCGACG-1,180,2715,mm10
CTCAACGGTATAGCCT-1,4630,2087,Multiplet
CTCAACGGTATGGTAG-1,788,139,GRCh38
CTCAACGGTCATCCTC-1,99,2927,mm10
CTCAACGGTTAAGTGG-1,117,2442,mm10
CTCAACGGTTAGGCTT-1,301,5925,mm10
CTCAACGGTTGCGCTA-1,15455,770,GRCh38
CTCAATAGTCAGCTAT-1,3121,173,GRCh38
CTCAATAGTCAGGAGT-1,10770,454,GRCh38
CTCAATAGTCATCGTG-1,13909,577,GRCh38
CTCAATTCAAATGCTA-1,249,4950,mm10
CTCAATTCAAGGTCTG-1,27148,801,GRCh38
CTCAATTCACCTTCCC-1,18435,911,GRCh38
CTCAATTCATCCACGT-1,235,4317,mm10
CTCACACCACAACCCT-1,1222,243,GRCh38
CTCACACCACTTCATG-1,18383,896,GRCh38
CTCACATTCACGCTAA-1,4406,530,GRCh38
CTCACCATCAAGTCCA-1,15518,581,GRCh38
CTCACCTGTAATGAGT-1,2989,164,GRCh38
CTCACGAGTAAGGGCT-1,407,10438,mm10
CTCACGAGTGGACATA-1,20545,818,GRCh38
CTCACGAGTTATGGTC-1,331,8658,mm10
CTCACGAGTTGGACGG-1,15065,651,GRCh38
CTCAGCTCAATAGCAC-1,185,4215,mm10
CTCAGGTAGAACGAGT-1,185,4024,mm10
CTCAGGTAGAATCATC-1,327,7435,mm10
CTCAGGTAGCTAACGC-1,11930,4093,Multiplet
CTCAGGTAGGGCCATT-1,122,727,mm10
CTCAGGTAGGTACGCT-1,9972,395,GRCh38
CTCAGGTAGGTATGAA-1,14786,4183,Multiplet
CTCAGGTAGGTTAGTT-1,7722,336,GRCh38
CTCAGTAAGCGCTATA-1,11108,4160,Multiplet
CTCAGTAAGGAACCTC-1,172,4116,mm10
CTCAGTAAGGTAGGGC-1,677,17866,mm10
CTCAGTAAGTTGGCGT-1,1581,8270,mm10
CTCAGTTTCCCTGATT-1,21073,826,GRCh38
CTCAGTTTCGACTAGC-1,157,1118,mm10
CTCAGTTTCTCACTGT-1,35391,1321,Multiplet
CTCAGTTTCTGGCCGA-1,238,5132,mm10
CTCATAAGTCTAGTCG-1,193,5581,mm10
CTCATAAGTGCGGTGA-1,28684,3912,Multiplet
CTCATAGAGATTCGTG-1,759,21566,mm10
CTCATAGAGCCGAGTT-1,18210,732,GRCh38
CTCATAGAGCGCCTTC-1,273,5753,mm10
CTCATAGAGTTACCTC-1,71,1508,mm10
CTCATCACAAGCGAGG-1,140,2517,mm10
CTCATCACACCATGTC-1,375,9503,mm10
CTCATCACACTCAGCT-1,1500,563,GRCh38
CTCATCACAGCACTCT-1,352,10397,mm10
CTCATCACAGGTAGGG-1,7142,293,GRCh38
CTCATCCGTGAACTAG-1,653,140,GRCh38
CTCATGAAGCGGGATA-1,12415,824,GRCh38
CTCATGAAGTAAGGTA-1,206,5233,mm10
CTCATGAAGTAAGTTC-1,2373,80,GRCh38
CTCATGGGTTGAGCTT-1,1311,33363,mm10
CTCATGGGTTGGATCT-1,716,18846,mm10
CTCATGTTCCACCTCA-1,27107,840,GRCh38
CTCATTATCACCAATG-1,244,5272,mm10
CTCATTATCCATCGCC-1,311,7574,mm10
CTCATTATCCCCAGTC-1,15519,638,GRCh38
CTCATTATCCGGATGT-1,29651,1080,GRCh38
CTCATTATCCTGGTCC-1,223,2980,mm10
CTCATTCAGCAACTCA-1,264,6882,mm10
CTCATTCAGCGCATTA-1,389,10927,mm10
CTCATTGCACATTGCC-1,268,5753,mm10
CTCCAACCAACTTAGA-1,490,11674,mm10
CTCCAACCAGCACTTC-1,186,3164,mm10
CTCCAACCATAGGGCC-1,750,20639,mm10
CTCCAATTCACGCTAA-1,235,5444,mm10
CTCCAATTCAGGGACA-1,566,14398,mm10
CTCCAATTCCTGACGG-1,99,786,mm10
CTCCAGCTCCTTCCTC-1,313,7969,mm10
CTCCAGCTCGCGATTA-1,1758,527,GRCh38
CTCCATTAGCTGAGTC-1,14392,570,GRCh38
CTCCCAATCACGTTAG-1,14991,753,GRCh38
CTCCCAATCATAGATC-1,434,5469,mm10
CTCCCAATCCGTGAAC-1,109,1787,mm10
CTCCCAATCGTACGGT-1,352,9250,mm10
CTCCCACAGTGTCATG-1,313,5977,mm10
CTCCCTAAGATTGACT-1,384,9597,mm10
CTCCCTGGTAACGACA-1,501,13166,mm10
CTCCTAGTCACGTTAG-1,17042,744,GRCh38
CTCCTAGTCATGAGCC-1,7809,478,GRCh38
CTCCTAGTCTATCCTA-1,228,4677,mm10
CTCCTAGTCTGGATAT-1,1266,207,GRCh38
CTCCTCAAGCCGCATG-1,27140,675,GRCh38
CTCCTCAAGTTGGCTA-1,29539,1333,Multiplet
CTCCTGATCGTTCACT-1,249,6817,mm10
CTCCTGATCTGGATAT-1,608,107,GRCh38
CTCCTTAGTCTGGGCT-1,2287,441,GRCh38
CTCCTTAGTGGCGAAT-1,5502,359,GRCh38
CTCCTTGAGAAGCGCA-1,207,3988,mm10
CTCCTTGAGCAAGGAT-1,5598,1647,Multiplet
CTCCTTGAGTGCCCAG-1,336,4922,mm10
CTCGAACAGTAACCTG-1,13137,11092,Multiplet
CTCGAATGTCCATCGA-1,418,6979,mm10
CTCGAATGTGAGGCAT-1,406,8682,mm10
CTCGAATGTTAGTGGA-1,245,4811,mm10
CTCGAATGTTGCTTAA-1,13361,501,GRCh38
CTCGACTCAAGTAGCT-1,125,2774,mm10
CTCGACTCAATATCCT-1,163,2395,mm10
CTCGACTCAATTCATC-1,258,6074,mm10
CTCGATCCAAGTAGTC-1,13441,495,GRCh38
CTCGATCCACAACCGA-1,21307,781,GRCh38
CTCGATCCAGGGCACT-1,14567,684,GRCh38
CTCGATTTCGATGCAC-1,389,8580,mm10
CTCGATTTCGATGGAG-1,308,8136,mm10
CTCGATTTCGTTACAG-1,111,1548,mm10
CTCGCCACAACTGGGC-1,29225,932,GRCh38
CTCGCCACAATCTCAT-1,328,6236,mm10
CTCGCCACAATTGGTA-1,1833,205,GRCh38
CTCGCGAAGGAGCCTT-1,10766,343,GRCh38
CTCGCGAAGTGAGGCA-1,56,962,mm10
CTCGCGTTCACTATGG-1,287,6287,mm10
CTCGCTATCCTTCCTC-1,166,4353,mm10
CTCGCTGCAAGCGCGT-1,29273,1163,GRCh38
CTCGCTGCAAGTTCGG-1,237,3935,mm10
CTCGCTGCATCCTCAA-1,81,547,mm10
CTCGCTGCATTAGTAG-1,9804,430,GRCh38
CTCGCTTGTAAGCAGC-1,251,5731,mm10
CTCGCTTGTCTTGATA-1,29033,11212,Multiplet
CTCGGATAGCCCTTGC-1,14751,786,GRCh38
CTCGGATAGGCATCCG-1,188,4227,mm10
CTCGGATAGGGCTATC-1,15488,535,GRCh38
CTCGGCAAGCCCTTCA-1,937,22780,mm10
CTCGGTTCAAGTTCCC-1,269,5261,mm10
CTCGGTTCATGGTACG-1,19688,858,GRCh38
CTCGTAAAGCGCTCTC-1,20690,809,GRCh38
CTCGTAAAGGTAGTAA-1,446,9918,mm10
CTCGTAAAGTAGTGCC-1,9870,982,GRCh38
CTCGTAGGTAGTAAGT-1,477,11757,mm10
CTCGTAGGTATAGTCC-1,8473,7150,Multiplet
CTCGTAGGTGGAGACT-1,16302,575,GRCh38
CTCGTCTGTGAAGTCA-1,27092,800,GRCh38
CTCGTCTGTGGACAGT-1,15751,780,GRCh38
CTCGTGAGTATTGCCG-1,1251,206,GRCh38
CTCGTGAGTTATCCAA-1,255,4826,mm10
CTCGTTACAACCGTGA-1,6011,314,GRCh38
CTCGTTGTCATGTGTG-1,768,120,GRCh38
CTCGTTGTCCAGCGCA-1,754,16759,mm10
CTCGTTGTCCTCTCGA-1,267,5639,mm10
CTCGTTGTCGACTTGA-1,5702,513,GRCh38
CTCTAGAAGCCAGTCG-1,158,2924,mm10
CTCTAGCCAACCTGTC-1,17668,604,GRCh38
CTCTAGCCAATGTAGC-1,698,17238,mm10
CTCTATATCACCTCGC-1,12962,1124,GRCh38
CTCTATATCACGTACA-1,479,7580,mm10
CTCTATATCAGTATCG-1,23069,857,GRCh38
CTCTATATCCATCGTT-1,27665,920,GRCh38
CTCTATATCTAACTGG-1,19846,605,GRCh38
CTCTATTGTTATCTGA-1,136,2557,mm10
CTCTATTGTTTGGTGT-1,1658,217,GRCh38
CTCTCAACAATCGTCC-1,30519,1128,GRCh38
CTCTCAACAGGAAGGT-1,281,5510,mm10
CTCTCAACATCCATGC-1,7057,365,GRCh38
CTCTGACCAATCCTAT-1,458,10565,mm10
CTCTGACCACTATGCC-1,1301,34567,mm10
CTCTGATTCCATCCAT-1,31213,1169,GRCh38
CTCTGATTCGAGTGGA-1,13024,430,GRCh38
CTCTGCATCATGTAAC-1,821,220,GRCh38
CTCTGCATCGCGAATC-1,23501,1015,GRCh38
CTCTGGTCACAGCCAA-1,31448,1096,GRCh38
CTCTGGTCACCATACC-1,222,5414,mm10
CTCTGGTCACCTTCCC-1,20276,921,GRCh38
CTCTGTTAGGATCCCG-1,112,2065,mm10
CTCTGTTAGGCACTAC-1,645,9494,mm10
CTCTGTTAGGCACTTA-1,26853,944,GRCh38
CTCTGTTAGGTAGGAT-1,35445,1337,Multiplet
CTCTGTTAGTGCCCGA-1,108,883,mm10
CTCTTAATCTAAGCTG-1,68,733,mm10
CTCTTCTCAGCTAGTG-1,10691,806,GRCh38
CTCTTGGTCATGGCCG-1,33898,1359,Multiplet
CTCTTGGTCCCGCATC-1,128,2428,mm10
CTCTTGGTCCGCTACC-1,212,5092,mm10
CTCTTGGTCGTAATCG-1,182,4206,mm10
CTCTTGGTCGTTACCT-1,321,7966,mm10
CTGAAAGGTAGGCGTG-1,508,12133,mm10
CTGAAAGGTGAAGTCA-1,333,7189,mm10
CTGAACATCATGACGC-1,295,7056,mm10
CTGAATGTCAGCACGT-1,17640,661,GRCh38
CTGAATGTCCATGAGC-1,17541,668,GRCh38
CTGAATGTCCTTCAAC-1,17247,777,GRCh38
CTGAATTAGCCGATGT-1,1733,65,GRCh38
CTGACAATCAGGGACA-1,155,3307,mm10
CTGACAATCGAGTTGC-1,80,1380,mm10
CTGACACAGAAGGACT-1,14925,589,GRCh38
CTGACACAGCATCCGG-1,16848,793,GRCh38
CTGACACAGTAATCAC-1,25788,6374,Multiplet
CTGACCAGTAATCGCT-1,28605,1016,GRCh38
CTGACCAGTTGCAGGG-1,21629,872,GRCh38
CTGACCCTCAGCATCA-1,32744,1200,Multiplet
CTGACCCTCAGCTGGT-1,56,772,mm10
CTGACCCTCCCTCTCT-1,749,20759,mm10
CTGACCCTCCTGCATT-1,270,6035,mm10
CTGACCCTCGAACCGT-1,63,1640,mm10
CTGACCCTCGATGACC-1,769,21176,mm10
CTGACCTCAAATGGCT-1,117,2835,mm10
CTGACCTCACATAGAC-1,23752,802,GRCh38
CTGACCTCAGGAATGA-1,28923,1057,GRCh38
CTGATAGTCAGGCAGA-1,13598,471,GRCh38
CTGATAGTCCGTAGAC-1,32974,937,GRCh38
CTGATATAGCTGGGTT-1,30394,861,GRCh38
CTGATATAGGCTCCAG-1,436,10424,mm10
CTGATATAGTCATCAG-1,199,3620,mm10
CTGATCAAGGGCTTCG-1,23578,703,GRCh38
CTGATTAGTCAATGGA-1,7832,389,GRCh38
CTGATTAGTCAGTCGC-1,80,1512,mm10
CTGATTAGTTAGCAGA-1,11900,496,GRCh38
CTGATTAGTTATCGCG-1,27805,868,GRCh38
CTGATTGAGAACCTGC-1,25173,854,GRCh38
CTGATTGAGGTACATT-1,143,3246,mm10
CTGATTTCAACGTGGC-1,6471,981,GRCh38
CTGATTTCAAGGTCAT-1,24692,787,GRCh38
CTGATTTCACATAGTA-1,356,7643,mm10
CTGATTTCACCATACC-1,127,1735,mm10
CTGATTTCACTAGCTC-1,18799,836,GRCh38
CTGATTTCAGCCAGAC-1,14309,626,GRCh38
CTGATTTCAGCTAGAT-1,354,8145,mm10
CTGATTTCAGGATACT-1,18435,688,GRCh38
CTGATTTCATAAGCCG-1,439,9671,mm10
CTGCAAATCCACCGGA-1,4815,347,GRCh38
CTGCAACAGGCGTATC-1,270,3729,mm10
CTGCAATGTAGCGACG-1,12418,702,GRCh38
CTGCACCTCCAGGGTT-1,24958,788,GRCh38
CTGCACCTCCATTCGT-1,946,681,GRCh38
CTGCATCCACTCAAGG-1,33985,1191,Multiplet
CTGCATCCACTCGCTG-1,271,6926,mm10
CTGCATCCATAGGGTT-1,524,13436,mm10
CTGCATCCATGACCAG-1,17891,827,GRCh38
CTGCATGGTATAGTCC-1,580,15888,mm10
CTGCATTTCAGGTCTA-1,1040,61,GRCh38
CTGCATTTCAGTATGT-1,230,5103,mm10
CTGCATTTCATCACTC-1,241,6300,mm10
CTGCATTTCCGTGCGA-1,323,7206,mm10
CTGCATTTCGCTAATG-1,12460,476,GRCh38
CTGCCTATCATGCGCG-1,124,1075,mm10
CTGCCTATCCGCCTGT-1,161,4091,mm10
CTGCCTGCAAAGGTCT-1,355,8412,mm10
CTGCCTGCAAGGTACT-1,12493,431,GRCh38
CTGCCTGCAGGTAACT-1,35486,1289,Multiplet
CTGCCTTGTATAGCTC-1,1221,168,GRCh38
CTGCCTTGTGATTCCG-1,300,6438,mm10
CTGCCTTGTTAACGTC-1,930,3049,mm10
CTGCGATAGGTCGATC-1,292,6196,mm10
CTGCGATAGGTGCTAC-1,16247,783,GRCh38
CTGCGATAGTGAAGCG-1,432,12013,mm10
CTGCGATAGTGCCGAT-1,19941,774,GRCh38
CTGCGATAGTTAACGT-1,27538,903,GRCh38
CTGCGGATCCAATGCA-1,324,7758,mm10
CTGCGTAGTCATGGCC-1,31449,1099,GRCh38
CTGCGTAGTGGGTACG-1,303,7168,mm10
CTGCGTAGTTGCTTAA-1,16162,717,GRCh38
CTGCGTAGTTGGCCTA-1,166,3730,mm10
CTGCTCGCAAGTCGAT-1,26050,1249,Multiplet
CTGCTCGCATAATCCT-1,982,26477,mm10
CTGCTCGCATTACACT-1,612,381,GRCh38
CTGCTCTGTGAGGTAC-1,227,5095,mm10
CTGCTCTGTTAGGTCT-1,17863,769,GRCh38
CTGCTCTGTTAGTGCT-1,14688,730,GRCh38
CTGCTCTGTTCCCAAG-1,499,13014,mm10
CTGCTGCTCACTTGCT-1,193,3453,mm10
CTGCTGCTCCGCCATC-1,940,24338,mm10
CTGCTGCTCTCACAGA-1,6185,330,GRCh38
CTGCTTACAATACTTC-1,309,7006,mm10
CTGCTTACATTACGCC-1,129,1012,mm10
CTGGAAAGTTAGCCCA-1,11559,764,GRCh38
CTGGACTAGATTGCCA-1,24789,968,GRCh38
CTGGACTAGCGCTCGA-1,48239,1510,Multiplet
CTGGACTAGGCACTGT-1,265,5372,mm10
CTGGATGCAGGACATT-1,7063,664,GRCh38
CTGGATGCAGGACTAT-1,325,6693,mm10
CTGGATGCAGGGCTAC-1,218,5079,mm10
CTGGCAACACTATCCA-1,959,26632,mm10
CTGGCAACAGGTAACT-1,278,6594,mm10
CTGGCCAAGCGAGTCT-1,14113,573,GRCh38
CTGGCCAAGCGATGAG-1,17641,589,GRCh38
CTGGCCAAGTAACGGG-1,1311,167,GRCh38
CTGGCTAGTCAATCTA-1,232,4664,mm10
CTGGCTAGTGATCCCA-1,182,3635,mm10
CTGGGCATCCTCATCG-1,21206,831,GRCh38
CTGGGCATCGAAGTCC-1,14380,557,GRCh38
CTGGGCATCGATTCCT-1,426,10186,mm10
CTGGGGTCAAACTACA-1,960,25848,mm10
CTGGGGTCAAATGCTA-1,46,532,mm10
CTGGGGTCAAGGTAGA-1,754,17716,mm10
CTGGGGTCAATTCGGG-1,469,12767,mm10
CTGGGTTAGATAGACA-1,8958,515,GRCh38
CTGGGTTAGATTCAAC-1,383,5369,mm10
CTGGGTTAGATTCCGA-1,1053,252,GRCh38
CTGGGTTAGTGAAGTA-1,419,6659,mm10
CTGGTAATCAAGTATC-1,18866,673,GRCh38
CTGGTAATCACTTGGA-1,602,14897,mm10
CTGGTAATCCTGTGAA-1,340,6846,mm10
CTGGTAATCTATGTCC-1,362,8976,mm10
CTGGTATGTAGTCCTG-1,610,14953,mm10
CTGGTCAGTAAGTAGT-1,709,16609,mm10
CTGGTCAGTCTGGTGC-1,669,14651,mm10
CTGGTCAGTTACACCG-1,19929,681,GRCh38
CTGGTTAAGATACTAC-1,224,5949,mm10
CTGGTTGGTCCATAGT-1,214,4574,mm10
CTGGTTGGTGAGCCAG-1,22474,823,GRCh38
CTGGTTGGTTGTGCGC-1,78,505,mm10
CTGTAACGTAAGTAGT-1,11838,710,GRCh38
CTGTAACGTGACTTCG-1,119,777,mm10
CTGTAACGTTAAGCGA-1,678,18562,mm10
CTGTAACGTTCGCGGT-1,20259,757,GRCh38
CTGTAAGTCACGTACA-1,404,10683,mm10
CTGTAAGTCCAACTTC-1,15634,554,GRCh38
CTGTAAGTCCGGATAC-1,217,4736,mm10
CTGTAAGTCCGTGGCA-1,75,1953,mm10
CTGTAAGTCGAATCCA-1,56,704,mm10
CTGTAAGTCGTGCTCC-1,15058,523,GRCh38
CTGTAATAGCCATCAA-1,7244,431,GRCh38
CTGTAATAGTCAGTGC-1,375,8526,mm10
CTGTAATAGTTAGCAT-1,46,900,mm10
CTGTACCCAACTTAGA-1,15416,547,GRCh38
CTGTACCCACTAGCTC-1,209,4745,mm10
CTGTACCCATAAGGAG-1,259,6137,mm10
CTGTACGGTAAGCTGA-1,29119,904,GRCh38
CTGTACGGTAGCCTGC-1,31392,877,GRCh38
CTGTACGGTCAGTTAC-1,25395,885,GRCh38
CTGTACGGTCTTACCC-1,16535,736,GRCh38
CTGTACGGTGGCTCTA-1,19398,720,GRCh38
CTGTACTTCTCATGCT-1,3687,3775,Multiplet
CTGTATAGTCAGTAAG-1,206,4593,mm10
CTGTATAGTCTAATGC-1,18964,661,GRCh38
CTGTATAGTGATCAGA-1,20981,655,GRCh38
CTGTATAGTTGTGATC-1,11963,657,GRCh38
CTGTCAAAGTAAGGTA-1,176,3349,mm10
CTGTCACCAAGTCGTG-1,219,5266,mm10
CTGTCACCAATTGAGC-1,2769,130,GRCh38
CTGTCACCAGGTATGT-1,442,8930,mm10
CTGTCATTCCGGTAAC-1,21189,670,GRCh38
CTGTCCATCCCCAATT-1,13997,548,GRCh38
CTGTCCATCTATGCCT-1,900,146,GRCh38
CTGTCCATCTGTGCTT-1,335,8219,mm10
CTGTGAATCACAGATT-1,12734,356,GRCh38
CTGTGAATCAGGACTC-1,304,6893,mm10
CTGTGAATCGACATTG-1,17470,696,GRCh38
CTGTGAATCTGGATAT-1,285,5334,mm10
CTGTGATGTGGCGAAT-1,4641,293,GRCh38
CTGTGATGTTCGGCGT-1,17640,529,GRCh38
CTGTGATGTTCTGGCA-1,19988,696,GRCh38
CTGTGATGTTTCGCAG-1,15097,4077,Multiplet
CTGTGCCTCGTCTACT-1,165,4287,mm10
CTGTGCCTCTATGCGA-1,12283,557,GRCh38
CTGTGGACAACGGCTA-1,40,539,mm10
CTGTGGACACTTCGTA-1,6094,298,GRCh38
CTGTGGACATCCGTGT-1,272,6746,mm10
CTGTGGACATGGCTTC-1,20679,693,GRCh38
CTGTGGGTCAGGCATC-1,84648,2141,Multiplet
CTGTGGGTCGACCAGT-1,12432,698,GRCh38
CTGTGGGTCGCGCAAT-1,18936,776,GRCh38
CTGTGGGTCTATGTGG-1,699,8,GRCh38
CTGTGTCCACAATGGT-1,11770,403,GRCh38
CTGTTAAGTTTACTGA-1,2460,806,GRCh38
CTGTTAGAGGTAATGA-1,24558,1162,GRCh38
CTGTTGAAGCGCCACA-1,40229,1293,Multiplet
CTGTTGAAGTAATGGA-1,2655,297,GRCh38
CTGTTGAAGTACGCAC-1,14691,587,GRCh38
CTGTTGAAGTTAGACT-1,200,4416,mm10
CTGTTGAAGTTGCACA-1,111,2169,mm10
CTGTTGGGTGAAGGCT-1,436,10319,mm10
CTGTTGGGTGACTCTG-1,97,2071,mm10
CTGTTGGGTTGAGCGG-1,257,5242,mm10
CTGTTGGGTTGCTGAT-1,622,15990,mm10
CTGTTGGGTTGGATGA-1,382,9111,mm10
CTGTTGGGTTGTCCTC-1,18406,646,GRCh38
CTTAACCTCCCAGACG-1,55,1106,mm10
CTTAACCTCGCGAACT-1,66,1909,mm10
CTTAATCCAAATTCGA-1,234,4247,mm10
CTTAATCCAATCCCTA-1,265,3583,mm10
CTTAATCCACAGCAGC-1,1775,490,GRCh38
CTTAATCCATCCGCAT-1,137,2629,mm10
CTTAATCCATTACTCG-1,294,5277,mm10
CTTAATGGTAAGGACC-1,16436,530,GRCh38
CTTAATGGTTGAATCC-1,304,7398,mm10
CTTACAAGTGGCGTGA-1,12666,586,GRCh38
CTTACAAGTGGGTCGA-1,12535,634,GRCh38
CTTACAAGTTAGCCCA-1,21314,696,GRCh38
CTTACAAGTTCGCTAG-1,343,8360,mm10
CTTACAAGTTCTGGGC-1,10590,4509,Multiplet
CTTACATCAATCGACG-1,328,7119,mm10
CTTACATCAATTGGTA-1,17051,722,GRCh38
CTTACGAAGGGTAGGC-1,221,4368,mm10
CTTACGCCAACATGGT-1,300,5547,mm10
CTTACGCCAATGACGT-1,24248,873,GRCh38
CTTACGCCACTCGGAA-1,10437,437,GRCh38
CTTACGGGTGAGTGGT-1,49,838,mm10
CTTACGGGTGATGAGC-1,7318,322,GRCh38
CTTACGGGTGCGGTGA-1,749,18544,mm10
CTTACGGGTTCACGGC-1,7549,592,GRCh38
CTTACGGGTTCGTATA-1,14193,492,GRCh38
CTTACGGGTTGTAGTC-1,13200,547,GRCh38
CTTACGGGTTTCGTCC-1,588,13963,mm10
CTTACGTTCCCATTAC-1,1134,392,GRCh38
CTTACTATCATGCGAC-1,338,7206,mm10
CTTACTATCCTTCAAC-1,145,1716,mm10
CTTACTATCGTACCTT-1,371,8183,mm10
CTTACTTGTAGGTCCC-1,130,2633,mm10
CTTACTTGTTTACCGG-1,33559,1000,GRCh38
CTTAGCAAGATACTCG-1,105,2485,mm10
CTTAGCAAGCAGTTCA-1,50771,1321,Multiplet
CTTAGCAAGTTACGCA-1,697,17169,mm10
CTTAGCGGTGCAAGCG-1,362,7162,mm10
CTTAGCGGTGGACTGG-1,25151,810,GRCh38
CTTAGCGGTTGCCCTT-1,354,7768,mm10
CTTAGCGGTTTAGGCT-1,25968,817,GRCh38
CTTAGCGGTTTGGGAA-1,342,9438,mm10
CTTAGCTTCCATAGAT-1,35224,1135,GRCh38
CTTAGCTTCCATCCGC-1,36733,1145,GRCh38
CTTAGCTTCGTTGCGG-1,753,17494,mm10
CTTAGCTTCTGGTAGC-1,1547,137,GRCh38
CTTAGGATCCACCGGA-1,980,2808,mm10
CTTAGGATCCATCGCC-1,21441,1131,GRCh38
CTTAGGATCTAACCGA-1,17322,601,GRCh38
CTTAGGATCTATGCTC-1,301,7647,mm10
CTTAGTAGTAGCCTGC-1,11250,650,GRCh38
CTTAGTAGTAGTAGCA-1,20991,703,GRCh38
CTTAGTAGTCAACCTG-1,15570,504,GRCh38
CTTAGTAGTCAAGCAA-1,11331,453,GRCh38
CTTAGTAGTTCACGGC-1,345,6495,mm10
CTTAGTGAGTCGAGAG-1,82,1590,mm10
CTTATAGGTCAACTTA-1,8011,719,GRCh38
CTTATAGGTGGACATA-1,581,13775,mm10
CTTATAGGTTGGAGAC-1,61,630,mm10
CTTATCGCAACATTAG-1,10203,5435,Multiplet
CTTATCGCAATTGGAC-1,112582,2625,Multiplet
CTTATCTGTTGTGCGC-1,424,9843,mm10
CTTATGCTCCCGCAAG-1,111,924,mm10
CTTATGCTCGTACTAG-1,12022,457,GRCh38
CTTATGGAGCATCGAC-1,323,6749,mm10
CTTATGGAGGATACCC-1,14618,531,GRCh38
CTTATGGAGGTACTGC-1,4225,255,GRCh38
CTTATGGAGGTCATTG-1,512,13300,mm10
CTTCAATCAAATCATG-1,27994,981,GRCh38
CTTCAATCAACCGCTT-1,16201,788,GRCh38
CTTCAATCAACCTACC-1,12930,665,GRCh38
CTTCAATCAAGCATGT-1,14422,537,GRCh38
CTTCAATCACCTGCAT-1,11876,863,GRCh38
CTTCACTAGCGATTCA-1,869,23784,mm10
CTTCAGCCAATAGCCG-1,76,1824,mm10
CTTCAGCCATCCCGTG-1,430,10139,mm10
CTTCATATCACCATGA-1,185,4549,mm10
CTTCATATCCAGGTGT-1,18667,686,GRCh38
CTTCATATCTGGTGAC-1,84,1269,mm10
CTTCATCAGCTATGGC-1,15588,2201,Multiplet
CTTCATCAGGCACTTA-1,12707,1229,Multiplet
CTTCATCAGGCGCATT-1,57,1020,mm10
CTTCATCAGGTGAAGT-1,345,7806,mm10
CTTCATCAGGTGCGTT-1,238,6067,mm10
CTTCATCAGGTGGACA-1,287,6175,mm10
CTTCATTGTCTTGCCT-1,22130,1265,Multiplet
CTTCATTGTTGGATAG-1,289,6484,mm10
CTTCGAGGTCAACCTG-1,5755,236,GRCh38
CTTCGAGGTTCACTCC-1,18620,660,GRCh38
CTTCGCATCCAGGGTT-1,412,10293,mm10
CTTCGCGCATAGGCGC-1,9708,328,GRCh38
CTTCGCGCATGACGAT-1,32071,870,GRCh38
CTTCGGCTCAGCCCAG-1,302,6932,mm10
CTTCGGCTCGCTTCGC-1,26408,1110,GRCh38
CTTCGGCTCTGGCATA-1,158,3280,mm10
CTTCGGTCAATCTAAG-1,22125,740,GRCh38
CTTCGGTCATCGGTCT-1,76,1451,mm10
CTTCGTTAGCCATGCG-1,455,10315,mm10
CTTCGTTAGCCCTGCT-1,621,154,GRCh38
CTTCGTTAGCCTGAGT-1,16645,603,GRCh38
CTTCGTTAGCCTTCCA-1,5246,321,GRCh38
CTTCTAATCAGTTCGA-1,308,6976,mm10
CTTCTAATCCGGGTAT-1,390,9935,mm10
CTTCTAATCCGGGTTG-1,281,6467,mm10
CTTCTATGTCCCGAGT-1,9466,521,GRCh38
CTTCTATGTCTGTGGC-1,155,3740,mm10
CTTCTATGTTTCACGG-1,417,7253,mm10
CTTCTCCTCGATGTGC-1,336,7010,mm10
CTTCTCCTCGTTCGCC-1,647,147,GRCh38
CTTCTGGTCACGGCTG-1,417,11512,mm10
CTTCTGGTCCTTCATA-1,280,7383,mm10
CTTGAACGTCTAAGTC-1,502,11841,mm10
CTTGAACGTGCATTAC-1,34,1050,mm10
CTTGAATAGGGGCAGT-1,218,4758,mm10
CTTGACCCAAACTGCG-1,199,5696,mm10
CTTGACCCAATTCGCC-1,68408,1838,Multiplet
CTTGACCCATTAGCTT-1,626,16736,mm10
CTTGACTTCAGTACCA-1,220,5644,mm10
CTTGACTTCCTTCACG-1,96,779,mm10
CTTGACTTCTATGACG-1,662,74,GRCh38
CTTGAGGCAATCAGGT-1,561,14336,mm10
CTTGAGGCATGAAGTC-1,34445,1113,GRCh38
CTTGATAGTAAGGGCT-1,49,851,mm10
CTTGATGAGATTAGAG-1,21095,639,GRCh38
CTTGATGAGGCACGAA-1,16646,683,GRCh38
CTTGATGAGTGATCGC-1,80,1438,mm10
CTTGATGAGTGGCGTT-1,499,11142,mm10
CTTGCAAAGTCATAGT-1,28726,838,GRCh38
CTTGCAAAGTTGCATG-1,245,6240,mm10
CTTGCACCATCCGTAC-1,3287,295,GRCh38
CTTGCAGGTAAGTCCT-1,227,4851,mm10
CTTGCAGGTTCCTTCA-1,230,5494,mm10
CTTGCATTCCAATGAT-1,13543,489,GRCh38
CTTGCATTCGCTCACC-1,16288,694,GRCh38
CTTGCATTCTATGGGC-1,3333,1010,GRCh38
CTTGCCATCAATGTGT-1,4179,800,GRCh38
CTTGCCATCAGCGGTT-1,123,1924,mm10
CTTGCCATCAGGTAGG-1,104,1546,mm10
CTTGCCATCCATAGTG-1,2878,462,GRCh38
CTTGCCATCCATGACA-1,41033,1190,GRCh38
CTTGCCATCCTGTCCA-1,207,4848,mm10
CTTGCCATCTATGGGC-1,44588,1453,Multiplet
CTTGCCTGTAAGTACG-1,109,1056,mm10
CTTGCCTGTAGTGACA-1,20532,868,GRCh38
CTTGCCTGTGGACTAA-1,7674,307,GRCh38
CTTGCCTGTTGAGCAA-1,570,13442,mm10
CTTGCCTGTTTAGGAG-1,12585,507,GRCh38
CTTGCGAGTATGTCCG-1,10570,519,GRCh38
CTTGCGAGTTAGTGGA-1,8787,438,GRCh38
CTTGCGGAGCGAATGG-1,14245,446,GRCh38
CTTGCGGAGTGATAGA-1,33698,1010,GRCh38
CTTGCTTAGCCACTCC-1,34929,1246,Multiplet
CTTGCTTAGCTGAGTC-1,12303,419,GRCh38
CTTGCTTAGGTAAGTA-1,214,4797,mm10
CTTGGATGTAGCCCGT-1,235,5022,mm10
CTTGGATGTATGGTAG-1,41432,1183,GRCh38
CTTGGATGTCTAAGGA-1,11343,583,GRCh38
CTTGGATGTTAGCCCA-1,404,8518,mm10
CTTGGATGTTAGCGCC-1,18217,812,GRCh38
CTTGGCCTCAATCCGA-1,378,7696,mm10
CTTGGCCTCCTGATGA-1,1784,157,GRCh38
CTTGGCGAGCGGATGA-1,51,744,mm10
CTTGGCGAGGCTACTA-1,167,3325,mm10
CTTGGCGAGGCTCCTC-1,6606,1608,Multiplet
CTTGGCTCAAGCTGCA-1,20950,9208,Multiplet
CTTGGCTCATGAAGCT-1,114,2545,mm10
CTTGGGACAACTCGGA-1,107,902,mm10
CTTGGGACACCAGCTT-1,68,1167,mm10
CTTGGGACAGGATTCG-1,9126,475,GRCh38
CTTGGGACATCGAACG-1,210,3806,mm10
CTTGGGACATGGTCCT-1,799,365,GRCh38
CTTGGGCGTGAGTCCC-1,34214,1094,GRCh38
CTTGGGCGTGGGTACG-1,104,2136,mm10
CTTGGGCGTTCCAGAT-1,670,17219,mm10
CTTGGGCGTTGAGCGG-1,266,4547,mm10
CTTGGGGTCCCGTGTC-1,28236,904,GRCh38
CTTGGGGTCCTTAGTC-1,19593,712,GRCh38
CTTGGGTAGCAATCAT-1,26292,894,GRCh38
CTTGGGTAGCATTAAC-1,957,24526,mm10
CTTGGGTAGCGGATAG-1,815,7816,mm10
CTTGGGTAGCTACGGT-1,14636,705,GRCh38
CTTGGGTAGGCTACCG-1,121,723,mm10
CTTGGGTAGTCGAGGA-1,120,2034,mm10
CTTGGTAAGGATATGA-1,17480,537,GRCh38
CTTGGTAAGGCGTTAC-1,11113,612,GRCh38
CTTGTAAGTGAGAGTC-1,304,5912,mm10
CTTGTAAGTGCGGCTT-1,8848,409,GRCh38
CTTGTAAGTGGGTACG-1,305,6817,mm10
CTTGTAAGTTGACGGG-1,28941,1041,GRCh38
CTTGTAAGTTGTCCTC-1,306,9444,mm10
CTTGTCCGTCAAGTCT-1,1340,33839,mm10
CTTGTCCGTCTTGGAT-1,2187,1180,GRCh38
CTTGTCCGTGGCGCAA-1,110,2793,mm10
CTTGTCCGTTAGGTTC-1,259,5042,mm10
CTTGTCCGTTCAATGC-1,300,5817,mm10
CTTGTGAAGATAGTGA-1,7266,235,GRCh38
CTTGTGAAGCATTGAT-1,658,19357,mm10
CTTGTGAAGCGCTGCA-1,32198,1542,Multiplet
CTTGTGAAGTAGCATT-1,79,1017,mm10
GCAAACCTCGTAGTCA-1,286,6268,mm10
GCAAACCTCGTGCTGG-1,267,6757,mm10
GCAAAGGTCCTGTCGC-1,22834,1212,Multiplet
GCAACATCAAACTACA-1,436,12662,mm10
GCAACATCAAGCTCGA-1,379,9808,mm10
GCAACATCAGTTGCGA-1,203,4745,mm10
GCAACCACAATCAAGC-1,13560,620,GRCh38
GCAACCACACCATTGC-1,201,4888,mm10
GCAACCACACTCAGCT-1,18527,893,GRCh38
GCAACCACATTCGTTG-1,1129,28745,mm10
GCAACGGGTAGGCGAT-1,15256,579,GRCh38
GCAACGGGTCCCGAGT-1,24897,14887,Multiplet
GCAACGGGTTAGACCT-1,2417,2262,GRCh38
GCAACGGGTTGCTTCC-1,8910,447,GRCh38
GCAACGTTCATCTGGA-1,10388,486,GRCh38
GCAAGCAAGCATGACC-1,33543,1732,Multiplet
GCAAGCAAGCTAAGTT-1,2583,305,GRCh38
GCAAGCTTCGTAGTGC-1,491,10861,mm10
GCAAGCTTCTATCAGG-1,27544,1020,GRCh38
GCAAGGATCGCGATAC-1,22662,735,GRCh38
GCAATAGGTAAGTACG-1,11920,825,GRCh38
GCAATAGGTAAGTTCC-1,93,1223,mm10
GCAATAGGTAGCTGGG-1,6720,337,GRCh38
GCAATATTCAGCTCAA-1,75,1682,mm10
GCAATCATCCCAATTC-1,324,7307,mm10
GCAATCATCGACCTAA-1,20936,566,GRCh38
GCAATCGCAGGCTACA-1,274,5760,mm10
GCAATCGCATAACCAA-1,650,18469,mm10
GCAATCTGTAGTCATC-1,172,4510,mm10
GCAATCTGTCAGCTCA-1,5755,628,GRCh38
GCAATCTGTTCCATCC-1,7459,1318,Multiplet
GCAATGAGTTCGGTCA-1,139,1651,mm10
GCAATTGTCACAGACC-1,17978,541,GRCh38
GCAATTGTCCCGCTAC-1,33210,1014,GRCh38
GCAATTGTCGTACCAA-1,26093,871,GRCh38
GCAATTGTCGTGAACC-1,1233,33352,mm10
GCAATTTAGGCGAATG-1,435,10929,mm10
GCAATTTAGGCTCTCC-1,25867,1100,GRCh38
GCACAATCAACCCGTT-1,1023,25554,mm10
GCACACTAGCCTGGTG-1,1166,32780,mm10
GCACAGCCATTACGTT-1,409,8751,mm10
GCACCAACAGGTAATC-1,8453,506,GRCh38
GCACCAACATCGAAGT-1,242,6030,mm10
GCACCAACATTACTCG-1,12991,557,GRCh38
GCACCAACATTGCCAC-1,342,8907,mm10
GCACCATAGCAATCAT-1,21977,824,GRCh38
GCACCATAGCGGAGTA-1,81,904,mm10
GCACCATAGCTTCCAT-1,473,11424,mm10
GCACCATAGTAACCCA-1,196,4965,mm10
GCACCATAGTCAGTTG-1,257,4399,mm10
GCACCCTTCCCTCAAT-1,69,661,mm10
GCACCCTTCGATGTGC-1,248,6412,mm10
GCACCCTTCTATGCTC-1,3340,769,GRCh38
GCACCGATCAATCGTG-1,61026,1557,Multiplet
GCACCGATCACGTGTA-1,21893,940,GRCh38
GCACCGATCACTCGTT-1,20460,808,GRCh38
GCACCGATCACTGGCG-1,133,2128,mm10
GCACCGATCCTCACTG-1,47560,1343,Multiplet
GCACCGATCCTTCAAC-1,2258,61382,mm10
GCACCGATCGTGCTGG-1,547,12537,mm10
GCACCTAGTGATGGAC-1,253,5679,mm10
GCACCTAGTTCGCTGA-1,3324,243,GRCh38
GCACGAAAGCTGGCAT-1,407,9016,mm10
GCACGAGGTGAACTGA-1,19062,692,GRCh38
GCACGAGGTGAGACGT-1,834,78,GRCh38
GCACGAGGTTTACATG-1,12827,627,GRCh38
GCACGGTCAATGACAC-1,24043,1033,GRCh38
GCACGGTCAATGACGT-1,182,4397,mm10
GCACGGTCAATTGACA-1,29520,685,GRCh38
GCACGGTCAGTTAGAC-1,264,5629,mm10
GCACGTTAGGTTGGGA-1,476,8753,mm10
GCACTAATCACCAATG-1,396,8079,mm10
GCACTAATCCATCAGA-1,160,4136,mm10
GCACTAATCCCGCAAG-1,307,7772,mm10
GCACTAGCACCTCGTG-1,28271,849,GRCh38
GCACTAGCACTCAGGA-1,966,178,GRCh38
GCACTATGTAATCCTA-1,839,20564,mm10
GCACTATGTCTAGTAC-1,58600,1636,Multiplet
GCACTATGTTGAAGGC-1,239,5552,mm10
GCACTCCTCAATGGTT-1,216,4713,mm10
GCACTCCTCCCATAGA-1,387,9371,mm10
GCACTCCTCCGCGCAA-1,40215,1346,Multiplet
GCACTGACAAGTATCA-1,235,5570,mm10
GCACTGACATGAGTGT-1,310,6494,mm10
GCACTGGTCACAGCGT-1,768,161,GRCh38
GCACTGGTCACCTTCG-1,337,8707,mm10
GCACTGGTCCAACTCT-1,105,2696,mm10
GCACTGGTCCCCAAGG-1,43283,1307,Multiplet
GCACTTGGTCAATCGT-1,388,6313,mm10
GCACTTGGTCAATGCT-1,552,11175,mm10
GCACTTGGTGATGCAA-1,405,9819,mm10
GCACTTGGTTAATCCA-1,1110,308,GRCh38
GCACTTGGTTGACCCA-1,333,6824,mm10
GCAGCCATCAATTGCG-1,32752,1158,GRCh38
GCAGCCATCGATGTAT-1,24470,788,GRCh38
GCAGCGAGTCTAGAGA-1,8517,538,GRCh38
GCAGCGAGTTAATGCC-1,205,4115,mm10
GCAGCGAGTTTACTGA-1,1621,44552,mm10
GCAGGATGTCATCAGT-1,460,10952,mm10
GCAGGATGTGATCAAG-1,122,1429,mm10
GCAGGATGTGGGTTGG-1,710,18933,mm10
GCAGGATGTTTGACAC-1,2978,226,GRCh38
GCAGGCTCAGCTAGGC-1,809,465,GRCh38
GCAGGCTCATTAGACA-1,6221,247,GRCh38
GCAGGGACAAGTGCCA-1,5513,6567,Multiplet
GCAGGGACACTCGCAT-1,297,6991,mm10
GCAGGGACAGTTGCGA-1,286,7063,mm10
GCAGGGTAGATAGTCT-1,19401,712,GRCh38
GCAGGGTAGCATAGTT-1,411,6213,mm10
GCAGGGTAGCGCCTTC-1,176,2328,mm10
GCAGGGTAGTGCGCCA-1,20211,622,GRCh38
GCAGTAAGTTGGCGTC-1,29583,974,GRCh38
GCAGTAAGTTGGGATA-1,17500,732,GRCh38
GCAGTAAGTTTCGATA-1,212,4874,mm10
GCAGTGAAGGTTCCAA-1,3719,205,GRCh38
GCAGTGAAGTAGTTCG-1,406,7756,mm10
GCAGTGAAGTCAGTCA-1,22365,792,GRCh38
GCATAACCAAAGGTCT-1,22348,849,GRCh38
GCATAAGGTGATTAGG-1,236,6318,mm10
GCATAAGGTTAGTGGA-1,4640,411,GRCh38
GCATAAGGTTCGATGT-1,1390,32432,mm10
GCATAAGGTTTGCCAG-1,298,7407,mm10
GCATAAGGTTTGGTGT-1,1689,237,GRCh38
GCATAGCTCAGGCTAC-1,168,4704,mm10
GCATAGTCACCTGCAT-1,432,10539,mm10
GCATAGTCAGGTTCCT-1,25045,887,GRCh38
GCATCAATCCTGGTCC-1,12407,513,GRCh38
GCATCACAGGGCTACT-1,30866,988,GRCh38
GCATCAGCAAATCACA-1,351,7020,mm10
GCATCAGCAAATCCAA-1,18706,652,GRCh38
GCATCAGCATGACGGC-1,296,6777,mm10
GCATCCCTCATGCCTT-1,18722,760,GRCh38
GCATCCTCACCTAATT-1,1645,170,GRCh38
GCATCCTCAGCTACGA-1,21324,822,GRCh38
GCATCTAAGAACGATA-1,14053,473,GRCh38
GCATCTAAGGAGGATT-1,275,5393,mm10
GCATCTAAGTACGGTC-1,13341,517,GRCh38
GCATGAGAGCAACCTA-1,244,5765,mm10
GCATGAGAGGCGTTCG-1,221,5724,mm10
GCATGAGAGGTGACTC-1,64,804,mm10
GCATGAGAGTCAGTCA-1,293,7551,mm10
GCATGGGGTCCATATA-1,548,13125,mm10
GCATGGGGTTCGAATC-1,31997,13407,Multiplet
GCATGGTTCAGGTCAC-1,42,522,mm10
GCATGGTTCAGTGCGT-1,310,6606,mm10
GCATGGTTCGAGTGGA-1,187,4145,mm10
GCATGTCAGCCACTCC-1,112,3060,mm10
GCATGTCAGCCGACAT-1,648,16178,mm10
GCATGTCAGTAGTAAG-1,18045,747,GRCh38
GCATGTCAGTGATGGG-1,36063,1232,Multiplet
GCATGTCAGTTACGCA-1,5357,1747,Multiplet
GCATGTTGTAGTGACA-1,110,605,mm10
GCATGTTGTCAAGTGA-1,161,3010,mm10
GCATGTTGTGGCAGTG-1,285,8531,mm10
GCATGTTGTTGCACCA-1,664,18495,mm10
GCATGTTGTTTGCATA-1,343,8114,mm10
GCATTAACAAGTGGAA-1,1687,7401,mm10
GCATTAACAATCCGTC-1,349,8307,mm10
GCATTAACACTAAGCG-1,256,6834,mm10
GCATTAACAGGATGAA-1,236,5194,mm10
GCATTACGTATAGCTC-1,8071,224,GRCh38
GCATTACGTGAACGGT-1,253,6830,mm10
GCATTACGTTCCGCAA-1,361,8512,mm10
GCATTAGTCACATGCA-1,546,13017,mm10
GCATTAGTCCCTCTGA-1,19152,856,GRCh38
GCATTATAGCTATCCT-1,439,10593,mm10
GCATTATAGGGGACTA-1,67,571,mm10
GCATTATAGGTGGAAT-1,240,4302,mm10
GCATTCAAGGGGTTGA-1,181,2953,mm10
GCATTCAAGGGTCCTG-1,12589,13261,Multiplet
GCATTCAAGGTGATGG-1,1308,272,GRCh38
GCATTCAAGTAGAGAC-1,359,5539,mm10
GCATTCCCAGGTTGGC-1,387,10360,mm10
GCATTCCCATGACCAG-1,80,1787,mm10
GCATTGATCCTGCGGA-1,274,5129,mm10
GCATTGATCGTCTATC-1,178,4042,mm10
GCATTGATCGTTAGAT-1,502,11756,mm10
GCATTTAGTATGGTAG-1,310,8149,mm10
GCATTTGAGGCTTAAT-1,31212,894,GRCh38
GCATTTGAGGGCTCCA-1,18481,6420,Multiplet
GCATTTGAGGTTCGTA-1,298,6164,mm10
GCATTTGAGTAACCCA-1,238,5932,mm10
GCATTTGAGTAGCCAC-1,7821,673,GRCh38
GCCAAATCAAAGGTCT-1,7629,340,GRCh38
GCCAAATCAAATTACG-1,447,10864,mm10
GCCAAATCAAGTGCCA-1,97,1698,mm10
GCCAAATCAATTACCT-1,244,5657,mm10
GCCAAATCACCTTGGT-1,16712,840,GRCh38
GCCAAATCATCGTTCA-1,410,8573,mm10
GCCAAATCATTAGTCT-1,17191,499,GRCh38
GCCAAATCATTAGTGA-1,47,517,mm10
GCCAAGCCATCAAGGT-1,224,4788,mm10
GCCAAGCCATGACCAG-1,79,526,mm10
GCCAAGCCATGAGCTG-1,25796,1085,GRCh38
GCCAATATCCTTCCAG-1,255,6091,mm10
GCCAATGCAATTCGCC-1,58,1161,mm10
GCCAATGCACAACCCT-1,21961,747,GRCh38
GCCAATGCACTATATC-1,27546,894,GRCh38
GCCAATGCACTATCCA-1,7322,866,GRCh38
GCCAATGCATCCTTAG-1,29627,1101,GRCh38
GCCAATTGTAGTAGCA-1,10403,516,GRCh38
GCCAATTGTTGCCTGA-1,24449,753,GRCh38
GCCAATTGTTTACCAA-1,311,5805,mm10
GCCACAACAGCTACTC-1,675,16624,mm10
GCCACAACATTACCAT-1,8519,12253,Multiplet
GCCACATAGCGATCCG-1,4828,556,GRCh38
GCCACATAGCTATCCT-1,17184,776,GRCh38
GCCACATAGGCGTCAT-1,12628,560,GRCh38
GCCACCTTCCTCTAAC-1,54,894,mm10
GCCACCTTCGCGCATG-1,25854,849,GRCh38
GCCACTTCAACCAAGT-1,252,5006,mm10
GCCACTTCAAGGTATC-1,77,1032,mm10
GCCACTTCACTATCGC-1,33243,1049,GRCh38
GCCACTTCATCCGTTA-1,717,20417,mm10
GCCACTTCATCCTGCG-1,324,5977,mm10
GCCATAATCCCAGTAA-1,388,6933,mm10
GCCATAATCCGTCCAC-1,25637,1016,GRCh38
GCCATAATCCTGATCT-1,279,5101,mm10
GCCATAGCAATCAGCG-1,301,7156,mm10
GCCATAGCAATCATAG-1,219,5696,mm10
GCCATAGCAATGTAGC-1,22147,737,GRCh38
GCCATAGCAGTTGGCA-1,14522,571,GRCh38
GCCATATGTCAATCAC-1,288,6160,mm10
GCCATATGTCAGTCAT-1,28305,865,GRCh38
GCCATATGTTAATCTG-1,274,5965,mm10
GCCATATGTTCGAATC-1,13404,624,GRCh38
GCCATCAGTCATGGCC-1,17086,645,GRCh38
GCCATCAGTCTAATTG-1,464,10760,mm10
GCCATCAGTGCGGTCT-1,419,10256,mm10
GCCATCCTCACGCAGT-1,123,3080,mm10
GCCATCCTCATACTGG-1,2057,218,GRCh38
GCCATCCTCATAGATC-1,14649,571,GRCh38
GCCATCCTCGACTGCG-1,1114,248,GRCh38
GCCATCCTCGCGCTCT-1,295,6656,mm10
GCCATCTCAACCCGTT-1,275,6007,mm10
GCCATCTCACTCGGAA-1,28821,943,GRCh38
GCCATCTCAGTAATGC-1,448,9355,mm10
GCCATCTCATCCGTTA-1,445,8489,mm10
GCCATGGTCCAACTGA-1,524,89,GRCh38
GCCATGGTCCTGAAGC-1,372,8940,mm10
GCCATTCCAACTATGA-1,469,13325,mm10
GCCATTCCACATAGCG-1,37278,1158,GRCh38
GCCATTCCACCTATCA-1,12876,457,GRCh38
GCCATTCCATTGGCGA-1,21057,800,GRCh38
GCCCAAGTCAATCGCA-1,19928,1920,Multiplet
GCCCAAGTCATGTCAG-1,796,17906,mm10
GCCCAAGTCCTGATAG-1,213,4523,mm10
GCCCAAGTCTGGATCA-1,619,18078,mm10
GCCCAATAGTCTAGCA-1,82,1269,mm10
GCCCACTTCCCAGGTG-1,614,135,GRCh38
GCCCACTTCGAAGGGC-1,29560,903,GRCh38
GCCCACTTCGCTCTGC-1,44,655,mm10
GCCCATAGTAACCACT-1,37071,1654,Multiplet
GCCCATAGTGGACCGA-1,14370,564,GRCh38
GCCCATTCAGCATGTG-1,780,19014,mm10
GCCCATTCAGGTTAGT-1,6581,470,GRCh38
GCCCATTCATAGGCTG-1,16092,599,GRCh38
GCCCCATTCACGTAGC-1,22537,665,GRCh38
GCCCCATTCAGCGATC-1,1345,90,GRCh38
GCCCCATTCGACCGCA-1,50,759,mm10
GCCCCATTCGCTTGCC-1,359,7833,mm10
GCCCCTTAGCGCCTTC-1,7924,474,GRCh38
GCCCCTTAGCTAGCGT-1,125,2799,mm10
GCCCCTTAGGAGGTCA-1,216,4198,mm10
GCCCCTTAGGGTGATG-1,155,3144,mm10
GCCCCTTAGTTAGTAC-1,16039,717,GRCh38
GCCCGTAAGCGAATGG-1,194,4206,mm10
GCCCGTAAGGCTTAAT-1,13777,550,GRCh38
GCCCGTAAGTCATAGT-1,272,6285,mm10
GCCCTAAGTCTCCATC-1,9384,378,GRCh38
GCCCTAGAGCCACTAA-1,20016,822,GRCh38
GCCCTAGAGGTATGGG-1,193,4369,mm10
GCCCTAGAGTGAGTGG-1,365,6336,mm10
GCCCTCACAAACTAGC-1,423,10304,mm10
GCCCTCACACATTAAG-1,73,1295,mm10
GCCCTCACACTCATGC-1,693,19255,mm10
GCCCTGAAGGGGATGC-1,25337,821,GRCh38
GCCCTGAAGTCTCTGT-1,91,534,mm10
GCCCTGAAGTGATCGC-1,133,1688,mm10
GCCCTGTTCACTAGCA-1,29119,1018,GRCh38
GCCCTGTTCATACTGG-1,240,4660,mm10
GCCCTGTTCCAATGTG-1,366,8499,mm10
GCCCTGTTCCAGGTGT-1,46353,1348,Multiplet
GCCCTGTTCGACATAT-1,298,7284,mm10
GCCCTGTTCTAGTGAT-1,14608,596,GRCh38
GCCCTTGCAAGCTGAT-1,34837,1163,GRCh38
GCCCTTGCACCTCGCA-1,310,7776,mm10
GCCCTTGCAGGTATGT-1,173,4526,mm10
GCCCTTGCAGGTTCCT-1,7377,5120,Multiplet
GCCCTTGCATGGTGTG-1,206,3882,mm10
GCCCTTGCATTAGCTT-1,233,5350,mm10
GCCGAACCAGGATTAC-1,272,6665,mm10
GCCGAAGGTTTCCGAG-1,11355,451,GRCh38
GCCGATTAGCAGGTTC-1,16462,3580,Multiplet
GCCGATTAGCGGCATT-1,23459,727,GRCh38
GCCGATTAGTCAGGCT-1,25885,1081,GRCh38
GCCGATTAGTTGGTGC-1,31305,782,GRCh38
GCCGCTAAGGCACGTT-1,490,13226,mm10
GCCGCTAAGTCGAGAG-1,32120,1003,GRCh38
GCCGCTAAGTGCGCTG-1,67,1051,mm10
GCCGGTTGTAGCCTCA-1,709,20010,mm10
GCCGGTTGTCATTACA-1,299,6553,mm10
GCCGGTTGTTCCGTTC-1,168,2793,mm10
GCCGTACGTAATGCGA-1,10199,279,GRCh38
GCCGTACGTGAACGCG-1,69,1484,mm10
GCCGTACGTGGCGCTT-1,24897,913,GRCh38
GCCGTACGTTTACGGT-1,13661,565,GRCh38
GCCGTACGTTTCCTCA-1,14902,932,GRCh38
GCCGTAGTCCAGCAGT-1,449,12202,mm10
GCCGTAGTCGATTGGC-1,453,10463,mm10
GCCGTAGTCTAACCGA-1,16005,580,GRCh38
GCCGTCAAGGTAGGCA-1,8819,413,GRCh38
GCCGTCAAGTGCTCAA-1,310,7703,mm10
GCCGTTGAGCATCAAT-1,316,7293,mm10
GCCGTTGAGGGCTCTG-1,804,19930,mm10
GCCGTTGAGTCAGTGC-1,279,6969,mm10
GCCTAAATCACAGGCT-1,375,8674,mm10
GCCTAAATCACTCGGG-1,637,304,GRCh38
GCCTAAATCATCGACA-1,2519,161,GRCh38
GCCTAAATCCGCGACA-1,857,134,GRCh38
GCCTAAATCGTTGCTT-1,102,1893,mm10
GCCTAAATCTTGACAG-1,1102,16239,mm10
GCCTAACAGAACGACG-1,2357,224,GRCh38
GCCTAACAGATAGGAC-1,6892,195,GRCh38
GCCTAACAGATTAGGA-1,5679,231,GRCh38
GCCTAACAGCTAGTCA-1,4882,114,GRCh38
GCCTAACAGGAATTAG-1,20441,706,GRCh38
GCCTAACAGGAGGTAT-1,576,14948,mm10
GCCTAACAGGATAGAC-1,310,7221,mm10
GCCTAACAGTAGACTT-1,31000,1020,GRCh38
GCCTAATGTCAGCCTA-1,14312,546,GRCh38
GCCTAATGTTTGATTG-1,18649,1068,GRCh38
GCCTACCTCACGTAGC-1,259,4610,mm10
GCCTACCTCGCATAGC-1,139,4037,mm10
GCCTACTCAACATTAG-1,84,515,mm10
GCCTACTCATGCAGGC-1,674,19427,mm10
GCCTACTCATGGTTGG-1,16733,641,GRCh38
GCCTATGGTAAGCATG-1,21368,7793,Multiplet
GCCTATGGTTACACCG-1,16431,730,GRCh38
GCCTATGGTTCACCTC-1,76,572,mm10
GCCTATGGTTGCGGTC-1,70,1438,mm10
GCCTCATCAACATGAC-1,2056,282,GRCh38
GCCTCATCACCAACCT-1,52,699,mm10
GCCTCATCACCAATCC-1,462,10973,mm10
GCCTCATCATAACTCT-1,3180,475,GRCh38
GCCTCATCATGGCCTT-1,8358,451,GRCh38
GCCTCATCATTGCCAC-1,162,1221,mm10
GCCTCCACAAGGTATC-1,11427,462,GRCh38
GCCTCCACAGGGCAAG-1,123,2036,mm10
GCCTGATAGGTATCGC-1,234,4782,mm10
GCCTGCAAGCGATCCG-1,6299,213,GRCh38
GCCTGCAAGGATGGTG-1,22917,1140,GRCh38
GCCTGCTTCAAGTCCA-1,12631,494,GRCh38
GCCTGCTTCACCAATG-1,4451,415,GRCh38
GCCTGCTTCCCAATTC-1,5151,386,GRCh38
GCCTGCTTCCTGCCAC-1,26483,1608,Multiplet
GCCTGCTTCGATGCCG-1,65818,1782,Multiplet
GCCTGCTTCGTCTCTG-1,13911,618,GRCh38
GCCTGGATCACAGCGT-1,310,4940,mm10
GCCTGGATCGTACGGT-1,22018,5190,Multiplet
GCCTGGATCTAAGCGC-1,962,25172,mm10
GCCTGGATCTATCCGT-1,20310,868,GRCh38
GCCTGTTCAACATCGG-1,679,250,GRCh38
GCCTGTTCAATCATCT-1,836,150,GRCh38
GCCTGTTCACCTCAAC-1,294,7300,mm10
GCCTGTTCACTAGCAG-1,402,6594,mm10
GCCTTCATCCATGAGC-1,112,1899,mm10
GCCTTCATCCGGAACT-1,19973,718,GRCh38
GCCTTGCTCAGGGCTT-1,602,131,GRCh38
GCCTTGCTCCGCACAG-1,46536,1230,Multiplet
GCCTTGCTCTGTGGCG-1,3191,1095,GRCh38
GCGAAAGTCCATCCTG-1,9984,483,GRCh38
GCGAAAGTCCGCGACA-1,325,6857,mm10
GCGAAAGTCCGTCAGG-1,23247,6138,Multiplet
GCGAAAGTCGATCATG-1,211,4241,mm10
GCGAATAGTGATGAAT-1,590,15864,mm10
GCGAATAGTTAGCAGA-1,263,6289,mm10
GCGAATAGTTCGCTTC-1,394,9018,mm10
GCGAATTCAAGGTCGC-1,24065,807,GRCh38
GCGAATTCATCATACT-1,21724,959,GRCh38
GCGACAGGTCAGCTTG-1,13445,464,GRCh38
GCGACAGGTGATGACA-1,9379,381,GRCh38
GCGACAGGTTGCTATA-1,14532,1341,Multiplet
GCGACAGGTTGCTTAA-1,14749,555,GRCh38
GCGACATTCACAGATT-1,25097,642,GRCh38
GCGACATTCACAGGAG-1,444,10365,mm10
GCGACATTCAGCACCG-1,89,514,mm10
GCGACATTCCCGTTGC-1,232,4848,mm10
GCGACATTCGATCACA-1,50606,1717,Multiplet
GCGACTTAGATAGTTC-1,265,6222,mm10
GCGAGGTAGCTACTCT-1,114,1091,mm10
GCGAGGTAGTGCCTGG-1,11898,488,GRCh38
GCGAGTAAGATAGAGC-1,510,11686,mm10
GCGAGTAAGCTGAGAG-1,14687,571,GRCh38
GCGAGTAAGGGCTGAA-1,13766,769,GRCh38
GCGAGTAAGGTCATAT-1,276,7006,mm10
GCGAGTAAGTCAGTAT-1,13826,7968,Multiplet
GCGAGTAAGTCGCGTG-1,105,1843,mm10
GCGAGTAAGTGATTCG-1,243,5622,mm10
GCGAGTTTCATCGAGC-1,278,6552,mm10
GCGAGTTTCCGTCAGG-1,20799,796,GRCh38
GCGAGTTTCGCTTCAT-1,127,1957,mm10
GCGAGTTTCTGTGAGC-1,8909,372,GRCh38
GCGATAAGTCTCCACT-1,16859,5581,Multiplet
GCGATCCGTAGGTCGG-1,388,10586,mm10
GCGATCCGTTAGACTC-1,417,9824,mm10
GCGATCCGTTGAATCC-1,19201,902,GRCh38
GCGATGAAGGATCTAT-1,64,547,mm10
GCGATGAAGGTTCGCG-1,115,2459,mm10
GCGATGAAGTGAGGCA-1,19016,785,GRCh38
GCGATGTTCCTTCCTC-1,3199,1668,Multiplet
GCGATTCAGCTACGCG-1,11965,398,GRCh38
GCGATTCAGGAGTAAC-1,147,3911,mm10
GCGATTCAGGGGATCA-1,133,3556,mm10
GCGATTCAGGTGCGTT-1,30773,968,GRCh38
GCGATTCAGTCAGCAC-1,14331,795,GRCh38
GCGCAAGGTAGCTTCG-1,21602,704,GRCh38
GCGCAAGGTATGGTGA-1,28742,1157,GRCh38
GCGCAAGGTGGCTTCA-1,4428,402,GRCh38
GCGCATTAGCTATCGA-1,44,605,mm10
GCGCATTAGTCGATTG-1,191,4021,mm10
GCGCCAATCAATGTGT-1,16770,722,GRCh38
GCGCCAATCATATCGG-1,300,7858,mm10
GCGCCAATCGAATCCA-1,6889,290,GRCh38
GCGCCTAAGGCTTGGT-1,13739,493,GRCh38
GCGCTAACACCATCCG-1,15226,794,GRCh38
GCGCTAACACTAGGCA-1,13351,2350,Multiplet
GCGCTAACACTCGCTG-1,265,6392,mm10
GCGCTAGTCTCATCAC-1,18168,599,GRCh38
GCGCTCAAGGCACATC-1,4012,245,GRCh38
GCGCTTAGTTAAGTCC-1,19018,6669,Multiplet
GCGCTTGAGATTCAGT-1,1027,27042,mm10
GCGCTTGAGTTGGGCT-1,108,604,mm10
GCGGACTCAAAGGTCT-1,16526,661,GRCh38
GCGGACTCAGCCAGAC-1,372,7706,mm10
GCGGAGACAAATTCGA-1,27419,1208,Multiplet
GCGGAGACAAGGTCGC-1,31415,948,GRCh38
GCGGAGTAGCCAGATC-1,323,7675,mm10
GCGGAGTAGCTATGTG-1,180,3091,mm10
GCGGAGTAGGTAGTAA-1,84,1713,mm10
GCGGAGTAGTCAGTCA-1,82,1169,mm10
GCGGATGGTATTGCCG-1,1437,37923,mm10
GCGGATGGTTAGTGGA-1,951,23968,mm10
GCGGATGGTTCACTCC-1,14899,654,GRCh38
GCGGATGGTTGGTAAG-1,246,4854,mm10
GCGGCTATCAGTATCG-1,381,6934,mm10
GCGGCTATCAGTTCCT-1,16976,663,GRCh38
GCGGCTATCCTCGTGC-1,102,700,mm10
GCGGCTATCTAATCGG-1,6839,469,GRCh38
GCGGGAACAAGCTAGT-1,5637,500,GRCh38
GCGGGAACAATCAATG-1,4334,495,GRCh38
GCGGGAACACAATGAC-1,11951,8705,Multiplet
GCGGGAACAGGCAGGA-1,1004,26223,mm10
GCGGGATAGCCTTCCA-1,271,5503,mm10
GCGGGATAGCTAGGGA-1,9522,735,GRCh38
GCGGGATAGGCGTCTG-1,14602,626,GRCh38
GCGGGATAGGTGAACG-1,13688,629,GRCh38
GCGGGATAGTGTCAAT-1,25,756,mm10
GCGGGTAGTAATCCCG-1,189,3517,mm10
GCGGGTAGTCTGTCGA-1,23087,796,GRCh38
GCGGGTAGTTAAGTGG-1,17197,732,GRCh38
GCGGGTTCAATGCCGA-1,124,1174,mm10
GCGGGTTCACCTTAGC-1,25391,678,GRCh38
GCGGGTTCAGTAATCA-1,16338,631,GRCh38
GCGGGTTCAGTTAGGT-1,4107,118,GRCh38
GCGGGTTCATAGGCGC-1,11854,517,GRCh38
GCGGTAAAGCCATACA-1,16925,810,GRCh38
GCGGTAAAGCCTGCTC-1,17280,758,GRCh38
GCGGTAAAGCGGTCCA-1,495,10495,mm10
GCGGTAAAGGCTTGGT-1,414,3585,mm10
GCGGTAAAGGGCAGTA-1,369,7154,mm10
GCGGTAAAGGTACTAT-1,318,7083,mm10
GCGGTAAAGTTGCGTA-1,356,8762,mm10
GCGGTAGGTAACTGCT-1,130,3458,mm10
GCGGTAGGTCAACGAA-1,39600,1131,GRCh38
GCGGTAGGTGATAGCA-1,896,21761,mm10
GCGGTCATCCAGCAAC-1,65294,1592,Multiplet
GCGGTCATCGAAGGGC-1,51,554,mm10
GCGGTGAGTAGGTCCC-1,284,5226,mm10
GCGGTGAGTGAGACAC-1,285,6495,mm10
GCGGTGAGTGGAGAGA-1,324,6771,mm10
GCGGTTACACTATCCA-1,818,20171,mm10
GCGGTTACATGGTATA-1,13976,856,GRCh38
GCGGTTTAGCTACTCT-1,18471,630,GRCh38
GCGTAATCAAATGGTC-1,352,6016,mm10
GCGTAATCAAGGTAGA-1,368,7904,mm10
GCGTACCGTGAGGCTG-1,142,2115,mm10
GCGTACCGTTAGACGA-1,10528,664,GRCh38
GCGTAGCCAATCCTTG-1,302,7305,mm10
GCGTAGCCAGCATGAT-1,458,11072,mm10
GCGTAGCCATCAAGCG-1,104,1654,mm10
GCGTATATCATGCTAG-1,117,1007,mm10
GCGTATATCCCATATC-1,18545,631,GRCh38
GCGTATATCCGTCAGG-1,622,83,GRCh38
GCGTATATCGCTTGCC-1,15185,689,GRCh38
GCGTATATCTATGGAT-1,13928,602,GRCh38
GCGTCCTTCAGCGAAG-1,345,8798,mm10
GCGTCCTTCCGCCTTA-1,14891,579,GRCh38
GCGTCCTTCCGTTGCC-1,1117,92,GRCh38
GCGTCCTTCTTGATCC-1,526,15280,mm10
GCGTGAAAGCAACTAT-1,8803,505,GRCh38
GCGTGAAAGTGAAGCG-1,1965,187,GRCh38
GCGTGAGGTGAGCCCT-1,230,5385,mm10
GCGTGAGGTTGCTATA-1,265,4346,mm10
GCGTGCATCAGCAGAG-1,305,6738,mm10
GCGTGCATCATGACTG-1,11299,580,GRCh38
GCGTGCATCCCCAACC-1,159,2936,mm10
GCGTGTTAGAACGGCA-1,40100,1294,Multiplet
GCGTGTTAGCGAGCTT-1,4585,408,GRCh38
GCGTGTTAGGCGATTC-1,30388,1356,Multiplet
GCGTGTTAGGCGCATT-1,28435,965,GRCh38
GCGTGTTAGGTTGATT-1,16612,597,GRCh38
GCGTTAATCATATCGG-1,10297,488,GRCh38
GCGTTAATCGTACGGT-1,470,10370,mm10
GCGTTAGCAATCTGCC-1,309,6515,mm10
GCGTTAGCATCCAACC-1,1484,39716,mm10
GCGTTAGCATCCGTCG-1,9637,463,GRCh38
GCGTTATGTATGTGTC-1,24423,726,GRCh38
GCGTTATGTTGCAATC-1,17658,877,GRCh38
GCGTTATGTTGGCGTC-1,237,5324,mm10
GCGTTCCTCACCCTGC-1,556,15384,mm10
GCGTTCCTCAGCTCAA-1,283,6550,mm10
GCGTTCCTCCAGGTGT-1,362,6583,mm10
GCGTTCCTCCCGCACT-1,147,2296,mm10
GCGTTCCTCGTTGCGG-1,165,2884,mm10
GCGTTCTCAGCTCACT-1,353,7131,mm10
GCGTTCTCATTCAACT-1,370,9060,mm10
GCGTTTCCAAATGGAG-1,17894,674,GRCh38
GCGTTTCCACCAGCTT-1,263,6882,mm10
GCGTTTCCATTACATC-1,326,6803,mm10
GCGTTTGGTGAGGCAT-1,28348,898,GRCh38
GCTAAACCAACTAGCG-1,274,7558,mm10
GCTAAACCACTTAGGG-1,239,6013,mm10
GCTAAACCATAAGGCT-1,238,4911,mm10
GCTAAACCATAGACCG-1,36956,7433,Multiplet
GCTAAAGGTCTAGCTG-1,503,10619,mm10
GCTAAAGGTTCCGCAA-1,9753,442,GRCh38
GCTAAAGGTTCGTTGG-1,13305,572,GRCh38
GCTAAATTCCTCATTA-1,17028,680,GRCh38
GCTAACATCAATCTCC-1,81,615,mm10
GCTAACATCCGTAGTA-1,241,4357,mm10
GCTAACATCCGTATGA-1,55599,1507,Multiplet
GCTAAGTCACCATCCG-1,24229,913,GRCh38
GCTAAGTCATTAGTGA-1,270,7309,mm10
GCTAAGTCATTGCCCG-1,16506,570,GRCh38
GCTAATGTCCCCATTG-1,359,7064,mm10
GCTAATGTCCCGTAGG-1,6116,546,GRCh38
GCTACAGCATGATCGG-1,7966,331,GRCh38
GCTACCCTCCGCAGAT-1,21588,1022,GRCh38
GCTACCCTCGACCCAG-1,249,6583,mm10
GCTACCTCATCACGCT-1,142,3858,mm10
GCTACCTCATCCGTAC-1,34012,1144,GRCh38
GCTACTGGTGAGGCAT-1,6095,300,GRCh38
GCTACTGGTTGCGGTC-1,515,11050,mm10
GCTAGGCCAACCTCAC-1,10157,519,GRCh38
GCTAGGCCAAGTGCCA-1,31660,14981,Multiplet
GCTAGGCCATAGATGC-1,15406,677,GRCh38
GCTAGGGGTTCGTCAG-1,15086,478,GRCh38
GCTAGGGGTTGCTATA-1,23011,708,GRCh38
GCTAGGGGTTGGATTC-1,980,24638,mm10
GCTAGGTTCTAAGTGT-1,8564,503,GRCh38
GCTAGTCAGCCAGGTT-1,290,7130,mm10
GCTAGTCAGCCTGAGT-1,479,6497,mm10
GCTAGTCAGCGCCTAG-1,29988,969,GRCh38
GCTAGTCAGTCAGCTA-1,78,1495,mm10
GCTAGTTGTCTAATGC-1,13098,459,GRCh38
GCTAGTTGTTAACGTC-1,452,12326,mm10
GCTAGTTGTTCAAGCT-1,10006,363,GRCh38
GCTATCCCAAACTCGG-1,12795,701,GRCh38
GCTATCCCAACCGCAA-1,20448,986,GRCh38
GCTATCCCACTAGGAT-1,18878,849,GRCh38
GCTATGATCGTACCTT-1,227,5303,mm10
GCTATTGAGAACGACG-1,513,14267,mm10
GCTATTGAGGGCTACT-1,54222,1534,Multiplet
GCTCAAATCATCGTGA-1,227,4533,mm10
GCTCAAATCCAATGCA-1,1194,103,GRCh38
GCTCAATGTATGGCCC-1,897,26136,mm10
GCTCAATGTGAGCAGT-1,7367,335,GRCh38
GCTCAATGTTCGGTGC-1,8720,386,GRCh38
GCTCAATGTTGACTGT-1,157,3072,mm10
GCTCAATGTTGGTGCC-1,22905,835,GRCh38
GCTCACCTCAGCGAAG-1,210,5250,mm10
GCTCACCTCCCCAATT-1,296,6354,mm10
GCTCACCTCGCTTCGC-1,45368,1337,Multiplet
GCTCAGGTCAATTAGC-1,20938,791,GRCh38
GCTCAGGTCACCTAGA-1,1648,52834,mm10
GCTCAGGTCCTGTATC-1,259,5540,mm10
GCTCAGGTCTGGTCCC-1,304,7275,mm10
GCTCAGTAGCATCTCT-1,23113,795,GRCh38
GCTCAGTAGCATTAAC-1,7975,416,GRCh38
GCTCAGTAGCCATGCG-1,21991,745,GRCh38
GCTCAGTAGCGCCACA-1,41264,1191,Multiplet
GCTCAGTAGGATCTGC-1,789,21957,mm10
GCTCAGTAGGGTAGTG-1,46,508,mm10
GCTCAGTAGTATGAGA-1,278,5994,mm10
GCTCATAAGGCACGTT-1,23792,765,GRCh38
GCTCATAAGGGCTAAG-1,37123,1142,GRCh38
GCTCATAAGTATCTGG-1,61362,1758,Multiplet
GCTCATCCACAACCGA-1,210,4465,mm10
GCTCATCCACATTAAG-1,729,95,GRCh38
GCTCATCCAGCTCGTT-1,8749,613,GRCh38
GCTCATCCATAAGGAG-1,829,125,GRCh38
GCTCATCCATAGAGAG-1,202,5380,mm10
GCTCATCCATCCTGAC-1,293,7588,mm10
GCTCATGGTGCACGAG-1,238,4903,mm10
GCTCATGGTTAGCTCG-1,14355,14008,Multiplet
GCTCATGGTTTGATTG-1,22491,785,GRCh38
GCTCATTTCACGTGTA-1,370,10101,mm10
GCTCATTTCCCAATCT-1,92,646,mm10
GCTCATTTCTAATGGT-1,32370,1046,GRCh38
GCTCCAAGTAGCAGGT-1,13061,695,GRCh38
GCTCCAAGTGGCGTCT-1,106,2354,mm10
GCTCCAAGTTCACTGG-1,23695,803,GRCh38
GCTCCAAGTTGGCTTG-1,180,4084,mm10
GCTCCATCACAACTAA-1,355,8106,mm10
GCTCCCACAAGCTTCC-1,244,4945,mm10
GCTCCCACACTATGAA-1,455,11143,mm10
GCTCCCACATTGGAAC-1,284,7301,mm10
GCTCCGTTCCGCACAG-1,286,7178,mm10
GCTCCGTTCCTGACGG-1,336,6938,mm10
GCTCCGTTCGAAGCTC-1,140,2866,mm10
GCTCCTGCATCGCTGT-1,25637,970,GRCh38
GCTCCTGCATTAGGAC-1,8869,322,GRCh38
GCTCCTGCATTAGGCG-1,52,605,mm10
GCTCCTTGTCAAGTTC-1,228,3134,mm10
GCTCCTTGTTAAGTGG-1,437,12480,mm10
GCTCCTTGTTCCCATC-1,691,16248,mm10
GCTCGCTTCAGCAGAG-1,18314,658,GRCh38
GCTCGCTTCAGGAGAT-1,195,4465,mm10
GCTCGCTTCCGCGCAA-1,348,6140,mm10
GCTCGCTTCCTGTCTG-1,645,15196,mm10
GCTCGTAGTAACGTAG-1,6827,573,GRCh38
GCTCGTAGTATTGGAG-1,11398,373,GRCh38
GCTCGTAGTTAGCGTT-1,474,10137,mm10
GCTCGTAGTTTGGAGA-1,16768,618,GRCh38
GCTCGTTCATAATCGA-1,353,7018,mm10
GCTCTCATCAGTATGT-1,718,17915,mm10
GCTCTCATCATGGTCA-1,257,6138,mm10
GCTCTCATCCCCTGTA-1,2530,129,GRCh38
GCTCTCATCCGGACAT-1,9026,696,GRCh38
GCTCTCATCTGGGAAG-1,31549,977,GRCh38
GCTCTCATCTGTCACT-1,50759,1621,Multiplet
GCTGAAAGTAAGCACA-1,92,744,mm10
GCTGACTAGAACCATT-1,279,5780,mm10
GCTGACTAGCCTGTAA-1,33323,1083,GRCh38
GCTGACTAGGCGAATG-1,464,13009,mm10
GCTGACTAGGGGCTAA-1,40603,1064,GRCh38
GCTGACTAGGTTACAT-1,9272,609,GRCh38
GCTGACTAGTAAGGGT-1,1015,24180,mm10
GCTGACTAGTAAGTTC-1,76,786,mm10
GCTGACTAGTGCTTGA-1,42020,1178,GRCh38
GCTGAGAAGCGCCTTC-1,18081,696,GRCh38
GCTGAGAAGTTAACCG-1,20966,725,GRCh38
GCTGAGGGTAAGTGTG-1,218,6197,mm10
GCTGAGGGTCATGTGT-1,2782,150,GRCh38
GCTGATTGTAGTTAGG-1,27681,788,GRCh38
GCTGATTGTGAGACGT-1,973,350,GRCh38
GCTGATTGTTGAATGG-1,18330,661,GRCh38
GCTGCCTTCAATCGCA-1,29860,1371,Multiplet
GCTGCCTTCAGCACTA-1,67,867,mm10
GCTGCCTTCGATAGCC-1,193,4135,mm10
GCTGCCTTCGCTGAAC-1,15741,826,GRCh38
GCTGCCTTCTGGCTGG-1,256,7048,mm10
GCTGCGATCCTGTCTG-1,807,302,GRCh38
GCTGCGATCGAACCCG-1,242,6350,mm10
GCTGCGATCGCGATTA-1,8151,404,GRCh38
GCTGCGATCGCGCTGA-1,317,7397,mm10
GCTGCTAGTGAACCAA-1,364,8090,mm10
GCTGCTAGTGCAACCC-1,292,6087,mm10
GCTGCTAGTGGACTGG-1,22003,916,GRCh38
GCTGCTAGTTAACGCT-1,9204,1130,GRCh38
GCTGCTGAGATACTCG-1,83,565,mm10
GCTGCTGAGATTGATC-1,11249,472,GRCh38
GCTGCTGAGCGGTAGA-1,18554,705,GRCh38
GCTGCTGAGGCACAGA-1,15120,573,GRCh38
GCTGCTGAGGGTCATC-1,71108,1838,Multiplet
GCTGCTGAGTAAGTGA-1,2838,1036,GRCh38
GCTGGATTCAGGCTCG-1,5354,3596,Multiplet
GCTGGATTCCACCTAT-1,811,21900,mm10
GCTGGATTCGACTATG-1,350,10135,mm10
GCTGGCTGTGGGTCCT-1,24813,936,GRCh38
GCTGGCTGTTGGACGG-1,855,100,GRCh38
GCTGGCTGTTGGAGCG-1,20835,691,GRCh38
GCTGGGTCAATGTGCG-1,548,10908,mm10
GCTGGTTAGTAAGTCT-1,17425,851,GRCh38
GCTGTATGTAGGCGTG-1,248,4894,mm10
GCTGTATGTTAGGCAA-1,232,3434,mm10
GCTGTTAAGCCATACA-1,3517,316,GRCh38
GCTGTTAAGGATTAGA-1,21217,766,GRCh38
GCTGTTAAGTGCCGAT-1,987,67,GRCh38
GCTGTTGGTAAGTTCC-1,21450,841,GRCh38
GCTGTTGGTCTCAGGC-1,13380,672,GRCh38
GCTGTTGGTTCGATAC-1,73,960,mm10
GCTTAATAGCCCTTGC-1,354,6025,mm10
GCTTAATAGTCAACTG-1,19700,6470,Multiplet
GCTTAATAGTTGCGCG-1,17160,819,GRCh38
GCTTACAAGCGCGATT-1,123,1322,mm10
GCTTACAAGTGCTCAA-1,45,750,mm10
GCTTACCCATTGGCGA-1,3179,167,GRCh38
GCTTACTTCAGCTACA-1,33890,1025,GRCh38
GCTTACTTCCCCTGAC-1,277,6584,mm10
GCTTACTTCCTTCCAG-1,716,16555,mm10
GCTTATAGTAAGTGAT-1,12803,517,GRCh38
GCTTATAGTGACCGAG-1,330,6961,mm10
GCTTATAGTGCAAGTA-1,14955,568,GRCh38
GCTTATGAGCCAACTA-1,275,6962,mm10
GCTTATGAGGGGTTGA-1,17838,840,GRCh38
GCTTCACCACTACCAC-1,308,7535,mm10
GCTTCACCAGCTAGGC-1,4403,1116,GRCh38
GCTTCACCATTACTGT-1,2058,261,GRCh38
GCTTCAGGTTCGTAAC-1,316,6634,mm10
GCTTCAGGTTGAAGGC-1,262,6215,mm10
GCTTCAGGTTGACCGC-1,30302,993,GRCh38
GCTTCATTCGATCATG-1,53,755,mm10
GCTTCATTCGTTACAG-1,455,9980,mm10
GCTTCATTCTCATCTA-1,6487,207,GRCh38
GCTTCCATCACGGCTG-1,255,6018,mm10
GCTTCCATCCATCCCA-1,13175,425,GRCh38
GCTTCCATCGACTCAA-1,987,501,GRCh38
GCTTCCATCGTTCACT-1,335,7693,mm10
GCTTCCGCAAAGGCAA-1,6305,462,GRCh38
GCTTCCGCAAATCCAA-1,19151,658,GRCh38
GCTTCCGCAAGCGACC-1,14269,790,GRCh38
GCTTCCGCACTTCGGT-1,20846,667,GRCh38
GCTTCCTGTATGGACA-1,265,6894,mm10
GCTTCCTGTTATCGCG-1,21313,767,GRCh38
GCTTCGCTCCGCGGTA-1,2661,180,GRCh38
GCTTCGCTCCGTCCGT-1,29898,1209,Multiplet
GCTTCGCTCTAAGCCA-1,3340,109,GRCh38
GCTTGAATCCGCCAGA-1,19360,612,GRCh38
GCTTGAATCGATGACC-1,14807,550,GRCh38
GCTTGAATCGATGTAT-1,4071,162,GRCh38
GCTTGAATCGTAGTAT-1,628,11651,mm10
GCTTGAATCTAATGGT-1,1080,367,GRCh38
GCTTGATGTTATAGCC-1,307,7473,mm10
GCTTGATGTTCCTTCA-1,6640,432,GRCh38
GCTTGCCTCCCAGACG-1,354,9278,mm10
GCTTGCCTCGCTTCAT-1,15136,853,GRCh38
GCTTGGACAATCGGCA-1,193,4479,mm10
GCTTGGACACATTCGC-1,239,5297,mm10
GCTTGGACATTAGCAA-1,241,4983,mm10
GCTTGGGTCACGCCTC-1,278,5964,mm10
GCTTGGGTCAGGCTCG-1,88,1416,mm10
GCTTGGGTCAGGGACA-1,268,4812,mm10
GCTTGTAAGGATGACG-1,308,7165,mm10
GCTTGTAAGTGAGTCC-1,687,101,GRCh38
GCTTGTCCAAACTAGC-1,6016,191,GRCh38
GCTTGTCCACCTCGCA-1,17190,628,GRCh38
GCTTGTCCAGCATGGC-1,90012,2142,Multiplet
GCTTGTCCATAATCGA-1,5796,258,GRCh38
GCTTTCACAACTGGAT-1,9901,548,GRCh38
GCTTTCACAAGCTGCA-1,16957,574,GRCh38
GCTTTCACATCGAACG-1,66,1265,mm10
GCTTTGAAGCCAGAGA-1,32382,1063,GRCh38
GCTTTGAAGCTATGAT-1,466,11874,mm10
GCTTTGAAGTGACGAG-1,15267,551,GRCh38
GCTTTGAAGTGCAATT-1,12860,504,GRCh38
GCTTTGAAGTTAGGTT-1,198,4058,mm10
GCTTTGGGTAGCAGGT-1,84,989,mm10
GCTTTGGGTGCGGACA-1,445,5217,mm10
GCTTTGGGTTCGAGTT-1,11898,478,GRCh38
GCTTTGGGTTGGCTTG-1,109,2558,mm10
GGAAACTAGCGAGCTT-1,12041,12998,Multiplet
GGAAACTAGCGCATAC-1,33321,1053,GRCh38
GGAAACTAGCGCCTGA-1,83,859,mm10
GGAAACTAGGAGGCGT-1,79998,2221,Multiplet
GGAAACTAGGATACTT-1,75,1311,mm10
GGAAACTAGGTCGATC-1,299,5404,mm10
GGAAACTAGTATGGTT-1,822,20557,mm10
GGAAACTAGTTGGATT-1,284,6682,mm10
GGAAATGCATCCTGAC-1,28036,1047,GRCh38
GGAAATTGTCCCGAAC-1,18382,701,GRCh38
GGAAATTGTTAGGTAG-1,18135,818,GRCh38
GGAACATAGCTAACCA-1,4109,673,GRCh38
GGAACATAGGATGATA-1,13933,613,GRCh38
GGAACATAGTCATGTG-1,18611,559,GRCh38
GGAACCAAGAACGAAC-1,442,10924,mm10
GGAACCAAGCCGACAT-1,47493,1591,Multiplet
GGAACCAAGTACGGAG-1,113,2044,mm10
GGAACCTTCATCACGA-1,2446,548,GRCh38
GGAACCTTCCTCAGTT-1,190,4109,mm10
GGAACGATCAATCTGG-1,48,696,mm10
GGAACGATCATACAGT-1,1009,24558,mm10
GGAACTGAGCATTCAG-1,20627,953,GRCh38
GGAACTGAGCCAGATC-1,221,4300,mm10
GGAACTGAGCGCTGTG-1,274,5827,mm10
GGAACTGAGGAATTGA-1,208,4710,mm10
GGAAGATTCAATCGGC-1,316,6713,mm10
GGAAGATTCACACTAG-1,1570,99,GRCh38
GGAAGATTCAGCACTA-1,22767,703,GRCh38
GGAAGATTCAGTTGGC-1,19694,659,GRCh38
GGAAGATTCGTGATTG-1,648,15175,mm10
GGAAGCATCGTTACTC-1,23922,962,GRCh38
GGAAGCCAGCATGGAG-1,100,1764,mm10
GGAAGCCAGGTTGCAC-1,634,126,GRCh38
GGAAGGCTCCAATGTG-1,231,4956,mm10
GGAAGGCTCCTCGTGC-1,3090,169,GRCh38
GGAAGGCTCGAATCCA-1,318,8253,mm10
GGAAGGTCAATGGAGA-1,68,1419,mm10
GGAAGTTAGTGCCATA-1,24292,714,GRCh38
GGAAGTTAGTTGGGTC-1,244,4994,mm10
GGAATATGTCAACCCA-1,10802,553,GRCh38
GGAATATGTGAACTGA-1,144,1788,mm10
GGAATCTCAGCCATCT-1,36277,1042,GRCh38
GGAATCTCATGATATG-1,414,6773,mm10
GGAATGGTCCATCGGG-1,349,6182,mm10
GGAATGGTCGCATTAG-1,590,15719,mm10
GGAATGGTCGCGTCCT-1,26513,947,GRCh38
GGAATTAAGAAGCATA-1,6878,262,GRCh38
GGAATTAAGCGCTGTG-1,839,67,GRCh38
GGAATTAAGGTAAGGT-1,7059,408,GRCh38
GGAATTAAGGTAGGGC-1,478,9995,mm10
GGAATTAAGTTGCTCT-1,90,2263,mm10
GGAATTGGTAAGCATG-1,85923,1864,Multiplet
GGAATTGGTTCGCTTC-1,32058,1183,GRCh38
GGACAATAGCTGGTCG-1,11546,543,GRCh38
GGACAATAGGAATCGG-1,243,6486,mm10
GGACAATAGTAGGTCC-1,546,14351,mm10
GGACACAAGCATCGAC-1,1945,16647,mm10
GGACACAAGCGATCCG-1,7650,679,GRCh38
GGACACCCAAGCTTAA-1,12827,582,GRCh38
GGACACCCAAGTAGAG-1,16252,592,GRCh38
GGACACGGTGCGGAAT-1,18699,722,GRCh38
GGACACGGTTCACCAG-1,271,5655,mm10
GGACAGGCACCTACTA-1,58,974,mm10
GGACATAGTCAATCAC-1,61185,12897,Multiplet
GGACATAGTTAATGCC-1,515,10666,mm10
GGACATAGTTAGTGGA-1,271,4568,mm10
GGACATAGTTCGCAGC-1,8634,690,GRCh38
GGACATGAGATTGATC-1,1996,149,GRCh38
GGACATGAGCAGGGTA-1,157,3533,mm10
GGACATGAGGCATGGA-1,44,764,mm10
GGACATGAGGGGTACA-1,251,6213,mm10
GGACATGAGGTAGGGC-1,306,7622,mm10
GGACATTCAATATCTC-1,341,7892,mm10
GGACCCTGTGCAGCCT-1,19223,638,GRCh38
GGACCCTGTTAGTTCA-1,93,1504,mm10
GGACCCTGTTGGCCTA-1,450,11484,mm10
GGACCCTGTTTCCTTG-1,19449,911,GRCh38
GGACCTTAGCATGATT-1,212,5342,mm10
GGACCTTAGCGCTTCC-1,408,9457,mm10
GGACGAATCCAGATTG-1,281,5362,mm10
GGACGAATCGATGGGA-1,35651,1216,Multiplet
GGACGAATCGTTAGAT-1,17385,631,GRCh38
GGACGACAGCCTGTCC-1,2287,152,GRCh38
GGACGACAGCGCATCG-1,83,670,mm10
GGACGACAGGATGGTG-1,18211,656,GRCh38
GGACGACAGGTCCACG-1,181,1910,mm10
GGACGATGTAGGCGTG-1,3101,199,GRCh38
GGACGATGTGAGTATG-1,179,4219,mm10
GGACGATGTTAGTGGA-1,519,11418,mm10
GGACGGACAAGCATAC-1,5287,469,GRCh38
GGACGGACAATTCGTT-1,28632,706,GRCh38
GGACGGACATCCACAC-1,122,2607,mm10
GGACGTAAGCCAACCG-1,475,9539,mm10
GGACGTAAGGCTCCGA-1,22626,916,GRCh38
GGACGTTTCATGAACT-1,162,4056,mm10
GGACGTTTCCATGCAA-1,408,9578,mm10
GGACGTTTCCGGTACG-1,573,339,GRCh38
GGACGTTTCCTTAACC-1,1076,24491,mm10
GGACTCACAATAGCCG-1,316,7824,mm10
GGACTCACAATGCCTC-1,171,3557,mm10
GGACTCACACCAGGAC-1,1148,32801,mm10
GGACTCACACCATCTA-1,19854,733,GRCh38
GGACTCACATCCCTGG-1,259,5558,mm10
GGACTCACATGGATAC-1,9942,429,GRCh38
GGACTTATCAATCCCT-1,40263,1194,Multiplet
GGACTTATCGCTCCGT-1,13033,789,GRCh38
GGACTTATCGTACACA-1,15375,501,GRCh38
GGACTTGCACATGATA-1,12887,555,GRCh38
GGACTTGCAGCTCACT-1,108,1434,mm10
GGAGAACCAAATCGCG-1,8035,434,GRCh38
GGAGAACCAAGCGTGC-1,17702,637,GRCh38
GGAGAACCAATATCAG-1,18382,679,GRCh38
GGAGAACCACAGCGAC-1,22474,827,GRCh38
GGAGAACCATAACGCG-1,100,2052,mm10
GGAGAACCATTCCTAG-1,18707,672,GRCh38
GGAGAACCATTCGTTG-1,105,2211,mm10
GGAGAAGGTTCACCTC-1,25088,1014,GRCh38
GGAGAAGGTTTACTTC-1,67,909,mm10
GGAGAAGGTTTCCTGC-1,15588,584,GRCh38
GGAGAGGAGCCCTTGC-1,46595,1245,Multiplet
GGAGAGGAGCGCCTTC-1,281,6616,mm10
GGAGAGGAGTCGAACC-1,153,1723,mm10
GGAGAGTCACAGGCAC-1,28770,997,GRCh38
GGAGAGTCACTCATCA-1,25436,1005,GRCh38
GGAGAGTCAGTACCGA-1,20116,675,GRCh38
GGAGAGTCATGGAGCC-1,22617,736,GRCh38
GGAGATTAGCGGATGA-1,28832,879,GRCh38
GGAGATTAGGCGAATG-1,167,4446,mm10
GGAGATTAGGCTTACA-1,788,1049,mm10
GGAGATTAGTAGACCC-1,23337,739,GRCh38
GGAGATTAGTAGCCAC-1,20538,714,GRCh38
GGAGCAATCACGGCTG-1,44729,1513,Multiplet
GGAGCAATCATCGACA-1,322,6606,mm10
GGAGCAATCGTTACAG-1,327,8296,mm10
GGAGCAATCTATCTCA-1,1938,982,GRCh38
GGAGCAATCTGTCTGT-1,199,3300,mm10
GGAGCATGTAACGAAT-1,108,2978,mm10
GGAGCATGTATTAGCC-1,10161,490,GRCh38
GGAGCATGTGATTCCG-1,13392,424,GRCh38
GGAGCATGTTAACGAG-1,18118,689,GRCh38
GGAGCCAGTTCCTGTC-1,386,10293,mm10
GGAGCCAGTTGGGCAG-1,440,10684,mm10
GGAGCCAGTTGTAAGG-1,14047,468,GRCh38
GGAGCTAAGAAGCATA-1,207,4520,mm10
GGAGCTAAGGCGATTC-1,523,13689,mm10
GGAGCTGGTGAAGTTG-1,1807,622,GRCh38
GGAGCTGGTGCAATCT-1,139,2822,mm10
GGAGGTTGTAGGCGTG-1,410,7155,mm10
GGAGGTTGTAGTAGAT-1,42124,1195,Multiplet
GGAGTAACAAGTGTAC-1,21046,801,GRCh38
GGAGTAACACCTTCGG-1,241,5622,mm10
GGAGTAACACTCGCTG-1,261,7192,mm10
GGAGTAGTCACAGACC-1,255,6340,mm10
GGAGTAGTCCGGGTAT-1,227,5266,mm10
GGAGTAGTCCGTATAG-1,47177,1445,Multiplet
GGAGTAGTCTCACCTG-1,176,4910,mm10
GGAGTATAGGTCACAC-1,277,6617,mm10
GGAGTCAAGGATATAG-1,17027,638,GRCh38
GGAGTCAAGGATGGGC-1,42,1062,mm10
GGAGTCAAGTAGACTT-1,303,5873,mm10
GGAGTCAAGTGTCCTT-1,102,1641,mm10
GGAGTGATCCACCGGA-1,15144,7150,Multiplet
GGAGTGATCTAGGCGT-1,11140,638,GRCh38
GGAGTGATCTGTGGCG-1,268,6779,mm10
GGAGTTAGTGGCCATC-1,21496,739,GRCh38
GGAGTTAGTTGCAGTT-1,454,10958,mm10
GGAGTTAGTTTCGTAA-1,202,4367,mm10
GGATAATGTAATGTCC-1,185,4004,mm10
GGATAGGTCGACCCGA-1,19610,784,GRCh38
GGATAGGTCGCGTGTG-1,246,5556,mm10
GGATAGGTCGCTCTCA-1,251,6045,mm10
GGATAGTAGGTTAGGG-1,25980,1027,GRCh38
GGATAGTAGGTTCGAC-1,1076,710,GRCh38
GGATATGGTGATCAGA-1,13227,1022,GRCh38
GGATATGGTTGGCATT-1,12122,763,GRCh38
GGATCGCCAAGCCTCT-1,26351,859,GRCh38
GGATCGCCATTACCTG-1,22384,806,GRCh38
GGATCGTTCATATCCC-1,12564,3401,Multiplet
GGATCGTTCCCTGGAG-1,534,12428,mm10
GGATCGTTCCCTGTGC-1,82,1337,mm10
GGATCGTTCGCATAGC-1,83,1299,mm10
GGATCTATCGCTCTAT-1,348,8054,mm10
GGATCTATCGTACCTT-1,17324,597,GRCh38
GGATCTATCTGGATTG-1,629,16333,mm10
GGATGCAAGCCTGTAA-1,378,9565,mm10
GGATGCAAGGCAACTC-1,197,3204,mm10
GGATGCAAGTAGCCCG-1,28174,838,GRCh38
GGATGCTTCGCATGAC-1,284,7112,mm10
GGATGGATCCAACCGG-1,3771,575,GRCh38
GGATGGATCCATTAGG-1,28047,850,GRCh38
GGATGGATCCGGTGTG-1,199,4163,mm10
GGATGGATCCTCATCG-1,315,6920,mm10
GGATGGGCAAGGTCGC-1,604,13543,mm10
GGATGTGAGTTGGCCG-1,89,1634,mm10
GGATGTTCAACTAGAC-1,34967,988,GRCh38
GGATGTTCAAGGTACT-1,319,7645,mm10
GGATGTTCAATCGCAG-1,11968,568,GRCh38
GGATGTTCACCTGTCG-1,325,7527,mm10
GGATGTTCAGGTATCG-1,7025,336,GRCh38
GGATGTTCAGGTATGT-1,22488,933,GRCh38
GGATGTTCATTAACCT-1,19645,3474,Multiplet
GGATTAAAGCCGCACA-1,1099,616,GRCh38
GGATTAAAGCTGGACT-1,1318,34144,mm10
GGATTAAAGGTACGGA-1,207,4457,mm10
GGATTAGGTGAGGCAT-1,230,4286,mm10
GGATTAGGTGCGAGCA-1,299,6075,mm10
GGATTAGGTTGCGGAG-1,302,5688,mm10
GGATTCATCGCGTTAA-1,330,8665,mm10
GGATTCATCGCTCACC-1,35693,1232,Multiplet
GGATTCGCAAATCGGT-1,107,765,mm10
GGATTCGCACCAGCTT-1,11941,597,GRCh38
GGATTCGCACTTGACC-1,5343,610,GRCh38
GGATTCGCAGGATCAT-1,310,7991,mm10
GGATTCGCATTCCTCT-1,221,5223,mm10
GGATTGAGTCAAGTAG-1,14088,520,GRCh38
GGATTGCTCACCTACT-1,58,1059,mm10
GGATTGCTCATGCTGA-1,235,4094,mm10
GGATTGCTCGAATCAT-1,25375,972,GRCh38
GGATTGCTCGACCTAA-1,583,15125,mm10
GGATTGCTCGCATAGC-1,4892,1005,GRCh38
GGATTGCTCTATGGTG-1,427,9565,mm10
GGCAAAGTCCCGCGAA-1,25610,828,GRCh38
GGCAAAGTCCGGTTAA-1,81,684,mm10
GGCAAAGTCGCTCGCT-1,97,1961,mm10
GGCAAAGTCTCACCTG-1,3120,160,GRCh38
GGCAACCCACTATCGC-1,26388,834,GRCh38
GGCAACCCATAAGCAC-1,382,8203,mm10
GGCAACTTCAATCCGA-1,282,7767,mm10
GGCAACTTCCCATGCC-1,18836,633,GRCh38
GGCAACTTCGACTTAG-1,27750,1104,GRCh38
GGCAACTTCGATCGCG-1,492,12878,mm10
GGCAACTTCGCGTTAA-1,347,9248,mm10
GGCAAGGCACCTTAAT-1,413,11164,mm10
GGCAAGGCATAATCAG-1,275,6981,mm10
GGCAATAGTGATGCTT-1,383,7839,mm10
GGCAATAGTTGGCTAT-1,1555,97,GRCh38
GGCAATGAGCAAGCTC-1,2404,2798,mm10
GGCAATGAGCTATACG-1,210,5165,mm10
GGCAATGAGTAGTGCC-1,197,4245,mm10
GGCAATGAGTGGCTAC-1,30771,1103,GRCh38
GGCAATTCATTAGTGA-1,1257,33233,mm10
GGCACACCAAAGGTGA-1,17697,663,GRCh38
GGCACACCAACATCCC-1,8079,370,GRCh38
GGCACACCATAATCTC-1,541,13302,mm10
GGCACATTCACAGATT-1,440,11473,mm10
GGCACATTCAGGAAGT-1,435,9512,mm10
GGCACATTCCATCTGT-1,12597,764,GRCh38
GGCACATTCGCATGAC-1,412,9785,mm10
GGCACCATCTATGAGT-1,7082,396,GRCh38
GGCACCTGTCATCATA-1,458,10471,mm10
GGCACCTGTCTTGCCT-1,1163,350,GRCh38
GGCACCTGTGATTACC-1,427,10302,mm10
GGCACCTGTTAATCTG-1,491,11363,mm10
GGCACGAGTGATGGAC-1,364,8578,mm10
GGCACGAGTTGCATCG-1,41088,1420,Multiplet
GGCATAAGTAAGGACC-1,16169,576,GRCh38
GGCATAAGTCTAATCA-1,12530,450,GRCh38
GGCATAAGTGCGAGAT-1,13077,514,GRCh38
GGCATAAGTGGCCAGA-1,228,5275,mm10
GGCATAAGTTGGACGG-1,278,6931,mm10
GGCATAAGTTTACGCG-1,416,10190,mm10
GGCATCCGTCAGGGCA-1,22106,695,GRCh38
GGCATCCGTGCACGAG-1,1868,178,GRCh38
GGCATGGGTCTCAGCA-1,250,5463,mm10
GGCATGGGTGGAGAGA-1,15922,588,GRCh38
GGCATGGGTTGCTTCC-1,643,16118,mm10
GGCATGTTCAAGTTAC-1,39,707,mm10
GGCATGTTCCCGTTCA-1,285,5310,mm10
GGCATTATCATACAGT-1,508,11866,mm10
GGCATTATCATCGTGA-1,4061,255,GRCh38
GGCATTATCCGGTTCC-1,263,5978,mm10
GGCATTCAGCGGAGAC-1,9532,463,GRCh38
GGCATTCAGCTGGACT-1,25064,855,GRCh38
GGCATTCAGGATCAGG-1,211,3104,mm10
GGCATTCAGGCGTCTG-1,34,574,mm10
GGCATTCAGGGCTTCG-1,20058,829,GRCh38
GGCATTCAGGTAGCAG-1,269,5095,mm10
GGCATTCAGGTCATGC-1,196,4958,mm10
GGCATTCAGGTTACAT-1,631,13647,mm10
GGCATTCAGTTGGCCG-1,15904,539,GRCh38
GGCCAACCAAGCCTAG-1,353,9837,mm10
GGCCAACCAAGCGAGG-1,313,6151,mm10
GGCCAACCACCATCCG-1,19219,755,GRCh38
GGCCAACCACCTGTGT-1,486,13712,mm10
GGCCAACCAGGCAGCT-1,288,6170,mm10
GGCCAATTCACTCTGT-1,284,5858,mm10
GGCCAATTCGAGTGTC-1,744,18347,mm10
GGCCAATTCTGGATCA-1,35,626,mm10
GGCCCTAAGCAGGCAA-1,275,6227,mm10
GGCCCTAAGCTAGTAT-1,414,7756,mm10
GGCCCTAAGGATCCCG-1,193,4730,mm10
GGCCCTAAGGTGATGG-1,142,3314,mm10
GGCCCTAAGTCAGCAC-1,462,13770,mm10
GGCCGAAGTAGTGCCC-1,354,8147,mm10
GGCCGATCAAGCACGC-1,9449,358,GRCh38
GGCCGATCACCTAATT-1,5317,182,GRCh38
GGCCGTTGTGCGCAGA-1,20669,783,GRCh38
GGCCGTTGTGCGGTCT-1,266,5921,mm10
GGCCGTTGTTGCAGTT-1,512,12092,mm10
GGCCTAACAATCTAAG-1,21815,788,GRCh38
GGCCTAACATTGCCCG-1,375,7662,mm10
GGCCTAGTCACATGCA-1,484,11229,mm10
GGCCTAGTCGAGTGGA-1,8814,403,GRCh38
GGCCTAGTCTGTCACT-1,444,11045,mm10
GGCCTCAAGCGCTCCT-1,104,2771,mm10
GGCCTCAAGTCATGGC-1,35829,6327,Multiplet
GGCCTCAAGTCTAGCA-1,348,7428,mm10
GGCCTTGAGATTGACT-1,23868,785,GRCh38
GGCGAACAGGATTAGA-1,524,12214,mm10
GGCGAACAGTCGAACC-1,601,15552,mm10
GGCGAACAGTGCAACC-1,14642,532,GRCh38
GGCGAACAGTGCCTGG-1,346,6646,mm10
GGCGAACAGTGCGCCA-1,24604,1171,GRCh38
GGCGAACAGTTGCATG-1,421,9600,mm10
GGCGAATGTTTAGCGT-1,220,4786,mm10
GGCGAATGTTTGGAAG-1,301,7518,mm10
GGCGACTCAAAGGATG-1,27992,871,GRCh38
GGCGACTCATCAAGTA-1,13981,534,GRCh38
GGCGAGACAACATCGG-1,6505,377,GRCh38
GGCGATCCAAAGGTCT-1,35,505,mm10
GGCGATCCACTTCGTA-1,278,6521,mm10
GGCGATCCAGCACCTT-1,382,8676,mm10
GGCGATCCATCGCTTA-1,58137,1844,Multiplet
GGCGATCCATGAATTG-1,1598,43314,mm10
GGCGATGGTTATATCG-1,607,12397,mm10
GGCGATGGTTGGATGA-1,210,3839,mm10
GGCGATGGTTTCCTTG-1,804,17664,mm10
GGCGATTTCATGGTCA-1,303,6617,mm10
GGCGATTTCCCGCACT-1,1026,27837,mm10
GGCGCTATCAGGCTAC-1,634,15484,mm10
GGCGCTATCGTTGCTT-1,369,7718,mm10
GGCGCTTGTGGCCTGT-1,15644,571,GRCh38
GGCGGATAGAAGCGTG-1,157,3620,mm10
GGCGGATAGCAATTAC-1,498,10858,mm10
GGCGGATAGCGATGTC-1,11365,438,GRCh38
GGCGGATAGCTTCCTG-1,40085,1511,Multiplet
GGCGGTAGTGAGACGT-1,93,1450,mm10
GGCGGTAGTGCGGACA-1,2824,242,GRCh38
GGCGGTAGTTCCAGTG-1,299,6876,mm10
GGCGGTAGTTCCTCGT-1,37503,1423,Multiplet
GGCGGTAGTTTCCATT-1,273,5765,mm10
GGCGGTTCAAGCCGGT-1,34640,1315,Multiplet
GGCGGTTCACTATCGC-1,417,8794,mm10
GGCGGTTCAGCTAAGT-1,117,948,mm10
GGCGGTTCATGACAGT-1,96,624,mm10
GGCGGTTCATGATCGG-1,51489,1519,Multiplet
GGCGTAAAGAAGCATA-1,18719,713,GRCh38
GGCGTAAAGGAGGATT-1,625,16166,mm10
GGCGTAGGTATGGCCC-1,116,1844,mm10
GGCGTAGGTATGTAGG-1,534,57,GRCh38
GGCGTAGGTCCCGTAA-1,11833,446,GRCh38
GGCGTAGGTCTAATGC-1,35,741,mm10
GGCGTAGGTTCGCTTC-1,59,1192,mm10
GGCGTAGGTTTGCCTC-1,84826,1961,Multiplet
GGCGTCTGTTGTGATC-1,557,12468,mm10
GGCGTTGTCCCTGGCT-1,10006,526,GRCh38
GGCGTTGTCCGGGTAT-1,220,5159,mm10
GGCGTTGTCCTCTATA-1,351,7750,mm10
GGCGTTGTCTATCCTA-1,13769,519,GRCh38
GGCTAATCACCAACGA-1,38,856,mm10
GGCTAATCAGCAGGAG-1,256,4852,mm10
GGCTAGAAGAACGAAC-1,4002,927,GRCh38
GGCTAGAAGCCACACG-1,199,5119,mm10
GGCTAGAAGCTAGCAC-1,9872,547,GRCh38
GGCTAGAAGGTACACC-1,104,2842,mm10
GGCTAGAAGTTAGGTT-1,11243,408,GRCh38
GGCTATATCACAGCAC-1,260,6431,mm10
GGCTATATCCGCACCT-1,238,5336,mm10
GGCTATATCGTTCCGC-1,114,2321,mm10
GGCTATTGTCATGAAG-1,32422,1105,GRCh38
GGCTATTGTGACTTCG-1,198,4918,mm10
GGCTATTGTTAACGAG-1,95,1703,mm10
GGCTATTGTTAGGCTT-1,24095,1086,GRCh38
GGCTCAACACTTCGAC-1,349,8016,mm10
GGCTCAACATGGTAAC-1,18574,809,GRCh38
GGCTCGATCGATTCCT-1,99,3042,mm10
GGCTCGATCTAGTGTG-1,30860,945,GRCh38
GGCTGAAAGATAGGGT-1,28466,7809,Multiplet
GGCTGAAAGGATGGTG-1,10064,461,GRCh38
GGCTGACCAAAGGTGA-1,24420,885,GRCh38
GGCTGACCACTAATCT-1,622,16160,mm10
GGCTGACCAGGAATGA-1,87,1614,mm10
GGCTGAGGTGATAGCA-1,162,1188,mm10
GGCTGCATCACGTGCG-1,249,6235,mm10
GGCTGCATCAGGAGCA-1,186,3009,mm10
GGCTGCATCTAGGCCG-1,722,16850,mm10
GGCTGGTCAATAGGCT-1,356,7277,mm10
GGCTGGTCATAACGTA-1,240,5860,mm10
GGCTGGTCATAACTTC-1,4892,313,GRCh38
GGCTGTTAGATTCCCT-1,7598,207,GRCh38
GGCTGTTAGGATGACG-1,104,2389,mm10
GGCTTAATCAGCAGGA-1,18753,636,GRCh38
GGCTTAATCCAGAGAG-1,50,797,mm10
GGCTTAATCCAGCGCA-1,28603,879,GRCh38
GGCTTAATCCAGGCCA-1,320,8057,mm10
GGCTTATGTAACGACA-1,8701,1775,Multiplet
GGCTTATGTCTAACTA-1,251,5621,mm10
GGCTTATGTCTAAGGA-1,172,3717,mm10
GGCTTATGTTTAAGCC-1,73,660,mm10
GGCTTCCTCATGCACA-1,787,20596,mm10
GGCTTCTCAAACTTAG-1,623,14679,mm10
GGCTTCTCACTTCAGC-1,343,6069,mm10
GGCTTCTCATCCAATT-1,105,1461,mm10
GGCTTCTCATCCCATA-1,337,8347,mm10
GGCTTCTCATCGCGTT-1,5248,290,GRCh38
GGCTTGGTCCAACTCT-1,13911,573,GRCh38
GGCTTGGTCCATTGCT-1,23516,884,GRCh38
GGCTTGGTCGCGATAC-1,32738,1427,Multiplet
GGCTTGGTCGTAACTG-1,14114,591,GRCh38
GGCTTTGGTCTCAGTG-1,10360,799,GRCh38
GGCTTTGGTTTCGTAA-1,435,9979,mm10
GGGAACATCGAATGGG-1,104,1371,mm10
GGGAACATCTGGTCCC-1,77,578,mm10
GGGAATGTCACACCGG-1,277,5695,mm10
GGGAATGTCAGCAACC-1,261,6336,mm10
GGGAATGTCAGTTGAT-1,288,6109,mm10
GGGAATGTCCCAGATA-1,13697,480,GRCh38
GGGAATGTCCTGATGA-1,50573,1365,Multiplet
GGGAATGTCTAAGCGC-1,395,8745,mm10
GGGAATGTCTGGAACC-1,6388,530,GRCh38
GGGAATTAGGTAATCT-1,11277,529,GRCh38
GGGACAATCACAGCGT-1,289,7963,mm10
GGGACACAGGATCCAC-1,21063,738,GRCh38
GGGACACAGGATGGTG-1,5638,385,GRCh38
GGGACACAGGCATCCG-1,4430,249,GRCh38
GGGACACAGGTAGTGG-1,1582,307,GRCh38
GGGACACAGTATGAAG-1,59,545,mm10
GGGACCAGTAACGCAA-1,44522,1433,Multiplet
GGGACCAGTAATCGGA-1,10982,331,GRCh38
GGGACCAGTTCCTTCA-1,15335,513,GRCh38
GGGACCAGTTCGATGT-1,25121,742,GRCh38
GGGACCTCAACTTAGA-1,276,6493,mm10
GGGACCTCATTACCGC-1,51384,1755,Multiplet
GGGACGTAGCTTACTC-1,6391,531,GRCh38
GGGACGTAGGATCAGG-1,258,4826,mm10
GGGACTAAGATAGGTA-1,372,8137,mm10
GGGACTAAGGAACCGA-1,141,2271,mm10
GGGACTAAGGTGCTGT-1,3276,488,GRCh38
GGGATAGTCCCAATGA-1,323,4390,mm10
GGGATAGTCCCGCTAC-1,31036,1175,GRCh38
GGGATAGTCGATTAAC-1,37882,1024,GRCh38
GGGATATAGCTAACGC-1,25734,1300,Multiplet
GGGATATAGGTGATCC-1,13164,642,GRCh38
GGGATCAAGGGGATAT-1,43832,1311,Multiplet
GGGATCAAGTAACCGC-1,163,4170,mm10
GGGATCAAGTGTCATG-1,80,1426,mm10
GGGATTAGTAGTAAGT-1,17255,807,GRCh38
GGGATTAGTATTGAGG-1,259,6680,mm10
GGGATTAGTGCGCAAG-1,26680,726,GRCh38
GGGATTAGTGGAGAGA-1,2914,105,GRCh38
GGGATTAGTGGCGTCT-1,188,3862,mm10
GGGATTAGTTGGAGCG-1,41630,1258,Multiplet
GGGATTAGTTTGACGT-1,250,5778,mm10
GGGATTGAGCTGGTCG-1,3409,62,GRCh38
GGGATTGAGGATATGA-1,430,10793,mm10
GGGATTGAGTGGCTCG-1,21656,995,GRCh38
GGGATTGAGTTGGTTG-1,10169,468,GRCh38
GGGCAAATCCCAGGAT-1,59,1021,mm10
GGGCAAATCCTTGGAA-1,265,5937,mm10
GGGCAACAGATTCAAC-1,401,8599,mm10
GGGCAATGTATAGCCT-1,23505,759,GRCh38
GGGCAATGTCAATCAC-1,74,781,mm10
GGGCAATGTGACGAAC-1,13512,560,GRCh38
GGGCAATGTTTACTAG-1,2527,576,GRCh38
GGGCATCCACAGCAAT-1,376,10932,mm10
GGGCATCCATAGATGC-1,80,2321,mm10
GGGCATCCATGGCTCT-1,1307,149,GRCh38
GGGCATCCATGGTACG-1,262,5197,mm10
GGGCATGGTGATCCTG-1,124,3584,mm10
GGGCATTTCCCAATTC-1,371,8801,mm10
GGGCATTTCCCATTCG-1,639,149,GRCh38
GGGCCTATCAATCTGG-1,137,2634,mm10
GGGCCTATCCGCGCAA-1,22335,705,GRCh38
GGGCCTATCGTTCCTG-1,17459,5906,Multiplet
GGGCCTATCTGGTGTA-1,12708,561,GRCh38
GGGCCTTGTAGTTGGA-1,24583,830,GRCh38
GGGCCTTGTGCAAGGT-1,6637,487,GRCh38
GGGCCTTGTGGACCTC-1,748,201,GRCh38
GGGCCTTGTGGGTTGG-1,351,7342,mm10
GGGCCTTGTTAGGCTT-1,67,919,mm10
GGGCCTTGTTATCACA-1,278,5651,mm10
GGGCCTTGTTGAAGTG-1,10352,389,GRCh38
GGGCCTTGTTTGCCTC-1,586,229,GRCh38
GGGCGATAGGTTACAT-1,149,3875,mm10
GGGCGATAGTGCCCGA-1,663,17868,mm10
GGGCGATAGTGCTCAA-1,66,1188,mm10
GGGCGTAGTAATTGGG-1,18009,670,GRCh38
GGGCGTAGTTCCTGAG-1,235,5034,mm10
GGGCTAAAGCCCTGAG-1,599,12927,mm10
GGGCTAAAGTCATCCT-1,279,5919,mm10
GGGCTAAAGTTAATGC-1,93,1648,mm10
GGGCTAGGTCATGCCA-1,102,2618,mm10
GGGCTAGGTTATGGCT-1,100,2092,mm10
GGGCTAGGTTCATCGG-1,473,11153,mm10
GGGCTCTGTTGCTCCT-1,411,7626,mm10
GGGCTTACACCTAACC-1,7536,752,GRCh38
GGGCTTACAGGACTAT-1,275,6439,mm10
GGGCTTACATGGTGAT-1,332,7083,mm10
GGGCTTGTCACTTCGT-1,46147,1204,Multiplet
GGGCTTGTCCCATACT-1,12293,505,GRCh38
GGGGACTAGCGAGGTA-1,267,5223,mm10
GGGGACTAGGTTAATC-1,303,6780,mm10
GGGGACTAGGTTGCAC-1,27717,1143,GRCh38
GGGGACTAGTCGCGCA-1,15193,791,GRCh38
GGGGATGCAAGTCCTC-1,13044,540,GRCh38
GGGGATGCAAGTGATC-1,25247,819,GRCh38
GGGGATGCAGCACGTA-1,141,2036,mm10
GGGGATGCATAACCGG-1,19153,841,GRCh38
GGGGCAACAGGGCACT-1,19090,707,GRCh38
GGGGCAACAGGGCTGT-1,295,6750,mm10
GGGGCAACATAGATTG-1,461,11074,mm10
GGGGCAACATTAGCAA-1,96,1826,mm10
GGGGCTAGTGAAGTAT-1,101818,2270,Multiplet
GGGGCTAGTTCGGTGC-1,62,1032,mm10
GGGGTAATCCGCCTGT-1,615,372,GRCh38
GGGGTAATCGCGCAAT-1,67194,2020,Multiplet
GGGGTAATCGCGTTAA-1,63,796,mm10
GGGGTATGTAATGCGA-1,9104,427,GRCh38
GGGGTATGTAGTAGAT-1,20765,806,GRCh38
GGGGTATGTCAGCCGT-1,49,622,mm10
GGGGTATGTGGCCTGT-1,82,1095,mm10
GGGGTCAGTAAGCGAC-1,701,19480,mm10
GGGGTCAGTGATGAAT-1,879,22366,mm10
GGGGTCAGTTAACCGT-1,349,7846,mm10
GGGGTCAGTTCACGAT-1,6896,411,GRCh38
GGGGTTGGTGCAAGGT-1,472,11567,mm10
GGGTAATAGATAGGTA-1,183,3639,mm10
GGGTACGGTAGGTGAC-1,23298,693,GRCh38
GGGTACTTCGAGTTGC-1,38346,1411,Multiplet
GGGTATAGTAACGGTA-1,19024,744,GRCh38
GGGTATAGTAATCCGT-1,17207,523,GRCh38
GGGTATAGTGACGAAC-1,171,3361,mm10
GGGTATGAGATTGATC-1,432,9658,mm10
GGGTATGAGCATGGAG-1,246,5363,mm10
GGGTATGAGCGAATGG-1,15942,609,GRCh38
GGGTATGAGGGTAGAT-1,462,11693,mm10
GGGTCAAAGGAGCTGA-1,21981,913,GRCh38
GGGTCAAAGGGTAGCA-1,517,12211,mm10
GGGTCAAAGTTGCTCT-1,21456,802,GRCh38
GGGTCAGGTGAGACAC-1,256,5639,mm10
GGGTCAGGTTACACCG-1,9997,772,GRCh38
GGGTCAGGTTATCATG-1,508,11151,mm10
GGGTCAGGTTCCTCAC-1,362,7078,mm10
GGGTCAGGTTTGGGAA-1,232,5161,mm10
GGGTCATTCAGCGACT-1,238,6370,mm10
GGGTCATTCAGGTTCA-1,149,1445,mm10
GGGTCATTCGTTCCTG-1,557,12885,mm10
GGGTCCATCAGCAAGG-1,19925,764,GRCh38
GGGTCCATCCCTCATG-1,379,8920,mm10
GGGTCCATCCTGCGTC-1,51443,1518,Multiplet
GGGTCCATCGACTGAC-1,124,2152,mm10
GGGTCCATCGCATACA-1,782,21030,mm10
GGGTCCATCGTTAAGT-1,10997,7215,Multiplet
GGGTGAATCCGCTGTC-1,613,12965,mm10
GGGTGTCCAAGTAAGG-1,40961,1220,Multiplet
GGGTGTCCATAATTCC-1,90,2034,mm10
GGGTGTCCATTAGAGC-1,266,5429,mm10
GGGTTAAGTTAGTGGA-1,16551,724,GRCh38
GGGTTAGAGGCGTCTG-1,493,11823,mm10
GGGTTAGAGGTGACTC-1,326,6920,mm10
GGGTTCCGTAAGTGAT-1,9016,501,GRCh38
GGGTTCCGTAATGAGT-1,19062,776,GRCh38
GGGTTCCGTCTCACTC-1,33605,1306,Multiplet
GGGTTCCGTCTGGTTG-1,1131,27515,mm10
GGGTTCCGTTAGTTGC-1,89,714,mm10
GGGTTCCGTTGCGACC-1,394,8737,mm10
GGGTTGAAGGCATCCG-1,375,9708,mm10
GGGTTGAAGGCTCCTC-1,5957,163,GRCh38
GGGTTGGGTAACTCTA-1,51,893,mm10
GGGTTGGGTATGTACC-1,20219,674,GRCh38
GGGTTGGGTCAAGTAG-1,4698,370,GRCh38
GGGTTGGGTTAACGAG-1,369,7902,mm10
GGGTTGGGTTAGTGCT-1,228,5872,mm10
GGGTTTCAGCGCTCGA-1,9983,789,GRCh38
GGGTTTCAGCTTCCGC-1,21775,900,GRCh38
GGGTTTCAGGTAGCAG-1,219,4205,mm10
GGGTTTGCAATAGGAG-1,330,8479,mm10
GGGTTTGCAGGCAAGG-1,12921,10154,Multiplet
GGTAAATGTAAGTCCT-1,210,5019,mm10
GGTAAATGTTAATTCG-1,350,7833,mm10
GGTAAATGTTCCGTAG-1,13037,612,GRCh38
GGTAAATGTTGCTTAA-1,22743,795,GRCh38
GGTAACAGTGCATCCA-1,35,1025,mm10
GGTAACAGTTGTAGTC-1,14438,620,GRCh38
GGTAACAGTTGTCAGT-1,227,5194,mm10
GGTAAGGTCAGCTGGT-1,3097,449,GRCh38
GGTAAGGTCCAGCACG-1,4130,148,GRCh38
GGTAATCCAAACCACG-1,237,4699,mm10
GGTAATCCAATTACTC-1,475,8714,mm10
GGTAATCCAGGATCTG-1,21194,1343,Multiplet
GGTAATCCATGGCTAG-1,422,9844,mm10
GGTAATGGTGAAGTAT-1,229,5094,mm10
GGTAATGGTTATGCAC-1,8185,484,GRCh38
GGTAATGGTTTGACTA-1,29236,1060,GRCh38
GGTAATTTCCTGCCTA-1,1022,25673,mm10
GGTAATTTCGATCCGG-1,120,728,mm10
GGTAATTTCGCGTGTG-1,4133,493,GRCh38
GGTACATCAAGGTAGA-1,23560,887,GRCh38
GGTACATCACCTTGAC-1,307,3777,mm10
GGTACATCATAATCTC-1,108,1568,mm10
GGTACGAAGCCAGTGT-1,12728,498,GRCh38
GGTACGAAGTTGGCCG-1,520,12780,mm10
GGTACGCCAAATCTAG-1,28969,948,GRCh38
GGTACGCCAACATGAC-1,312,8002,mm10
GGTACGCCAAGCTACG-1,156,1574,mm10
GGTACGCCAATAGCAC-1,7328,361,GRCh38
GGTACGCCAATGAGCT-1,19514,803,GRCh38
GGTACGCCACCTTGAC-1,17322,695,GRCh38
GGTACGCCATCCAAGG-1,90,1339,mm10
GGTACGCCATTAGGAC-1,42830,1439,Multiplet
GGTACGGGTCCCGAAC-1,46192,1353,Multiplet
GGTACGGGTCTAGTAC-1,16311,517,GRCh38
GGTACGGGTGACTCCA-1,408,4402,mm10
GGTACGGGTTGTCAGT-1,770,252,GRCh38
GGTACGGGTTTACCTT-1,2375,566,GRCh38
GGTACGTTCAGCCAGT-1,232,4376,mm10
GGTACGTTCCCTCGGT-1,327,9254,mm10
GGTACTATCACAGACC-1,22366,753,GRCh38
GGTACTATCACTTGGA-1,12003,444,GRCh38
GGTACTATCCTGATTC-1,84,1340,mm10
GGTACTATCGTTCGGG-1,451,11709,mm10
GGTACTTGTGATGGAC-1,226,4591,mm10
GGTACTTGTGGGTCAG-1,23660,963,GRCh38
GGTACTTGTTAGTGAG-1,13303,523,GRCh38
GGTAGCAAGGAACCCT-1,293,7688,mm10
GGTAGCAAGGGTCCTG-1,108,1598,mm10
GGTAGCGGTCAGCCGT-1,421,9522,mm10
GGTAGCTTCAATCCCT-1,112,1784,mm10
GGTAGCTTCCTCATTA-1,260,4834,mm10
GGTAGCTTCTATGACG-1,427,8403,mm10
GGTAGGATCACCACGG-1,348,7307,mm10
GGTAGGATCCAGGTAC-1,134,3241,mm10
GGTAGGATCCCGTTCA-1,36266,1125,GRCh38
GGTAGGATCGAATGAA-1,268,5831,mm10
GGTAGTAGTAGGTGCG-1,952,26145,mm10
GGTAGTAGTGAGCCAG-1,358,7618,mm10
GGTAGTAGTGATCCAT-1,39449,1265,Multiplet
GGTAGTAGTGGCGACA-1,719,120,GRCh38
GGTAGTGAGAAGCTGG-1,249,6338,mm10
GGTAGTGAGGAGCTAG-1,17908,729,GRCh38
GGTAGTGAGGATGAAC-1,12828,448,GRCh38
GGTAGTGAGGCACATC-1,67,1072,mm10
GGTAGTGAGGCGATTC-1,82,1178,mm10
GGTAGTGAGGTAGCTC-1,522,11962,mm10
GGTATAGGTAAGTGTG-1,99,708,mm10
GGTATAGGTGCAATTC-1,63,638,mm10
GGTATAGGTTCGCTGA-1,334,6104,mm10
GGTATAGGTTCTGGGC-1,105,1810,mm10
GGTATATTCAGCACGT-1,374,7001,mm10
GGTATATTCCCGCTAC-1,686,16996,mm10
GGTATATTCCTTCAAC-1,15929,717,GRCh38
GGTATATTCTGGCCCT-1,4847,136,GRCh38
GGTATCGCAGGAACCC-1,35848,9602,Multiplet
GGTATCGCAGGTTCAG-1,264,6458,mm10
GGTATCTGTGAGATAT-1,42071,1181,GRCh38
GGTATGAGTGATCCCA-1,64,1216,mm10
GGTATGAGTTGGCCTA-1,301,6319,mm10
GGTATGTCAAGCTGGC-1,310,7518,mm10
GGTATGTCACCTGCCA-1,34330,1271,Multiplet
GGTATGTCAGCATGTG-1,10918,649,GRCh38
GGTATGTCAGGACTAT-1,146,2866,mm10
GGTATTGTCCCGCGAA-1,15057,799,GRCh38
GGTATTGTCCGCAAGT-1,171,3608,mm10
GGTCAATCAAACCAGT-1,65,835,mm10
GGTCAATCAAACTTGA-1,16651,660,GRCh38
GGTCAATCAGGAGCCT-1,1579,370,GRCh38
GGTCAATCATAAGTGC-1,29907,973,GRCh38
GGTCACTAGCTGGAAG-1,352,7141,mm10
GGTCACTAGGATGATA-1,59,1211,mm10
GGTCACTAGTTAGGCC-1,303,6620,mm10
GGTCAGCCACATAGCG-1,2397,141,GRCh38
GGTCAGCCACTAGGTG-1,3202,880,GRCh38
GGTCAGCCAGCAGGAG-1,4357,6186,Multiplet
GGTCATATCCATCCGC-1,2489,165,GRCh38
GGTCATATCGCTTGCC-1,17870,817,GRCh38
GGTCATATCTCATTGC-1,338,8504,mm10
GGTCATCAGCCACGAT-1,26064,1239,Multiplet
GGTCATCAGCGCATGT-1,9769,20460,Multiplet
GGTCATTGTAGCAGGT-1,9100,435,GRCh38
GGTCATTGTCTTGCTC-1,46570,1209,Multiplet
GGTCATTGTGGCTCAC-1,244,5375,mm10
GGTCCTGAGAACGGGC-1,1648,356,GRCh38
GGTCCTGAGGAGGCGT-1,228,5106,mm10
GGTCCTGAGTAAGCGG-1,9662,404,GRCh38
GGTCCTGAGTCGAACC-1,1046,404,GRCh38
GGTCGATTCACAGGTC-1,351,8187,mm10
GGTCGATTCTGGCTGG-1,1202,321,GRCh38
GGTCGCATCCGTGGAT-1,294,6847,mm10
GGTCGCATCGACCGAT-1,22529,759,GRCh38
GGTCGCATCGCGCTGA-1,23488,798,GRCh38
GGTCGCATCGTTAGTG-1,314,8186,mm10
GGTCGGTCAAGCACGC-1,27095,905,GRCh38
GGTCGGTCAATCCTCA-1,696,16075,mm10
GGTCGGTCATGATTAG-1,269,6585,mm10
GGTCGTTAGAACCTAT-1,674,98,GRCh38
GGTCGTTAGGCACTTA-1,441,4026,mm10
GGTCGTTAGGTAGACG-1,20765,828,GRCh38
GGTCTAATCATGTCTC-1,154,3073,mm10
GGTCTAATCCGTGCGA-1,186,3958,mm10
GGTCTAATCTAGTTGG-1,803,20376,mm10
GGTCTAGCAATTAGGC-1,3969,10385,Multiplet
GGTCTATGTCAATGTC-1,113,2308,mm10
GGTCTATGTGAGGTGT-1,229,4523,mm10
GGTCTATGTTGACGCC-1,27349,824,GRCh38
GGTCTATGTTGTGCCA-1,282,5544,mm10
GGTCTATGTTTGATGC-1,2006,390,GRCh38
GGTCTCCTCAATGGAA-1,20106,819,GRCh38
GGTCTCCTCCCATGCC-1,1058,26032,mm10
GGTCTTAAGTAACCGC-1,248,5366,mm10
GGTCTTAAGTCGACGT-1,8094,314,GRCh38
GGTGAACGTAGGTTAG-1,43125,1186,GRCh38
GGTGAACGTATGGATG-1,6491,377,GRCh38
GGTGAACGTGAAGCGT-1,74,1660,mm10
GGTGAACGTTCGCTAG-1,1203,170,GRCh38
GGTGAACGTTCTGTGG-1,86,1734,mm10
GGTGAATAGGTATGAA-1,272,5333,mm10
GGTGAATAGGTTGGAG-1,7049,440,GRCh38
GGTGAATAGTCAAGTT-1,28765,951,GRCh38
GGTGACTTCAGCCAAC-1,304,7355,mm10
GGTGAGGCAAATCCAA-1,8110,580,GRCh38
GGTGAGGCAGGAGCAG-1,49970,1450,Multiplet
GGTGATAGTAGCCTCA-1,13880,734,GRCh38
GGTGATGAGCGGAGTA-1,260,5659,mm10
GGTGATGAGGCTTAAT-1,24883,802,GRCh38
GGTGATGAGGGCAGTA-1,470,9157,mm10
GGTGATGAGTAAGGCG-1,464,10512,mm10
GGTGATGAGTGATGCC-1,705,119,GRCh38
GGTGCAGGTCTTGAGT-1,22777,791,GRCh38
GGTGCATTCAAGTTAC-1,2550,182,GRCh38
GGTGCATTCATGTCAG-1,139,3354,mm10
GGTGCATTCCGTAGCG-1,18295,1030,GRCh38
GGTGCATTCTGGATTG-1,397,9983,mm10
GGTGCCTGTAACTCTA-1,25688,758,GRCh38
GGTGCCTGTAAGCGAC-1,280,4724,mm10
GGTGCCTGTCAGCTCA-1,28496,860,GRCh38
GGTGCCTGTCATCCTC-1,446,10809,mm10
GGTGCTTAGATTGCCA-1,9216,613,GRCh38
GGTGCTTAGTAAGCCC-1,5126,367,GRCh38
GGTGGATGTAACGTGA-1,565,13147,mm10
GGTGGATGTAGTAGGC-1,21863,959,GRCh38
GGTGGATGTCTTACGG-1,401,8765,mm10
GGTGGATGTGAGGATC-1,21599,9783,Multiplet
GGTGGATGTTGGCATT-1,213,3023,mm10
GGTGGCAGTTTACCAA-1,29623,1026,GRCh38
GGTGGCTCAAGTGGTT-1,11639,413,GRCh38
GGTGGCTCATCCAATT-1,8833,439,GRCh38
GGTGGCTCATTCGTAT-1,13347,654,GRCh38
GGTGGTAAGGCGTTAC-1,213,4206,mm10
GGTGGTAAGGTCCACG-1,224,6550,mm10
GGTGGTAAGGTTCAAT-1,27440,1228,Multiplet
GGTGGTAAGTGCGGTT-1,304,7305,mm10
GGTGTAAGTAACCCTG-1,142,2204,mm10
GGTGTAAGTCAGTTCG-1,244,3759,mm10
GGTGTCCGTCCATACG-1,22253,758,GRCh38
GGTGTCCGTGACTCTG-1,10222,584,GRCh38
GGTGTCCGTGAGTGCG-1,9889,495,GRCh38
GGTGTCCGTTCAATGC-1,25245,1032,GRCh38
GGTGTCCGTTTCGCTC-1,191,3574,mm10
GGTGTCCGTTTCGGAT-1,473,12695,mm10
GGTGTGAAGATAGGTA-1,75,1401,mm10
GGTGTGAAGGGCTAGA-1,499,14606,mm10
GGTGTGAAGGGTAGCA-1,386,8203,mm10
GGTGTTGCAAGCTAGT-1,349,8036,mm10
GGTTAAGGTAATCCAC-1,28528,1214,Multiplet
GGTTAAGGTCTAACCG-1,254,6484,mm10
GGTTAAGGTGGCGCAA-1,14832,631,GRCh38
GGTTAAGGTTTACCTT-1,8014,488,GRCh38
GGTTAAGGTTTCAGTA-1,46,720,mm10
GGTTAATTCCATCAAG-1,591,14196,mm10
GGTTAATTCCATCGCC-1,30727,997,GRCh38
GGTTACATCACAGCCG-1,753,852,mm10
GGTTACATCAGTACGC-1,27698,885,GRCh38
GGTTACATCATCAGGC-1,16166,678,GRCh38
GGTTACATCCATCATC-1,431,11172,mm10
GGTTACATCGCTAATG-1,451,9872,mm10
GGTTACATCTAGGCAC-1,28389,9953,Multiplet
GGTTACGCACCTTCGG-1,4854,12482,Multiplet
GGTTACGCATAAGGTC-1,432,9839,mm10
GGTTAGCTCATGCAAT-1,366,7972,mm10
GGTTAGCTCCTGAGCG-1,10959,540,GRCh38
GGTTAGCTCGCTTGGG-1,512,9157,mm10
GGTTAGGAGCCGACAT-1,11080,468,GRCh38
GGTTAGGAGCCTGCGA-1,184,4194,mm10
GGTTAGGAGCGCTACG-1,160,3753,mm10
GGTTAGGAGGATGGAT-1,20261,10732,Multiplet
GGTTAGGAGTTAGTAC-1,19931,759,GRCh38
GGTTAGTCAATCCTAT-1,28690,901,GRCh38
GGTTAGTCACCTGCCA-1,275,7142,mm10
GGTTAGTCACCTTCAA-1,403,11122,mm10
GGTTAGTCACTTCATG-1,20391,765,GRCh38
GGTTATGTCACCATAG-1,223,5343,mm10
GGTTATGTCAGTTGCA-1,29170,939,GRCh38
GGTTATGTCGATCAAT-1,8033,618,GRCh38
GGTTATGTCGATCGTA-1,325,7713,mm10
GGTTATGTCGCTAGAC-1,13158,547,GRCh38
GGTTATGTCTCATCTA-1,106,1908,mm10
GGTTCAATCAAGTCCA-1,154,3113,mm10
GGTTCAGCAATATACG-1,30484,986,GRCh38
GGTTCAGCACTCGGAA-1,107,1832,mm10
GGTTCCTCAATTCAGA-1,276,5916,mm10
GGTTCCTCACTTCGAC-1,204,3874,mm10
GGTTCCTCAGGACACC-1,296,7198,mm10
GGTTCTAAGCAGTTCA-1,9989,253,GRCh38
GGTTCTAAGGTACCGT-1,330,7785,mm10
GGTTCTAAGTAATCGT-1,335,6855,mm10
GGTTCTAAGTGGGTCT-1,1060,25394,mm10
GGTTCTAAGTTACCAG-1,18107,566,GRCh38
GGTTGGGGTAGCAGCG-1,267,6280,mm10
GGTTGGGGTTAGTCCG-1,401,9899,mm10
GGTTGGGGTTATCCTT-1,17220,850,GRCh38
GGTTGGTTCCACGGAT-1,75,1685,mm10
GGTTGGTTCCAGATGC-1,1652,101,GRCh38
GGTTGGTTCCCTGGAG-1,19633,737,GRCh38
GGTTGGTTCTATCGAG-1,183,3295,mm10
GGTTGTCAGCGATGGA-1,259,5915,mm10
GGTTGTCAGGTTGACC-1,273,6149,mm10
GGTTGTCAGTACGCTA-1,38,855,mm10
GGTTGTCAGTGATCGC-1,100,801,mm10
GGTTGTCAGTTACCTC-1,804,437,GRCh38
GGTTTACGTGAGTGAC-1,663,597,GRCh38
GGTTTACGTTCAAGCT-1,9064,281,GRCh38
GGTTTACGTTCCAGTG-1,128,2668,mm10
GGTTTACGTTCCTGTC-1,122,2368,mm10
GGTTTACGTTGAATGG-1,23660,795,GRCh38
GGTTTAGTCCATATCC-1,14093,709,GRCh38
GGTTTAGTCCTTCACG-1,970,211,GRCh38
GGTTTAGTCGTTACTC-1,17547,619,GRCh38
GGTTTAGTCTAAGCGC-1,1874,232,GRCh38
GGTTTGATCCCGTTCA-1,15149,514,GRCh38
GTAAACCCAATACATG-1,59,960,mm10
GTAAACCCACTATCCA-1,23071,770,GRCh38
GTAAACGGTAGGCGAT-1,14390,6744,Multiplet
GTAAACGGTGCGCAGA-1,227,4992,mm10
GTAAACTTCCAGGTTA-1,2044,8982,mm10
GTAAACTTCCGCGCTT-1,430,8546,mm10
GTAAACTTCTAAGCGC-1,115,904,mm10
GTAAACTTCTGGGAAG-1,312,5775,mm10
GTAAAGGCAATAGTTG-1,216,5863,mm10
GTAAAGGCACTATATC-1,14607,578,GRCh38
GTAAAGGCAGCAGGGA-1,269,5985,mm10
GTAAATGAGCCAGGTT-1,172,3761,mm10
GTAAATGAGGCTTCCC-1,9780,270,GRCh38
GTAACCATCCATCATC-1,319,6926,mm10
GTAACCATCTATCGCT-1,10687,450,GRCh38
GTAACCCAGCCACTAA-1,43116,3731,Multiplet
GTAACCCAGCGCTGCA-1,570,15147,mm10
GTAACCGCATGGTTGG-1,40949,1615,Multiplet
GTAACCTGTAATCAGG-1,27455,964,GRCh38
GTAACCTGTAGCTAGA-1,754,12533,mm10
GTAACCTGTCATCGCA-1,573,9737,mm10
GTAACCTGTTCATCGG-1,12839,477,GRCh38
GTAACGGAGCCTGAAC-1,91,2293,mm10
GTAACGGAGCTATCTC-1,10818,545,GRCh38
GTAACGGAGGAGGTAT-1,40,597,mm10
GTAACGGAGGCGTCAT-1,4267,97,GRCh38
GTAACGGAGTAAGCAA-1,18356,627,GRCh38
GTAACGGAGTCGAGCT-1,26355,826,GRCh38
GTAAGCCTCACTCCTG-1,290,6282,mm10
GTAAGCCTCCCTCACA-1,15435,761,GRCh38
GTAAGCCTCCGTTAAG-1,17403,715,GRCh38
GTAAGCCTCCTGTCGC-1,263,7018,mm10
GTAAGCGAGCCAGTAC-1,535,12180,mm10
GTAAGCGAGCTACCGG-1,360,7791,mm10
GTAAGCGAGGATCCGT-1,242,6121,mm10
GTAAGCGAGTTAGCAT-1,473,13252,mm10
GTAAGCGAGTTGCGCG-1,18635,704,GRCh38
GTAAGCTCAAGTGCGC-1,12312,798,GRCh38
GTAAGCTCAGGATGGG-1,15569,10322,Multiplet
GTAAGCTCAGTAATGC-1,2445,124,GRCh38
GTAAGCTCATCACTAT-1,260,5095,mm10
GTAAGCTCATTGCCCG-1,9588,499,GRCh38
GTAAGGGTCGTGCCAG-1,161,3529,mm10
GTAAGGTAGGGCTAAG-1,250,4801,mm10
GTAAGGTAGGTACGAG-1,369,8959,mm10
GTAAGGTAGTAGTGAA-1,63558,1770,Multiplet
GTAAGTAAGAACCATT-1,25248,851,GRCh38
GTAAGTAAGCATCTAG-1,855,22523,mm10
GTAAGTAAGTCATAGT-1,313,5683,mm10
GTAAGTAAGTTGCGTA-1,29642,930,GRCh38
GTAAGTTTCACCAGAC-1,43044,1244,Multiplet
GTAAGTTTCAGCCTAA-1,1574,118,GRCh38
GTAAGTTTCCGTGGAT-1,11679,464,GRCh38
GTAAGTTTCGTGCGTG-1,213,4706,mm10
GTAATAGAGATTGACT-1,467,10217,mm10
GTAATAGAGCTACCGG-1,16688,547,GRCh38
GTAATAGAGTAACCAT-1,64859,1640,Multiplet
GTAATAGAGTGAATGA-1,61401,1455,Multiplet
GTAATCACAAAGGTGA-1,288,7040,mm10
GTAATCACAGTACCTC-1,417,11367,mm10
GTAATCACATAGGCGC-1,327,8412,mm10
GTAATCACATCCGTTA-1,465,11275,mm10
GTAATCCGTTAAGCCT-1,11282,471,GRCh38
GTAATCCGTTGCGTAT-1,22561,794,GRCh38
GTAATGAAGGTAGCAG-1,272,6454,mm10
GTAATGAAGTGAGACG-1,132,2455,mm10
GTAATGGGTAACGACA-1,70,859,mm10
GTAATGGGTAGGTACA-1,21717,786,GRCh38
GTAATGGGTTCTGTGG-1,39968,1271,Multiplet
GTAATGTTCACGCAGT-1,29740,1156,GRCh38
GTAATGTTCCTTCGAT-1,372,2667,mm10
GTAATGTTCGACCAGT-1,41402,1265,Multiplet
GTAATTCAGGAGGCGT-1,44,775,mm10
GTAATTCAGGATGTGG-1,268,6428,mm10
GTAATTCAGGTGACAG-1,5369,355,GRCh38
GTAATTCAGTGAACGG-1,6142,356,GRCh38
GTACAACCAAATTCAG-1,19026,622,GRCh38
GTACAACCAAGGGTAA-1,261,7148,mm10
GTACAACCAATTGCTT-1,18002,740,GRCh38
GTACAACCAGGCAGCT-1,378,8191,mm10
GTACAACCATGAGTGT-1,53,637,mm10
GTACAAGGTCAGGCAG-1,183,3519,mm10
GTACAAGGTGAGCAAC-1,91,1459,mm10
GTACAAGGTGCATCCA-1,104,2014,mm10
GTACAAGGTTAGCAAG-1,9443,447,GRCh38
GTACAAGGTTAGGGAC-1,19224,621,GRCh38
GTACACGCAATATGTG-1,350,8284,mm10
GTACACGCACAACGTG-1,486,11136,mm10
GTACACGCAGGAACGG-1,196,4527,mm10
GTACATTAGCTACCGG-1,500,9822,mm10
GTACATTAGCTAGGTC-1,256,4779,mm10
GTACATTAGGTAGTAA-1,776,19029,mm10
GTACATTAGTAGCGGA-1,122,1283,mm10
GTACATTAGTAGGTCC-1,65,1092,mm10
GTACCAATCCACCATT-1,178,4533,mm10
GTACCAATCCGTCCTA-1,22216,676,GRCh38
GTACCAGCAAAGGACA-1,15180,530,GRCh38
GTACCAGCACAATTAG-1,10002,976,GRCh38
GTACCAGCATGAGCTG-1,695,17963,mm10
GTACCCTCAAGTGAAG-1,39696,1253,Multiplet
GTACCCTCAGCTCGAA-1,5267,215,GRCh38
GTACCCTCAGGTAGCC-1,180,2730,mm10
GTACCCTCATCATCAT-1,367,9207,mm10
GTACCCTCATGAGCAT-1,275,6775,mm10
GTACGAAGTTCCCTTA-1,72,948,mm10
GTACGATCAAATCAGC-1,289,7032,mm10
GTACGGGGTATGGTCT-1,8147,438,GRCh38
GTACGGGGTATTGGCT-1,516,11165,mm10
GTACGGGGTTAAGCGA-1,68,1197,mm10
GTACGTTGTATGGGAC-1,671,15305,mm10
GTACTAACACCATACC-1,186,4842,mm10
GTACTAACACTAGCGA-1,24992,1122,GRCh38
GTACTAGTCCAGGTCG-1,766,198,GRCh38
GTACTAGTCTCATTCA-1,53,533,mm10
GTACTCCCAAAGGCCC-1,23818,7625,Multiplet
GTACTCCCAATACTAG-1,22064,693,GRCh38
GTAGAATGTAGCCATT-1,774,21780,mm10
GTAGAATGTTTAGGCT-1,232,4216,mm10
GTAGAATGTTTGGACT-1,876,22649,mm10
GTAGACTCAATCCTCA-1,188,4260,mm10
GTAGACTCACTAGGGC-1,303,6719,mm10
GTAGACTCAGCCTAAG-1,174,3938,mm10
GTAGATGGTAACGACA-1,733,15934,mm10
GTAGATGGTAAGTTGG-1,166,3412,mm10
GTAGATGGTGGCTGTC-1,9888,430,GRCh38
GTAGATGGTTGGACGG-1,137,2708,mm10
GTAGCAAGTATAGTGG-1,588,12775,mm10
GTAGCAAGTTTGAGCT-1,296,5921,mm10
GTAGCATCAAACTCGG-1,207,4222,mm10
GTAGCATCAATACATG-1,533,12830,mm10
GTAGCATCACTAATCT-1,930,25797,mm10
GTAGCCACATAACTGA-1,12488,651,GRCh38
GTAGCCACATGGTGCA-1,23818,822,GRCh38
GTAGCCCGTCTGGTGC-1,42863,1240,Multiplet
GTAGCGAAGCATTGAT-1,324,8557,mm10
GTAGCGAAGCGATGAG-1,44059,1270,Multiplet
GTAGCGAAGCGCAACT-1,33,851,mm10
GTAGCGAAGGGCTAGA-1,92,1734,mm10
GTAGCGAAGTCAGGTC-1,134,1951,mm10
GTAGCGCCATCCTAAT-1,8262,517,GRCh38
GTAGCGCCATGCGGAC-1,24123,963,GRCh38
GTAGCGGGTAAGGTTG-1,12974,574,GRCh38
GTAGCGGGTGGCGACA-1,177,2022,mm10
GTAGCGGGTTAAGGTG-1,42128,1234,Multiplet
GTAGCGGGTTCCTTGC-1,34736,1098,GRCh38
GTAGCTATCCAGGTCG-1,19542,715,GRCh38
GTAGCTTGTTATGTGC-1,290,7603,mm10
GTAGCTTGTTCGTTAA-1,12185,548,GRCh38
GTAGGAACACTATACT-1,675,16917,mm10
GTAGGATAGCTAGTAT-1,30893,9879,Multiplet
GTAGGATAGCTATGTG-1,21066,943,GRCh38
GTAGGATAGGATGGAT-1,11308,379,GRCh38
GTAGGCAAGCCCTGAG-1,275,6235,mm10
GTAGGCAAGGTGACAG-1,412,10319,mm10
GTAGGCAAGTGAACGG-1,304,7856,mm10
GTAGGCAAGTGCTGGT-1,274,6342,mm10
GTAGGCGGTGAACGTA-1,206,2298,mm10
GTAGGCGGTTTAGCGT-1,172,3817,mm10
GTAGGCTTCCCAGTCC-1,12326,430,GRCh38
GTAGGCTTCCCTCTAG-1,17317,622,GRCh38
GTAGGCTTCGCTATGA-1,70,740,mm10
GTAGGCTTCGTTCATC-1,11648,644,GRCh38
GTAGGGGCAACCCTAC-1,56,1327,mm10
GTAGGGGCATGAAGCT-1,22539,876,GRCh38
GTAGGTAGTATAGCCT-1,2265,200,GRCh38
GTAGGTAGTGAGCGCA-1,8647,6557,Multiplet
GTAGGTAGTTCGTAAC-1,376,6598,mm10
GTAGGTGAGCATCCGG-1,52,751,mm10
GTAGGTGAGCTACTCT-1,21497,681,GRCh38
GTAGGTGAGGCGCTAT-1,217,4946,mm10
GTAGGTGAGTAGGCGA-1,268,5373,mm10
GTAGGTGAGTAGGTAA-1,133,2033,mm10
GTAGGTGAGTTAACCG-1,405,9535,mm10
GTAGGTTCAAGTCCTC-1,501,12762,mm10
GTAGGTTCAAGTCGGC-1,393,10555,mm10
GTAGGTTCAATTGGCG-1,164,4238,mm10
GTAGGTTCATCGGTCT-1,43849,1136,GRCh38
GTAGTAAAGGAATGTA-1,676,66,GRCh38
GTAGTAAAGTTGCTGA-1,173,3658,mm10
GTAGTAGGTAGGTTAG-1,31047,874,GRCh38
GTAGTAGGTCCATCGA-1,131,3037,mm10
GTAGTAGGTGGCGATG-1,9950,416,GRCh38
GTAGTAGGTTCCTTCA-1,218,4906,mm10
GTAGTAGGTTCTGTGG-1,330,6483,mm10
GTAGTAGGTTGTAGGA-1,244,6621,mm10
GTAGTAGGTTTGAGGA-1,270,6159,mm10
GTAGTCATCAATGGCC-1,268,5708,mm10
GTAGTCATCACAGACC-1,255,5063,mm10
GTAGTCATCAGCGACT-1,22500,882,GRCh38
GTAGTCATCCCATTCG-1,240,5528,mm10
GTAGTCATCCCTCACA-1,186,3675,mm10
GTAGTCGCAACATAGC-1,23123,837,GRCh38
GTAGTCGCAATGAAGG-1,258,1482,mm10
GTAGTCGCACTAAGGT-1,16434,615,GRCh38
GTAGTCGCAGGATACT-1,227,5864,mm10
GTAGTCGCATCACTTG-1,274,6029,mm10
GTAGTCTGTCAATTCA-1,264,6568,mm10
GTAGTGAGTCAACTCG-1,643,17545,mm10
GTAGTGAGTCATGAAG-1,13311,440,GRCh38
GTAGTGAGTTGCCTCT-1,262,5493,mm10
GTAGTGAGTTGTCTCC-1,17500,614,GRCh38
GTAGTTACAAGTCCCT-1,22759,765,GRCh38
GTAGTTACATAGATCA-1,1863,530,GRCh38
GTAGTTACATCGATCC-1,817,19214,mm10
GTAGTTGTCATGCTGA-1,8732,3255,Multiplet
GTAGTTGTCCTCTATA-1,7386,279,GRCh38
GTAGTTTAGGGCTGAA-1,4660,404,GRCh38
GTAGTTTAGTAGTCGC-1,14262,541,GRCh38
GTATAGAAGCAGGCAA-1,7578,421,GRCh38
GTATAGAAGCGAGTCT-1,24856,770,GRCh38
GTATAGAAGTAGTGCC-1,445,9811,mm10
GTATAGAAGTGACGAG-1,287,6582,mm10
GTATAGAAGTTACCTC-1,16690,553,GRCh38
GTATAGCCAAAGGACA-1,101,754,mm10
GTATAGCCAATCCGCT-1,15116,751,GRCh38
GTATAGCCACCTATCA-1,27781,832,GRCh38
GTATAGCCAGGACAGG-1,279,6814,mm10
GTATATCAGCATAGTT-1,458,10719,mm10
GTATATCAGCGGATTC-1,70,916,mm10
GTATATCAGGGTGAGC-1,25694,1181,GRCh38
GTATATCAGTAATGTC-1,71,907,mm10
GTATATCAGTCAGTTG-1,30387,1230,Multiplet
GTATATCAGTGGCGAA-1,110,1456,mm10
GTATCCCCAAGCTCCT-1,215,3713,mm10
GTATCCCCATAGGGTT-1,16829,773,GRCh38
GTATCCCCATCACTCA-1,14380,5009,Multiplet
GTATCCCCATCCTATG-1,166,3148,mm10
GTATCCGGTAGTCAAG-1,134,2472,mm10
GTATCCGGTCAATCCG-1,14483,628,GRCh38
GTATCCGGTGGCTTCA-1,394,8946,mm10
GTATCGATCGACATGC-1,329,7415,mm10
GTATCGATCTATGGGC-1,1676,318,GRCh38
GTATCTTCAACTAAGC-1,40694,1099,GRCh38
GTATCTTCAATATCCT-1,59502,1720,Multiplet
GTATCTTCATAACCGG-1,38,711,mm10
GTATCTTCATCACACC-1,25106,889,GRCh38
GTATGAAAGCCATCAA-1,272,6116,mm10
GTATGAAAGCGCTCAG-1,21448,786,GRCh38
GTATGAGGTTAAGGGC-1,369,8764,mm10
GTATGAGGTTGAGGAC-1,12451,486,GRCh38
GTATGAGGTTGTGCGC-1,5812,360,GRCh38
GTATGCATCCATCCCA-1,361,8111,mm10
GTATGCATCTATCCGT-1,320,6965,mm10
GTATGGCTCCAGATGC-1,23355,697,GRCh38
GTATGGCTCCCAGTCC-1,35190,1262,Multiplet
GTATGGCTCCTGTGAA-1,261,6514,mm10
GTATGGCTCCTTCACG-1,299,6760,mm10
GTATGGCTCGACTGGT-1,9472,324,GRCh38
GTATGGCTCTATCCTA-1,10271,650,GRCh38
GTATGGCTCTGTAAGT-1,82,804,mm10
GTATGGGAGCAACCAC-1,252,5494,mm10
GTATGGGAGGAACTGG-1,123,2442,mm10
GTATGGGAGGTTAGGG-1,212,4975,mm10
GTATGGTCAAGTGCCA-1,19108,750,GRCh38
GTATGGTCAGCTACAG-1,360,7191,mm10
GTATGTTAGCAAGTCC-1,651,222,GRCh38
GTATGTTAGTAGGTCC-1,29201,833,GRCh38
GTATTAGCACTTCGTA-1,2491,296,GRCh38
GTATTCAGTCAGGACG-1,48,595,mm10
GTATTCAGTGAGGAAG-1,21691,812,GRCh38
GTATTCAGTTTACCAA-1,16129,617,GRCh38
GTATTGGTCCCATACT-1,7342,458,GRCh38
GTATTGGTCCGTGGCA-1,588,15927,mm10
GTATTGGTCGTGCATA-1,272,6507,mm10
GTCAAACCAACATACA-1,6240,226,GRCh38
GTCAAACCAAGCTTAA-1,19214,547,GRCh38
GTCAAACCAAGTAGTC-1,635,16013,mm10
GTCAAACCAATCCGTC-1,41957,1140,GRCh38
GTCAAAGGTAAGTCAG-1,20181,754,GRCh38
GTCAAAGGTCAGTGCC-1,23674,853,GRCh38
GTCAAAGGTTAGTCGT-1,171,4542,mm10
GTCAAAGGTTCGAGTT-1,24090,849,GRCh38
GTCAAATTCATGTCAG-1,48,692,mm10
GTCAAATTCCCCAGCT-1,1401,31041,mm10
GTCAACATCACTCCAT-1,5826,377,GRCh38
GTCAACATCGCGAACT-1,232,4771,mm10
GTCAACATCGCTAATG-1,244,6141,mm10
GTCAACATCTAGTAAC-1,9619,494,GRCh38
GTCAACATCTATCCTA-1,172,3485,mm10
GTCAACATCTCACTAC-1,14711,485,GRCh38
GTCAAGCTCATCTGGA-1,303,8026,mm10
GTCAAGCTCCACGGAT-1,4325,121,GRCh38
GTCAAGCTCTAACCTC-1,10992,283,GRCh38
GTCAATGTCTAACTGG-1,408,8697,mm10
GTCAATGTCTGGCAAC-1,550,112,GRCh38
GTCAATTAGCGCAATC-1,30697,1031,GRCh38
GTCAATTAGTTGCATG-1,343,7735,mm10
GTCACCCTCCCTGTGC-1,122,1784,mm10
GTCACCTCAAATCGGT-1,18722,616,GRCh38
GTCACCTCAACATGCG-1,833,23889,mm10
GTCACCTCAATTCATC-1,17800,425,GRCh38
GTCACCTCACAAGCCA-1,12360,493,GRCh38
GTCACCTCACAGGATT-1,798,541,GRCh38
GTCACGTAGCTAATGT-1,43878,1493,Multiplet
GTCACGTAGGCGTAAG-1,85,2316,mm10
GTCACGTAGGGCTATC-1,251,6127,mm10
GTCATAGTCAGGAGAT-1,35241,1060,GRCh38
GTCATAGTCCGTGTCC-1,16791,721,GRCh38
GTCATAGTCTCACAGA-1,17135,641,GRCh38
GTCATATAGCCATGAC-1,18344,480,GRCh38
GTCATATAGCTATGGC-1,714,18340,mm10
GTCATATAGGGCCATT-1,320,7691,mm10
GTCATATAGGTCACGT-1,246,3685,mm10
GTCATCAAGTTGCTTC-1,20394,743,GRCh38
GTCATCCCAAATCCTT-1,1849,132,GRCh38
GTCATCCCAATTGCCC-1,353,7464,mm10
GTCATCCCACATTAGA-1,19356,842,GRCh38
GTCATTAGTTGTAGTC-1,734,14995,mm10
GTCATTTCAGGCTTGA-1,285,5251,mm10
GTCCAAATCCGTATAG-1,17071,648,GRCh38
GTCCAAATCGTCTCAT-1,7032,395,GRCh38
GTCCAAATCTGTGGCG-1,30277,889,GRCh38
GTCCAACAGCATCTAG-1,12885,454,GRCh38
GTCCAACAGGGTATGG-1,629,118,GRCh38
GTCCAACAGTCGACAC-1,17795,742,GRCh38
GTCCAATGTAATGACG-1,166,3967,mm10
GTCCAATGTCATGGTT-1,206,4273,mm10
GTCCAATGTGAGGTAC-1,630,15522,mm10
GTCCACCTCCCGCTGT-1,59,685,mm10
GTCCACCTCCGGGTTG-1,6304,707,GRCh38
GTCCAGGTCAGCGACT-1,808,67,GRCh38
GTCCAGGTCAGGCAAG-1,16651,680,GRCh38
GTCCAGTAGATTCGAT-1,6627,203,GRCh38
GTCCAGTAGCCTGCTC-1,565,13978,mm10
GTCCAGTAGGTTACGC-1,1662,784,GRCh38
GTCCATAAGTATGGCC-1,11726,451,GRCh38
GTCCATCCAACATGCG-1,301,6394,mm10
GTCCATCCAATCCTGC-1,170,3054,mm10
GTCCATCCAGGCAGTC-1,324,5204,mm10
GTCCATCCATAGAGGA-1,12194,322,GRCh38
GTCCATGGTATTGCCG-1,588,102,GRCh38
GTCCATGGTGAGGCAT-1,62,885,mm10
GTCCATGGTGCGGATG-1,10007,465,GRCh38
GTCCATGGTTCAAGTC-1,15431,663,GRCh38
GTCCATGGTTCATCCC-1,222,3995,mm10
GTCCATTTCACTCAGA-1,28994,1142,GRCh38
GTCCATTTCATCGAAT-1,4674,345,GRCh38
GTCCATTTCATCGTTC-1,113,1716,mm10
GTCCATTTCATCTACC-1,26233,811,GRCh38
GTCCATTTCCAACCAA-1,15386,555,GRCh38
GTCCATTTCCATCCGC-1,8668,402,GRCh38
GTCCATTTCTAGCTCT-1,55,555,mm10
GTCCATTTCTATCGAG-1,76,1731,mm10
GTCCCAAGTTGTGCTG-1,18670,5194,Multiplet
GTCCCATCATAACGCG-1,30986,8330,Multiplet
GTCCCGAAGCATGTGC-1,794,753,GRCh38
GTCCCGAAGTAAGGCG-1,97,1354,mm10
GTCCCGTTCCATGACA-1,26376,984,GRCh38
GTCCCGTTCCTGATAG-1,24210,940,GRCh38
GTCCCTCAGCGAAGGC-1,24694,894,GRCh38
GTCCCTTGTTCACTGG-1,28705,1110,GRCh38
GTCCCTTGTTTCGTAA-1,12301,585,GRCh38
GTCCGAACACAATTAG-1,31857,1458,Multiplet
GTCCGAACATTCGTTG-1,125,2155,mm10
GTCCGATAGAATCGTT-1,29200,902,GRCh38
GTCCGATAGGAATCGG-1,4135,197,GRCh38
GTCCGATAGGCAATCC-1,9111,1317,Multiplet
GTCCGATAGGCGTTCG-1,11383,8856,Multiplet
GTCCGATAGTAGTTAC-1,1033,22860,mm10
GTCCGATAGTGAACGG-1,64,523,mm10
GTCCGCAAGGATGTCC-1,20741,787,GRCh38
GTCCGCAAGTAGTCGC-1,16820,661,GRCh38
GTCCGCTTCATCGACA-1,17759,713,GRCh38
GTCCGCTTCCGTGTGG-1,872,23642,mm10
GTCCGTAGTAACCACT-1,27518,1081,GRCh38
GTCCGTAGTATAGCCT-1,217,3735,mm10
GTCCGTAGTGAACGGT-1,14501,575,GRCh38
GTCCGTAGTTGGAATG-1,289,5202,mm10
GTCCGTGAGCGGGATA-1,320,8488,mm10
GTCCGTGAGTTGCGGT-1,278,6667,mm10
GTCCGTTCAATTGGTA-1,21290,871,GRCh38
GTCCGTTCATGATATG-1,351,7522,mm10
GTCCGTTCATGCTTGC-1,179,2712,mm10
GTCCTAAAGCCATTAG-1,139,2753,mm10
GTCCTAAAGGATCTCA-1,19432,709,GRCh38
GTCCTATTCACTGGCG-1,10083,456,GRCh38
GTCCTATTCAGCTGGT-1,277,5428,mm10
GTCCTATTCCAGAGGA-1,486,12335,mm10
GTCCTATTCCATAGCA-1,233,5182,mm10
GTCCTATTCCTCGTCA-1,13479,631,GRCh38
GTCCTATTCGCGTTGG-1,8879,527,GRCh38
GTCCTATTCGTCTCGC-1,13452,491,GRCh38
GTCCTATTCTATCTCA-1,15792,560,GRCh38
GTCCTCATCCCTGGCT-1,24431,864,GRCh38
GTCCTCTGTAGTTGGA-1,275,6937,mm10
GTCCTCTGTCTGTGCA-1,11330,3522,Multiplet
GTCCTCTGTGATGCGG-1,87,550,mm10
GTCCTCTGTGCGTGTC-1,6928,468,GRCh38
GTCCTGCTCCGCGATG-1,22685,734,GRCh38
GTCCTTTAGCTACTTC-1,235,5469,mm10
GTCCTTTAGTAAGCGG-1,55998,1341,Multiplet
GTCCTTTAGTTGCTTC-1,309,7058,mm10
GTCGACTAGCCACACG-1,407,8068,mm10
GTCGACTAGGTCCCGA-1,30104,1093,GRCh38
GTCGACTAGTTGGACC-1,548,95,GRCh38
GTCGAGGGTCATCGTG-1,86,1059,mm10
GTCGAGGGTTCCTGAG-1,21265,713,GRCh38
GTCGATGCAATGAAGG-1,5285,235,GRCh38
GTCGATGCACAGGCAC-1,267,5742,mm10
GTCGATGCAGTAAGCT-1,12888,525,GRCh38
GTCGATTGTAAGGTCA-1,20925,821,GRCh38
GTCGATTGTTAAGGTG-1,15769,4697,Multiplet
GTCGCAACAGGTTGGC-1,309,6284,mm10
GTCGCAACATCGCGTT-1,13171,585,GRCh38
GTCGCAACATCGCTTA-1,19482,800,GRCh38
GTCGCCAAGAAGGTAC-1,7407,327,GRCh38
GTCGCCAAGGTAGCCT-1,10409,502,GRCh38
GTCGCCAAGTCGAATT-1,1098,28395,mm10
GTCGCCAAGTTACCCT-1,327,6492,mm10
GTCGCTAGTAATTCGC-1,5562,184,GRCh38
GTCGCTAGTGATCCCA-1,24206,796,GRCh38
GTCGGATTCCAGATCA-1,305,6590,mm10
GTCGGATTCCCAGGTG-1,60,1125,mm10
GTCGGATTCCCTCACA-1,6060,251,GRCh38
GTCGGCTGTATGTCCG-1,195,3598,mm10
GTCGGCTGTTCGATGT-1,288,6826,mm10
GTCGGGTCACCTCATA-1,433,11334,mm10
GTCGGGTCAGTTGGGC-1,645,15172,mm10
GTCGGTTAGCAGGCTT-1,176,3344,mm10
GTCGGTTAGGGCTGAA-1,127,2529,mm10
GTCGGTTAGTTGCCTT-1,11614,474,GRCh38
GTCGTAATCCCAATGA-1,10314,386,GRCh38
GTCGTAATCCGCTGCT-1,26062,763,GRCh38
GTCGTAATCTATCACC-1,15742,602,GRCh38
GTCGTAATCTGGATGC-1,16266,653,GRCh38
GTCGTAATCTTGAGGC-1,31161,967,GRCh38
GTCTAACGTAAGTGAT-1,24789,734,GRCh38
GTCTAACGTTGTGCTG-1,2718,507,GRCh38
GTCTAAGTCTGGTCGG-1,577,171,GRCh38
GTCTACCCAAGCTAGT-1,475,11157,mm10
GTCTACCCAGGTATCG-1,23115,634,GRCh38
GTCTACCCATGGCGTA-1,419,9884,mm10
GTCTACTTCAGGGATG-1,307,5193,mm10
GTCTACTTCCCCTTAG-1,94,1627,mm10
GTCTACTTCGCTTCGC-1,3108,3846,Multiplet
GTCTACTTCTATCGAG-1,70,1235,mm10
GTCTACTTCTATGCAG-1,26753,817,GRCh38
GTCTATGAGATTCCGA-1,139,2727,mm10
GTCTATGAGCGGAGTA-1,1051,28764,mm10
GTCTATGAGGCACTGT-1,286,7820,mm10
GTCTATGAGTTGGGCT-1,30090,936,GRCh38
GTCTCAAAGCAACCGT-1,50,1197,mm10
GTCTCAAAGCAATCGC-1,273,4989,mm10
GTCTCAAAGCGAACCT-1,14323,780,GRCh38
GTCTCAAAGGCGATAG-1,82,810,mm10
GTCTCAAAGTCATGTG-1,32482,882,GRCh38
GTCTCCATCAGGTCAC-1,34730,1020,GRCh38
GTCTCCATCATACAGT-1,14727,599,GRCh38
GTCTCCATCCGTAGCG-1,400,8677,mm10
GTCTCCATCTAGCTCT-1,261,6533,mm10
GTCTCCGCAAGCTAAC-1,123,1194,mm10
GTCTCCGCAGTAATGC-1,90,586,mm10
GTCTCGCTCCTCGACC-1,31029,21866,Multiplet
GTCTCGCTCGAACGCT-1,18733,674,GRCh38
GTCTGCCTCATGAGCC-1,90,1637,mm10
GTCTGCCTCGTACAGC-1,274,6320,mm10
GTCTGCCTCTAACCCT-1,1948,608,GRCh38
GTCTGCCTCTAATCCC-1,32335,901,GRCh38
GTCTGGGTCACCAATG-1,442,6940,mm10
GTCTGGGTCACGGCTG-1,566,12124,mm10
GTCTGGGTCACTGGGT-1,1193,30981,mm10
GTCTGGGTCCACCGCT-1,86,1365,mm10
GTCTGGGTCCAGAGCT-1,12852,551,GRCh38
GTCTGTCCAACATCGG-1,1450,183,GRCh38
GTCTGTCCATAGGCTG-1,23707,768,GRCh38
GTCTGTCCATCCATCA-1,352,8884,mm10
GTCTTAAGTCTAGCCA-1,713,287,GRCh38
GTCTTAAGTCTTGCTC-1,755,103,GRCh38
GTCTTAAGTTGTCCGA-1,32342,966,GRCh38
GTCTTAAGTTGTCTAA-1,625,307,GRCh38
GTCTTCACAACTCGGA-1,272,4920,mm10
GTCTTCACAATACTTC-1,317,7959,mm10
GTCTTCACACAATGGT-1,8277,556,GRCh38
GTGAAATGTCAACTCG-1,10335,435,GRCh38
GTGAAATGTTTGAGCT-1,218,5435,mm10
GTGAACAGTAGTAAGT-1,568,11643,mm10
GTGAACAGTCAGGAAC-1,21735,861,GRCh38
GTGAACAGTGGACTAA-1,135,1591,mm10
GTGAACAGTTCCAGAT-1,255,5591,mm10
GTGAACAGTTGCGTGC-1,1635,624,GRCh38
GTGAACCTCAAGTCTG-1,11092,310,GRCh38
GTGAACCTCACTCAAG-1,249,4891,mm10
GTGAACCTCGATGTCA-1,65264,1821,Multiplet
GTGAACCTCGCTCCGT-1,14103,741,GRCh38
GTGAATCCACAAGCAT-1,8100,609,GRCh38
GTGAATCCACTAGCTC-1,343,1973,mm10
GTGAATCCATTAGTTC-1,694,11281,mm10
GTGAATGGTGAGATTG-1,13206,472,GRCh38
GTGAATGGTGATGGTA-1,5608,147,GRCh38
GTGAATGGTTGCGTAT-1,187,3753,mm10
GTGACTATCACGCTCC-1,37096,1128,GRCh38
GTGACTATCCAGATTG-1,224,4527,mm10
GTGACTATCTATCCGT-1,211,4659,mm10
GTGAGCAAGCCCTGGA-1,21570,779,GRCh38
GTGAGCAAGGCACTTA-1,13025,648,GRCh38
GTGAGCGGTAAGCTGA-1,342,6098,mm10
GTGAGCGGTAATGTGG-1,177,4064,mm10
GTGAGCGGTGAAGGAG-1,9861,537,GRCh38
GTGAGCGGTGAGATTG-1,12205,316,GRCh38
GTGAGCGGTGCAACTT-1,579,15884,mm10
GTGAGCGGTGGAGCTG-1,25660,843,GRCh38
GTGAGCGGTTATGTGC-1,460,13257,mm10
GTGAGCGGTTGCAATC-1,640,13092,mm10
GTGAGCGGTTTGATTG-1,20608,768,GRCh38
GTGAGGATCCATCGTT-1,185,3032,mm10
GTGAGGATCCGTTAAG-1,283,4788,mm10
GTGAGGATCCTTAGTC-1,290,4706,mm10
GTGAGGATCGCGCTCT-1,78,1426,mm10
GTGAGTAGTCATCCGA-1,295,6044,mm10
GTGAGTAGTGCGCAGA-1,17056,576,GRCh38
GTGAGTAGTGGGTATA-1,213,5439,mm10
GTGAGTGAGCAGGGAC-1,24921,833,GRCh38
GTGAGTGAGCCTACCC-1,6411,459,GRCh38
GTGAGTGAGCGAAGTG-1,248,5589,mm10
GTGAGTGAGGGTACTC-1,223,3265,mm10
GTGAGTGAGTAGGTCC-1,21258,873,GRCh38
GTGATATTCAGGAGTG-1,526,13924,mm10
GTGATATTCCGGATAC-1,6117,6438,Multiplet
GTGATGCTCATAGGCC-1,12478,798,GRCh38
GTGATGCTCCTTCCTC-1,78,1107,mm10
GTGATGCTCGCATCAA-1,27052,925,GRCh38
GTGATGCTCGCGCTAG-1,29603,6348,Multiplet
GTGATGCTCGCGTGTG-1,35465,8870,Multiplet
GTGATGCTCGCTATGA-1,274,7758,mm10
GTGATGCTCTAATCGG-1,215,4242,mm10
GTGATGGAGTTGGCGT-1,368,7681,mm10
GTGATTGTCAGGGAAT-1,263,5517,mm10
GTGATTGTCGAGTACC-1,96,2041,mm10
GTGATTGTCGATGACC-1,21315,6197,Multiplet
GTGATTTAGCTACGGT-1,13435,625,GRCh38
GTGATTTAGGCACGTT-1,328,7870,mm10
GTGCAATCAAACCGGC-1,106,2175,mm10
GTGCAATCAACCGTAG-1,20731,794,GRCh38
GTGCAATCAATCGACG-1,207,4585,mm10
GTGCAATCACCATGAG-1,94,1367,mm10
GTGCAATCAGTAAGCT-1,294,7018,mm10
GTGCACTAGGTACAGG-1,599,14047,mm10
GTGCACTAGGTTACTG-1,26800,833,GRCh38
GTGCACTAGTAAGCGG-1,1269,29981,mm10
GTGCACTAGTAGGACG-1,25812,1054,GRCh38
GTGCAGCCAACCTCAC-1,12322,3599,Multiplet
GTGCAGCCAACTTACT-1,19751,744,GRCh38
GTGCATATCATCATCC-1,13724,562,GRCh38
GTGCATATCCGTGTCC-1,24140,985,GRCh38
GTGCATATCGAATGGG-1,263,6890,mm10
GTGCATTGTAGGTGAC-1,307,7113,mm10
GTGCATTGTCATTAGC-1,1459,312,GRCh38
GTGCCATAGAATCATC-1,289,7160,mm10
GTGCCCAAGCGCGATT-1,21685,580,GRCh38
GTGCCCAAGCTAGAGG-1,293,8084,mm10
GTGCCCAAGTATGGAA-1,218,4637,mm10
GTGCCCAAGTGCTCAA-1,306,5995,mm10
GTGCGAAAGTATGGCC-1,28807,1022,GRCh38
GTGCGAAAGTCGCTGG-1,24729,890,GRCh38
GTGCGAGGTAACGCGG-1,26045,899,GRCh38
GTGCGAGGTAAGGTGC-1,260,5070,mm10
GTGCGAGGTAAGTCTC-1,120,2067,mm10
GTGCGAGGTAGTTGAG-1,271,4818,mm10
GTGCGAGGTCATTGCG-1,86,1231,mm10
GTGCGAGGTTAACTGC-1,169,4743,mm10
GTGCGATTCATCGAGC-1,440,11729,mm10
GTGCGATTCTATGTGG-1,1591,43480,mm10
GTGCGCATCACTCAGA-1,429,11383,mm10
GTGCGCATCATCTACC-1,448,11572,mm10
GTGCGCATCATGCCAA-1,1767,371,GRCh38
GTGCGCATCCACGGAT-1,19877,632,GRCh38
GTGCGCATCCGTAGGT-1,25757,889,GRCh38
GTGCGCATCGAGTTGC-1,25174,941,GRCh38
GTGCGCATCTATGAGT-1,235,5729,mm10
GTGCGGTCAATATGTG-1,1838,191,GRCh38
GTGCGGTCACTAATTC-1,23279,789,GRCh38
GTGCGGTCAGGCTCAA-1,285,5850,mm10
GTGCTAATCCACGGCA-1,240,5936,mm10
GTGCTAATCCGGGTTG-1,8946,419,GRCh38
GTGCTAATCCTGATTC-1,39930,1237,Multiplet
GTGCTAATCGAGTCCG-1,151,4020,mm10
GTGCTCAGTAAGCTGA-1,34454,1107,GRCh38
GTGCTCAGTCTCACCT-1,32575,917,GRCh38
GTGCTCAGTGCACCAC-1,103,1848,mm10
GTGCTTGGTAATGTGG-1,991,497,GRCh38
GTGCTTGGTTTACTTC-1,291,7198,mm10
GTGCTTGGTTTCGCAG-1,118,2534,mm10
GTGGAACGTTCAATGC-1,617,12788,mm10
GTGGACAAGCTAGTCA-1,15293,604,GRCh38
GTGGACAAGGGGCTAA-1,111,2458,mm10
GTGGACCCAATACCAA-1,7119,7894,Multiplet
GTGGACCCAATACGCG-1,41696,1089,GRCh38
GTGGACCCACAATGCG-1,319,7814,mm10
GTGGAGGCAATTAGTG-1,350,7625,mm10
GTGGAGGCATGGTGCA-1,283,6680,mm10
GTGGATAGTAAGTAAC-1,9869,492,GRCh38
GTGGATAGTCATCCCT-1,37791,1074,GRCh38
GTGGATAGTTCGCAGC-1,185,3702,mm10
GTGGATAGTTGTCCGA-1,36521,1186,GRCh38
GTGGATTCATCCGCAT-1,499,13319,mm10
GTGGCAAAGAATCGAA-1,18582,659,GRCh38
GTGGCAAAGAATCGGG-1,255,5467,mm10
GTGGCAAAGCCTAGAC-1,28574,860,GRCh38
GTGGCAAAGCGATCTA-1,50253,1366,Multiplet
GTGGCAAAGGAGCTAG-1,1001,25188,mm10
GTGGCAAAGTAATGTC-1,4487,201,GRCh38
GTGGCAAAGTGCCCAG-1,181,944,mm10
GTGGCAGGTAACGCAA-1,20255,669,GRCh38
GTGGCAGGTAATGCGA-1,287,6430,mm10
GTGGCAGGTCTAACCG-1,37207,1342,Multiplet
GTGGCAGGTTCGCAAT-1,20864,829,GRCh38
GTGGCAGGTTGGCCTA-1,13652,574,GRCh38
GTGGCCATCACTCGGG-1,273,6843,mm10
GTGGCCATCGAATCCA-1,28261,869,GRCh38
GTGGCCATCTATGCCT-1,393,11516,mm10
GTGGCGAGTAACGCGG-1,337,2236,mm10
GTGGGATGTCAGCATT-1,197,1708,mm10
GTGGGATGTCTGGTCA-1,10746,425,GRCh38
GTGGGATGTGAACGAC-1,356,9294,mm10
GTGGGATGTGAACGCG-1,5163,156,GRCh38
GTGGGATGTGAGTTGA-1,299,6149,mm10
GTGGGATGTTGGATTC-1,484,13847,mm10
GTGGGTAAGCATGGTC-1,175,4103,mm10
GTGGGTAAGCGAGGTA-1,16221,589,GRCh38
GTGGGTAAGCTAGGCT-1,367,6843,mm10
GTGGGTTTCACATTGG-1,20196,1057,GRCh38
GTGGGTTTCCTCTATA-1,6175,387,GRCh38
GTGGTAAGTAGCTCAT-1,10319,6060,Multiplet
GTGGTAAGTATGGACA-1,372,8991,mm10
GTGGTAAGTGCAGCCT-1,11046,454,GRCh38
GTGGTAAGTTAGACGA-1,15366,566,GRCh38
GTGGTAAGTTGAAGTG-1,27931,969,GRCh38
GTGGTAAGTTTGCCTC-1,261,5528,mm10
GTGGTCACAACGTGAT-1,66563,1839,Multiplet
GTGGTCACAATAGACC-1,436,8652,mm10
GTGGTCACACCTACCG-1,33874,12354,Multiplet
GTGGTCACATAATCCT-1,2107,49749,mm10
GTGGTCACATCCAAGG-1,26231,885,GRCh38
GTGGTCCGTAAGCGCG-1,26256,1060,GRCh38
GTGGTCCGTTAAGCTC-1,699,190,GRCh38
GTGGTCCGTTGACGAA-1,24158,1493,Multiplet
GTGGTGAAGCTAGGCT-1,58,1250,mm10
GTGGTGAAGCTGGTGT-1,11589,450,GRCh38
GTGGTGAAGTAGTGCC-1,98,671,mm10
GTGGTTATCCAACCTT-1,208,4168,mm10
GTGGTTATCCATCCCA-1,15958,573,GRCh38
GTGGTTATCTATCGTC-1,8295,417,GRCh38
GTGGTTGCAAATCGCG-1,304,6819,mm10
GTGGTTGCACTTCGAC-1,63,967,mm10
GTGGTTGCATGAGCGC-1,173,4114,mm10
GTGGTTGCATTAGGAC-1,68,1177,mm10
GTGTAACCAATTGGCG-1,3789,282,GRCh38
GTGTAACCACCTCGCA-1,329,7041,mm10
GTGTAACCATCGCTAC-1,8885,479,GRCh38
GTGTAAGGTTGTAGTC-1,3655,1028,GRCh38
GTGTAGTCAACTTCGC-1,14041,499,GRCh38
GTGTAGTCAATTAACG-1,953,133,GRCh38
GTGTAGTCAGCTATGG-1,138,3197,mm10
GTGTCAATCACAGCCG-1,156,2402,mm10
GTGTCAATCGTGACTA-1,201,4704,mm10
GTGTCAATCGTGAGTC-1,277,6070,mm10
GTGTCCCTCACTCCGC-1,330,8650,mm10
GTGTCCCTCGAAGCCT-1,451,10786,mm10
GTGTCCCTCGTTAAGT-1,6580,500,GRCh38
GTGTGAGAGAATCACT-1,221,5924,mm10
GTGTGAGAGGTAGCTC-1,12038,11555,Multiplet
GTGTGGCCAAAGGATG-1,12878,343,GRCh38
GTGTGGCCAACTCGCT-1,147,1392,mm10
GTGTGGCCAGGTTCCT-1,70,506,mm10
GTGTGGCCAGGTTGGC-1,237,5841,mm10
GTGTGGCCAGTACTCC-1,329,7652,mm10
GTGTGGTTCCCTCAGC-1,351,7257,mm10
GTGTGGTTCTAGATAC-1,28030,957,GRCh38
GTGTGTTGTATTGCGT-1,61,766,mm10
GTGTGTTGTTGCTGAT-1,316,8721,mm10
GTGTGTTGTTTACGAC-1,26396,1173,GRCh38
GTGTTACGTAGCTGCC-1,314,5967,mm10
GTGTTACGTCAGCGAG-1,265,5207,mm10
GTGTTACGTGATTCCG-1,209,4876,mm10
GTGTTAGTCACTGTCT-1,273,6259,mm10
GTGTTAGTCCCATTCG-1,14851,1004,GRCh38
GTGTTAGTCTGTGGCG-1,21146,770,GRCh38
GTGTTATAGAAGGGTT-1,3331,678,GRCh38
GTGTTATAGCATAGGG-1,142,3424,mm10
GTGTTATAGCCTAGCG-1,404,8250,mm10
GTGTTATAGTCAAGTT-1,243,5006,mm10
GTGTTATAGTCAGGAG-1,159,3561,mm10
GTGTTATAGTTACGGC-1,17336,521,GRCh38
GTGTTATAGTTGCACA-1,17198,705,GRCh38
GTGTTCAAGCAACCTA-1,44744,1415,Multiplet
GTGTTCAAGGCGTCTG-1,3515,318,GRCh38
GTGTTCCCACAATCCC-1,10391,491,GRCh38
GTTAACTAGCGGGTAA-1,302,7266,mm10
GTTAACTAGGTAATTC-1,29806,1003,GRCh38
GTTAAGCCAGGGATGG-1,25498,10885,Multiplet
GTTAAGCCATAGAGAG-1,22099,783,GRCh38
GTTAAGCCATTAGACA-1,173,3166,mm10
GTTAAGGGTGGCTTGC-1,49,501,mm10
GTTAAGGGTTAGACTC-1,223,5490,mm10
GTTAAGGGTTGGCTTG-1,330,7920,mm10
GTTAATGCACCAACTC-1,247,5751,mm10
GTTAATGCATTGCACC-1,28439,909,GRCh38
GTTACCAAGGTACGGA-1,426,9222,mm10
GTTACCAAGTCGCGCA-1,174,4097,mm10
GTTACCAAGTGCCCGA-1,337,7912,mm10
GTTACCCCACTATCGC-1,13008,601,GRCh38
GTTACCCCACTTGGAG-1,780,19279,mm10
GTTACCCCAGCTCTGT-1,23853,782,GRCh38
GTTACCTTCATACTCC-1,328,6951,mm10
GTTACCTTCTGGTAGC-1,17026,617,GRCh38
GTTACTTCAACCCGAA-1,245,5313,mm10
GTTACTTCACTTCGTA-1,338,7289,mm10
GTTAGAGGTTCGATGT-1,108,600,mm10
GTTAGAGGTTGAGGTA-1,5127,433,GRCh38
GTTAGAGGTTGCGCGT-1,1796,47158,mm10
GTTAGAGGTTGCGTGC-1,3824,296,GRCh38
GTTAGAGGTTTAAGCC-1,217,4815,mm10
GTTAGATTCACTATCC-1,10358,271,GRCh38
GTTAGATTCACTCACT-1,7639,286,GRCh38
GTTAGATTCAGTATGT-1,311,7010,mm10
GTTAGATTCCCATTCG-1,313,6899,mm10
GTTAGATTCCCCAACC-1,4906,317,GRCh38
GTTAGATTCCCCTTAG-1,43247,1221,Multiplet
GTTAGATTCCCGCAAG-1,296,7156,mm10
GTTAGATTCGAGTACC-1,680,18847,mm10
GTTAGCATCATAGGCC-1,292,7658,mm10
GTTAGCATCCATCGTT-1,294,7912,mm10
GTTAGCCAGAAGCATA-1,19209,670,GRCh38
GTTAGCCAGAAGGATC-1,864,127,GRCh38
GTTAGCCAGCCACATA-1,25971,836,GRCh38
GTTAGCCAGCCATTGA-1,2940,262,GRCh38
GTTAGCCAGTGGCAAG-1,801,19971,mm10
GTTAGCGCAAGCGTTG-1,336,7627,mm10
GTTAGCGCAAGTAGCT-1,395,8301,mm10
GTTAGCGCACTAGTAA-1,177,4831,mm10
GTTAGCTGTAAGCTGA-1,266,3990,mm10
GTTAGCTGTCAATGTC-1,11985,681,GRCh38
GTTAGCTGTGGGTAGT-1,19062,849,GRCh38
GTTAGCTGTTCGTGAT-1,291,4273,mm10
GTTAGCTGTTGAGCAA-1,887,13279,mm10
GTTAGCTGTTTACTGA-1,70,1048,mm10
GTTAGGCTCAGTAGGG-1,4879,315,GRCh38
GTTAGGGAGCCAGATC-1,1406,735,GRCh38
GTTAGGGAGGATCACC-1,320,5438,mm10
GTTAGGGAGGATGTAA-1,19680,582,GRCh38
GTTAGGGAGTACCAGC-1,468,10657,mm10
GTTAGGTCAAACTTGA-1,954,394,GRCh38
GTTAGGTCAACGTTAA-1,991,255,GRCh38
GTTAGGTCAAGCTAAC-1,1734,47890,mm10
GTTAGGTCACCTATGC-1,30766,1205,Multiplet
GTTAGGTCATCGTTGC-1,19770,701,GRCh38
GTTAGTTAGCATATAC-1,41,579,mm10
GTTAGTTAGCCACACG-1,256,5923,mm10
GTTAGTTAGCGCCATG-1,287,6508,mm10
GTTAGTTAGGCGCATT-1,6533,268,GRCh38
GTTAGTTAGGTAACGG-1,129,2089,mm10
GTTATCAGTCTCCAGA-1,16352,552,GRCh38
GTTATCAGTTGCATGT-1,29375,676,GRCh38
GTTATCAGTTGGCTAT-1,965,5010,mm10
GTTATCCTCAATCACG-1,6803,340,GRCh38
GTTATCCTCAGCGATC-1,16388,620,GRCh38
GTTATCCTCATGTGAT-1,27570,883,GRCh38
GTTATCCTCCCGTGCT-1,16541,664,GRCh38
GTTATCTCAATATCTC-1,798,22555,mm10
GTTATCTCACCATCTA-1,35429,988,GRCh38
GTTATCTCAGCCATAG-1,256,6095,mm10
GTTATCTCATTCATCG-1,141,2417,mm10
GTTATGGTCAGCAGGA-1,16435,611,GRCh38
GTTATGGTCAGCTATG-1,13583,467,GRCh38
GTTCAATAGTAACCAT-1,300,6988,mm10
GTTCACAAGGAATGCG-1,231,4702,mm10
GTTCACAAGTGCAACC-1,31423,931,GRCh38
GTTCACCCAATGACAC-1,17122,565,GRCh38
GTTCACCCACAGCAAT-1,255,3296,mm10
GTTCACCCACATGAAC-1,11041,433,GRCh38
GTTCACCCAGCTAACG-1,12501,542,GRCh38
GTTCACCCATCCTTGA-1,1030,106,GRCh38
GTTCACCCATTCGGAG-1,91,636,mm10
GTTCACTTCCCTCGTA-1,53337,1409,Multiplet
GTTCACTTCCGGGTAT-1,14368,606,GRCh38
GTTCAGGCACATGCAG-1,269,5998,mm10
GTTCAGGCATCCATCA-1,268,5680,mm10
GTTCATGAGATTGCAT-1,11751,453,GRCh38
GTTCATGAGCCATTGA-1,18943,900,GRCh38
GTTCATGAGTGCTTGA-1,34485,1058,GRCh38
GTTCATTCACAAGCGC-1,102,1671,mm10
GTTCATTCACCTTCGG-1,7202,411,GRCh38
GTTCATTCATGCTCCG-1,19335,784,GRCh38
GTTCATTCATTCATCG-1,42477,1100,GRCh38
GTTCCAAAGATTGGTT-1,11362,494,GRCh38
GTTCCAAAGGATCCCG-1,172,4413,mm10
GTTCCACCAAATGCCG-1,58671,1475,Multiplet
GTTCCACCAAGCGGAG-1,17503,770,GRCh38
GTTCCACCAAGGGCAG-1,352,9124,mm10
GTTCCACCAATACTGA-1,272,7080,mm10
GTTCCACCAGTACCTC-1,324,3176,mm10
GTTCCAGGTTGCAGCC-1,298,6972,mm10
GTTCCCGCAAGTCCCT-1,12514,774,GRCh38
GTTCCCTGTCAGCCTA-1,330,6710,mm10
GTTCCCTGTCATGGCC-1,180,3108,mm10
GTTCCCTGTTCCTTCA-1,10403,430,GRCh38
GTTCCGGAGCTGGTAC-1,17893,764,GRCh38
GTTCCGGAGGCTACCG-1,317,7808,mm10
GTTCCGGAGGGTTAGG-1,1316,214,GRCh38
GTTCCTTAGGTCAACC-1,14628,551,GRCh38
GTTCCTTAGTCTAGCA-1,61,687,mm10
GTTCGAATCAGGTTGC-1,1112,27369,mm10
GTTCGAATCCCTGACC-1,323,7030,mm10
GTTCGATGTCATCGGC-1,19133,616,GRCh38
GTTCGATGTTCGGTCA-1,11316,451,GRCh38
GTTCGCCTCCTGCTGC-1,1123,449,GRCh38
GTTCGTCCAAGCCTCT-1,245,5674,mm10
GTTCGTCCAATCTCGC-1,305,5469,mm10
GTTCGTCCAATGAGTC-1,72,500,mm10
GTTCGTCCACTATGGG-1,3053,244,GRCh38
GTTCGTCCACTTCGAC-1,20692,763,GRCh38
GTTCGTCCATCAAGGT-1,16091,1001,GRCh38
GTTCGTTTCAAGTGAA-1,19667,840,GRCh38
GTTCGTTTCACCCTGC-1,72,1004,mm10
GTTCGTTTCATGGCCG-1,106,1408,mm10
GTTCGTTTCTAGGCAC-1,16527,773,GRCh38
GTTCTAAGTAGCGGTG-1,11348,447,GRCh38
GTTCTAAGTTTACCTT-1,240,5962,mm10
GTTCTCACAAGTCGGC-1,321,2377,mm10
GTTCTCACAGTTAGGT-1,31362,935,GRCh38
GTTCTCACATAACTAG-1,17213,587,GRCh38
GTTGAAGGTTGTAGCT-1,402,10776,mm10
GTTGAAGGTTTACTCT-1,2618,80,GRCh38
GTTGAAGGTTTAGGAG-1,268,6148,mm10
GTTGATTAGGCTATAT-1,190,4713,mm10
GTTGATTAGTGATACT-1,394,10226,mm10
GTTGCAATCCATCTAC-1,200,3844,mm10
GTTGCAATCCTCATTA-1,533,14132,mm10
GTTGCATGTAGCCCGT-1,325,1866,mm10
GTTGCATGTCTAATGC-1,18168,5664,Multiplet
GTTGCATGTTAGACTC-1,388,9949,mm10
GTTGCATGTTTAGTTG-1,290,7661,mm10
GTTGCCAGTAACTGCT-1,39504,1146,GRCh38
GTTGCCAGTAGTCCCA-1,407,9255,mm10
GTTGCCAGTGCAGCTC-1,19989,749,GRCh38
GTTGCCAGTGCGCGAA-1,256,5610,mm10
GTTGCCAGTGCGGAAT-1,81,1028,mm10
GTTGCCAGTTCACCGA-1,649,17382,mm10
GTTGCCAGTTGAGTAG-1,19396,707,GRCh38
GTTGCCAGTTGGCCTA-1,229,4083,mm10
GTTGCCAGTTTGCCTC-1,13452,358,GRCh38
GTTGCCCTCCCGTGTC-1,301,5502,mm10
GTTGCCCTCTAATCCC-1,8246,231,GRCh38
GTTGCGCGTATAGTCC-1,334,9075,mm10
GTTGCGCGTCTGGGCT-1,55,1232,mm10
GTTGCGCGTTCATCCC-1,85,871,mm10
GTTGCGCGTTGCTTGG-1,22486,878,GRCh38
GTTGCTGGTGCAAGCG-1,482,12728,mm10
GTTGCTGGTGGACTAA-1,16169,549,GRCh38
GTTGGGTTCACAGGCT-1,423,9314,mm10
GTTGGGTTCCTGACCC-1,4242,535,GRCh38
GTTGGGTTCGCTCGTC-1,12489,468,GRCh38
GTTGGTCAGCATGCCG-1,34,2060,mm10
GTTGGTCAGCCAGGTT-1,18808,641,GRCh38
GTTGGTCAGGAGCTTC-1,8542,621,GRCh38
GTTGGTCAGTCATGGC-1,5490,477,GRCh38
GTTGGTTGTGCAACTT-1,17987,839,GRCh38
GTTGGTTGTTAATTCG-1,14000,603,GRCh38
GTTGGTTGTTAGGCCC-1,53746,1601,Multiplet
GTTGTACGTAGCGATA-1,409,7284,mm10
GTTGTACGTCAACCCA-1,7469,497,GRCh38
GTTGTACGTTGGATTC-1,688,16873,mm10
GTTGTACGTTTACGGT-1,29,1104,mm10
GTTGTGATCACTCCGC-1,16943,797,GRCh38
GTTGTGATCCGCCATC-1,12100,497,GRCh38
GTTGTGATCGACCGTG-1,296,7461,mm10
GTTGTGATCTATGTCC-1,8417,455,GRCh38
TAAACCACAAGCTTAA-1,37252,963,GRCh38
TAAACGAAGCAACTCA-1,18952,458,GRCh38
TAAACGAAGCGCTGCA-1,69,1062,mm10
TAAACGGGTAGCGGAT-1,24120,986,GRCh38
TAAACGTTCCTGTCTG-1,327,7768,mm10
TAAACGTTCCTTCACG-1,19343,723,GRCh38
TAAACGTTCGACCTAA-1,21677,862,GRCh38
TAAATCGCAAGCCACA-1,5561,239,GRCh38
TAAATGCTCAAGTATC-1,4940,343,GRCh38
TAAATGCTCCTCAGTT-1,187,4256,mm10
TAAATGCTCCTCTATA-1,27334,967,GRCh38
TAAATGCTCGATGGAG-1,279,6301,mm10
TAAATGCTCTGGTCCC-1,34,541,mm10
TAACACTAGCGGTTCG-1,325,7366,mm10
TAACACTAGTGAGATA-1,709,19328,mm10
TAACAGCCAACTATCT-1,118,853,mm10
TAACAGCCAACTGGAT-1,688,236,GRCh38
TAACAGCCAATTACTC-1,23837,802,GRCh38
TAACAGCCAGCTCTCG-1,307,7246,mm10
TAACCAACAAGTTCCC-1,263,6341,mm10
TAACCAACACAGGCTA-1,157,2366,mm10
TAACCAACATCAAGTA-1,485,11526,mm10
TAACCATAGGTACACC-1,13261,676,GRCh38
TAACCATAGGTCATGC-1,275,6362,mm10
TAACCATAGGTTCAGC-1,302,6427,mm10
TAACCCTTCAAGTGCC-1,48,712,mm10
TAACCCTTCCAACCGG-1,35737,1183,GRCh38
TAACCCTTCCATCAGA-1,274,5356,mm10
TAACCCTTCCGTTGGG-1,21582,844,GRCh38
TAACCCTTCGTGATGC-1,35703,1149,GRCh38
TAACCCTTCTAGCCTT-1,280,6722,mm10
TAACCGATCTAGTGTG-1,126,3017,mm10
TAACCTAGTTGTCCGA-1,195,3672,mm10
TAACGAAAGATAGGGT-1,306,6825,mm10
TAACGAAAGGTTGGGA-1,635,13694,mm10
TAACGAGGTAGTCCCA-1,9292,391,GRCh38
TAACGAGGTGAGTATG-1,28638,1031,GRCh38
TAACGATTCCGCACCT-1,323,7073,mm10
TAACGCGCAACCAGAT-1,203,4412,mm10
TAACGCGCAATGTAGC-1,19979,613,GRCh38
TAACGCGCACAGCAGC-1,369,8208,mm10
TAACGCGCATCGGTTC-1,2210,164,GRCh38
TAACGCGCATGAGCAT-1,18062,638,GRCh38
TAACGGCTCAATGGTT-1,3663,209,GRCh38
TAACGGCTCCGCGACA-1,21746,800,GRCh38
TAACGGTCAAAGGCCC-1,19601,875,GRCh38
TAACGGTCAAGGTATC-1,15272,601,GRCh38
TAACGGTCAATCATCT-1,5769,131,GRCh38
TAACGGTCAATGTGCG-1,4405,216,GRCh38
TAACGGTCACCATCCG-1,702,137,GRCh38
TAACGGTCAGGAACTT-1,7514,5313,Multiplet
TAACTAGCAACTGGGC-1,677,78,GRCh38
TAACTAGCATCACATT-1,293,5219,mm10
TAACTCCTCCACCTTG-1,313,9604,mm10
TAACTCCTCTAAGTCG-1,220,4311,mm10
TAACTGACAAGTAGAG-1,310,6409,mm10
TAACTGACAGGCTTAG-1,977,373,GRCh38
TAACTGACATGATTGA-1,1487,37946,mm10
TAACTGGTCACGTAAT-1,18974,675,GRCh38
TAACTGGTCCCGGCAA-1,18910,559,GRCh38
TAACTGGTCCCGTTGC-1,707,198,GRCh38
TAACTGGTCCGCAACG-1,68,580,mm10
TAACTGGTCCTCTATA-1,12851,454,GRCh38
TAACTGGTCGACTGCG-1,358,7497,mm10
TAACTGGTCGCTTCAT-1,189,4079,mm10
TAACTTGGTATGGCTT-1,343,6856,mm10
TAACTTGGTCAATGGA-1,22949,737,GRCh38
TAACTTGGTCAGCGAG-1,149,2868,mm10
TAACTTGGTCTGTGCA-1,10710,526,GRCh38
TAACTTGGTGAACTGA-1,1570,788,GRCh38
TAACTTGGTTTCGTAA-1,10918,5069,Multiplet
TAAGCAAAGGATCATT-1,284,6203,mm10
TAAGCAAAGGTCCAAC-1,22399,799,GRCh38
TAAGCACCAACCCGAA-1,23630,825,GRCh38
TAAGCACCAAGCTTAA-1,28746,1026,GRCh38
TAAGCACCAAGGGAAC-1,163,3420,mm10
TAAGCACCAGCCATCT-1,1074,660,GRCh38
TAAGCACCATGGCTAG-1,255,4174,mm10
TAAGCAGGTAAGCTGA-1,136,3083,mm10
TAAGCAGGTAGCAGGT-1,8263,397,GRCh38
TAAGCAGGTGATGACA-1,318,8115,mm10
TAAGCAGGTGCACCAC-1,339,9097,mm10
TAAGCAGGTGGCGTAG-1,374,8648,mm10
TAAGCAGGTTTCGAGT-1,2520,352,GRCh38
TAAGCAGGTTTGAGCT-1,431,8255,mm10
TAAGCCATCCAGCGCA-1,660,16652,mm10
TAAGCCTGTAGTAAGT-1,684,17072,mm10
TAAGCCTGTCAAGCCC-1,43445,1245,Multiplet
TAAGCCTGTTGACCAT-1,279,6776,mm10
TAAGCGAGTAAGTCAG-1,420,8802,mm10
TAAGCGAGTCAAGCCC-1,17844,682,GRCh38
TAAGCGAGTCATCGCA-1,10854,572,GRCh38
TAAGCGAGTCATGATC-1,99,1276,mm10
TAAGCGAGTGATGCTT-1,420,9035,mm10
TAAGCGAGTGCAGCGA-1,348,9077,mm10
TAAGCGAGTGGCGTGA-1,12912,494,GRCh38
TAAGCGAGTTAGCTGT-1,207,4229,mm10
TAAGCGCTCAGTATGT-1,19329,3704,Multiplet
TAAGCGCTCCGTAATG-1,114,2216,mm10
TAAGCGCTCCTCATCG-1,203,4675,mm10
TAAGCGCTCGATCACA-1,485,12051,mm10
TAAGCGCTCGTGCGAT-1,307,6759,mm10
TAAGCGGAGCCAGCAT-1,18131,754,GRCh38
TAAGCGGAGGTTGACC-1,73497,1981,Multiplet
TAAGCGGAGTGCTCAA-1,289,6429,mm10
TAAGGATGTTTCGAGT-1,2788,290,GRCh38
TAAGGCGAGCCTGTAA-1,158,913,mm10
TAAGGCGAGGCAAGTG-1,148,2975,mm10
TAAGGCTCAACCGGAC-1,26078,857,GRCh38
TAAGGCTCAATCGGTG-1,29909,1175,GRCh38
TAAGGCTCATCGGGAC-1,19316,934,GRCh38
TAAGGGGTCATCACTC-1,234,5371,mm10
TAAGGGGTCCGGATAC-1,806,21890,mm10
TAAGGGGTCCTTCGGC-1,33680,1126,GRCh38
TAAGGGTAGCGGTAGA-1,22353,693,GRCh38
TAAGGGTAGGTACATT-1,5796,187,GRCh38
TAAGGGTAGGTTAATC-1,17369,583,GRCh38
TAAGGGTAGTAATGCT-1,1113,28792,mm10
TAAGTCACAAGCACGC-1,467,10619,mm10
TAAGTCACAATTGCCC-1,377,8283,mm10
TAAGTCACACTAGCAG-1,36993,1122,GRCh38
TAAGTCACACTTCGTA-1,58567,1573,Multiplet
TAAGTCCGTCCATCCT-1,28067,1033,GRCh38
TAAGTCCGTTTAGGTC-1,379,8909,mm10
TAAGTGAAGGATATAG-1,16877,631,GRCh38
TAATAGCTCAAGTTCG-1,289,6999,mm10
TAATAGCTCCAACTGA-1,1727,2390,mm10
TAATCACAGGTCCATA-1,33101,1173,GRCh38
TAATCAGCATCATATC-1,156,2808,mm10
TAATCAGCATCCAACC-1,21980,845,GRCh38
TAATCCCTCCATGTGA-1,213,3836,mm10
TAATCCCTCCCATTAC-1,709,183,GRCh38
TAATCCCTCCGGTTCC-1,30293,673,GRCh38
TAATCCCTCTATGCTC-1,8137,557,GRCh38
TAATCCTCAACCCTAC-1,21764,482,GRCh38
TAATGAGAGCGAAGGC-1,81,1584,mm10
TAATGAGAGGCTCCGA-1,255,5515,mm10
TAATGAGAGGTATATC-1,534,12607,mm10
TAATGAGAGTTGGTAT-1,14014,533,GRCh38
TAATGGGGTAACGCTT-1,33217,1163,GRCh38
TAATGGGGTGCAAGGT-1,11881,1026,GRCh38
TAATGGGGTTGGAGTA-1,14053,533,GRCh38
TAATGGTTCCAGGGAA-1,256,5571,mm10
TAATGGTTCCATGCAA-1,3400,266,GRCh38
TAATGGTTCCCCAATT-1,25762,842,GRCh38
TAATGTCAGCGGAGTA-1,567,12684,mm10
TAATGTCAGCTGGTCG-1,4887,160,GRCh38
TAATTCCCACATTGAA-1,353,6543,mm10
TAATTCCCACTTAGCC-1,1009,2067,mm10
TAATTCCCAGGGCTAC-1,230,4698,mm10
TAATTCCCATGGTATA-1,118,926,mm10
TAATTCCCATTCGCGT-1,9230,451,GRCh38
TACAACTAGCTACTGA-1,15326,649,GRCh38
TACAACTAGGATGACG-1,320,7996,mm10
TACAAGCCAAGCACTG-1,178,4000,mm10
TACAAGCCAAGCTAAC-1,33457,1236,Multiplet
TACAAGCCAAGGTACT-1,1087,608,GRCh38
TACAAGCCAGGACTGC-1,222,4472,mm10
TACAAGGGTGAGGAGA-1,237,6038,mm10
TACAAGGGTTGGAATG-1,2417,153,GRCh38
TACAATGCAACCAACG-1,1465,784,GRCh38
TACAATGCAATCCATT-1,479,11076,mm10
TACAATGCAATTGGTA-1,5001,418,GRCh38
TACAATGCATCCAACC-1,16156,451,GRCh38
TACACAACATGAGTTA-1,11805,607,GRCh38
TACACCGGTAGTGCGG-1,6771,263,GRCh38
TACACCGGTTCACCAG-1,411,10106,mm10
TACACCTTCACCCTGC-1,318,5869,mm10
TACACCTTCATCATCC-1,1823,317,GRCh38
TACACTAGTCATCACG-1,29835,907,GRCh38
TACACTAGTCTGTGTG-1,68,945,mm10
TACACTAGTGCACCAC-1,145,895,mm10
TACACTAGTTCGGTGC-1,249,5861,mm10
TACACTTCAATGGGCC-1,412,9355,mm10
TACAGCCAGAAGCGGC-1,125,2407,mm10
TACAGCGCAACTGTAA-1,70,677,mm10
TACAGCGCAGCTAGAT-1,321,6199,mm10
TACAGCGCAGGATGAA-1,46321,1728,Multiplet
TACAGCGCAGTTGGAT-1,72,1744,mm10
TACAGCGCATCATAGA-1,4226,446,GRCh38
TACAGGCTCAGCTAAT-1,12529,655,GRCh38
TACAGGCTCCTTCAAC-1,1327,153,GRCh38
TACAGGGAGATAGGCG-1,32618,1081,GRCh38
TACAGGGAGATTGGTT-1,78,963,mm10
TACAGGGAGCAATCTG-1,178,4679,mm10
TACAGGGAGCCGCATG-1,102,1910,mm10
TACAGGGAGCCTCTAT-1,335,7662,mm10
TACAGGTCAATCTCGC-1,20969,958,GRCh38
TACAGGTCATGAAGTC-1,68465,1710,Multiplet
TACAGTTAGCCACTAA-1,9460,734,GRCh38
TACAGTTAGCTGGACT-1,343,6775,mm10
TACATAGCAAAGGACA-1,263,5777,mm10
TACATAGCAAGCATGT-1,381,9520,mm10
TACATAGCAATAGGTC-1,309,6699,mm10
TACATCAGTAAGTAAC-1,24332,830,GRCh38
TACATCAGTGAGCCCT-1,15205,680,GRCh38
TACATCAGTGAGGTCG-1,242,4179,mm10
TACATCAGTTCGCGGT-1,8298,581,GRCh38
TACATGACAATGCCTC-1,184,3369,mm10
TACATGACAGGGCTTA-1,11245,560,GRCh38
TACATGACATAACTTC-1,108,2338,mm10
TACATGACATCCGTGT-1,4964,775,GRCh38
TACATTCCAATGAAGG-1,17366,626,GRCh38
TACATTCCATCGTAGG-1,190,4739,mm10
TACATTCCATGATAGC-1,16386,434,GRCh38
TACCAAGTCATCACTC-1,11945,504,GRCh38
TACCAAGTCATGCTTC-1,11774,524,GRCh38
TACCAAGTCCATCACT-1,17498,638,GRCh38
TACCAAGTCCCAGAGT-1,16351,727,GRCh38
TACCAAGTCCGCGCTT-1,440,9262,mm10
TACCAAGTCTCACTCG-1,268,6863,mm10
TACCAAGTCTCATGTC-1,5059,216,GRCh38
TACCAATAGGAGGTCA-1,416,10326,mm10
TACCAATAGTCATTGG-1,338,6215,mm10
TACCACAAGTACGGCT-1,34497,1007,GRCh38
TACCACGGTCTTGAAC-1,84,1767,mm10
TACCACGGTGGCTACC-1,34901,1127,GRCh38
TACCACGGTTAGTTGC-1,290,6891,mm10
TACCAGGCAACATCCC-1,4026,674,GRCh38
TACCAGGCAGGATAGA-1,252,6115,mm10
TACCAGGCAGTACCGA-1,41201,1383,Multiplet
TACCAGGCATTACTCG-1,333,6379,mm10
TACCATAGTGGGTTAA-1,204,4486,mm10
TACCATAGTTCCGTGA-1,3043,258,GRCh38
TACCATAGTTCTGTCC-1,312,7222,mm10
TACCATGAGCCATCCC-1,203,4239,mm10
TACCATGAGCCCTTGC-1,13685,536,GRCh38
TACCATTCACTTACAT-1,11177,585,GRCh38
TACCATTCATGCGCTT-1,370,6447,mm10
TACCCAAAGCTACTCT-1,12495,476,GRCh38
TACCCAAAGGAGGCAC-1,12801,475,GRCh38
TACCCAAAGGCTTCCC-1,75,1605,mm10
TACCCAAAGGGCAGTA-1,246,4947,mm10
TACCCAAAGGGGATCA-1,122,2132,mm10
TACCCAAAGGGGCATA-1,12839,394,GRCh38
TACCCAGGTCAGTGCC-1,10059,497,GRCh38
TACCCAGGTCATCCGA-1,22164,715,GRCh38
TACCCAGGTTAAGTCC-1,225,3320,mm10
TACCCAGGTTGAGCTT-1,14831,623,GRCh38
TACCCAGGTTTGACTA-1,323,7156,mm10
TACCCATTCACCTGAA-1,43,649,mm10
TACCCCATCATCTAGG-1,166,1706,mm10
TACCCCATCTAGTAAC-1,78,651,mm10
TACCCCTGTAAGTAGT-1,4153,224,GRCh38
TACCCCTGTATTAGGG-1,6922,249,GRCh38
TACCCCTGTCAATTCA-1,243,5609,mm10
TACCCCTGTTATGAGG-1,183,4594,mm10
TACCCGCTCATACTGG-1,4297,345,GRCh38
TACCCGCTCCCCAGGA-1,225,6166,mm10
TACCCTTAGCATGGAG-1,38221,1139,GRCh38
TACCCTTAGTAAGGGT-1,786,20541,mm10
TACCGACAGCCAACTA-1,13748,662,GRCh38
TACCGACAGGCTACGT-1,832,18163,mm10
TACCGCCTCATGCCTT-1,10060,374,GRCh38
TACCGGACAATACTAG-1,535,125,GRCh38
TACCGGACATGACCGA-1,49340,1555,Multiplet
TACCGGACATGACGTG-1,362,9192,mm10
TACCGTCCAAGTAACC-1,263,5853,mm10
TACCTAAGTAGGTACA-1,25171,977,GRCh38
TACCTAGAGGCGATTC-1,10086,549,GRCh38
TACCTAGAGTAGTCAT-1,49,567,mm10
TACCTCACAAACCTAA-1,99,2090,mm10
TACCTCACACTACCAC-1,680,18882,mm10
TACCTCACAGTAATCA-1,148,3250,mm10
TACCTCCGTTATCGAC-1,27551,1176,GRCh38
TACCTCCGTTATGACC-1,28215,1532,Multiplet
TACCTCCGTTATGCAC-1,71,518,mm10
TACCTCCGTTTCAGGT-1,271,6263,mm10
TACCTGAAGCCTAGAC-1,12047,483,GRCh38
TACCTGAAGCGAGGAC-1,6705,307,GRCh38
TACCTGAAGCGCTGAT-1,39406,1217,Multiplet
TACCTGAAGCTTACCT-1,543,14092,mm10
TACCTGAAGGAACCAG-1,420,12083,mm10
TACCTGTTCAATGGAA-1,27583,4654,Multiplet
TACCTGTTCATCACTC-1,216,5029,mm10
TACCTGTTCTGGGCAT-1,3632,501,GRCh38
TACCTTGCAACGGTCA-1,24495,882,GRCh38
TACCTTGCAAGTAGTC-1,52323,1891,Multiplet
TACCTTGCATAATCAG-1,213,4110,mm10
TACCTTGCATGGTCTC-1,250,4484,mm10
TACCTTGCATTAGGAC-1,45,587,mm10
TACGAAGGTGGCGTCT-1,489,11499,mm10
TACGAGGAGGGCAGAC-1,31245,895,GRCh38
TACGAGGAGTCATCGA-1,33718,19370,Multiplet
TACGAGTCAAGGTTCG-1,58969,1502,Multiplet
TACGAGTCAATATACG-1,171,3610,mm10
TACGATTAGAAGGTCG-1,278,6486,mm10
TACGATTAGAATCAGA-1,230,5386,mm10
TACGATTAGGGCCATT-1,14484,682,GRCh38
TACGATTAGTAGCACC-1,147,3249,mm10
TACGATTAGTCAGCCG-1,8718,478,GRCh38
TACGCAATCCATCAAG-1,5082,640,GRCh38
TACGCATGTAGTGAGC-1,393,6911,mm10
TACGCATGTGAAGTGC-1,67,958,mm10
TACGCATGTTTGGCAT-1,17553,5365,Multiplet
TACGCCCTCGCGTCCT-1,101,1877,mm10
TACGCCTCAAGGTTAC-1,429,10289,mm10
TACGCCTCATCCGTCG-1,22241,933,GRCh38
TACGCTAAGTTACGGC-1,444,10789,mm10
TACGCTGGTGATAGTG-1,174,3859,mm10
TACGCTGGTGATGAAT-1,190,4386,mm10
TACGCTGGTGATTGAG-1,14462,520,GRCh38
TACGGGCCAGCACCTT-1,488,11537,mm10
TACGGGCCATGAAGTC-1,2590,115,GRCh38
TACGGGCCATTGACGG-1,80,721,mm10
TACGGTCAGCAACCCG-1,338,5616,mm10
TACGGTCAGCCATGAC-1,29164,944,GRCh38
TACGGTCAGCCTCTGC-1,586,15601,mm10
TACGGTTGTTATGGAG-1,26793,946,GRCh38
TACGGTTGTTGCAGTT-1,276,6683,mm10
TACGGTTGTTGTCCCT-1,282,6714,mm10
TACGTAGTCCCATATC-1,313,6780,mm10
TACGTAGTCCGTTGCC-1,16828,630,GRCh38
TACGTAGTCCTCTCAG-1,229,4754,mm10
TACGTAGTCTAATGGT-1,831,234,GRCh38
TACGTCAAGAAGCGCA-1,1009,25628,mm10
TACGTCAAGAAGCTAA-1,18973,535,GRCh38
TACGTCAAGAAGGGCC-1,8839,585,GRCh38
TACGTCAAGCAATGAA-1,256,1828,mm10
TACGTCAAGGGGCATA-1,17188,816,GRCh38
TACGTTGAGGAGGTCA-1,18918,778,GRCh38
TACGTTGAGGCTCCTC-1,40819,1376,Multiplet
TACGTTGAGTGGCCTG-1,4947,382,GRCh38
TACTACCTCAATGTAC-1,285,6417,mm10
TACTACCTCCCATGAA-1,872,194,GRCh38
TACTACCTCGCATGTA-1,245,4504,mm10
TACTACCTCTATCGGA-1,13037,486,GRCh38
TACTACTCAAACTACA-1,23388,629,GRCh38
TACTACTCAACCCTTA-1,101,1796,mm10
TACTACTCACAAGGAA-1,290,5141,mm10
TACTATGGTCTTGGGC-1,118,2372,mm10
TACTATGGTTCCCGTT-1,134,2361,mm10
TACTCATCAAGCATGT-1,19061,649,GRCh38
TACTCATCACTCATCA-1,36090,877,GRCh38
TACTCATCACTTGCAC-1,753,88,GRCh38
TACTCATCAGCAGTCA-1,82,581,mm10
TACTCATCATTCGTGC-1,1402,136,GRCh38
TACTCCACACTAGGAT-1,1163,33036,mm10
TACTCCACATGGCTCT-1,229,3736,mm10
TACTCGCCAATGTCAA-1,492,10547,mm10
TACTCGCCACATTCCA-1,157,3794,mm10
TACTCGCCACATTGGG-1,26184,857,GRCh38
TACTGATAGAATCAGA-1,20067,527,GRCh38
TACTGATAGCTACCAA-1,616,16705,mm10
TACTGATAGTGACCTA-1,84,2049,mm10
TACTGCAAGCCAGGTT-1,889,296,GRCh38
TACTGCAAGCCCTTCA-1,25155,611,GRCh38
TACTGCAAGCCGACAT-1,744,142,GRCh38
TACTGCAAGCCGATAC-1,302,6356,mm10
TACTGCAAGGCGAGGT-1,214,5188,mm10
TACTGGATCATCACAG-1,92,1563,mm10
TACTGGATCGTTGCTT-1,25825,1032,GRCh38
TACTGTGAGCGAAGCA-1,447,12322,mm10
TACTGTGAGTGCCATA-1,291,6247,mm10
TACTGTTCAAGCACGC-1,10286,520,GRCh38
TACTGTTCAGCTCACT-1,284,7391,mm10
TACTGTTCAGTAATCA-1,692,57,GRCh38
TACTGTTCATCCGTTA-1,255,4728,mm10
TACTTAGGTAAGCAGC-1,15098,501,GRCh38
TACTTAGGTAATCCAC-1,258,6711,mm10
TACTTAGGTAGGCTGG-1,155,2662,mm10
TACTTAGGTCAAGTCT-1,75,666,mm10
TACTTAGGTTCGCGGT-1,18562,785,GRCh38
TACTTGCTCCATTACC-1,329,7446,mm10
TACTTGCTCCGTTGGG-1,716,17150,mm10
TACTTGCTCGAATCAT-1,69,1736,mm10
TAGCAAGGTGCGTGTC-1,269,6365,mm10
TAGCAAGGTTAGTGTC-1,394,7792,mm10
TAGCAAGGTTTACTTC-1,369,8147,mm10
TAGCACGCAACATCGG-1,319,7302,mm10
TAGCACGCACAACCTC-1,1540,313,GRCh38
TAGCACGCACAGCAAT-1,158,2764,mm10
TAGCACGCACTAGTAA-1,18127,686,GRCh38
TAGCACGCATGGCTTC-1,47,815,mm10
TAGCAGTCAAGCCGTA-1,992,152,GRCh38
TAGCAGTCAATTGCTT-1,202,3588,mm10
TAGCAGTCATGCAGAT-1,746,14660,mm10
TAGCATTAGATTAACC-1,264,6339,mm10
TAGCATTAGCTATCCT-1,233,5300,mm10
TAGCCAATCACTCCGC-1,765,16675,mm10
TAGCCAATCCGCCTTA-1,178,1230,mm10
TAGCCAATCGAACCCG-1,11942,544,GRCh38
TAGCCAATCGACATTG-1,17931,739,GRCh38
TAGCCAATCGACTGGT-1,79,2068,mm10
TAGCCAATCGCGCGTA-1,8175,436,GRCh38
TAGCCAATCGCTGGAT-1,5062,353,GRCh38
TAGCCAATCGTAACCA-1,107,1614,mm10
TAGCCACAGCATGAGG-1,70,1208,mm10
TAGCCACAGCATGGGA-1,89,1336,mm10
TAGCCACAGCCTGAAC-1,5840,457,GRCh38
TAGCCACAGGATAGCG-1,2954,8267,Multiplet
TAGCCACAGGATCCAC-1,543,11135,mm10
TAGCCACAGGGCAGGT-1,7305,539,GRCh38
TAGCCACAGGTTAGCC-1,410,9202,mm10
TAGCCAGCAAATCATG-1,347,8420,mm10
TAGCCAGCACATGCCT-1,12376,662,GRCh38
TAGCCAGCAGGGCATC-1,72,1356,mm10
TAGCCCAGTAACGATG-1,308,5006,mm10
TAGCCCAGTGAACCTT-1,3115,287,GRCh38
TAGCCCAGTGAGTATG-1,1451,198,GRCh38
TAGCCCAGTTGTCCGA-1,1053,26273,mm10
TAGCCCTCATAATTGG-1,259,5467,mm10
TAGCCCTCATGCTGCT-1,542,9934,mm10
TAGCCTGGTCAGGCTC-1,16055,606,GRCh38
TAGCCTGGTGCGGTAG-1,3875,585,GRCh38
TAGCGAAGTAAGTCTC-1,37,604,mm10
TAGCGAAGTGGACCCT-1,559,12844,mm10
TAGCGAAGTTAGCTCG-1,221,4958,mm10
TAGCGAAGTTGTGCGC-1,17693,660,GRCh38
TAGCGAAGTTTCCTAT-1,185,3989,mm10
TAGCGAAGTTTGAGGA-1,127,1326,mm10
TAGCGGTTCGACTTGA-1,25544,1018,GRCh38
TAGCGGTTCGCGCGTA-1,15419,754,GRCh38
TAGCGGTTCGCTTCCA-1,27334,1069,GRCh38
TAGCTAGTCAGGATGG-1,5667,454,GRCh38
TAGCTAGTCATGCAAT-1,10438,423,GRCh38
TAGCTAGTCCACGGCA-1,725,180,GRCh38
TAGCTAGTCCGTGATA-1,3313,227,GRCh38
TAGCTCAAGGGCAGGT-1,267,5741,mm10
TAGCTCAAGTGTCCTT-1,32614,1280,Multiplet
TAGCTCCCACCTGTGT-1,1143,221,GRCh38
TAGCTGATCCAGCACG-1,17113,693,GRCh38
TAGCTGATCGTGCCCT-1,251,5275,mm10
TAGCTTGAGGCTCCAG-1,1329,12498,mm10
TAGCTTGAGGGTCCAT-1,21027,773,GRCh38
TAGCTTGAGTAGAGTA-1,554,13144,mm10
TAGGACTCATAATCGA-1,1116,66,GRCh38
TAGGAGTAGGCGTACT-1,226,3879,mm10
TAGGAGTAGTAGCATT-1,597,16498,mm10
TAGGAGTAGTCGAGAG-1,369,8520,mm10
TAGGATGGTAAGTGGC-1,30992,1074,GRCh38
TAGGATGGTGGGTTGG-1,78,851,mm10
TAGGATGGTTCGCTTC-1,20582,745,GRCh38
TAGGATGGTTCGTAGT-1,21744,741,GRCh38
TAGGATGGTTGCATCG-1,92,1952,mm10
TAGGATGGTTTACGCG-1,267,4750,mm10
TAGGCAAGTCCCGATA-1,3980,3587,Multiplet
TAGGCAAGTTATCATG-1,2882,224,GRCh38
TAGGCAAGTTCGCGTA-1,317,7140,mm10
TAGGCAAGTTTACCTT-1,124,2385,mm10
TAGGCAAGTTTCGGTG-1,102,527,mm10
TAGGCCACAAGCGATT-1,7663,6396,Multiplet
TAGGCCACAATATCAG-1,417,10454,mm10
TAGGCCACAGCTACTC-1,25248,960,GRCh38
TAGGCCACAGGCTAAT-1,206,4287,mm10
TAGGCCACATCACGAG-1,26760,942,GRCh38
TAGGCCACATCGATCC-1,226,5137,mm10
TAGGCCACATGTCGGA-1,442,9525,mm10
TAGGCGAAGCCCTGTC-1,365,9117,mm10
TAGGCGAAGCGAACGA-1,35666,1254,Multiplet
TAGGCGAAGGAGGTGC-1,3752,410,GRCh38
TAGGCGAAGTCAGCTA-1,7631,303,GRCh38
TAGGCTGCAAGCACGC-1,274,6233,mm10
TAGGCTGCATTCGTCA-1,99,521,mm10
TAGGCTTGTGGCAGCA-1,10937,536,GRCh38
TAGGGCTTCACACTGA-1,270,6760,mm10
TAGGGCTTCCGCCAAG-1,90,737,mm10
TAGGGCTTCCTGACCC-1,17560,610,GRCh38
TAGGGCTTCGCGAGTT-1,4901,157,GRCh38
TAGGGGATCCTCTCCT-1,9941,416,GRCh38
TAGGGGATCGTGCTCC-1,1156,10952,mm10
TAGGGTAGTCAAGGAC-1,44441,1231,Multiplet
TAGGGTAGTCAGCACC-1,56703,1726,Multiplet
TAGGGTAGTCCCGAAC-1,41,590,mm10
TAGGGTAGTTATGGGA-1,268,6641,mm10
TAGGGTGAGGAACTAA-1,34808,1114,GRCh38
TAGGGTTCAACCAGTG-1,122,2170,mm10
TAGGGTTCACCTTGAC-1,15167,533,GRCh38
TAGGGTTCATAAGTCA-1,4813,229,GRCh38
TAGGTAGGTCAGGCTC-1,704,17515,mm10
TAGGTCATCAGGTGAG-1,289,6931,mm10
TAGGTCATCCAGATCA-1,8760,473,GRCh38
TAGGTGAGTAATCGTC-1,8199,317,GRCh38
TAGGTGAGTGAAGCCG-1,346,8893,mm10
TAGGTGAGTGCGGTGA-1,213,4328,mm10
TAGGTGAGTTTACGGT-1,20357,714,GRCh38
TAGGTGGAGAAGGGAA-1,7615,439,GRCh38
TAGGTGGAGGAGCTTC-1,1241,13456,mm10
TAGGTGGAGTCATCTC-1,10476,402,GRCh38
TAGGTTACAATATCTC-1,357,6557,mm10
TAGGTTACACATGCCT-1,879,24194,mm10
TAGGTTACAGGATCAT-1,182,4609,mm10
TAGGTTTAGATAGTCT-1,41905,1194,Multiplet
TAGGTTTAGCCGATAC-1,574,13915,mm10
TAGGTTTAGCTTCCGC-1,333,7830,mm10
TAGGTTTAGGCAACCT-1,258,4843,mm10
TAGGTTTAGTAACCAT-1,13063,626,GRCh38
TAGTACCGTAAGCGCG-1,15803,580,GRCh38
TAGTACCGTAGGTATG-1,10922,410,GRCh38
TAGTACCGTTAGCCAT-1,107,2297,mm10
TAGTACCGTTAGCGAA-1,31698,1400,Multiplet
TAGTACCGTTCGTATA-1,22668,736,GRCh38
TAGTAGCCAGCCAGGT-1,703,18044,mm10
TAGTAGCCATCGGGAC-1,195,3734,mm10
TAGTCAACAACCTGTC-1,13306,13011,Multiplet
TAGTCAACAATTCGGG-1,564,12273,mm10
TAGTCCTTCACTCCAT-1,345,8050,mm10
TAGTCCTTCCCCATAT-1,156,3645,mm10
TAGTCCTTCCTCATCG-1,231,5886,mm10
TAGTGAGGTAATCACC-1,28202,961,GRCh38
TAGTGCATCGCTATCT-1,779,20796,mm10
TAGTGGCTCATAGACT-1,18053,610,GRCh38
TAGTGGCTCCTGCCTA-1,468,2900,mm10
TAGTGGGAGCGAATGG-1,236,5137,mm10
TAGTGGGAGGAGCTGA-1,14526,689,GRCh38
TAGTGGGAGGATCTAT-1,10918,650,GRCh38
TAGTGTTAGCTGGTTA-1,23531,836,GRCh38
TAGTGTTAGCTTAACG-1,22185,750,GRCh38
TAGTGTTAGGTTGCGT-1,328,8067,mm10
TAGTGTTAGTTACCAG-1,32781,1158,GRCh38
TAGTTAGCAAGCCTAG-1,7316,505,GRCh38
TAGTTCCTCCAACCGG-1,5253,5641,Multiplet
TAGTTCCTCCTGTGCC-1,14270,609,GRCh38
TAGTTCCTCGCTCCGT-1,18799,737,GRCh38
TAGTTCTCAGCACGTA-1,1177,30208,mm10
TAGTTTCCAACATAGC-1,110,1856,mm10
TAGTTTCCATGTCGGA-1,114,1886,mm10
TAGTTTGGTATGGTTC-1,469,10760,mm10
TAGTTTGGTTCATCCC-1,280,7345,mm10
TATACAGCAAAGGCCC-1,802,209,GRCh38
TATACAGCAACTAGGT-1,208,5799,mm10
TATACAGCACCTATCA-1,23108,743,GRCh38
TATACCCTCACTATGG-1,407,9928,mm10
TATACCCTCAGCATAT-1,35815,1171,GRCh38
TATACCCTCATCGACA-1,100,1836,mm10
TATACCCTCGATATGT-1,18793,771,GRCh38
TATACCCTCGCATCAA-1,23580,764,GRCh38
TATACCCTCTGGGCAT-1,189,4492,mm10
TATACGTAGCCTGCCT-1,3181,499,GRCh38
TATACGTAGCGGTAAG-1,50,1124,mm10
TATACTGGTAGCAGGT-1,909,302,GRCh38
TATACTGGTCAATGGA-1,306,6433,mm10
TATAGGCCATCCCATA-1,16616,561,GRCh38
TATAGGGGTAAGGTTG-1,12997,588,GRCh38
TATAGGGGTGAAGGTC-1,16787,703,GRCh38
TATAGGGGTTAGGCTT-1,16333,679,GRCh38
TATAGGGGTTCCGGGT-1,428,8371,mm10
TATAGGGGTTGGCGAG-1,586,15927,mm10
TATAGGTTCATCACGA-1,19312,19496,Multiplet
TATAGGTTCGATTCCT-1,9943,492,GRCh38
TATAGGTTCTAGTTCC-1,19417,840,GRCh38
TATAGTCAGCGCTTAA-1,13751,531,GRCh38
TATAGTCAGGTGGACA-1,23956,826,GRCh38
TATAGTCAGTCGAACC-1,33703,1472,Multiplet
TATATCCCAACATGGT-1,32851,1101,GRCh38
TATATCCCAATATCCT-1,2659,161,GRCh38
TATATCCCACTCGCAT-1,74,530,mm10
TATATCCCAGGGCATC-1,243,5292,mm10
TATATCCCAGTTGACG-1,426,9493,mm10
TATCACCTCAGCCATA-1,31538,1127,GRCh38
TATCACCTCAGTGCCG-1,475,13092,mm10
TATCACCTCCATCGAA-1,2463,284,GRCh38
TATCACCTCCTTGGAA-1,406,11606,mm10
TATCACCTCGACATAT-1,34404,1176,GRCh38
TATCAGGTCACACCTT-1,15319,623,GRCh38
TATCAGGTCACTAGGC-1,306,6054,mm10
TATCAGGTCCATTCCG-1,4739,152,GRCh38
TATCAGGTCTATCGCT-1,386,10228,mm10
TATCAGTAGCCTAGAC-1,307,7822,mm10
TATCAGTAGGCTACGT-1,7066,375,GRCh38
TATCAGTAGTAACCTG-1,17258,580,GRCh38
TATCAGTAGTAAGCAA-1,10458,598,GRCh38
TATCAGTAGTGGCTGT-1,4377,498,GRCh38
TATCAGTAGTTGGACC-1,269,5710,mm10
TATCATCCAACCAGGC-1,29596,1002,GRCh38
TATCATCCACAACCTC-1,228,4607,mm10
TATCATCCACAGGCAC-1,505,12456,mm10
TATCATCCACTTACCA-1,843,21917,mm10
TATCATGGTCATCAGT-1,428,9282,mm10
TATCATGGTTGCAGCC-1,5790,271,GRCh38
TATCCAAGTAACGCTT-1,70,1277,mm10
TATCCAAGTGGCTGCT-1,454,10412,mm10
TATCCATCAACTAATG-1,9582,439,GRCh38
TATCCATCACAGGCAC-1,399,9392,mm10
TATCCATCAGGAACGG-1,51267,1728,Multiplet
TATCCATCAGGATTAC-1,374,7825,mm10
TATCCATCAGTTAGCG-1,467,9915,mm10
TATCCCACAAATGCCG-1,23776,829,GRCh38
TATCCCACAATAGAGG-1,277,6690,mm10
TATCCCACAGGATACT-1,560,13768,mm10
TATCCCACAGTTAGAC-1,4059,228,GRCh38
TATCCCACATCCCAAC-1,21877,652,GRCh38
TATCCGCCAGGCTACA-1,420,8248,mm10
TATCCGCCAGGCTTAG-1,41966,1189,GRCh38
TATCCGCCATCCTGCG-1,55,865,mm10
TATCCGGGTCAAGGAC-1,24063,1163,GRCh38
TATCCGGGTCTTACCC-1,336,7507,mm10
TATCCGGGTTTCCTGC-1,505,10785,mm10
TATCCGTTCACCAAGC-1,31528,7102,Multiplet
TATCCGTTCCGGTAGT-1,15759,597,GRCh38
TATCCTTGTAATGCCT-1,2727,743,GRCh38
TATCCTTGTCAACTAC-1,59413,2066,Multiplet
TATCCTTGTGCGGCTT-1,320,7774,mm10
TATCGAACAACCTGAG-1,84,640,mm10
TATCGAACAAGCTCCT-1,3884,5024,Multiplet
TATCGAACAATTGGCG-1,3177,138,GRCh38
TATCGAACACCATCGT-1,30518,745,GRCh38
TATCGAACACCTTCAA-1,24882,905,GRCh38
TATCGAACATCCAGAG-1,4253,304,GRCh38
TATCGAACATTAGGTA-1,158,2682,mm10
TATCGCTTCCGCTGTC-1,11075,428,GRCh38
TATCGCTTCGATCGCG-1,349,8950,mm10
TATCGGGCAATACTCT-1,14042,576,GRCh38
TATCGTAGTAGCTGAA-1,251,4494,mm10
TATCGTAGTCATGGAA-1,18662,771,GRCh38
TATCGTTCAACCAGTG-1,16892,687,GRCh38
TATCGTTCAAGCCAGC-1,26265,1151,GRCh38
TATCGTTCAATCGTAA-1,9468,401,GRCh38
TATCGTTCACCATTGC-1,265,5507,mm10
TATCGTTCAGCTCGTT-1,247,5755,mm10
TATCTCATCACAGCAC-1,12991,529,GRCh38
TATCTCATCCGTTGCC-1,366,8542,mm10
TATCTTGTCACCAAGC-1,442,12638,mm10
TATCTTGTCCCCTTAG-1,11656,502,GRCh38
TATGACTAGCCCTACC-1,18213,957,GRCh38
TATGACTAGCGGGTAA-1,66,1129,mm10
TATGAGAAGGAGGCGT-1,149,3454,mm10
TATGAGAAGGGTCTGT-1,241,5677,mm10
TATGAGAAGGTAGGAT-1,1813,143,GRCh38
TATGAGAAGTGACGGA-1,70,570,mm10
TATGAGGGTAAGGGCT-1,281,6852,mm10
TATGAGGGTTTCCTGC-1,180,3443,mm10
TATGATGCACCAACTC-1,2097,177,GRCh38
TATGATGCACTCGGAA-1,69,1623,mm10
TATGATGCAGTTAGGT-1,368,9001,mm10
TATGCAACATCGGTAG-1,192,3562,mm10
TATGCCCCAACATACA-1,297,5618,mm10
TATGCCCCACAGCCTT-1,29902,3492,Multiplet
TATGCCCCACTTGACC-1,471,12535,mm10
TATGCCCCAGGATGCC-1,60,1130,mm10
TATGCCCCATCATAGA-1,725,17918,mm10
TATGCTAGTCAATGGA-1,46279,919,GRCh38
TATGCTAGTTCGAGCC-1,254,7165,mm10
TATGCTAGTTCGAGTT-1,420,10316,mm10
TATGCTAGTTGTCTCC-1,7990,462,GRCh38
TATGGCCAGCCTAGAC-1,104,2111,mm10
TATGGCCAGGCGTTAC-1,298,6230,mm10
TATGGCCAGTGCCCGA-1,10307,756,GRCh38
TATGGCGCAATTGCTT-1,139,1165,mm10
TATGGCGCATGATCGG-1,248,4175,mm10
TATGGCGCATGCTGAG-1,1079,22911,mm10
TATGGCGCATTAGCCC-1,195,4734,mm10
TATGGCTGTCATTACA-1,23784,624,GRCh38
TATGGCTGTGCAACGG-1,309,7421,mm10
TATGGCTGTTGCGCTA-1,18315,734,GRCh38
TATGGCTGTTGGGTAA-1,1976,418,GRCh38
TATGGCTGTTGTCCGA-1,272,5620,mm10
TATGGGTCAAGCCTGA-1,92,1972,mm10
TATGGGTCAGGAACCC-1,12178,420,GRCh38
TATGGGTCATCACGTC-1,449,10447,mm10
TATGGGTCATCGGGTA-1,70,780,mm10
TATGGTTAGCATGTCA-1,426,6954,mm10
TATGGTTAGCTAAGTT-1,206,3938,mm10
TATGGTTAGGCGTAGA-1,94,1241,mm10
TATGGTTAGGGTGACA-1,23010,880,GRCh38
TATGTCAGTAAGCGGT-1,343,7576,mm10
TATGTCAGTTAGAGAT-1,20014,658,GRCh38
TATGTCAGTTATAGGG-1,222,4637,mm10
TATGTCAGTTATGGTC-1,9000,477,GRCh38
TATGTTGGTAGCGATA-1,9471,516,GRCh38
TATGTTGGTCTGGTTG-1,215,4837,mm10
TATGTTGGTGACTCCA-1,574,14574,mm10
TATGTTGGTTACACAC-1,432,8167,mm10
TATGTTGGTTGACCAT-1,580,12819,mm10
TATGTTGGTTTGGAGA-1,382,9785,mm10
TCAAACTAGCGCATGT-1,17944,557,GRCh38
TCAAAGCCAACTAGAC-1,1045,2703,mm10
TCAAAGCCAGCCAAGC-1,16102,651,GRCh38
TCAAAGCCATTGGAGT-1,24667,970,GRCh38
TCAAAGGGTTGTGCGC-1,363,8460,mm10
TCAAAGGGTTTACTGA-1,23799,932,GRCh38
TCAAATGCAGGGACTC-1,24353,850,GRCh38
TCAAATGCATAGATCA-1,42957,2700,Multiplet
TCAACCAAGCCAGAGA-1,86,2022,mm10
TCAACCTTCCATCGTT-1,41321,1271,Multiplet
TCAACCTTCGATTGGC-1,338,6843,mm10
TCAACCTTCGCATCCC-1,4976,170,GRCh38
TCAACCTTCGCATGTA-1,50390,1444,Multiplet
TCAACCTTCGCTTCCA-1,376,8622,mm10
TCAACCTTCGTTCGTT-1,21337,849,GRCh38
TCAACCTTCTATGCTC-1,726,6625,mm10
TCAACTGAGCCCTACC-1,29241,915,GRCh38
TCAACTGAGCGCTACG-1,2024,908,GRCh38
TCAACTGAGCTAACCA-1,10880,488,GRCh38
TCAACTGAGTAGTAAG-1,247,5084,mm10
TCAACTGAGTCATGCA-1,265,5731,mm10
TCAATCCTCAAGTTAC-1,173,4165,mm10
TCAATCCTCGAGTCTA-1,490,12835,mm10
TCAATCCTCTAGCCGG-1,14735,803,GRCh38
TCAATCTCAAACCATA-1,13989,562,GRCh38
TCAATCTCAACCAAGT-1,15464,628,GRCh38
TCAATCTCAATGCGTG-1,362,10921,mm10
TCAATCTCACCATTGC-1,676,19230,mm10
TCAATCTCACTAGCGA-1,13725,398,GRCh38
TCAATGGTCCGTTGGG-1,58,803,mm10
TCAATTGGTGAAGGTC-1,78,1053,mm10
TCAATTGGTTAGTTCA-1,26977,1124,GRCh38
TCACAATAGAATCGGG-1,2602,151,GRCh38
TCACAATAGTACGGAG-1,23281,868,GRCh38
TCACACAAGGCTACTA-1,447,10381,mm10
TCACACAAGTGCGCCA-1,15339,448,GRCh38
TCACACCCAAACCTAA-1,34225,1080,GRCh38
TCACACCCAAATTCGA-1,17606,585,GRCh38
TCACACCCACCTGTAC-1,531,11764,mm10
TCACACCCAGCCAAGC-1,290,8027,mm10
TCACACGGTCAAGGTA-1,15289,552,GRCh38
TCACACGGTGGACACG-1,54,1104,mm10
TCACACGGTGGAGACT-1,259,5128,mm10
TCACACGGTTATCCTT-1,460,9304,mm10
TCACACGGTTGGTTCG-1,13696,570,GRCh38
TCACAGGCAAACTATG-1,281,6327,mm10
TCACAGGCACTATGAA-1,468,9558,mm10
TCACAGGCATGGCTGA-1,26878,732,GRCh38
TCACATAGTAACTCGT-1,426,11733,mm10
TCACATAGTTAGGTTC-1,20954,733,GRCh38
TCACATGAGGAATGTA-1,31451,916,GRCh38
TCACATGAGTAAGCCC-1,298,5534,mm10
TCACATTCAAGTGCCA-1,13597,456,GRCh38
TCACATTCACCATTCA-1,117,524,mm10
TCACCAAAGCAACTAT-1,31198,3495,Multiplet
TCACCATTCCGTAGGT-1,40251,1463,Multiplet
TCACCATTCTATCGTC-1,20991,791,GRCh38
TCACCCGCATGACGTG-1,1479,175,GRCh38
TCACCCTGTAGTCCGC-1,344,8308,mm10
TCACCCTGTCTAGAGA-1,494,13703,mm10
TCACCCTGTTCTGGTG-1,19412,668,GRCh38
TCACCGCTCATGCAAT-1,13055,537,GRCh38
TCACCGCTCGTAACTG-1,31167,924,GRCh38
TCACCGCTCTAAGTAC-1,268,6255,mm10
TCACGAATCCGTGCAG-1,22759,1585,Multiplet
TCACGACAGATTCGCA-1,133,2179,mm10
TCACGACAGCAAGTGG-1,15925,655,GRCh38
TCACGACAGCCTTCCA-1,11547,513,GRCh38
TCACGACAGGGCTCAT-1,29112,1082,GRCh38
TCACGACAGTAACCAT-1,121,2456,mm10
TCACGACAGTGCCAGT-1,56,1348,mm10
TCACGATGTAGGTGTA-1,3210,524,GRCh38
TCACGATGTCTAGCCA-1,30821,4071,Multiplet
TCACGATGTGAGATAT-1,9990,308,GRCh38
TCACGATGTTCAATGC-1,26423,891,GRCh38
TCACGATGTTGCCTAG-1,47671,1482,Multiplet
TCACGATGTTTGGCTG-1,417,10762,mm10
TCACGCCTCCTTGACT-1,20692,640,GRCh38
TCACGCCTCGCGCTCT-1,597,16241,mm10
TCACGCCTCGCGTAAC-1,3500,371,GRCh38
TCACGCCTCGCTGATA-1,1571,34593,mm10
TCACGCCTCTAGCCAA-1,464,12148,mm10
TCACGGACACATAGTA-1,216,4752,mm10
TCACGGACACCTTGAC-1,389,9584,mm10
TCACGTAAGCCGCATG-1,511,11602,mm10
TCACGTAAGCGAACCT-1,15334,530,GRCh38
TCACGTAAGCTGAGAG-1,23220,777,GRCh38
TCACGTAAGGTTGCGT-1,4659,336,GRCh38
TCACGTCCAACCTGAG-1,288,8270,mm10
TCACGTCCACTTGATT-1,332,8629,mm10
TCACGTTTCAATCCTC-1,108,1668,mm10
TCACGTTTCACCTAAG-1,469,10697,mm10
TCACGTTTCCGCCTAC-1,363,4563,mm10
TCACGTTTCGATGAGG-1,301,6517,mm10
TCACGTTTCGTAGTGC-1,21315,799,GRCh38
TCACTCACAACATACA-1,124,1114,mm10
TCACTCACAACGGTCA-1,4905,534,GRCh38
TCACTCACAAGGGTAA-1,15352,949,GRCh38
TCACTCACACATATAG-1,157,1616,mm10
TCACTCACAGGGCTGT-1,17145,579,GRCh38
TCACTCCGTAACCCTG-1,967,24717,mm10
TCACTCCGTAAGGTGC-1,12160,507,GRCh38
TCACTCCGTGCGCGTT-1,208,3826,mm10
TCACTCCGTTTAAGCC-1,20565,704,GRCh38
TCACTGTTCACGCTCC-1,13935,776,GRCh38
TCACTGTTCCATCCAT-1,21100,844,GRCh38
TCACTTATCCGTATGA-1,238,6076,mm10
TCACTTATCGTTCCAT-1,46165,1337,Multiplet
TCACTTGCAAGCGAGG-1,13735,563,GRCh38
TCACTTGCACTCAGCT-1,327,7252,mm10
TCACTTGCATAAGCTA-1,10472,595,GRCh38
TCACTTGCATCACTTG-1,1155,305,GRCh38
TCAGAGGAGGTTGCGT-1,579,13028,mm10
TCAGAGGAGTGGCTGT-1,13187,714,GRCh38
TCAGAGGAGTTACACG-1,16568,835,GRCh38
TCAGATTAGCTAGCGT-1,249,4600,mm10
TCAGCAATCAGTTCCT-1,6771,426,GRCh38
TCAGCAATCCTGCCGT-1,32975,1102,GRCh38
TCAGCAATCGTAATGT-1,12622,609,GRCh38
TCAGCATGTAATCGAG-1,723,16587,mm10
TCAGCATGTTAGGCCC-1,15843,617,GRCh38
TCAGCATGTTCGAGCC-1,22030,729,GRCh38
TCAGCCAGTATGTCCG-1,7805,204,GRCh38
TCAGCGCGTGCATCAT-1,8005,10791,Multiplet
TCAGCTGGTATAGCTC-1,16255,610,GRCh38
TCAGCTGGTCAGGCGA-1,87,1420,mm10
TCAGCTGGTTAGACTC-1,560,14329,mm10
TCAGGTCAGCTAGCGT-1,203,5345,mm10
TCAGGTTGTAGTGTGA-1,86,1420,mm10
TCAGGTTGTATGTGGA-1,846,178,GRCh38
TCAGGTTGTCATCGGC-1,34342,1247,Multiplet
TCAGTAACATAGAGGA-1,399,5096,mm10
TCAGTAACATCGTTCA-1,64190,1767,Multiplet
TCAGTAACATGAATGC-1,102,2183,mm10
TCAGTAGTCAGGCTTA-1,136,2466,mm10
TCAGTAGTCTCACTAC-1,409,11194,mm10
TCAGTATAGATTCCAG-1,302,5349,mm10
TCAGTATAGCCAGTCG-1,17156,798,GRCh38
TCAGTCAAGCGCATAC-1,194,4276,mm10
TCAGTCAAGGTTGGCT-1,73003,2220,Multiplet
TCAGTTAGTCAGTCGC-1,68,1385,mm10
TCAGTTAGTGGACCGA-1,202,4461,mm10
TCAGTTAGTTGCTTCC-1,13442,1292,Multiplet
TCAGTTGAGATAGTTC-1,92,1517,mm10
TCAGTTGAGCTACTTC-1,157,2808,mm10
TCAGTTGAGTTGCTCT-1,21332,794,GRCh38
TCATAACAGCAACTGC-1,56,633,mm10
TCATAACAGCCGCACA-1,255,6492,mm10
TCATAACAGGTCCCGA-1,13370,534,GRCh38
TCATAACAGTCAAGCC-1,316,8116,mm10
TCATAGGTCCAGGCCA-1,40431,1665,Multiplet
TCATAGGTCCCTCAGC-1,683,15389,mm10
TCATAGGTCCGTAGTA-1,293,6658,mm10
TCATAGGTCGTTCGTT-1,295,7295,mm10
TCATAGTAGGATGCTC-1,123,944,mm10
TCATAGTAGTGAACCC-1,195,4548,mm10
TCATATGGTGAAGGCT-1,24432,766,GRCh38
TCATATGGTTGCCTTC-1,33698,751,GRCh38
TCATCAAGTCAGCACC-1,6550,597,GRCh38
TCATCAAGTGGCCATC-1,720,19499,mm10
TCATCAAGTGGCCTAC-1,322,6199,mm10
TCATCATCAAGCCAAT-1,12523,532,GRCh38
TCATCATCAATGGAAG-1,193,3693,mm10
TCATCATCAGGATCTG-1,6351,491,GRCh38
TCATCGAAGCAAGGTG-1,521,12259,mm10
TCATCGAAGTAGTTCG-1,12943,499,GRCh38
TCATCGCCAACATTGA-1,34998,1034,GRCh38
TCATCGCCAACTGGAT-1,9375,457,GRCh38
TCATCGCCAAGCGAGG-1,262,5904,mm10
TCATCGCCAAGGTAGA-1,27553,850,GRCh38
TCATCGCCAAGTGCGC-1,28025,1005,GRCh38
TCATCGCCACCAGGGT-1,245,4807,mm10
TCATCGCCATGAAGTC-1,8853,592,GRCh38
TCATCGTTCACGTACA-1,634,16301,mm10
TCATCGTTCACTGTCT-1,300,6905,mm10
TCATCGTTCATCGTGA-1,175,3611,mm10
TCATCGTTCCATAGTG-1,121,2910,mm10
TCATCGTTCGAGCACT-1,1936,56,GRCh38
TCATCGTTCGCTCCAC-1,3958,502,GRCh38
TCATCGTTCGTGAATT-1,50,682,mm10
TCATCTATCCGGAACT-1,29034,947,GRCh38
TCATCTATCCTCGTTG-1,29854,1096,GRCh38
TCATCTATCCTGATCT-1,985,370,GRCh38
TCATCTATCGCTCACC-1,412,9003,mm10
TCATCTATCGTAGTTG-1,896,24809,mm10
TCATCTATCTATGCTC-1,6963,344,GRCh38
TCATGCAAGCTTCCGC-1,77,588,mm10
TCATGCAAGGAGTACG-1,266,5534,mm10
TCATGCAAGGATGTCC-1,31487,1170,GRCh38
TCATGCTTCATGTCTC-1,323,7370,mm10
TCATGCTTCGCTGATA-1,246,4891,mm10
TCATGGATCCCAATCT-1,37811,1137,GRCh38
TCATGTGAGGTCGTTA-1,874,23112,mm10
TCATGTGAGTATGGCC-1,5268,587,GRCh38
TCATGTGAGTCTAGGC-1,51,564,mm10
TCATGTTCAATCGTCC-1,3288,194,GRCh38
TCATGTTCAATGGAGA-1,49,833,mm10
TCATGTTCACAATTAG-1,278,4841,mm10
TCATGTTCAGGCATAT-1,34,777,mm10
TCATGTTCATAGGCTG-1,11753,526,GRCh38
TCATGTTCATGCGTAG-1,24204,950,GRCh38
TCATTAGGTTAGCCAT-1,180,3015,mm10
TCATTAGGTTAGTACC-1,10107,455,GRCh38
TCATTCATCCATGCAA-1,427,12920,mm10
TCATTCATCTAACTGG-1,1884,519,GRCh38
TCATTCGCAAGGGTAA-1,10740,497,GRCh38
TCATTCGCAATCCGCT-1,5858,241,GRCh38
TCATTGCTCACAGCGT-1,26577,963,GRCh38
TCATTGCTCAGCATTG-1,512,136,GRCh38
TCATTGCTCCTGCATT-1,233,5850,mm10
TCATTGCTCGATTAAC-1,8768,256,GRCh38
TCCAAAGTCAGCACCG-1,16597,522,GRCh38
TCCAAAGTCTTGACGA-1,82957,1973,Multiplet
TCCAACCCAACTCGCT-1,5398,517,GRCh38
TCCAACCCATAGATTG-1,264,5859,mm10
TCCAACCCATTGCCAC-1,5525,219,GRCh38
TCCAACTTCATGCGAC-1,492,10207,mm10
TCCAACTTCTATCCAC-1,46525,1284,Multiplet
TCCAACTTCTATGGTG-1,21283,829,GRCh38
TCCAACTTCTCACTAC-1,662,16084,mm10
TCCAAGGCAAGTAGCT-1,93,827,mm10
TCCAAGGCAATCATAG-1,362,6883,mm10
TCCAAGGCATCACAGG-1,9614,265,GRCh38
TCCAATAGTAGTGCTT-1,27688,823,GRCh38
TCCAATAGTCTTGCCT-1,255,6174,mm10
TCCAATAGTTGGGACG-1,61,1403,mm10
TCCAATGAGCTACTTC-1,2421,125,GRCh38
TCCAATGAGGCTGTAC-1,334,7101,mm10
TCCAATGAGGGGCAAC-1,257,5919,mm10
TCCAATGAGGGTCATC-1,53,508,mm10
TCCAATGAGGTACCAC-1,11484,833,GRCh38
TCCAATGAGTCGAACC-1,59,676,mm10
TCCAATGAGTTGCTCT-1,247,3494,mm10
TCCAATTCAAAGGGTA-1,114,2191,mm10
TCCAATTCAATTCACT-1,9405,265,GRCh38
TCCAATTCATGCAGGC-1,311,7960,mm10
TCCACACCAAGTAACC-1,33811,1646,Multiplet
TCCACACCAATTCATC-1,49157,1469,Multiplet
TCCACACCATGCAGAT-1,94,1023,mm10
TCCACATTCACTCAGA-1,15741,641,GRCh38
TCCACATTCAGGGCTT-1,1076,21832,mm10
TCCACATTCCAGGCCA-1,1284,330,GRCh38
TCCACATTCCGTAATG-1,323,7266,mm10
TCCACATTCCGTAGCG-1,27204,896,GRCh38
TCCACCATCAATCTCC-1,26816,1180,GRCh38
TCCACCATCAGCTAAT-1,336,8614,mm10
TCCACCGCAAGCCAAT-1,288,6812,mm10
TCCACCGCATCAAGGT-1,33,1007,mm10
TCCACCTGTAAGGTAT-1,463,12317,mm10
TCCACCTGTTAGCTGT-1,680,17144,mm10
TCCACCTGTTTCCTTG-1,480,10300,mm10
TCCACTTAGAAGCGCA-1,239,5072,mm10
TCCACTTAGATTAGCT-1,18854,833,GRCh38
TCCACTTAGCATTAAC-1,5801,263,GRCh38
TCCACTTAGGGGCATA-1,292,6225,mm10
TCCAGCTCAAAGGGAC-1,171,3157,mm10
TCCAGCTCAATAGTCA-1,205,3957,mm10
TCCAGCTCACTAATGA-1,49712,1347,Multiplet
TCCAGGTAGGAATTAG-1,19459,682,GRCh38
TCCAGGTAGTTGGTTG-1,537,15577,mm10
TCCAGTAAGCCAATGC-1,24528,835,GRCh38
TCCAGTAAGCCACGCA-1,631,16474,mm10
TCCAGTAAGCCTCTGC-1,33833,1108,GRCh38
TCCAGTAAGCTGGCTG-1,16612,575,GRCh38
TCCAGTAAGGATATAG-1,45148,1255,Multiplet
TCCAGTAAGGGTCTGT-1,271,5313,mm10
TCCAGTAAGTGGGTCT-1,256,6250,mm10
TCCAGTTTCGCGACAT-1,278,7368,mm10
TCCAGTTTCTCACTTA-1,4296,821,GRCh38
TCCATAAGTCATGGAA-1,378,9001,mm10
TCCATAAGTTCGGGTC-1,317,6962,mm10
TCCATAGAGGATGAAC-1,29943,811,GRCh38
TCCATCACAAACCGGC-1,27249,923,GRCh38
TCCATCACACATGCGA-1,380,9770,mm10
TCCATCACAGCACGAC-1,19017,746,GRCh38
TCCATGAAGCCTGGAT-1,6865,569,GRCh38
TCCATGAAGGTCAACC-1,4486,119,GRCh38
TCCATGAAGTGATTAC-1,18367,604,GRCh38
TCCATGAAGTGGCAGA-1,386,9665,mm10
TCCATGGGTATGGCTT-1,256,6417,mm10
TCCATGGGTGAGTGCG-1,8183,460,GRCh38
TCCATGGGTTCCCGAA-1,549,4131,mm10
TCCATGGGTTGACGTT-1,358,7519,mm10
TCCATGGGTTGTGGCC-1,214,3839,mm10
TCCATTATCCGCGAAT-1,380,10938,mm10
TCCATTCAGTAGGCGA-1,975,24649,mm10
TCCATTGCACAACCCT-1,24658,808,GRCh38
TCCCAACCAATACCTT-1,6175,492,GRCh38
TCCCAAGGTGAGTGAC-1,12355,348,GRCh38
TCCCAATTCAGCGGTT-1,7362,5099,Multiplet
TCCCAATTCCGTGCAG-1,140,3303,mm10
TCCCAATTCTAACCTC-1,179,4461,mm10
TCCCACGCAACGGCTA-1,81,1459,mm10
TCCCACGCAATCGTAA-1,762,20405,mm10
TCCCACGCACCAGGGT-1,429,12749,mm10
TCCCACGCACCATCTA-1,35966,1130,GRCh38
TCCCACGCACTCAGCT-1,9008,580,GRCh38
TCCCACGCATGACTAA-1,417,10206,mm10
TCCCAGCTCCAGCCTC-1,1442,45637,mm10
TCCCAGCTCGACCTAA-1,708,17838,mm10
TCCCAGCTCGTGATTG-1,258,4926,mm10
TCCCATTAGATTGACT-1,340,7656,mm10
TCCCATTAGGATGCCT-1,312,6299,mm10
TCCCATTAGTCGAAGG-1,427,8999,mm10
TCCCCAATCAGGCTTA-1,1341,39202,mm10
TCCCCAATCCGCATCC-1,16564,686,GRCh38
TCCCCAGCAAACCATA-1,209,4220,mm10
TCCCCAGCAAGGTTAC-1,352,8316,mm10
TCCCCTAAGCAATCAT-1,363,7263,mm10
TCCCCTAAGGCGCTTG-1,11617,557,GRCh38
TCCCCTGGTGAGACCG-1,520,12906,mm10
TCCCCTGGTTGCAGTT-1,362,10474,mm10
TCCCGAAGTAGTTGCT-1,495,11833,mm10
TCCCGAAGTCAAGCCC-1,51382,1356,Multiplet
TCCCGAAGTGGGTAGT-1,36174,1044,GRCh38
TCCCGAAGTTAGTCGT-1,35332,1074,GRCh38
TCCCGATCAATTGGAC-1,441,10281,mm10
TCCCGATCAGGGCTAC-1,77,1512,mm10
TCCCGATCATAGGGCC-1,59,530,mm10
TCCCGATCATAGGTGT-1,494,10402,mm10
TCCCGATCATGATTAG-1,9544,477,GRCh38
TCCCGTTGTAATCGAG-1,22213,696,GRCh38
TCCCGTTGTCAAGGCG-1,16950,623,GRCh38
TCCCGTTGTTATCTAG-1,299,6530,mm10
TCCCGTTGTTCCCAGA-1,11978,490,GRCh38
TCCCGTTGTTGTAACC-1,6583,248,GRCh38
TCCCGTTGTTTCGCTC-1,221,2960,mm10
TCCCGTTGTTTGGATC-1,51,636,mm10
TCCCTAACACTTACAT-1,46400,1339,Multiplet
TCCCTAACATGACTAA-1,131,1405,mm10
TCCCTAACATGGCGAC-1,713,398,GRCh38
TCCCTAGTCATCACGA-1,2778,6357,Multiplet
TCCCTAGTCATCGTCT-1,172,3679,mm10
TCCCTAGTCCCTCGTA-1,13783,869,GRCh38
TCCCTAGTCGACCGTG-1,13723,665,GRCh38
TCCCTAGTCGTGAGGA-1,24166,841,GRCh38
TCCCTAGTCTATGCCT-1,329,5972,mm10
TCCCTCAAGTGCAAGG-1,482,10832,mm10
TCCCTCAAGTGCTGCG-1,2615,372,GRCh38
TCCCTGATCAGTAGGG-1,18004,657,GRCh38
TCCCTGATCCACCTGC-1,23396,922,GRCh38
TCCCTGATCGAAGCCT-1,39,544,mm10
TCCCTGATCTAGGCGT-1,52605,1492,Multiplet
TCCCTGATCTGGCCGA-1,14193,643,GRCh38
TCCCTGATCTGTAACG-1,12098,1252,Multiplet
TCCCTTAGTAGCCAGG-1,243,5543,mm10
TCCCTTAGTCTAGCCA-1,235,5261,mm10
TCCCTTAGTGAGCGAT-1,12100,433,GRCh38
TCCCTTAGTTTACTAG-1,27049,924,GRCh38
TCCCTTAGTTTGGCAT-1,148,4206,mm10
TCCCTTAGTTTGGCGC-1,19093,607,GRCh38
TCCCTTGAGGGCTTAC-1,16654,640,GRCh38
TCCCTTGAGGGGTCAA-1,30425,1036,GRCh38
TCCCTTGAGGTCATTG-1,393,10064,mm10
TCCCTTGAGGTGATCC-1,57,641,mm10
TCCTAATCAACGTTAA-1,24171,871,GRCh38
TCCTAATCAATCGCAG-1,12802,518,GRCh38
TCCTAATCAGCACGAC-1,657,16937,mm10
TCCTAGAAGCCCTGAG-1,8918,417,GRCh38
TCCTAGAAGGAGCCAA-1,20702,7862,Multiplet
TCCTAGAAGGAGGCGT-1,383,8452,mm10
TCCTATATCAAGTTCG-1,10248,369,GRCh38
TCCTATATCCCGTGCT-1,16530,774,GRCh38
TCCTATATCCCTGATT-1,457,10046,mm10
TCCTATATCCGCACCT-1,19356,731,GRCh38
TCCTATTGTAAGCGAC-1,2051,417,GRCh38
TCCTATTGTTTCAGGT-1,752,15447,mm10
TCCTATTGTTTCAGTA-1,425,9513,mm10
TCCTCAACAACATCGG-1,84,1394,mm10
TCCTCAACAACTTCGC-1,28431,967,GRCh38
TCCTCAACACTATCCA-1,280,6876,mm10
TCCTCAACAGCTATGG-1,182,1752,mm10
TCCTCGATCCCAGGTG-1,243,5966,mm10
TCCTCGATCCTGGGAT-1,392,8297,mm10
TCCTCGATCCTTCCTC-1,825,1442,mm10
TCCTCTTCAATCCATT-1,165,1411,mm10
TCCTCTTCACAGCGGT-1,7016,223,GRCh38
TCCTGACCATAGAGAG-1,22985,943,GRCh38
TCCTGCATCACGTAAT-1,55032,1614,Multiplet
TCCTGCATCAGCGAGA-1,1844,280,GRCh38
TCCTGCATCCACCATT-1,462,15422,mm10
TCCTGCATCTTGATCC-1,1029,25193,mm10
TCCTGGTCAAACCTGG-1,193,4256,mm10
TCCTGGTCAAGTCCTC-1,243,6070,mm10
TCCTGGTCACCTGTAC-1,17602,697,GRCh38
TCCTGTTAGAATCCTG-1,267,5830,mm10
TCCTGTTAGGATGGTG-1,23773,996,GRCh38
TCCTGTTAGGGTTGGA-1,15537,516,GRCh38
TCCTGTTAGGTACTTG-1,142,2868,mm10
TCCTTAATCAGCAACC-1,246,6047,mm10
TCCTTAATCGATCAGC-1,49,685,mm10
TCCTTATGTAAGGTCA-1,73,1204,mm10
TCCTTATGTAGCGGCA-1,19890,694,GRCh38
TCCTTATGTGCGCGAA-1,19097,1140,GRCh38
TCCTTATGTTAGGTTC-1,22597,915,GRCh38
TCCTTATGTTGAGTTC-1,29525,1103,GRCh38
TCCTTCCTCACCATAG-1,308,8778,mm10
TCCTTCCTCACTCGGG-1,9020,489,GRCh38
TCCTTCCTCCTTCAGT-1,332,7927,mm10
TCCTTCCTCTGGATCA-1,24733,1352,Multiplet
TCCTTCTCAATCAGGT-1,21339,976,GRCh38
TCCTTCTCAATTCAAG-1,41849,1502,Multiplet
TCCTTCTCACCTAACC-1,138,3126,mm10
TCCTTCTCAGCTCAGA-1,19959,739,GRCh38
TCCTTCTCAGGGCAGA-1,602,13423,mm10
TCCTTGGTCATGCTCT-1,357,8300,mm10
TCCTTGGTCCGGTTGG-1,383,9262,mm10
TCCTTTGGTTTAGCAC-1,228,5032,mm10
TCGAATGTCCCTGATT-1,453,10525,mm10
TCGAATGTCGATTAGT-1,5256,504,GRCh38
TCGAATGTCTAACTCC-1,241,6519,mm10
TCGAATTAGCCTGCTC-1,929,23917,mm10
TCGACACAGCATAGCC-1,25972,951,GRCh38
TCGACACAGCCTGCCT-1,160,2126,mm10
TCGACACAGGAATCGG-1,326,5526,mm10
TCGACACAGGCGCTAT-1,5051,204,GRCh38
TCGACACAGTGCGCTG-1,21274,776,GRCh38
TCGACCAGTAGTCCCA-1,756,22936,mm10
TCGACCAGTTCCAGTG-1,16070,570,GRCh38
TCGACCTCAAGCGACC-1,213,5390,mm10
TCGACCTCAATTCGGG-1,17194,681,GRCh38
TCGACCTCACCATCGT-1,882,383,GRCh38
TCGACCTCAGCCAATG-1,20114,714,GRCh38
TCGACCTCATGAGCGC-1,13702,4233,Multiplet
TCGACGTAGGAGCTAG-1,10544,473,GRCh38
TCGACGTAGGGGTCAA-1,304,7299,mm10
TCGACGTAGTCAGGGA-1,2071,140,GRCh38
TCGACTAAGCTAGCCG-1,188,3605,mm10
TCGACTAAGGGTATGG-1,307,6365,mm10
TCGACTGGTGAGGTCG-1,3905,98,GRCh38
TCGACTGGTTCGTATA-1,14630,607,GRCh38
TCGAGGTTCACTCCGC-1,247,6050,mm10
TCGAGGTTCTGTCATC-1,192,3771,mm10
TCGATAGTCACACATG-1,28787,1061,GRCh38
TCGATAGTCCGCTGCT-1,41046,1475,Multiplet
TCGATAGTCCGTAGAC-1,427,8066,mm10
TCGATAGTCTATGAGT-1,56,1278,mm10
TCGATATAGGTAGCCT-1,360,8658,mm10
TCGATATAGTCGCGCA-1,14093,643,GRCh38
TCGATCAAGCCTCTCA-1,18333,842,GRCh38
TCGATTAGTAAGTGCA-1,2349,336,GRCh38
TCGATTAGTTCCAGAT-1,169,2496,mm10
TCGATTAGTTGTGGTT-1,969,182,GRCh38
TCGATTAGTTTGCCCT-1,495,11678,mm10
TCGATTGAGGGTCACT-1,21240,9760,Multiplet
TCGATTGAGTGACGGA-1,1269,572,GRCh38
TCGATTGAGTGGGTAG-1,466,6736,mm10
TCGATTTCAGGAAGTA-1,9072,347,GRCh38
TCGCAAATCACGTACA-1,300,6409,mm10
TCGCAAATCGACTAGC-1,28619,962,GRCh38
TCGCAAATCGAGTCCG-1,770,19956,mm10
TCGCAAATCGTGCCTC-1,13270,621,GRCh38
TCGCAACAGGGTTGGA-1,32303,25817,Multiplet
TCGCAATGTATTGGCT-1,965,197,GRCh38
TCGCAATGTCTTGATA-1,24358,898,GRCh38
TCGCAATGTGAGTCGG-1,1588,39593,mm10
TCGCAATGTTAAGTCC-1,69415,9148,Multiplet
TCGCAATGTTCGTAGT-1,294,2073,mm10
TCGCAATGTTGCGAGG-1,937,24904,mm10
TCGCAATGTTGTGCAT-1,465,11952,mm10
TCGCACCTCCTTAACC-1,4456,184,GRCh38
TCGCAGACAAATCCGG-1,750,191,GRCh38
TCGCAGACACTCGGAA-1,391,9880,mm10
TCGCAGACAGCTCTGT-1,17393,837,GRCh38
TCGCAGACATCACTTG-1,292,7170,mm10
TCGCATAAGATAGTCT-1,121,2054,mm10
TCGCATAAGGCTTACA-1,378,9804,mm10
TCGCATCCAAGTATCA-1,275,4712,mm10
TCGCATCCAAGTTAGC-1,70,833,mm10
TCGCATCCATGGAACT-1,116,3040,mm10
TCGCATGGTATGGTAG-1,16937,698,GRCh38
TCGCATGGTGCAGGTG-1,4765,202,GRCh38
TCGCATGGTTGTCTAA-1,913,136,GRCh38
TCGCATTTCAATGGCC-1,252,6591,mm10
TCGCATTTCCAACCAA-1,16230,736,GRCh38
TCGCCAAGTCATTCCC-1,34038,1197,Multiplet
TCGCCATCAGGCAAGG-1,579,14308,mm10
TCGCCATCATAACCTT-1,176,4714,mm10
TCGCCTATCAGGTCAC-1,293,7792,mm10
TCGCCTATCCAGGTAC-1,17065,646,GRCh38
TCGCCTTGTCAATCAC-1,5520,341,GRCh38
TCGCCTTGTGCAAGCG-1,16958,7374,Multiplet
TCGCCTTGTTCGCGGT-1,86,1909,mm10
TCGCCTTGTTTACTTC-1,943,24937,mm10
TCGCGCAAGCTTCCGC-1,38,556,mm10
TCGCGCAAGGGTAGTG-1,117,755,mm10
TCGCGCAAGTCAATCG-1,73,528,mm10
TCGCGGATCCATCAGA-1,8951,224,GRCh38
TCGCGGATCCGCACTC-1,477,13396,mm10
TCGCGGATCCGCGTGA-1,79,600,mm10
TCGCGGATCGAACCCG-1,6458,247,GRCh38
TCGCGGATCGCGCTAG-1,11373,6701,Multiplet
TCGCGGATCGTTAGAT-1,262,5576,mm10
TCGCGGATCTAACTGG-1,1730,180,GRCh38
TCGCTAGGTCAACTGT-1,4197,1110,GRCh38
TCGCTAGGTTAAGTCC-1,586,14090,mm10
TCGCTAGGTTAGTGCT-1,35729,1177,GRCh38
TCGCTAGGTTGACGCC-1,100,2374,mm10
TCGCTAGGTTTGGAGA-1,31727,875,GRCh38
TCGCTCGCAAGTGCAT-1,309,6164,mm10
TCGCTCGCAGCAGTAT-1,23232,18227,Multiplet
TCGCTCGCATCAATTC-1,386,8740,mm10
TCGCTCTGTAATCACC-1,266,6320,mm10
TCGCTGCTCCCAATCT-1,251,6184,mm10
TCGCTGCTCCCGTGAG-1,1036,25208,mm10
TCGCTGCTCCCGTGTC-1,351,8130,mm10
TCGCTTACAAACCACG-1,1990,1248,GRCh38
TCGCTTACAAATCGGT-1,275,5231,mm10
TCGCTTACAATGTCGG-1,1266,111,GRCh38
TCGCTTACACTCAGGA-1,12256,474,GRCh38
TCGCTTACATGCTACC-1,381,8765,mm10
TCGCTTACATTGACGG-1,30913,942,GRCh38
TCGCTTGTCATGCCTT-1,387,8200,mm10
TCGCTTGTCTCACAGA-1,478,10924,mm10
TCGGCAACAACCGGAC-1,19819,722,GRCh38
TCGGCAACAACTTCGC-1,221,3931,mm10
TCGGCAACATCCATGC-1,538,11960,mm10
TCGGCAACATTACCTG-1,265,6093,mm10
TCGGCCAAGCAACTGC-1,325,6911,mm10
TCGGCCAAGCCACTCC-1,159,4843,mm10
TCGGCTAGTCATGTCG-1,671,15271,mm10
TCGGCTAGTGCATCCA-1,53,589,mm10
TCGGCTAGTGCGTACC-1,1101,25168,mm10
TCGGCTAGTTGCGTGC-1,11331,540,GRCh38
TCGGCTAGTTTCCAGG-1,344,6589,mm10
TCGGCTGAGTTAACCG-1,10872,446,GRCh38
TCGGCTGAGTTACGCA-1,66,566,mm10
TCGGCTGAGTTAGGCC-1,14117,596,GRCh38
TCGGGCATCATGTGAT-1,257,5205,mm10
TCGGGCATCGCATGTA-1,334,7021,mm10
TCGGGCATCGTACACA-1,297,6653,mm10
TCGGGCATCGTTCCTG-1,10038,488,GRCh38
TCGGGGTCATGACCTC-1,23884,1105,GRCh38
TCGGGGTCATGCTCGT-1,575,15223,mm10
TCGGGGTCATGGCTGA-1,7600,507,GRCh38
TCGGGTTAGGAGGCTA-1,4013,517,GRCh38
TCGGGTTAGGCTACCG-1,217,4794,mm10
TCGGGTTAGGCTCTCC-1,748,18254,mm10
TCGGGTTAGTATGTAC-1,19344,713,GRCh38
TCGGTAATCACCACGG-1,419,9910,mm10
TCGGTAATCGAGTGTC-1,171,3612,mm10
TCGGTATGTGATTAGG-1,9078,610,GRCh38
TCGGTATGTTGCGGTC-1,715,18081,mm10
TCGGTATGTTGTCCGA-1,107,1891,mm10
TCGGTATGTTTCCGTC-1,21373,807,GRCh38
TCGGTCAGTTAGCAGA-1,48,918,mm10
TCGGTCAGTTCCTTCA-1,442,8723,mm10
TCGGTCAGTTGCGGTC-1,158,3199,mm10
TCGGTTAAGCGATGGA-1,497,11063,mm10
TCGGTTAAGGATACCC-1,361,8092,mm10
TCGGTTGGTAGCGACG-1,19072,705,GRCh38
TCGGTTGGTCATGGAA-1,28806,834,GRCh38
TCGGTTGGTCTGGCTA-1,8407,357,GRCh38
TCGGTTGGTGCAGCCT-1,1038,26869,mm10
TCGGTTGGTTGTCCTC-1,14078,420,GRCh38
TCGTAATAGAACCTGC-1,12994,561,GRCh38
TCGTACCCAAATCATG-1,27987,897,GRCh38
TCGTACCCAACTTCCA-1,132,783,mm10
TCGTACCCATAATCTC-1,641,15924,mm10
TCGTACCCATGAAGGA-1,270,5816,mm10
TCGTACCCATTCGTTG-1,273,7252,mm10
TCGTACGGTAGGTAGC-1,24231,963,GRCh38
TCGTACGGTCATCGCA-1,890,22448,mm10
TCGTACTTCAAGTTCG-1,1809,441,GRCh38
TCGTACTTCCATTGAG-1,21041,729,GRCh38
TCGTACTTCCCAGTCC-1,209,4411,mm10
TCGTACTTCTAGGCAC-1,3685,378,GRCh38
TCGTATAGTCCATAGT-1,2885,96,GRCh38
TCGTATAGTGGACCCT-1,67,1758,mm10
TCGTATAGTTTCGGGC-1,4540,206,GRCh38
TCGTCAAAGCGGTTAC-1,10457,482,GRCh38
TCGTCAAAGCTTCCCA-1,220,4708,mm10
TCGTCACCAACTAGCG-1,5168,235,GRCh38
TCGTCACCAAGGTCAT-1,279,5167,mm10
TCGTCACCACCATGCT-1,28,539,mm10
TCGTCACCATGGTCGA-1,380,7741,mm10
TCGTCATTCACAGAGG-1,5024,169,GRCh38
TCGTCATTCACGCGCA-1,345,8646,mm10
TCGTCATTCGACCAGT-1,7877,311,GRCh38
TCGTCATTCGCTCAGG-1,17473,25283,Multiplet
TCGTCCATCACCTGCC-1,264,5694,mm10
TCGTCCATCCATTGAG-1,347,8886,mm10
TCGTCCATCCGTTAAG-1,29621,916,GRCh38
TCGTCCATCCTTGGTT-1,618,13320,mm10
TCGTGAATCAATCGCA-1,17082,566,GRCh38
TCGTGAATCCGGGCTA-1,323,5873,mm10
TCGTGATGTCATGCCA-1,716,17952,mm10
TCGTGATGTTTCCGAG-1,215,4503,mm10
TCGTGCCTCCATCATC-1,27231,899,GRCh38
TCGTGCCTCTAGCCAA-1,30028,875,GRCh38
TCGTGGACAATAGGTC-1,727,56,GRCh38
TCGTGGACACTATGAA-1,99,2549,mm10
TCGTGGACAGGGCCAT-1,10092,2166,Multiplet
TCGTGGACATAAGCAC-1,231,4542,mm10
TCGTGTCCACTATCTG-1,16041,424,GRCh38
TCGTTAAGTGAACGTA-1,183,5192,mm10
TCGTTAAGTGAGGACT-1,9154,564,GRCh38
TCGTTAAGTGCAAGGT-1,15596,483,GRCh38
TCGTTAAGTTAAGGTG-1,251,5339,mm10
TCGTTAAGTTGTGCTG-1,214,4710,mm10
TCGTTAGAGCATTCAG-1,26911,879,GRCh38
TCGTTAGAGTAGTGCC-1,63,1128,mm10
TCGTTAGAGTCAAGGG-1,264,6366,mm10
TCGTTAGAGTGAGACG-1,20165,686,GRCh38
TCGTTCCGTAGTGTCT-1,1293,115,GRCh38
TCGTTGAAGCTGAGTC-1,574,10643,mm10
TCGTTGGGTAGGCGAT-1,11993,529,GRCh38
TCGTTGGGTTTGAGAG-1,965,23020,mm10
TCGTTTGCAACATGAC-1,31653,1180,GRCh38
TCGTTTGCAACTTACT-1,3991,318,GRCh38
TCGTTTGCAAGGTAGA-1,599,286,GRCh38
TCGTTTGCAGGGCAGA-1,12197,358,GRCh38
TCGTTTGCATGCAGAT-1,21773,639,GRCh38
TCGTTTGCATTAACTC-1,10571,6067,Multiplet
TCTAACCTCATAGATC-1,142,1419,mm10
TCTAACCTCCAGCAGT-1,1309,35559,mm10
TCTAACCTCCCTCGGT-1,23522,942,GRCh38
TCTAACCTCCGGACAT-1,26672,1183,GRCh38
TCTAACCTCCTCGACC-1,221,3029,mm10
TCTAAGGTCATACTCC-1,903,20289,mm10
TCTAATCCAATAGCAC-1,45,577,mm10
TCTAATCCAATCGAAC-1,50,1045,mm10
TCTAATCCAATTGGCG-1,14066,530,GRCh38
TCTAATCCATCCCATA-1,31358,1114,GRCh38
TCTAATCCATCCGCAT-1,7243,386,GRCh38
TCTAATGGTGCGAGAT-1,22359,839,GRCh38
TCTAATGGTTCCTGTC-1,240,3994,mm10
TCTAATGGTTGCGGTC-1,2020,156,GRCh38
TCTACAAGTTAACGCT-1,382,8480,mm10
TCTACAAGTTCCGGTA-1,267,5126,mm10
TCTACATCAGCAGGGA-1,447,11633,mm10
TCTACATCAGCTCACT-1,138,3141,mm10
TCTACATCATTGCCCG-1,34832,16411,Multiplet
TCTACGAAGCCACAGT-1,8724,545,GRCh38
TCTACGAAGGCACGAA-1,56,692,mm10
TCTACGAAGGCGATGA-1,352,8375,mm10
TCTACGAAGTCTAGCA-1,222,3999,mm10
TCTACGCCAAATCTAG-1,277,6101,mm10
TCTACGCCAAGCTCCT-1,104,1564,mm10
TCTACGCCAATCGGCA-1,642,16050,mm10
TCTACGCCAGCCTAGA-1,530,13652,mm10
TCTACGCCATCAATCT-1,22126,722,GRCh38
TCTACGGGTATTGAGG-1,5761,299,GRCh38
TCTACGGGTCAATGCT-1,911,19334,mm10
TCTACGTTCATGGATT-1,211,4896,mm10
TCTACGTTCATGGCTA-1,13103,616,GRCh38
TCTACGTTCCATCATC-1,17698,668,GRCh38
TCTACGTTCCGTGTGG-1,281,6550,mm10
TCTACGTTCCTGAAGC-1,513,12649,mm10
TCTACTATCAGCAACC-1,406,9081,mm10
TCTACTATCAGCAAGG-1,826,20085,mm10
TCTACTATCTATGAAC-1,19002,738,GRCh38
TCTACTGCAATTGGAC-1,32036,981,GRCh38
TCTACTGCACCTTCAA-1,16951,777,GRCh38
TCTACTTGTCAGCGGA-1,373,7383,mm10
TCTACTTGTTTAGGTC-1,13259,372,GRCh38
TCTAGCGGTCAAGTCT-1,256,4708,mm10
TCTAGCTTCAAGTGCC-1,105,698,mm10
TCTAGCTTCACCATAG-1,14512,502,GRCh38
TCTAGCTTCATCACCT-1,179,3112,mm10
TCTAGCTTCTATCTGC-1,30490,1174,GRCh38
TCTAGTGAGATTCGCA-1,345,8361,mm10
TCTAGTGAGATTCGGC-1,23067,885,GRCh38
TCTATAGGTAACTTCA-1,34861,1045,GRCh38
TCTATAGGTGCACGTC-1,9544,423,GRCh38
TCTATAGGTGGACTAA-1,344,6875,mm10
TCTATAGGTTCCTCAC-1,3563,259,GRCh38
TCTATCGCACTATGCC-1,37540,1228,Multiplet
TCTATCTGTAGTAGGC-1,8037,301,GRCh38
TCTATCTGTTGCTTAA-1,48,759,mm10
TCTATCTGTTTGCAGT-1,175,4454,mm10
TCTATGAGTCTAAGCT-1,8537,377,GRCh38
TCTATGAGTCTCAGCA-1,1174,1619,mm10
TCTATGAGTGGAGCTG-1,3147,170,GRCh38
TCTATGAGTTCGTCAG-1,553,11878,mm10
TCTATGAGTTTGGATC-1,297,7650,mm10
TCTATGCTCAGCATCA-1,282,7047,mm10
TCTATGCTCTATCGCT-1,261,5710,mm10
TCTATGGAGGTCGAGA-1,72,803,mm10
TCTATTGTCACTAGAT-1,161,2921,mm10
TCTATTGTCAGGTGAG-1,305,6634,mm10
TCTATTGTCATAGGCC-1,26588,999,GRCh38
TCTATTGTCCGCGAAT-1,2302,488,GRCh38
TCTATTGTCCTGGGAT-1,286,6486,mm10
TCTATTGTCTGGCCCT-1,6685,342,GRCh38
TCTCAATCAACGTGGC-1,10148,454,GRCh38
TCTCAATCACTAGGGC-1,113,1934,mm10
TCTCAATCAGTAAGGA-1,12712,739,GRCh38
TCTCAATCATTCGTGC-1,477,10083,mm10
TCTCACTAGCAATTCG-1,3628,265,GRCh38
TCTCAGCCAACGTGGC-1,117,2755,mm10
TCTCAGCCAAGCACCA-1,544,218,GRCh38
TCTCAGCCAATCGCAG-1,26857,957,GRCh38
TCTCAGCCACAATGAC-1,122,2708,mm10
TCTCAGCCACTTGCAC-1,23236,820,GRCh38
TCTCAGCCAGGTAATC-1,878,24386,mm10
TCTCAGCCATTGGAAC-1,101,1068,mm10
TCTCATATCCCATTCG-1,14962,1083,GRCh38
TCTCATATCCGCACGA-1,147,4010,mm10
TCTCATCAGCATGATT-1,6350,239,GRCh38
TCTCATCAGCATTGAT-1,445,8849,mm10
TCTCATTGTAGCTGCC-1,251,5574,mm10
TCTCATTGTGAGACCG-1,34021,993,GRCh38
TCTCATTGTGAGCAAC-1,62,950,mm10
TCTCATTGTTAACCAC-1,13874,445,GRCh38
TCTCCATAGGTGCTTA-1,2644,129,GRCh38
TCTCCCAAGCATATCG-1,606,17502,mm10
TCTCCCAAGCCATTGA-1,32618,1178,GRCh38
TCTCCCAAGGTCACGT-1,21421,611,GRCh38
TCTCGAGGTAATCACC-1,14823,877,GRCh38
TCTCGAGGTCAAGTCT-1,40653,1167,GRCh38
TCTCGAGGTCAGGATA-1,7761,287,GRCh38
TCTCGAGGTCTCCAAG-1,23665,812,GRCh38
TCTCGAGGTTATAGGG-1,247,5574,mm10
TCTCGAGGTTCGAATC-1,7182,251,GRCh38
TCTCGAGGTTCTGTCC-1,363,8936,mm10
TCTCGAGGTTGCTATA-1,5420,157,GRCh38
TCTCGAGGTTGTCCAG-1,216,5182,mm10
TCTCGATTCCCAGTAA-1,245,5789,mm10
TCTCGATTCCTGCGTC-1,25025,916,GRCh38
TCTCGCGCAACTGGCA-1,138,3204,mm10
TCTCGCGCAAGCGTGC-1,16955,651,GRCh38
TCTCGCGCAAGGGCTC-1,280,6254,mm10
TCTCGCGCATTACATC-1,38477,1121,GRCh38
TCTCGGCTCCTGCGGA-1,153,3116,mm10
TCTCGGCTCGATATGT-1,216,5358,mm10
TCTCGTTAGCATGGGA-1,29968,915,GRCh38
TCTCGTTAGCCGCATG-1,17860,545,GRCh38
TCTCGTTAGGAACCTC-1,29292,1033,GRCh38
TCTCGTTAGGTAGTGG-1,272,7385,mm10
TCTCGTTAGTATCTGG-1,21950,867,GRCh38
TCTCTAATCAGGTCGT-1,95,1315,mm10
TCTCTAATCCTCAATC-1,232,5263,mm10
TCTCTAATCGTGCATA-1,23727,868,GRCh38
TCTCTAATCTAACCGA-1,217,4574,mm10
TCTCTAATCTGGCTAA-1,190,4472,mm10
TCTCTAGCAACCAGGC-1,587,14386,mm10
TCTCTAGCAACCCGAA-1,101,729,mm10
TCTCTAGCACTAAGGT-1,7704,4216,Multiplet
TCTCTATGTTGCTGTG-1,182,4636,mm10
TCTCTATGTTTGGCAT-1,58612,1857,Multiplet
TCTCTCCTCAAGTGCC-1,300,7332,mm10
TCTCTCCTCAGGGAAT-1,269,6275,mm10
TCTCTCCTCCCCAACC-1,35630,1184,GRCh38
TCTCTCCTCCCCATCA-1,22736,769,GRCh38
TCTCTCCTCTGTGAGC-1,24265,886,GRCh38
TCTCTGGTCAATTAGC-1,16736,697,GRCh38
TCTCTGGTCATGGCAC-1,20112,669,GRCh38
TCTCTGGTCCAATTCC-1,1758,46317,mm10
TCTGACAAGGCTCCAG-1,305,7570,mm10
TCTGACAAGTGAGCGA-1,526,11113,mm10
TCTGACCCAACCTACC-1,233,5467,mm10
TCTGACCCAATCTCCA-1,553,13736,mm10
TCTGACCCAATGACGT-1,29636,11815,Multiplet
TCTGACCCATAGGCAT-1,2046,1500,GRCh38
TCTGACCCATTCATGT-1,21232,751,GRCh38
TCTGACTTCACTCGCC-1,115,1449,mm10
TCTGACTTCGTGACCG-1,450,9804,mm10
TCTGAGGCAACGTTCC-1,380,7863,mm10
TCTGAGGCAATCCAGG-1,13396,572,GRCh38
TCTGAGGCAATCCTGC-1,179,4201,mm10
TCTGAGGCAATGGAGA-1,23402,684,GRCh38
TCTGATAGTATGGCTT-1,26256,868,GRCh38
TCTGATAGTATGTAGG-1,51,779,mm10
TCTGATAGTTTAAGCC-1,20791,762,GRCh38
TCTGATAGTTTAGCCG-1,14050,587,GRCh38
TCTGATGAGCAAGCTC-1,13973,506,GRCh38
TCTGATGAGCCCGTTC-1,1408,34725,mm10
TCTGATGAGGATTACT-1,10346,526,GRCh38
TCTGATGAGGGCTACT-1,29168,1209,Multiplet
TCTGATGAGGTCATCA-1,26631,1042,GRCh38
TCTGCAAAGCAATCAT-1,320,7099,mm10
TCTGCAAAGCATGGTC-1,119,671,mm10
TCTGCAAAGCCAATGC-1,239,5376,mm10
TCTGCAAAGTAACGCC-1,18155,676,GRCh38
TCTGCACCACTCGCCA-1,36307,1399,Multiplet
TCTGCAGGTAAGTAGT-1,247,5372,mm10
TCTGCAGGTGATAGTG-1,16623,623,GRCh38
TCTGCAGGTGCGAGCA-1,496,10448,mm10
TCTGCAGGTGGCTCGT-1,302,6787,mm10
TCTGCAGGTTCGTAGT-1,324,7653,mm10
TCTGCAGGTTGACGCC-1,5545,690,GRCh38
TCTGCATTCAGTACGC-1,280,6802,mm10
TCTGCATTCCCCAACC-1,34647,1176,GRCh38
TCTGCATTCGCGCTGA-1,61,771,mm10
TCTGCCATCCGTGAAC-1,26720,851,GRCh38
TCTGCCATCGCGCTTC-1,333,8054,mm10
TCTGCCATCGTGCCCT-1,54836,1645,Multiplet
TCTGCCTGTCCATCCT-1,265,6369,mm10
TCTGCCTGTCTTGCGA-1,13740,570,GRCh38
TCTGCCTGTTCACGAT-1,17819,598,GRCh38
TCTGCGAGTGCGGTCT-1,401,10495,mm10
TCTGCGAGTTAGCGAA-1,30063,4666,Multiplet
TCTGCGGAGCAATTAC-1,852,21005,mm10
TCTGCGGAGGAGGCTA-1,18890,587,GRCh38
TCTGCGGAGTAGCGTC-1,238,5678,mm10
TCTGGATGTAATGCCT-1,25009,957,GRCh38
TCTGGATGTTAGCTTA-1,727,20123,mm10
TCTGGCCTCCATTCCG-1,77,769,mm10
TCTGGCCTCGCGCCAA-1,19489,803,GRCh38
TCTGGCGAGCGCCTAG-1,891,192,GRCh38
TCTGGCGAGTGAGCCT-1,5035,290,GRCh38
TCTGGCTCAATTCGGG-1,82,581,mm10
TCTGGCTCAGGTTGCA-1,22804,739,GRCh38
TCTGGGACAAGTAGCT-1,19272,727,GRCh38
TCTGGGACAATATCCT-1,849,1694,mm10
TCTGGGCGTGACTCGC-1,14427,529,GRCh38
TCTGGGCGTTTGGTGT-1,469,10976,mm10
TCTGGGGTCAATCCCT-1,169,2671,mm10
TCTGGGGTCGTACCTT-1,9278,461,GRCh38
TCTGGGTAGCAACCTA-1,28839,959,GRCh38
TCTGGTAAGCCCGTCT-1,18424,5923,Multiplet
TCTGGTAAGTAGCTGC-1,339,8085,mm10
TCTGGTAAGTCAGGAG-1,4736,378,GRCh38
TCTGGTAAGTGACCTA-1,27635,7768,Multiplet
TCTGGTAAGTGGGTTC-1,21319,7698,Multiplet
TCTGTAAGTGATCCGC-1,201,2667,mm10
TCTGTAAGTGCAGCTC-1,1604,43485,mm10
TCTGTGAAGCGCTCGA-1,342,6799,mm10
TCTGTGAAGGGCTGAA-1,8250,241,GRCh38
TCTGTGAAGTGGGTTC-1,21271,780,GRCh38
TCTGTGTTCAATCACG-1,259,5524,mm10
TCTGTGTTCAGCCCGA-1,11910,388,GRCh38
TCTGTGTTCATCGAAT-1,70,1159,mm10
TCTGTGTTCCCCATCA-1,2258,376,GRCh38
TCTGTTGCACCAACCT-1,27831,1083,GRCh38
TGAAACCCAAGCGATT-1,10459,580,GRCh38
TGAAACCCAAGGTAGA-1,817,25397,mm10
TGAAACCCAATGTGCG-1,143,3209,mm10
TGAAACCCACATTAAG-1,241,4318,mm10
TGAAACCCACTATCGC-1,46252,1288,Multiplet
TGAAACCCAGTTAGTA-1,3775,178,GRCh38
TGAAACGGTTAGCTTA-1,220,3801,mm10
TGAAACGGTTGTGCAT-1,258,5721,mm10
TGAAACTTCACGTAAT-1,69,538,mm10
TGAAACTTCATATGGT-1,36606,1181,GRCh38
TGAAACTTCCACCTGC-1,36258,1745,Multiplet
TGAAACTTCCCGCGTT-1,10565,453,GRCh38
TGAAACTTCCGCCTTA-1,82453,1944,Multiplet
TGAAAGGCAAGCCTAG-1,299,7231,mm10
TGAAATGAGCTACCGG-1,1501,36902,mm10
TGAAATGAGTAATCAC-1,32569,995,GRCh38
TGAAATGAGTTGGTCA-1,29197,1152,GRCh38
TGAACAGGTTGCGTGC-1,360,9013,mm10
TGAACATTCCCCAGGA-1,10235,555,GRCh38
TGAACATTCCGCAAGT-1,13416,572,GRCh38
TGAACATTCCGCGACA-1,23272,816,GRCh38
TGAACATTCCGTGAAC-1,233,4904,mm10
TGAACATTCGAGTCCG-1,187,5040,mm10
TGAACATTCGCGTCTC-1,29691,982,GRCh38
TGAACCATCAGCAGTC-1,90,955,mm10
TGAACCATCCGGACAT-1,182,3931,mm10
TGAACCCAGCCATCGG-1,148,2282,mm10
TGAACCCAGCTATGAT-1,22567,823,GRCh38
TGAACCCAGGCAATGG-1,23234,834,GRCh38
TGAACCCAGGGGATGC-1,23825,773,GRCh38
TGAACCCAGGGTAGCA-1,121,2905,mm10
TGAACCCAGGGTTGGA-1,203,3955,mm10
TGAACCCAGGTATCCA-1,381,9354,mm10
TGAACCGCAATCGAGT-1,262,6327,mm10
TGAACCGCAATTACGA-1,15913,623,GRCh38
TGAACCTGTTAACTGC-1,34305,981,GRCh38
TGAACCTGTTCGCATG-1,279,5666,mm10
TGAACCTGTTTAGGTC-1,5781,372,GRCh38
TGAATAGAGCGATGAG-1,18320,598,GRCh38
TGAATAGAGCTACGAC-1,75,1618,mm10
TGAATAGAGGTAGAGT-1,10929,10518,Multiplet
TGAATAGAGTATGAAG-1,314,6278,mm10
TGAATAGAGTGGCGAA-1,310,7355,mm10
TGAATCCGTAACCGAA-1,6140,196,GRCh38
TGAATCCGTAACTCTA-1,260,6253,mm10
TGAATCCGTAACTGTC-1,442,9956,mm10
TGAATCCGTTGACCGC-1,179,3546,mm10
TGAATCCGTTTGATGC-1,17260,597,GRCh38
TGAATGAAGGGTGAAT-1,767,7540,mm10
TGAATGTTCCATAGGC-1,213,3989,mm10
TGAATGTTCGTGACCG-1,2091,565,GRCh38
TGAATTGCAACATCAA-1,1868,662,GRCh38
TGAATTGCAAGTTCCC-1,19054,589,GRCh38
TGAATTGCATGGCTGA-1,13201,570,GRCh38
TGAATTGCATGGCTTC-1,416,10085,mm10
TGACACGCAAGCCGAC-1,119,2320,mm10
TGACACGCAAGTCGGC-1,250,4957,mm10
TGACACGCAATACTTC-1,915,23311,mm10
TGACACGCATTACTCG-1,22975,743,GRCh38
TGACATTAGCTACGCG-1,471,9805,mm10
TGACATTAGGAACTGG-1,1072,102,GRCh38
TGACCAATCCTGGGAT-1,336,7164,mm10
TGACCAATCGCGCCAA-1,100,2380,mm10
TGACCAGCAATCCCTA-1,5154,238,GRCh38
TGACCAGCAGGTTGGC-1,6457,396,GRCh38
TGACCAGCATCCACGT-1,658,14548,mm10
TGACCCAGTTAGCCAT-1,590,12629,mm10
TGACCCAGTTAGTCGT-1,18953,749,GRCh38
TGACCCTCAAATGCAC-1,1824,47129,mm10
TGACCCTCAAGGTCAT-1,534,12464,mm10
TGACCCTCATTAGGAC-1,6768,484,GRCh38
TGACCTAAGCAAGGCA-1,59113,7984,Multiplet
TGACGAAGTAGCCCGT-1,23172,688,GRCh38
TGACGAAGTCAGCATT-1,155,2763,mm10
TGACGAAGTTCACTCC-1,28728,825,GRCh38
TGACGAAGTTGCACTG-1,518,14404,mm10
TGACGAAGTTGCAGGG-1,196,4304,mm10
TGACGGGGTCATTCAA-1,19978,640,GRCh38
TGACGGGGTCCCGAGT-1,257,7422,mm10
TGACGGGGTCTTGCGA-1,841,20569,mm10
TGACGGGGTTGACCAT-1,535,13745,mm10
TGACGGGGTTGGGTCC-1,267,5682,mm10
TGACGGTTCACCTTCG-1,13187,681,GRCh38
TGACGGTTCATGGACC-1,249,4819,mm10
TGACGGTTCTGGTAGC-1,141,2615,mm10
TGACGTTGTAAGGGCT-1,7218,506,GRCh38
TGACGTTGTAGCCTGC-1,10705,349,GRCh38
TGACGTTGTCAGTCCA-1,93,2420,mm10
TGACGTTGTTGCTGGC-1,41064,1331,Multiplet
TGACTAACAAGCGCGT-1,68,622,mm10
TGACTAACATCCGGTT-1,312,7291,mm10
TGACTCCCAAGCGATT-1,225,4876,mm10
TGACTCCCACAACCTC-1,16417,681,GRCh38
TGACTCCCATCGCGTT-1,26560,860,GRCh38
TGACTGATCGACTATG-1,4530,382,GRCh38
TGACTGATCGATGGAG-1,12091,390,GRCh38
TGACTGATCGTACCGG-1,474,12069,mm10
TGAGAACAGATTCAGT-1,57,1155,mm10
TGAGAACAGCGCTACG-1,56,1235,mm10
TGAGAATGTCAAGCCC-1,21439,814,GRCh38
TGAGAATGTTAGCTTA-1,44082,1207,Multiplet
TGAGATGGTAACGAAT-1,12112,588,GRCh38
TGAGATGGTGAGCGTG-1,965,24887,mm10
TGAGATGGTGGACATA-1,322,5637,mm10
TGAGATGGTTGTGCGC-1,349,8286,mm10
TGAGCAAGTCAAGTAG-1,16628,530,GRCh38
TGAGCAAGTTGAGTTC-1,22610,1067,GRCh38
TGAGCATCATTCGCGT-1,595,14545,mm10
TGAGCCACAATGCCGA-1,257,6254,mm10
TGAGCCACAGCCAAGC-1,31477,829,GRCh38
TGAGCCACATGGTCGA-1,1224,5080,mm10
TGAGCGAAGCTAACTG-1,447,10895,mm10
TGAGCGAAGCTTCCAT-1,35,533,mm10
TGAGCGAAGGGCAGGT-1,23280,789,GRCh38
TGAGCGAAGGGCTAAG-1,16857,1761,Multiplet
TGAGCGAAGTAAGCGG-1,220,4914,mm10
TGAGCGAAGTAATGAG-1,324,6003,mm10
TGAGCGCCAATCGACG-1,399,10505,mm10
TGAGCGCCAGCCAGAC-1,15574,587,GRCh38
TGAGCGCCAGCTACCT-1,95,1683,mm10
TGAGCGCCATGAGCTG-1,115,2417,mm10
TGAGCGCCATTAGACA-1,427,11086,mm10
TGAGCGGGTCAAGCAA-1,417,9986,mm10
TGAGCGGGTGGACAGT-1,17196,503,GRCh38
TGAGCGGGTTCACGAT-1,10483,387,GRCh38
TGAGCGGGTTTACACA-1,170,3451,mm10
TGAGCTATCCATCGGG-1,29280,926,GRCh38
TGAGCTATCCGTCCAC-1,29651,9556,Multiplet
TGAGCTGCAAGGTAAG-1,186,3909,mm10
TGAGCTGCAAGTGCGC-1,6939,411,GRCh38
TGAGGAACATAGACGT-1,44609,5987,Multiplet
TGAGGATAGCATGCGT-1,16172,579,GRCh38
TGAGGATAGTAAGTTC-1,56,505,mm10
TGAGGATAGTACGCTA-1,242,5268,mm10
TGAGGCAAGCCTGGAT-1,138,2955,mm10
TGAGGCAAGCTATACG-1,261,6613,mm10
TGAGGCAAGGATAGCG-1,22340,1003,GRCh38
TGAGGCAAGGGTAGTG-1,5347,337,GRCh38
TGAGGCAAGGTACGTC-1,27283,1160,GRCh38
TGAGGCAAGTAATGAG-1,677,16978,mm10
TGAGGCGGTGAACGTA-1,128,2618,mm10
TGAGGCGGTGCACCAC-1,13983,617,GRCh38
TGAGGCGGTTGCTCCT-1,1372,9176,mm10
TGAGGCTTCGATGCCG-1,18039,626,GRCh38
TGAGGCTTCTATCACC-1,63,998,mm10
TGAGGGATCCCTGGCT-1,23425,767,GRCh38
TGAGGGATCGTCTACT-1,22780,819,GRCh38
TGAGGTAGTAATGAAC-1,23823,964,GRCh38
TGAGGTAGTATTAGCC-1,23506,866,GRCh38
TGAGGTAGTCAGGCAG-1,208,4761,mm10
TGAGGTAGTTAGACGA-1,28382,1257,Multiplet
TGAGGTGAGATAGCCC-1,132,1951,mm10
TGAGGTGAGCATGACC-1,17908,647,GRCh38
TGAGGTGAGCCAGGTT-1,52,712,mm10
TGAGGTTCAACCCGTT-1,747,20285,mm10
TGAGGTTCAATCCGCT-1,28729,1030,GRCh38
TGAGGTTCAGCTACGA-1,276,7358,mm10
TGAGGTTCATCCATAT-1,332,7148,mm10
TGAGTAAAGAACCTCA-1,9326,354,GRCh38
TGAGTAAAGCAAGGGC-1,89,980,mm10
TGAGTAAAGCAATTCG-1,101,688,mm10
TGAGTAAAGCATTAAC-1,325,7991,mm10
TGAGTAAAGCGAGTAG-1,156,3659,mm10
TGAGTAGGTAGTCATC-1,389,9950,mm10
TGAGTAGGTGGGTCCT-1,48372,1539,Multiplet
TGAGTAGGTTCGTGCA-1,79,605,mm10
TGAGTAGGTTGTCTGG-1,477,11076,mm10
TGAGTCTGTGAGTTGA-1,8874,364,GRCh38
TGAGTCTGTGCAGCTC-1,597,16954,mm10
TGAGTCTGTGGCTGCT-1,604,16948,mm10
TGAGTCTGTTATCTGA-1,193,4843,mm10
TGAGTCTGTTGAATCC-1,120,2432,mm10
TGAGTCTGTTGCTCGA-1,30454,981,GRCh38
TGAGTCTGTTGCTTCC-1,554,903,mm10
TGAGTGAGTAATGCGA-1,583,15738,mm10
TGAGTGAGTCATGCTG-1,98,1947,mm10
TGAGTTACAACTGCGA-1,28328,1050,GRCh38
TGAGTTACAATATACG-1,750,95,GRCh38
TGAGTTACATCCTCAA-1,16797,694,GRCh38
TGAGTTGTCACAGGGA-1,85,1638,mm10
TGATAGAAGAATCATC-1,33247,1220,Multiplet
TGATAGAAGCATGTAT-1,118,2388,mm10
TGATAGAAGCTACGCG-1,1788,226,GRCh38
TGATAGAAGGCTCCAG-1,287,6557,mm10
TGATAGAAGTTGGATT-1,67,1376,mm10
TGATAGCCAATAGTCA-1,408,8960,mm10
TGATAGCCAATCCTCA-1,285,6473,mm10
TGATAGCCACAACCAG-1,75,1109,mm10
TGATAGCCACCATGAG-1,30801,1030,GRCh38
TGATAGCCAGCTCGAA-1,369,7906,mm10
TGATAGCCATTCAGTT-1,424,11759,mm10
TGATCATAGCGGTGAA-1,164,3721,mm10
TGATCATAGGCGAGTA-1,33759,1006,GRCh38
TGATCATAGGTTGGTC-1,22881,706,GRCh38
TGATCCCCAAATTCCT-1,177,4324,mm10
TGATCCCCAATGCCGA-1,25703,906,GRCh38
TGATCCGGTAAGTTCC-1,149,2287,mm10
TGATCCGGTAGCTCAT-1,324,6560,mm10
TGATCCGGTAGTAGGC-1,10582,10684,Multiplet
TGATCCGGTGCACCGT-1,62,654,mm10
TGATCCGGTTCCGTGA-1,13347,730,GRCh38
TGATCCTTCAGGAAGT-1,54008,1357,Multiplet
TGATCCTTCCATCTCG-1,104,1152,mm10
TGATCCTTCGTACACA-1,70185,2120,Multiplet
TGATCCTTCTAATGAC-1,250,5952,mm10
TGATGAGGTATTGCAC-1,229,5928,mm10
TGATGAGGTGAGCATA-1,363,8207,mm10
TGATGAGGTTAATCCA-1,2946,203,GRCh38
TGATGGCTCGTGCCAG-1,1076,28547,mm10
TGATGGCTCTAATCCC-1,295,6189,mm10
TGATGGTCAACATCCC-1,12822,759,GRCh38
TGATGGTCAATTCGCC-1,598,3582,mm10
TGATGGTCAGGGCAAG-1,152,2823,mm10
TGATGTTAGCCAGTAC-1,465,10209,mm10
TGATTAGCAACATCCC-1,39699,1118,GRCh38
TGATTAGCAGGACAGG-1,14829,518,GRCh38
TGATTAGCATCCTGCG-1,2228,183,GRCh38
TGATTAGCATGCAGAT-1,396,9585,mm10
TGATTAGCATGGCGTA-1,19299,694,GRCh38
TGATTCCTCCTCATCG-1,8790,302,GRCh38
TGATTCCTCCTGATTC-1,162,2403,mm10
TGATTCCTCTGGGCAT-1,9679,410,GRCh38
TGATTGGTCCTGCGCT-1,20122,799,GRCh38
TGATTGGTCGATAGCC-1,228,5192,mm10
TGATTGGTCGTACGGT-1,115,2697,mm10
TGATTTCCAGTAAGGA-1,324,6461,mm10
TGATTTCCATCGATCC-1,81833,2288,Multiplet
TGATTTCCATGAAGGA-1,123,790,mm10
TGATTTGGTCAAGTCT-1,473,6174,mm10
TGATTTGGTCCCGATA-1,351,7324,mm10
TGATTTGGTGGCTTGC-1,343,8030,mm10
TGATTTGGTTCAATCA-1,31348,996,GRCh38
TGCAAACCAATGTATG-1,1078,30957,mm10
TGCAAACCAGGTTGGC-1,274,6835,mm10
TGCAAACCATCCGCAT-1,192,2692,mm10
TGCAAACCATTGGCAG-1,87793,2173,Multiplet
TGCAAAGGTCAATGCT-1,122,1707,mm10
TGCAAAGGTGGCGTTC-1,121,2510,mm10
TGCAAAGGTTCCCGTT-1,434,8347,mm10
TGCAAATTCATCGTGA-1,320,7227,mm10
TGCAAATTCCAATGTG-1,71,1547,mm10
TGCAAATTCCTCATCG-1,659,16621,mm10
TGCAAATTCGCGTAAC-1,476,10933,mm10
TGCAAATTCGCTTGCC-1,25216,1031,GRCh38
TGCAAATTCTGTCATC-1,18288,5490,Multiplet
TGCAATGTCCATCGGG-1,371,8200,mm10
TGCAATTAGCTAGACC-1,1833,1138,GRCh38
TGCAATTAGTAGAGTA-1,407,8922,mm10
TGCAATTAGTCGCAGT-1,20428,610,GRCh38
TGCAATTAGTGGCTTA-1,156,2574,mm10
TGCACAATCCCCAGTC-1,8198,343,GRCh38
TGCACAATCCCGCACT-1,349,7975,mm10
TGCACACAGTAGTCCA-1,3687,122,GRCh38
TGCACCCTCACCTACT-1,33687,1242,Multiplet
TGCACCCTCAGTTCGA-1,16745,754,GRCh38
TGCACCCTCCTGAGCG-1,1329,201,GRCh38
TGCACCTCAATATCTC-1,81,1451,mm10
TGCACCTCAATTAGTG-1,104,1061,mm10
TGCACCTCATGCTGAG-1,556,14656,mm10
TGCACGTAGGGCAGAC-1,406,8563,mm10
TGCACGTAGTCAGGGA-1,11838,6769,Multiplet
TGCACTAAGGAGCTGA-1,23235,889,GRCh38
TGCACTAAGGATGAGT-1,4177,175,GRCh38
TGCACTAAGTCAATGT-1,9983,404,GRCh38
TGCAGGCCAAGGTATC-1,343,7438,mm10
TGCAGGCCAATATCTC-1,307,7015,mm10
TGCAGGCCATTAACGA-1,209,5067,mm10
TGCAGGTTCCGCGCAA-1,47,571,mm10
TGCAGGTTCGTCTATC-1,12778,680,GRCh38
TGCAGTCAGCGAGCTT-1,42554,1468,Multiplet
TGCAGTCAGGGTCCAT-1,403,9043,mm10
TGCAGTCAGGTACAGG-1,202,4392,mm10
TGCAGTCAGGTCAAGG-1,293,6525,mm10
TGCAGTCAGTCGATTG-1,241,5550,mm10
TGCATAACAAATCCTT-1,29633,922,GRCh38
TGCATAACAACCAGGC-1,15617,618,GRCh38
TGCATAACAAGCTGAT-1,2463,262,GRCh38
TGCATAACAGGGCATC-1,422,8658,mm10
TGCATAACATGCTGCT-1,1481,130,GRCh38
TGCATAGTCCTGACTT-1,17754,664,GRCh38
TGCATAGTCGCGCTGA-1,248,6058,mm10
TGCATATAGCGAGCTT-1,25319,1195,Multiplet
TGCATATAGCGCCTAG-1,15224,626,GRCh38
TGCATATAGGCGTCTG-1,339,6555,mm10
TGCATATAGGTGATGG-1,133,1685,mm10
TGCATATAGTAACCTG-1,21478,754,GRCh38
TGCATCAAGGTGCTGT-1,350,8061,mm10
TGCATCAAGTAGCATT-1,39322,1399,Multiplet
TGCATCCCAAGCACGC-1,1439,736,GRCh38
TGCATCCCAAGGGATA-1,5138,696,GRCh38
TGCATCCCAGGGCTAC-1,24241,875,GRCh38
TGCATCCCATCACATT-1,25669,945,GRCh38
TGCATTGAGCTAGAGG-1,239,5017,mm10
TGCATTGAGTAGTGAA-1,12686,403,GRCh38
TGCATTTCACCTCGCA-1,18759,796,GRCh38
TGCATTTCAGCCATAG-1,18482,5257,Multiplet
TGCATTTCAGGGATGG-1,672,17668,mm10
TGCATTTCATAATCGA-1,173,4969,mm10
TGCCACCTCCGTTGGG-1,18930,19794,Multiplet
TGCCAGACAACATGCG-1,592,14651,mm10
TGCCAGGTCACACTTC-1,1570,245,GRCh38
TGCCAGGTCACTCGTT-1,19748,680,GRCh38
TGCCAGGTCAGGCATC-1,499,10150,mm10
TGCCAGGTCTATGCTC-1,5069,681,GRCh38
TGCCAGTAGGGTATCC-1,314,7237,mm10
TGCCAGTAGTTGCTGA-1,141,1882,mm10
TGCCATAAGGCGAGGT-1,12945,503,GRCh38
TGCCATAAGGGTGAGC-1,11154,598,GRCh38
TGCCATAAGTCGAACC-1,9627,597,GRCh38
TGCCATCCAACGGCTA-1,244,6297,mm10
TGCCATCCAGGTTACG-1,101,1014,mm10
TGCCATCCATCCCGTG-1,29114,897,GRCh38
TGCCATCCATTCGCAC-1,160,3924,mm10
TGCCATGGTAGCCTCA-1,54,618,mm10
TGCCATGGTTCCGTAG-1,56842,1447,Multiplet
TGCCATGGTTGCAGGG-1,187,3823,mm10
TGCCATTTCGCGCAAT-1,24694,1006,GRCh38
TGCCATTTCGTACGGT-1,372,11332,mm10
TGCCATTTCTAATGGT-1,391,10097,mm10
TGCCCAAGTTCACCGA-1,397,10378,mm10
TGCCCAAGTTCGAGCC-1,9997,509,GRCh38
TGCCCAAGTTTAGTTG-1,870,22412,mm10
TGCCCATCAAGCCTAG-1,16694,625,GRCh38
TGCCCATCACAAGCAT-1,1697,112,GRCh38
TGCCCATCAGTAAGGA-1,1858,80,GRCh38
TGCCCATCATGACGGC-1,11839,547,GRCh38
TGCCCGAAGGTCACGT-1,5135,203,GRCh38
TGCCCGAAGTGCAAGG-1,9521,361,GRCh38
TGCCCGTTCACGTGTA-1,58,656,mm10
TGCCCGTTCAGTAGCC-1,15800,775,GRCh38
TGCCCGTTCATAGAGA-1,27782,882,GRCh38
TGCCCGTTCGATAGTT-1,66,924,mm10
TGCCCTCAGCGCCAAT-1,25172,932,GRCh38
TGCCCTCAGCTTCCAT-1,33977,1171,GRCh38
TGCCCTCAGGCTACTA-1,803,601,GRCh38
TGCCCTCAGGTGATGG-1,14027,577,GRCh38
TGCCCTCAGGTGGAGC-1,671,17980,mm10
TGCCCTTGTGCGTAGG-1,338,7013,mm10
TGCCCTTGTTACACCG-1,38634,1398,Multiplet
TGCCCTTGTTTAGCAC-1,48702,1720,Multiplet
TGCCGATAGAATCGGG-1,11163,447,GRCh38
TGCCGATAGCCTAGCG-1,216,3613,mm10
TGCCGATAGGTTGGAG-1,48,618,mm10
TGCCGATAGTGAGAGT-1,12015,598,GRCh38
TGCCGCTTCATGTAAC-1,506,13018,mm10
TGCCGCTTCCAACTCT-1,617,16832,mm10
TGCCGCTTCGCTGGCA-1,1121,29051,mm10
TGCCGTAGTCAGGCAG-1,38884,1291,Multiplet
TGCCGTAGTTGCTTGG-1,320,7564,mm10
TGCCGTGAGCGACTAC-1,9625,547,GRCh38
TGCCGTTCAAATCAGC-1,19041,756,GRCh38
TGCCGTTCAATTACTC-1,474,12051,mm10
TGCCTAAAGGCAATGG-1,136,1730,mm10
TGCCTAGGTGAAGTCA-1,11230,468,GRCh38
TGCCTAGGTTATGGAG-1,227,6119,mm10
TGCCTATTCACCAAGC-1,651,18309,mm10
TGCCTATTCCTGTCTG-1,23685,858,GRCh38
TGCCTATTCCTTCAAC-1,19543,1078,GRCh38
TGCCTCATCACACAGC-1,1367,35908,mm10
TGCCTCATCGAACCTA-1,12348,501,GRCh38
TGCCTCATCGTACACA-1,102,1654,mm10
TGCCTCTGTTGTCACG-1,316,6987,mm10
TGCCTGCTCAGGCATC-1,305,6864,mm10
TGCCTGCTCCAACTGA-1,38296,1172,GRCh38
TGCCTGCTCCCTCAAT-1,7334,593,GRCh38
TGCCTGCTCCTGAGTA-1,484,11423,mm10
TGCCTGCTCGAGTTGC-1,631,15163,mm10
TGCGAAAGTTTGATTG-1,30297,862,GRCh38
TGCGACCGTCTCCATC-1,805,20075,mm10
TGCGACCGTCTTGATA-1,215,5076,mm10
TGCGACCGTGAACTGA-1,15658,556,GRCh38
TGCGACCGTGACTCCA-1,28605,1106,GRCh38
TGCGACCGTGAGCGAT-1,35008,1451,Multiplet
TGCGACCGTTCCGCTT-1,2267,645,GRCh38
TGCGACCGTTGTCTAA-1,6192,353,GRCh38
TGCGACTAGGTTCCTT-1,214,5067,mm10
TGCGACTAGTTGGTCA-1,46717,1271,Multiplet
TGCGAGGGTGAGGAAG-1,164,3550,mm10
TGCGAGGGTGATTGAG-1,146,3406,mm10
TGCGAGGGTTCGGTCA-1,553,12670,mm10
TGCGAGGGTTTCGACG-1,213,3432,mm10
TGCGAGGGTTTGCCTC-1,15935,540,GRCh38
TGCGATGCACAGGGTC-1,41,619,mm10
TGCGATTGTAATGGTG-1,291,7350,mm10
TGCGATTGTGCAATTC-1,29184,865,GRCh38
TGCGATTGTTGCGGCT-1,17379,786,GRCh38
TGCGATTGTTTACGCG-1,124,1747,mm10
TGCGGCTGTGCGCAAG-1,316,6260,mm10
TGCGGCTGTTCCCGAA-1,5663,714,GRCh38
TGCGGGTCAAGCGACC-1,255,5927,mm10
TGCGGGTCAATCGAAC-1,58,1032,mm10
TGCGGGTCACATTCAT-1,496,11829,mm10
TGCGGTTAGAACGACG-1,687,18142,mm10
TGCGGTTAGATAGGGT-1,27434,14415,Multiplet
TGCGGTTAGGTAGCCT-1,899,24291,mm10
TGCGGTTAGTCGACCG-1,1172,154,GRCh38
TGCGTAATCAGCATAT-1,260,5359,mm10
TGCGTAATCAGCTCAA-1,19314,700,GRCh38
TGCGTAATCATCGTCT-1,14302,562,GRCh38
TGCGTAATCCATGAAT-1,24379,721,GRCh38
TGCGTAATCTATGGAT-1,225,4207,mm10
TGCGTAATCTGGATTG-1,122,1427,mm10
TGCGTATGTTGGCTTG-1,13315,766,GRCh38
TGCTAACGTATTGGAG-1,2803,103,GRCh38
TGCTAACGTGGGTCAG-1,410,7439,mm10
TGCTAACGTTCGTGTG-1,189,4774,mm10
TGCTAACGTTGCGACC-1,3051,611,GRCh38
TGCTAAGTCTAGTCTC-1,25975,810,GRCh38
TGCTACAAGCATAGCC-1,108,1948,mm10
TGCTACAAGCATCGCG-1,452,11280,mm10
TGCTACAAGCTAGTCA-1,248,5433,mm10
TGCTACAAGCTTCCAT-1,10507,904,GRCh38
TGCTACAAGGTGACTC-1,44348,1588,Multiplet
TGCTACCCAATCGCAG-1,39044,1349,Multiplet
TGCTACCCACTTACTG-1,25552,1292,Multiplet
TGCTACCCATAGGCCA-1,439,9231,mm10
TGCTACCCATTAATCC-1,221,3699,mm10
TGCTACTTCAGCATCA-1,24123,828,GRCh38
TGCTACTTCCCTGTAT-1,38676,1133,GRCh38
TGCTACTTCCTTAGTC-1,297,7428,mm10
TGCTATAGTTCCAGAT-1,28672,950,GRCh38
TGCTATGAGCCGAGTT-1,28619,911,GRCh38
TGCTATGAGGCAATGG-1,13431,587,GRCh38
TGCTATGAGTCATGTG-1,67717,1849,Multiplet
TGCTATGAGTTGGGCT-1,50,1320,mm10
TGCTCAAAGCTATCTC-1,22933,800,GRCh38
TGCTCAAAGGTATGAA-1,245,5429,mm10
TGCTCCATCGACCAGT-1,299,7305,mm10
TGCTCCGCAATCGCCT-1,127,3009,mm10
TGCTCCGCACTTCATG-1,258,5624,mm10
TGCTCCGCATGATTGA-1,81,1797,mm10
TGCTCCGCATTAACGA-1,978,28222,mm10
TGCTCGCTCAATGTCG-1,182,4376,mm10
TGCTCGCTCCGTGAAC-1,25442,1159,GRCh38
TGCTCGCTCGTAATGT-1,91,1557,mm10
TGCTGATGTCAACTTA-1,395,11198,mm10
TGCTGATGTCAATCAC-1,6136,377,GRCh38
TGCTGATGTCTCACTC-1,278,7646,mm10
TGCTGATGTTGGCGAG-1,166,3072,mm10
TGCTGCCTCACTCATC-1,332,8258,mm10
TGCTGCCTCCCCATGC-1,30565,938,GRCh38
TGCTGGACAATCGTGG-1,10078,5580,Multiplet
TGCTGGACAATTCAAG-1,541,15067,mm10
TGCTGGACAGGTTCCT-1,12755,506,GRCh38
TGCTGGGTCAATTAGC-1,495,12585,mm10
TGCTGGGTCATGGCTA-1,16165,614,GRCh38
TGCTGGGTCCGCTGAG-1,5879,534,GRCh38
TGCTGTCCAGGAATCT-1,113,619,mm10
TGCTGTCCAGGCTATG-1,335,8492,mm10
TGCTTAAGTGAGGTCG-1,16599,26519,Multiplet
TGCTTAAGTGGCCTGT-1,8878,489,GRCh38
TGCTTAAGTTATGAGG-1,8898,12197,Multiplet
TGCTTAAGTTGACTCG-1,11888,411,GRCh38
TGCTTAAGTTGTAACC-1,18812,691,GRCh38
TGCTTAGAGCCCTGGA-1,549,13429,mm10
TGCTTAGAGTGAACTT-1,226,4392,mm10
TGCTTAGAGTGACCAC-1,402,11095,mm10
TGCTTCACAAGGGCTC-1,1120,156,GRCh38
TGCTTCACAATCGGGC-1,419,9133,mm10
TGCTTCACAATTCGGG-1,1814,633,GRCh38
TGCTTCACAGGACATT-1,275,6753,mm10
TGCTTCACATGGATCG-1,73425,1657,Multiplet
TGGAATGGTCCATCTC-1,14529,565,GRCh38
TGGACAAGTAGGCTGG-1,468,11710,mm10
TGGACAAGTGGCCTAC-1,94,1887,mm10
TGGACAAGTTGCAGCC-1,22715,447,GRCh38
TGGACAAGTTTGGAGA-1,95,1382,mm10
TGGACATCAGTTAGGT-1,201,5352,mm10
TGGACATCATGGATTA-1,13500,473,GRCh38
TGGACGAAGAATCCTG-1,17226,724,GRCh38
TGGACGAAGGGGATCA-1,410,8956,mm10
TGGACGTTCACCTGAA-1,35337,32186,Multiplet
TGGACGTTCCCAGAGT-1,356,7340,mm10
TGGACGTTCGAATGAA-1,21563,718,GRCh38
TGGACTCAGCAAGTAA-1,19683,828,GRCh38
TGGACTCAGCATGTAT-1,520,14186,mm10
TGGAGCAAGATTCGTG-1,276,6422,mm10
TGGAGCAAGGAATGGT-1,11702,456,GRCh38
TGGAGCAAGGCACTTA-1,157,3560,mm10
TGGAGCAAGGTCCAGT-1,380,8616,mm10
TGGAGCGGTAGCAGTA-1,12275,432,GRCh38
TGGAGCGGTGAGGTTA-1,25661,703,GRCh38
TGGAGGATCACAGATT-1,4581,121,GRCh38
TGGAGGATCATGCTGA-1,73,637,mm10
TGGAGGATCCATCCAT-1,100,2213,mm10
TGGAGGATCGATAGCC-1,401,7558,mm10
TGGAGTAGTGAAGTGC-1,18896,508,GRCh38
TGGAGTAGTGCGAGTG-1,20086,850,GRCh38
TGGAGTAGTTAGCATC-1,1459,108,GRCh38
TGGAGTAGTTCACCAG-1,360,8901,mm10
TGGAGTAGTTTGCATA-1,607,14418,mm10
TGGAGTGAGGATCTAT-1,57485,1715,Multiplet
TGGAGTGAGGCGTTAC-1,151,4057,mm10
TGGAGTGAGGGGATCA-1,241,6118,mm10
TGGATAGGTCAACCTG-1,3847,189,GRCh38
TGGATAGGTCAATGGA-1,109,1143,mm10
TGGATAGGTCAGTATC-1,224,3850,mm10
TGGATAGGTCATCATA-1,710,15720,mm10
TGGATAGGTGATCAGA-1,252,6407,mm10
TGGATAGGTGGCGTAG-1,166,3154,mm10
TGGATAGGTTCGTGCA-1,61340,1566,Multiplet
TGGATATTCCGCACAG-1,25113,964,GRCh38
TGGATATTCCTCAGCC-1,505,116,GRCh38
TGGATGCTCCCGTGCT-1,77,1434,mm10
TGGATGCTCGCGCTGA-1,41836,1503,Multiplet
TGGATGCTCTATCGGA-1,441,7421,mm10
TGGATGCTCTGGCCCT-1,285,5280,mm10
TGGATGGAGGTCGTTA-1,29056,833,GRCh38
TGGATGGAGGTGAGTG-1,755,23180,mm10
TGGATGGAGTCGATTG-1,343,7566,mm10
TGGATTGTCAGGTCTA-1,31132,1050,GRCh38
TGGATTGTCCCTCATG-1,526,12476,mm10
TGGATTGTCCGCCATC-1,18991,844,GRCh38
TGGATTGTCGACTAGC-1,76,1096,mm10
TGGATTGTCGATAGCC-1,38554,1143,GRCh38
TGGATTGTCGTGCATA-1,254,5126,mm10
TGGATTTAGGCAACCT-1,223,5127,mm10
TGGCACTAGAAGGGCC-1,65,1249,mm10
TGGCACTAGATTCGGC-1,22402,935,GRCh38
TGGCACTAGCTAGCCG-1,34794,1530,Multiplet
TGGCATATCATAGACT-1,24961,848,GRCh38
TGGCATATCCATCAAG-1,352,8090,mm10
TGGCATATCCCAATTC-1,651,17581,mm10
TGGCATATCCCTCAAT-1,1104,30706,mm10
TGGCATATCTAACCTC-1,689,18035,mm10
TGGCATGCAAGCATGT-1,42573,1468,Multiplet
TGGCATGCAAGGGACG-1,11745,442,GRCh38
TGGCATGCACATTGAA-1,664,13381,mm10
TGGCATGCACTTGCGT-1,91,1510,mm10
TGGCATGCAGGCTAAT-1,6058,910,GRCh38
TGGCATTGTAACGATG-1,222,6114,mm10
TGGCATTGTAATCCAC-1,337,9068,mm10
TGGCATTGTATGGCTT-1,47264,1411,Multiplet
TGGCATTGTCAGCTAT-1,192,4173,mm10
TGGCCATAGCCCGTTC-1,7158,684,GRCh38
TGGCCATAGGTGCTCG-1,286,6160,mm10
TGGCCATAGTGATGCC-1,14669,658,GRCh38
TGGCCTGAGATAGCCC-1,59452,1554,Multiplet
TGGCCTGAGCTAATCG-1,26454,926,GRCh38
TGGCGAAAGCGATGTC-1,1224,29911,mm10
TGGCGAAAGGCATCAC-1,10053,541,GRCh38
TGGCGAAAGGTCCAAC-1,57,1164,mm10
TGGCGAAAGTATGTCG-1,272,6635,mm10
TGGCGAGGTTGAAGTG-1,872,178,GRCh38
TGGCGAGGTTGCTAAC-1,206,5599,mm10
TGGCGATTCACATACG-1,11697,573,GRCh38
TGGCGATTCACGGAGA-1,18467,735,GRCh38
TGGCGATTCGAACGTC-1,299,7219,mm10
TGGCGATTCGCATGAC-1,18342,653,GRCh38
TGGCGCATCATGACTG-1,24833,867,GRCh38
TGGCGCATCCATGCTT-1,121,2071,mm10
TGGCGCATCCCAATGA-1,13713,852,GRCh38
TGGCGCATCTGGGACT-1,7432,454,GRCh38
TGGCGGTCAAGTCCAG-1,58,765,mm10
TGGCTAATCGAAGCTC-1,1072,207,GRCh38
TGGCTAATCGATGCTA-1,27960,1051,GRCh38
TGGCTAATCTGTGCCC-1,38526,1538,Multiplet
TGGCTATGTAATGTCC-1,82,798,mm10
TGGCTATGTAGTGCAA-1,3376,219,GRCh38
TGGCTATGTCAGCTTG-1,12784,533,GRCh38
TGGCTATGTGGAGCTG-1,451,8564,mm10
TGGCTATGTTCGGTCA-1,18627,689,GRCh38
TGGCTATGTTTGGTCG-1,168,4019,mm10
TGGCTCAGTAACGCAA-1,13742,707,GRCh38
TGGCTCAGTTGAGCGG-1,38789,1423,Multiplet
TGGCTCTCAGTTAGCG-1,33306,1272,Multiplet
TGGCTGACAATAGTGC-1,566,15550,mm10
TGGCTGACACTAATTC-1,621,14439,mm10
TGGCTGACAGTTGAGT-1,539,13968,mm10
TGGCTGACATCACGCT-1,94,1415,mm10
TGGCTGACATTCGCGT-1,434,10984,mm10
TGGCTTGGTCTAACCG-1,29747,1259,Multiplet
TGGCTTGGTGAGAGTC-1,7241,28369,Multiplet
TGGCTTGGTGGCGCTT-1,49852,1481,Multiplet
TGGGAACGTAGCAGAC-1,22109,728,GRCh38
TGGGAACGTATTGGTC-1,757,19680,mm10
TGGGACAAGCGCCTGA-1,3583,267,GRCh38
TGGGACAAGCGGTAGA-1,353,8750,mm10
TGGGACAAGGCGTTCG-1,289,5612,mm10
TGGGACAAGTCAGGAG-1,22749,676,GRCh38
TGGGATAGTCCATATA-1,672,10150,mm10
TGGGATAGTTAATCTG-1,194,3948,mm10
TGGGATAGTTGGCTGC-1,21283,876,GRCh38
TGGGATTCAAGGGTCC-1,14371,660,GRCh38
TGGGCAAAGCGATACC-1,811,16090,mm10
TGGGCAAAGGATGCGA-1,2503,611,GRCh38
TGGGCAAAGGCGCTCA-1,8028,455,GRCh38
TGGGCAAAGTCATACG-1,15912,561,GRCh38
TGGGCACCACAATCCC-1,16107,841,GRCh38
TGGGCACCACCTCAAC-1,292,7459,mm10
TGGGCAGGTAGCTAGA-1,285,6038,mm10
TGGGCAGGTGACGACG-1,8565,617,GRCh38
TGGGCAGGTGAGACAC-1,321,5400,mm10
TGGGCAGGTGGACTAA-1,487,11601,mm10
TGGGCAGGTTACACGT-1,20822,918,GRCh38
TGGGCAGGTTTGACTA-1,712,20451,mm10
TGGGCGAGTCAACGGG-1,125,1132,mm10
TGGGCGAGTGATGCGG-1,13187,517,GRCh38
TGGGCGAGTTGCTCAG-1,29910,1148,GRCh38
TGGGCTTAGGGGTAAT-1,29261,1005,GRCh38
TGGGGCAGTAGTTACC-1,18480,733,GRCh38
TGGGGCAGTTAGTGCT-1,30909,1054,GRCh38
TGGGGCAGTTGTGCGC-1,15649,856,GRCh38
TGGGGCTCACTCGCAT-1,1655,313,GRCh38
TGGGGCTCAGCTAGAT-1,406,10533,mm10
TGGGGTAAGGAATGAC-1,1213,8708,mm10
TGGGGTAAGTGAGCAG-1,841,98,GRCh38
TGGGGTAAGTTAACCG-1,260,6400,mm10
TGGGGTAAGTTACGAT-1,249,7169,mm10
TGGGGTTTCCATCTAC-1,15472,621,GRCh38
TGGGGTTTCCCGCTTA-1,19073,976,GRCh38
TGGGGTTTCGAGTCCG-1,6359,201,GRCh38
TGGGGTTTCTAAGTAC-1,274,6315,mm10
TGGGTCACAACGGTGC-1,36369,990,GRCh38
TGGGTCACACTATGCC-1,853,23375,mm10
TGGGTCCGTCAGGCTC-1,407,10358,mm10
TGGGTCCGTCTAACGT-1,211,4755,mm10
TGGGTCCGTCTGTGCA-1,312,7503,mm10
TGGGTCCGTTATCGAC-1,318,6348,mm10
TGGGTCCGTTGAAGCA-1,23478,792,GRCh38
TGGGTCCGTTTAGCGT-1,5176,529,GRCh38
TGGGTGAAGGCATCCG-1,95,1698,mm10
TGGGTGAAGGTCAACC-1,5182,249,GRCh38
TGGGTGAAGTAGCAGG-1,550,14447,mm10
TGGGTTATCCCTCGGT-1,196,4388,mm10
TGGGTTATCGTACACA-1,299,7240,mm10
TGGGTTGCAAATGCTA-1,619,16645,mm10
TGGGTTGCAATAGGAG-1,17507,478,GRCh38
TGGGTTGCACTCATCA-1,273,6557,mm10
TGGGTTGCAGCATGGC-1,14056,923,GRCh38
TGGGTTGCATGGATAC-1,926,99,GRCh38
TGGTAAGGTAGTCCTG-1,222,3675,mm10
TGGTAAGGTGAACCAA-1,453,12605,mm10
TGGTAAGGTGATGCTT-1,240,3956,mm10
TGGTAAGGTGGGTTAA-1,35496,1006,GRCh38
TGGTACGCAGGTATGT-1,1140,643,GRCh38
TGGTAGCTCACTGGTA-1,21390,696,GRCh38
TGGTAGCTCATGTGCA-1,79,1608,mm10
TGGTAGCTCCCTCGAC-1,196,3681,mm10
TGGTAGCTCGTTCCAT-1,597,3573,mm10
TGGTAGCTCTAGCCGG-1,16698,645,GRCh38
TGGTAGGAGGTACCAC-1,14684,756,GRCh38
TGGTAGGAGTCAGCCG-1,22771,781,GRCh38
TGGTAGGAGTGCTTAG-1,33298,969,GRCh38
TGGTAGTCAACCTCTA-1,2420,325,GRCh38
TGGTAGTCATCGGGTA-1,185,3525,mm10
TGGTATTAGCGCGATT-1,1052,26634,mm10
TGGTATTAGCTAGTGC-1,98,1326,mm10
TGGTATTAGGGTCCTG-1,503,13252,mm10
TGGTATTAGTAGTCGC-1,177,3692,mm10
TGGTCAATCCTCGTTG-1,285,6682,mm10
TGGTCACAGGGGATCA-1,1818,91,GRCh38
TGGTCACAGTAACGAA-1,17321,661,GRCh38
TGGTCCCTCACTCACT-1,261,6225,mm10
TGGTCCCTCAGGTCCG-1,284,6352,mm10
TGGTCCCTCGACTGAC-1,217,4710,mm10
TGGTCCCTCTGGATCA-1,91,603,mm10
TGGTCCTCAATCAAGC-1,90,1246,mm10
TGGTCTAAGGGGTTAG-1,323,6949,mm10
TGGTCTAAGTAACCTG-1,18945,613,GRCh38
TGGTCTAAGTCAAGCC-1,512,12175,mm10
TGGTCTAAGTGCGCTG-1,257,5307,mm10
TGGTGAGAGCTTCCAT-1,33627,1003,GRCh38
TGGTGAGAGGTACATT-1,316,6145,mm10
TGGTGGTTCATGCAGC-1,889,21151,mm10
TGGTGGTTCCTTAGAG-1,162,3047,mm10
TGGTGTTGTTCTGGAT-1,17890,698,GRCh38
TGGTTAACATTCGTCA-1,60,1104,mm10
TGGTTACGTAACGCAA-1,899,257,GRCh38
TGGTTACGTGGAGACT-1,218,3638,mm10
TGGTTACGTTGGTGAA-1,21967,706,GRCh38
TGGTTAGTCCTCGACC-1,5395,1136,GRCh38
TGGTTAGTCGACTACA-1,533,13474,mm10
TGGTTAGTCGCATCGG-1,31368,883,GRCh38
TGGTTAGTCTGTAACG-1,38226,1129,GRCh38
TGGTTAGTCTGTGCTT-1,17004,790,GRCh38
TGGTTATAGGTAAGCG-1,151,3145,mm10
TGGTTATAGGTCATTG-1,54968,1444,Multiplet
TGGTTATAGGTTAGCC-1,48,688,mm10
TGGTTATAGGTTCCGG-1,514,12846,mm10
TGGTTCAAGCAACTCA-1,271,5384,mm10
TGGTTCAAGGAGGCGT-1,93,1957,mm10
TGGTTCAAGGCATGGA-1,456,8966,mm10
TGGTTCCCAGGCAAGG-1,269,6031,mm10
TGGTTCCCATCGGTGA-1,306,5186,mm10
TGGTTTAGTAACCCAT-1,13762,687,GRCh38
TGGTTTAGTCAGCTCA-1,204,3068,mm10
TGGTTTAGTCCCGTAA-1,667,16310,mm10
TGGTTTAGTCTGTCGA-1,523,11001,mm10
TGGTTTAGTTATCCAA-1,16746,568,GRCh38
TGGTTTAGTTGAGCGG-1,9239,392,GRCh38
TGGTTTGAGCCTGACG-1,9509,638,GRCh38
TGGTTTGAGGGGCAGT-1,13072,572,GRCh38
TGGTTTGAGTTGCTTC-1,235,5211,mm10
TGTAACCGTTGCATTA-1,18478,850,GRCh38
TGTAACTAGCCAGTGT-1,584,12195,mm10
TGTAACTAGCGGTCCA-1,55,637,mm10
TGTAACTAGGGGCAAC-1,285,7441,mm10
TGTAACTAGGTTGCAC-1,289,5335,mm10
TGTAAGCCAACTACGG-1,759,418,GRCh38
TGTAAGCCACTTGCTA-1,3106,764,GRCh38
TGTAAGCCAGTTGCAG-1,235,4673,mm10
TGTAAGCCATAACTAG-1,32800,1063,GRCh38
TGTAAGCCATCACGGA-1,128,2373,mm10
TGTAAGGGTATGTGTC-1,249,5550,mm10
TGTAAGGGTTAGCGCC-1,13506,595,GRCh38
TGTAAGGGTTAGGGTA-1,13993,7649,Multiplet
TGTAAGGGTTGCGACC-1,102,712,mm10
TGTAAGGGTTGGCCGT-1,13818,672,GRCh38
TGTAATGCACTAGGCA-1,23235,694,GRCh38
TGTACCCCAAATGGCT-1,63,894,mm10
TGTACCCCAGGATGAA-1,850,22445,mm10
TGTACCGGTAGCAGGT-1,157,2175,mm10
TGTACCGGTTCGCAGC-1,173,3868,mm10
TGTACCGGTTGTAGGA-1,77,915,mm10
TGTACCTTCACGCCAG-1,63706,1573,Multiplet
TGTACCTTCCGGAACT-1,9706,447,GRCh38
TGTACCTTCCGGTAAC-1,620,13714,mm10
TGTACGATCAAGTATC-1,31623,1299,Multiplet
TGTACGATCAGCCACG-1,284,5413,mm10
TGTACGATCATGCGGT-1,276,5815,mm10
TGTACGATCCGGATGT-1,466,10628,mm10
TGTACGATCCTGTGAA-1,150,3029,mm10
TGTACGATCGAAGGGC-1,353,8258,mm10
TGTACGATCGTGCAAC-1,4152,299,GRCh38
TGTACGATCTAAGCGC-1,39705,1199,Multiplet
TGTACTGAGCTAATCG-1,274,6313,mm10
TGTACTGAGTGAATGA-1,17080,589,GRCh38
TGTACTTCAACCTTCA-1,599,12501,mm10
TGTAGAGGTAAGGTCA-1,340,7347,mm10
TGTAGCATCACAGATT-1,29963,1042,GRCh38
TGTAGCATCACCTGAA-1,229,4915,mm10
TGTAGCATCGAAGGGC-1,244,4679,mm10
TGTAGCATCGATGTGC-1,940,23551,mm10
TGTAGCATCGATTGCA-1,16225,586,GRCh38
TGTAGCATCTAATGCG-1,24060,566,GRCh38
TGTAGCCAGCGCAACT-1,419,9087,mm10
TGTAGCGCAAATTCCT-1,13842,588,GRCh38
TGTAGCGCAATAGGGA-1,9953,528,GRCh38
TGTAGCGCAGGATTAC-1,28750,941,GRCh38
TGTAGCGCAGGTTACG-1,250,5774,mm10
TGTAGCGCATGTCGGA-1,1089,625,GRCh38
TGTAGCTGTAAGCGCG-1,490,11365,mm10
TGTAGCTGTAAGGACC-1,157,3110,mm10
TGTAGGTCAATACGAC-1,10455,528,GRCh38
TGTAGGTCACAGCATG-1,304,7088,mm10
TGTAGGTCATAGGTAC-1,55974,1561,Multiplet
TGTAGTTAGTGGCTAC-1,13742,605,GRCh38
TGTATAGCAGCCTATC-1,20902,684,GRCh38
TGTATAGCAGGCATAT-1,18826,615,GRCh38
TGTATAGCATTAGCTT-1,76,897,mm10
TGTATCAGTCTCACTC-1,9758,376,GRCh38
TGTATCCTCAATCGGC-1,299,5498,mm10
TGTATCCTCATGCGCG-1,97,2144,mm10
TGTATCCTCCGTAGTA-1,429,11035,mm10
TGTATCCTCGTGCGAT-1,21646,661,GRCh38
TGTATCTCAACTGTCC-1,40142,1414,Multiplet
TGTATCTCAGCTACAG-1,18359,683,GRCh38
TGTATCTCAGGCTTGA-1,28640,7433,Multiplet
TGTATGACAGTAATGC-1,128,2776,mm10
TGTATGACATCCAGAG-1,17375,445,GRCh38
TGTATGACATCCCTAA-1,17418,623,GRCh38
TGTATGGTCATGCCAA-1,916,23733,mm10
TGTATTCCAACTATGA-1,12890,575,GRCh38
TGTATTCCAATATACG-1,233,5176,mm10
TGTATTCCAGGCTTAG-1,97,1753,mm10
TGTATTCCAGGGCAGA-1,12656,8784,Multiplet
TGTATTCCAGTTGCGA-1,12800,507,GRCh38
TGTATTCCATAACGGT-1,5500,170,GRCh38
TGTATTGGTCAGCCAC-1,258,6166,mm10
TGTATTGGTGGCCAAG-1,460,11781,mm10
TGTATTGGTTCGGCTA-1,17936,549,GRCh38
TGTATTGGTTGGATCT-1,370,6447,mm10
TGTATTGGTTTACTCT-1,42,512,mm10
TGTCACCCAATTACGA-1,320,8555,mm10
TGTCACCCAGCACGTA-1,35041,973,GRCh38
TGTCACCCATGGATGT-1,567,13791,mm10
TGTCACTTCAATTGGT-1,3049,171,GRCh38
TGTCACTTCCAGGGTT-1,20936,755,GRCh38
TGTCACTTCCATGCTT-1,279,6350,mm10
TGTCACTTCCCCAATT-1,20410,698,GRCh38
TGTCATGAGGTTGCCG-1,23875,1111,GRCh38
TGTCATGAGTGCTGCG-1,279,6231,mm10
TGTCATTCATAGAGAG-1,9866,409,GRCh38
TGTCATTCATGGCTCT-1,180,3268,mm10
TGTCCACCAAGCACTG-1,335,6647,mm10
TGTCCACCAAGTGAGA-1,47,597,mm10
TGTCCAGGTAATGCGA-1,117,2059,mm10
TGTCCAGGTAGCCATT-1,19903,782,GRCh38
TGTCCAGGTAGTTGGA-1,1525,116,GRCh38
TGTCCCATCAGCACTA-1,851,7747,mm10
TGTCCCATCCCTCACA-1,290,8080,mm10
TGTCCCGCAAAGGTCT-1,536,12841,mm10
TGTCCCGCAATATGTG-1,619,15643,mm10
TGTCCCTGTCAATCCG-1,833,22870,mm10
TGTCCCTGTTAATCGC-1,109,899,mm10
TGTCCGCTCGACTGAC-1,1331,35642,mm10
TGTCCGCTCGCGTTAA-1,287,5129,mm10
TGTCCGCTCGTGCCAG-1,197,4683,mm10
TGTCCGGAGAATCACT-1,197,4998,mm10
TGTCCGGAGATTGCTG-1,35825,1526,Multiplet
TGTCCGGAGGGGTTAG-1,292,7197,mm10
TGTCCGGAGGTACGTC-1,302,5634,mm10
TGTCCGGAGTAGCAGG-1,290,6466,mm10
TGTCCTTAGATTGCCA-1,36644,1214,Multiplet
TGTCCTTAGCCCGTAG-1,20653,718,GRCh38
TGTCCTTAGGCGTTAC-1,14662,703,GRCh38
TGTCCTTAGTAGCTGC-1,691,17711,mm10
TGTCCTTAGTGATTAC-1,187,4049,mm10
TGTCGAATCAGCAACC-1,26010,723,GRCh38
TGTCGAATCCGGACAT-1,129,2115,mm10
TGTCGAATCCTCAGTT-1,32458,1062,GRCh38
TGTCGAATCGTACTTC-1,18977,751,GRCh38
TGTCGAATCTAGTCCT-1,163,3190,mm10
TGTCGATGTAACGATG-1,184,4365,mm10
TGTCGATGTAGTAGCA-1,9948,349,GRCh38
TGTCGATGTATAGTCC-1,2307,413,GRCh38
TGTCGATGTCTTGATA-1,214,4136,mm10
TGTCGCCTCGCGTGTG-1,296,7063,mm10
TGTCGTCCATTCGGAG-1,1344,1365,mm10
TGTCGTTTCACCTTCG-1,1366,1910,mm10
TGTCGTTTCTAGCTCT-1,66,1079,mm10
TGTCTAAGTAAGCGCG-1,34523,970,GRCh38
TGTCTAAGTAATCCAC-1,11296,406,GRCh38
TGTCTAAGTATGTCAC-1,1118,166,GRCh38
TGTCTGTTCCGCGTCT-1,129,2389,mm10
TGTCTTGCAAATCGGT-1,16644,514,GRCh38
TGTCTTGCAAATGCTA-1,613,17376,mm10
TGTCTTGCAAGGTCAT-1,251,6153,mm10
TGTCTTGCAATGTATG-1,306,6022,mm10
TGTGAACCACTATCCA-1,26387,987,GRCh38
TGTGAAGGTAGCCAGG-1,163,3421,mm10
TGTGAAGGTTATCGCG-1,37272,25721,Multiplet
TGTGAAGGTTGGATAG-1,21015,747,GRCh38
TGTGAAGGTTTGAGTC-1,551,12280,mm10
TGTGAGGAGGCGATCT-1,189,4229,mm10
TGTGAGGAGTAGACCC-1,383,8621,mm10
TGTGATTAGCATGGTC-1,3639,2799,Multiplet
TGTGATTAGTTAGGAA-1,528,12860,mm10
TGTGCAATCACGCCTC-1,17423,765,GRCh38
TGTGCAATCCGGTATA-1,154,3594,mm10
TGTGCAATCGCGCTAG-1,303,7192,mm10
TGTGCATGTAGTCAGA-1,149,3077,mm10
TGTGCATGTCAGGCTC-1,374,7790,mm10
TGTGCATGTGCATTAC-1,105,1709,mm10
TGTGCATGTGGGTCTC-1,1441,938,GRCh38
TGTGCATGTTTGGAAG-1,22515,757,GRCh38
TGTGCCAGTTATCCTT-1,413,9531,mm10
TGTGCCAGTTCGTTCC-1,224,5138,mm10
TGTGCCCTCAAGTATC-1,18064,712,GRCh38
TGTGCCCTCATGGCAC-1,40,943,mm10
TGTGCCCTCCTGCGCT-1,2940,361,GRCh38
TGTGCCCTCGAGTACC-1,377,9456,mm10
TGTGCCCTCTAAGTCG-1,112,1851,mm10
TGTGCCCTCTGTCTGT-1,101,766,mm10
TGTGCCTCAACTAGGT-1,13082,591,GRCh38
TGTGCCTCATCACGCT-1,101,1256,mm10
TGTGCCTCATGACCGA-1,12155,604,GRCh38
TGTGCGCGTTGCGAGG-1,40250,1077,GRCh38
TGTGCGCGTTGGGCAG-1,1254,585,GRCh38
TGTGCTGGTGAAGCGT-1,14995,381,GRCh38
TGTGCTGGTTGCGCTA-1,69830,1935,Multiplet
TGTGCTGGTTTCGCCT-1,114,1440,mm10
TGTGGTCAGCGCCTCT-1,117,948,mm10
TGTGGTCAGGAGTACG-1,16514,592,GRCh38
TGTGGTTGTCAACTTA-1,950,123,GRCh38
TGTGGTTGTGCGATGG-1,18856,890,GRCh38
TGTGGTTGTTGGCCTA-1,210,5344,mm10
TGTGGTTGTTTAGTCA-1,16126,749,GRCh38
TGTGTACGTATTAGGG-1,82,645,mm10
TGTGTACGTATTGGCT-1,10687,417,GRCh38
TGTGTACGTCTAGCGC-1,15442,862,GRCh38
TGTGTTAGTAACGGCG-1,16022,690,GRCh38
TGTGTTAGTCCATTAA-1,294,5962,mm10
TGTGTTAGTCTCACTC-1,20525,1099,GRCh38
TGTGTTAGTTCTGGCA-1,99,1245,mm10
TGTGTTGAGAATCATC-1,201,5239,mm10
TGTGTTGAGATAGACA-1,24,613,mm10
TGTGTTGAGATAGCAA-1,166,4051,mm10
TGTGTTGAGCAGGCTT-1,12152,577,GRCh38
TGTGTTGAGCCTGCTC-1,37063,977,GRCh38
TGTGTTGAGGATGATA-1,292,7278,mm10
TGTGTTGAGGCGTAAG-1,23790,990,GRCh38
