barcode,GRCh38,mm10,call
AAACCAAAGCGATGTC-1,16756,140,GRCh38
AAACCAAAGGATGTCC-1,1999,119,GRCh38
AAACCAAAGTGAGCGA-1,6271,122,GRCh38
AAACCATTCACAGAGG-1,325,8966,mm10
AAACCATTCTTGAGCA-1,12354,95,GRCh38
AAACCCTGTAATGGTG-1,6144,84,GRCh38
AAACCCTGTAATGTCC-1,8464,106,GRCh38
AAACCCTGTATGGTAG-1,21885,136,GRCh38
AAACCCTGTGAGTAAT-1,94,1285,mm10
AAACCCTGTTGCTCGA-1,5771,224,GRCh38
AAACCGCTCGCGAGTT-1,75784,248,GRCh38
AAACGAATCAAGTCTG-1,44629,299,GRCh38
AAACGAATCAATTGGT-1,24316,145,GRCh38
AAACGAATCGCTAGTA-1,8726,125,GRCh38
AAACGACAGCCTGCCT-1,41784,263,GRCh38
AAACGACAGCGCCAAT-1,20540,426,GRCh38
AAACGATGTCAAGCAA-1,14134,128,GRCh38
AAACGATGTGAGCGTG-1,23498,146,GRCh38
AAACGATGTTGTCCCT-1,20684,183,GRCh38
AAACGCCTCCATCGGG-1,64,1128,mm10
AAACGGACAACCTGGA-1,11006,171,GRCh38
AAACGGACATTAGAGC-1,10179,122,GRCh38
AAACGGGTCTGGTCCC-1,9812,117,GRCh38
AAACGTCCAAGTGTCG-1,15568,108,GRCh38
AAACGTCCACAGGATT-1,10231,163,GRCh38
AAACGTCCAGGATACT-1,11173,227,GRCh38
AAACGTCCAGGCAGGA-1,9428,63,GRCh38
AAACTCACAAATGGAG-1,2870,272,GRCh38
AAACTCACAACTTCAT-1,1776,199,GRCh38
AAACTCACACTACCTA-1,71,757,mm10
AAACTCACAGGCTCAA-1,7313,72,GRCh38
AAACTCCGTAATTCGC-1,12807,148,GRCh38
AAACTCCGTAGTGTGA-1,13565,113,GRCh38
AAACTCCGTCTGGTAT-1,10357,103,GRCh38
AAACTCCGTGCAGGCA-1,31398,243,GRCh38
AAAGCAATCTATCTCA-1,13380,120,GRCh38
AAAGCATGTATTGACC-1,53710,253,GRCh38
AAAGCATGTTGCTCGA-1,4541,223,GRCh38
AAAGCCAGTTACTGCG-1,11450,150,GRCh38
AAAGCCTCACATGCTC-1,4053,58,GRCh38
AAAGCTAAGATTCCGA-1,54,925,mm10
AAAGCTAAGGCTACCG-1,12449,64,GRCh38
AAAGCTGGTCTCAGTG-1,25027,304,GRCh38
AAAGCTGGTCTTGGTG-1,1058,44,GRCh38
AAAGGTCAGTTAACGT-1,55667,358,GRCh38
AAAGGTTGTGCGCGTT-1,14713,187,GRCh38
AAAGTAGTCGCTGAAC-1,4762,140,GRCh38
AAAGTCAAGAACGGCA-1,2625,202,GRCh38
AAAGTCAAGAATCCAT-1,34085,252,GRCh38
AAAGTGATCCAGCCCT-1,8579,67,GRCh38
AAAGTGATCCTGAGCG-1,707,34,GRCh38
AAAGTGATCGCTCTAT-1,10547,121,GRCh38
AAAGTTGAGGTACCAC-1,11275,126,GRCh38
AAATGAGTCCCCATCA-1,6193,80,GRCh38
AAATGAGTCCTCTCCT-1,10929,309,GRCh38
AAATGAGTCGTAGTAT-1,6653,77,GRCh38
AAATGCAAGGTCGAAG-1,24501,138,GRCh38
AAATGCTTCCGCTGAG-1,18137,206,GRCh38
AAATGCTTCGATCCTT-1,2042,187,GRCh38
AAATGGATCAGTAGGG-1,64,808,mm10
AAATGGATCCCCTTAG-1,36325,293,GRCh38
AAATGGGCAATACATG-1,14540,214,GRCh38
AAATGTGAGCAACTCA-1,3696,70,GRCh38
AAATGTGAGCTGGAGA-1,135,3039,mm10
AAATGTGAGTACCAAT-1,21022,176,GRCh38
AAATTCGCAATACGCG-1,15113,129,GRCh38
AAATTCGCAATTCGCC-1,20525,207,GRCh38
AAATTCGCACCTTACA-1,13585,148,GRCh38
AAATTCGCATGCTCGT-1,20710,99,GRCh38
AACACACCATAACTTC-1,85,629,mm10
AACACACCATTACTGT-1,37572,239,GRCh38
AACACATTCGCTTGCC-1,86,1443,mm10
AACACCATCAATCTCC-1,18271,144,GRCh38
AACACCATCAATGTGT-1,8249,117,GRCh38
AACACCATCATCGAAT-1,7002,80,GRCh38
AACACCATCTAGTCGA-1,13774,163,GRCh38
AACACCGCACTAAGGT-1,11188,122,GRCh38
AACACCTGTCAGGACG-1,27148,174,GRCh38
AACACGAGTAGTCCTG-1,7589,125,GRCh38
AACACGAGTCTGTCGA-1,10624,106,GRCh38
AACACGAGTTAAGTGG-1,12041,135,GRCh38
AACACGAGTTTACCTT-1,7300,87,GRCh38
AACACTTAGCATCTCT-1,14123,111,GRCh38
AACACTTAGCGGTTAC-1,2810,95,GRCh38
AACACTTAGCTATGCA-1,29111,228,GRCh38
AACAGGCGTAGCAGGT-1,22910,168,GRCh38
AACAGGCGTAGGTCGG-1,2358,131,GRCh38
AACAGGCGTGATGCCC-1,13771,94,GRCh38
AACAGGTAGAAGGGAA-1,14617,156,GRCh38
AACAGGTAGGAGCCAA-1,11062,120,GRCh38
AACAGGTAGGAGCCTT-1,17869,114,GRCh38
AACAGGTAGTTAGCTG-1,15715,193,GRCh38
AACAGTAAGCTAGCGT-1,44163,359,GRCh38
AACAGTAAGGTCGAGA-1,7075,91,GRCh38
AACATAGAGGGTGAAT-1,4080,92,GRCh38
AACATAGAGGTGACTC-1,17214,161,GRCh38
AACATCACACAACCGA-1,6996,60,GRCh38
AACATCCGTAAGCAAT-1,16075,175,GRCh38
AACATCCGTTAGAGAT-1,12286,87,GRCh38
AACATGAAGCCAGTGT-1,1555,78,GRCh38
AACATGAAGCGGAGAC-1,16340,463,GRCh38
AACATTCAGGTACGTC-1,12969,151,GRCh38
AACATTCAGTGACCTA-1,3826,61,GRCh38
AACATTGCAACCAGAT-1,1063,66,GRCh38
AACATTGCATTACACT-1,2173,410,GRCh38
AACCAACCAAAGGCAA-1,54823,258,GRCh38
AACCAACCAATCCCTA-1,14607,149,GRCh38
AACCAACCATTAGCGG-1,22520,280,GRCh38
AACCAAGGTGCACCGT-1,21412,414,GRCh38
AACCAAGGTTCCGTGA-1,621,180,GRCh38
AACCAATTCCCAATCT-1,21792,240,GRCh38
AACCAATTCCGGGCTA-1,10827,265,GRCh38
AACCAATTCGAAGCTC-1,16706,175,GRCh38
AACCAATTCGCTGGCA-1,5145,81,GRCh38
AACCAATTCTAACCAG-1,30740,234,GRCh38
AACCACGCAACCTACC-1,10886,119,GRCh38
AACCACGCAATAGCGT-1,1036,46,GRCh38
AACCACGCAATTAACG-1,19270,204,GRCh38
AACCACGCACATGACG-1,12574,113,GRCh38
AACCACGCAGTTGGAT-1,1780,46,GRCh38
AACCACGCATTACTGT-1,10643,91,GRCh38
AACCAGCTCAATCCCT-1,4463,140,GRCh38
AACCAGGAGGATAGTA-1,19408,162,GRCh38
AACCATTAGCCGCGTA-1,28020,176,GRCh38
AACCATTAGCCTCTCA-1,110,2705,mm10
AACCATTAGTATCTCC-1,19685,185,GRCh38
AACCCACAGGTTCAAT-1,14064,183,GRCh38
AACCCACAGTCGCATA-1,101,1061,mm10
AACCCAGCAACCTTGC-1,7845,52,GRCh38
AACCCAGCAATCCTAT-1,17839,131,GRCh38
AACCCAGCAATTAGTG-1,17271,98,GRCh38
AACCCAGCACTTCACA-1,13840,110,GRCh38
AACCCAGCATAACTCT-1,16023,95,GRCh38
AACCCAGCATCGGTTC-1,54,389,mm10
AACCCAGCATTAGCCC-1,42,651,mm10
AACCCTAAGTGCAAGG-1,10330,123,GRCh38
AACCCTGGTAGTAGAT-1,12915,147,GRCh38
AACCCTGGTGAACGCG-1,20076,211,GRCh38
AACCCTGGTGAAGCGT-1,48,998,mm10
AACCCTGGTGATAGGC-1,5342,92,GRCh38
AACCGAAGTTAAGCAG-1,9930,85,GRCh38
AACCGAAGTTCCCTGT-1,20724,253,GRCh38
AACCGAAGTTGTGGAA-1,80,777,mm10
AACCGATCAATCCCGT-1,67,839,mm10
AACCGATCACCTTAGC-1,11737,118,GRCh38
AACCGGGGTAGTTGGA-1,6706,53,GRCh38
AACCTAACAAGTGGTT-1,5265,128,GRCh38
AACCTAACAATCGAGT-1,12377,71,GRCh38
AACCTAACATTCGGGA-1,11190,185,GRCh38
AACCTAGTCACCATGA-1,13383,107,GRCh38
AACCTAGTCACCTTAC-1,19205,243,GRCh38
AACCTCAAGTGTCAAT-1,33134,226,GRCh38
AACCTTAGTTATCATG-1,4939,116,GRCh38
AACCTTAGTTGAGGAC-1,21860,193,GRCh38
AACCTTAGTTTGCATA-1,50,863,mm10
AACCTTGAGATTAGGA-1,14534,136,GRCh38
AACCTTGAGTACGGGA-1,30720,176,GRCh38
AACCTTGAGTAGCGTC-1,18194,237,GRCh38
AACGAATGTCCATCTC-1,21276,247,GRCh38
AACGAATGTTCGAGCC-1,14535,159,GRCh38
AACGAATGTTGGTAAG-1,26619,201,GRCh38
AACGAATGTTTCGACG-1,6669,113,GRCh38
AACGACTCACAAGCAT-1,12071,111,GRCh38
AACGATCCAATTGGTA-1,28764,333,GRCh38
AACGATCCATCACGGA-1,82,2180,mm10
AACGATCCATTCGTGC-1,12735,139,GRCh38
AACGATGGTTCTGGAT-1,18839,178,GRCh38
AACGCAAGTGATTCCG-1,3001,897,Multiplet
AACGCAAGTTAACGTC-1,6824,64,GRCh38
AACGCAAGTTAGGTAG-1,18943,210,GRCh38
AACGCCACAATTCAAG-1,30812,250,GRCh38
AACGCCACAGTAAGCT-1,56624,255,GRCh38
AACGCCCGTAAGGGCT-1,12912,103,GRCh38
AACGCCCGTCTAATTG-1,800,39,GRCh38
AACGCGAAGAAGGAGA-1,40,637,mm10
AACGCGAAGCCTTCCA-1,18049,229,GRCh38
AACGCGAAGTTAGTGT-1,21975,249,GRCh38
AACGCGCCAGCAGGAG-1,5926,52,GRCh38
AACGCGCCAGCTAACG-1,72958,252,GRCh38
AACGCTATCCCGTACC-1,4895,108,GRCh38
AACGCTATCCTTGAGA-1,16924,167,GRCh38
AACGCTATCGCTGAGT-1,3756,111,GRCh38
AACGCTCAGCTACTCT-1,52,998,mm10
AACGCTTGTAGGTCAA-1,9320,136,GRCh38
AACGCTTGTTTAGTCA-1,13981,90,GRCh38
AACGGATAGTCAGGGA-1,741,334,GRCh38
AACGGATAGTTAGTGT-1,57,415,mm10
AACGGCAAGTCAGGTC-1,24776,171,GRCh38
AACGGCGGTAGGTAGC-1,1851,18,GRCh38
AACGGCGGTCATCACG-1,77,1423,mm10
AACGGCGGTCATCGCA-1,10791,82,GRCh38
AACGGCGGTGAGTGTA-1,2038,125,GRCh38
AACGGCGGTTTCCATT-1,11511,78,GRCh38
AACGGGGCAAGCCTAG-1,19338,108,GRCh38
AACGGGGCACTAGGTG-1,38284,287,GRCh38
AACGGGGCAGGGACAG-1,8852,165,GRCh38
AACGGGGCATGGCGAC-1,15346,126,GRCh38
AACGGTAGTGGGTTAA-1,12373,93,GRCh38
AACGGTGAGCATGATT-1,13899,169,GRCh38
AACGTAGGTCATGTCG-1,2603,215,GRCh38
AACGTAGGTTGACGCC-1,10782,121,GRCh38
AACGTTGTCATGACTG-1,2457,66,GRCh38
AACGTTGTCTTGATGG-1,10409,65,GRCh38
AACTAGAAGCTTACCT-1,11182,106,GRCh38
AACTAGCCAAACCGCA-1,11360,273,GRCh38
AACTAGCCAGGCATAT-1,3078,424,GRCh38
AACTCAACAACCCTTA-1,40338,201,GRCh38
AACTCAACAAGTCGCA-1,41,544,mm10
AACTCAACATCGCTAC-1,52,585,mm10
AACTCGATCCAGAGGA-1,25806,165,GRCh38
AACTCGATCCAGCCTC-1,2613,52,GRCh38
AACTCTTCAAATCACA-1,12192,98,GRCh38
AACTCTTCAGGACACC-1,9890,82,GRCh38
AACTCTTCATGGATAC-1,32453,174,GRCh38
AACTGAAAGGAATGCG-1,23978,210,GRCh38
AACTGAAAGGGGACGT-1,18355,159,GRCh38
AACTGAAAGTAACGCC-1,9275,147,GRCh38
AACTGAAAGTCGCTCC-1,90,1911,mm10
AACTGACCAAACCACG-1,38,727,mm10
AACTGACCAGCACTCT-1,1874,44,GRCh38
AACTGACCAGTAATTG-1,90,1596,mm10
AACTGAGGTTGACTGT-1,12151,160,GRCh38
AACTGCATCTAATCGG-1,14145,98,GRCh38
AACTGGTCATCCCGTG-1,11643,89,GRCh38
AACTGGTCATCGGTCT-1,17057,183,GRCh38
AACTTCCTCTATGGGC-1,1057,78,GRCh38
AACTTCTCAATCGCCT-1,13687,152,GRCh38
AACTTCTCATAGGTGT-1,19709,187,GRCh38
AACTTCTCATTCGCAC-1,13328,78,GRCh38
AACTTGGTCCGTATAG-1,9540,122,GRCh38
AACTTTGGTAGCGGCA-1,14617,178,GRCh38
AACTTTGGTATTGCAC-1,46,444,mm10
AACTTTGGTCTTGAGT-1,8242,61,GRCh38
AACTTTGGTTGCAGGG-1,30338,277,GRCh38
AAGCAAATCAAGTCTG-1,1714,63,GRCh38
AAGCAAATCAATTCCC-1,12268,133,GRCh38
AAGCAACAGGTAGTCC-1,7562,124,GRCh38
AAGCAATGTAGTGCAA-1,16450,215,GRCh38
AAGCAATGTATTGACC-1,9743,135,GRCh38
AAGCAATGTCAGTTCG-1,9831,131,GRCh38
AAGCACCTCAATCGCA-1,16465,215,GRCh38
AAGCACCTCCCGTGTC-1,12833,198,GRCh38
AAGCACCTCGCTCACC-1,11625,96,GRCh38
AAGCATCCACATAGCG-1,21680,185,GRCh38
AAGCATGGTTATCGGT-1,8955,89,GRCh38
AAGCATGGTTCGTGGC-1,15915,124,GRCh38
AAGCATTTCACAGGGA-1,60,1050,mm10
AAGCATTTCAGGTCCG-1,8614,97,GRCh38
AAGCATTTCGAGGTCT-1,3235,94,GRCh38
AAGCATTTCTATGTGG-1,10235,95,GRCh38
AAGCCAAGTTTCGGCA-1,9621,168,GRCh38
AAGCCATCAACCAAGT-1,21276,209,GRCh38
AAGCCATCATAGACGT-1,13444,135,GRCh38
AAGCCATCATCGGTGA-1,32924,176,GRCh38
AAGCCCCGTCATGATC-1,9759,111,GRCh38
AAGCCCCGTGCGAGTG-1,5244,95,GRCh38
AAGCCGCCAAATCCAA-1,7380,5724,Multiplet
AAGCCGCCAATCGAGT-1,16905,173,GRCh38
AAGCCTATCACGTAGC-1,5204,193,GRCh38
AAGCCTATCATGCTAG-1,19422,161,GRCh38
AAGCCTATCCAGGTTA-1,12159,140,GRCh38
AAGCCTATCCATCCCA-1,2475,67,GRCh38
AAGCCTATCCGGGTCA-1,17441,137,GRCh38
AAGCCTGCAAACCGCA-1,44109,336,GRCh38
AAGCCTGCAGGACACC-1,34862,545,Multiplet
AAGCCTGCAGGGACTC-1,14543,174,GRCh38
AAGCGATAGGTACACC-1,16410,251,GRCh38
AAGCGATAGTGAAGTA-1,55,1161,mm10
AAGCGCAAGGTTAATC-1,14603,496,Multiplet
AAGCGGATCACGGACT-1,19388,115,GRCh38
AAGCGGATCATGCAGC-1,12406,190,GRCh38
AAGCGGATCCGGGTAT-1,19572,115,GRCh38
AAGCGGGCAAAGGTAG-1,57,775,mm10
AAGCGGGCAATCGTCC-1,50,537,mm10
AAGCTAAAGATTAAGG-1,123,2590,mm10
AAGCTAAAGCGATCCG-1,1239,112,GRCh38
AAGCTAGGTGAGGTGT-1,14702,174,GRCh38
AAGCTAGGTGCGGAAT-1,17341,183,GRCh38
AAGCTAGGTTGCCCAA-1,9766,74,GRCh38
AAGCTAGGTTGGCGCT-1,51,687,mm10
AAGCTAGGTTTGCAGT-1,51,389,mm10
AAGCTCGCAACCGCTT-1,19615,209,GRCh38
AAGCTCGCACATTGCC-1,66,1171,mm10
AAGCTCGCACCTACGT-1,70764,365,GRCh38
AAGCTCTGTGGCGACA-1,10919,77,GRCh38
AAGCTTGTCATGCACA-1,11833,95,GRCh38
AAGGAAAGTAACCACT-1,24597,290,GRCh38
AAGGAAAGTAAGTCAG-1,7581,38,GRCh38
AAGGAAAGTGATTGCT-1,1401,383,GRCh38
AAGGACTAGCCACGCA-1,26362,216,GRCh38
AAGGACTAGCTAACTG-1,16299,133,GRCh38
AAGGACTAGGGGATAT-1,27595,234,GRCh38
AAGGCAACAAGCATGT-1,205,3936,mm10
AAGGCCAAGATAGTCT-1,10018,128,GRCh38
AAGGCCAAGCAAGGTG-1,9040,103,GRCh38
AAGGCCAAGGGGTCAA-1,45723,281,GRCh38
AAGGCCCCAGTACTCC-1,24963,180,GRCh38
AAGGCCCCATAGGTAC-1,5542,151,GRCh38
AAGGCTAGTCTCCACT-1,17258,189,GRCh38
AAGGCTAGTTACACGT-1,12745,146,GRCh38
AAGGGCATCCAACCAA-1,35763,255,GRCh38
AAGGGCATCGTTAGTG-1,15850,118,GRCh38
AAGGGCCAGGATTGCC-1,20211,1216,Multiplet
AAGGGCCAGTAATGTC-1,13973,124,GRCh38
AAGGGGTCAATCTGGG-1,10418,113,GRCh38
AAGGGGTCACCATTCA-1,9796,75,GRCh38
AAGGGGTCAGGATGGG-1,163,3176,mm10
AAGGGGTCATCCCATA-1,1222,129,GRCh38
AAGGGTTAGCCAGACT-1,10549,132,GRCh38
AAGGTAATCAGTATCG-1,1795,45,GRCh38
AAGGTAATCAGTTACG-1,161,2978,mm10
AAGGTAATCCTGCATT-1,7522,73,GRCh38
AAGGTATGTAAGCTCT-1,77,656,mm10
AAGGTATGTAATTGCC-1,23872,140,GRCh38
AAGGTATGTTAGACTC-1,2931,64,GRCh38
AAGGTATGTTGCACTG-1,10968,1004,Multiplet
AAGGTATGTTTACGAC-1,17592,181,GRCh38
AAGGTCAGTCATGAGA-1,89,1536,mm10
AAGGTCAGTTGTGCTG-1,10626,177,GRCh38
AAGGTTAAGAATCGGG-1,32482,218,GRCh38
AAGGTTAAGCCTAAGC-1,4111,119,GRCh38
AAGGTTAAGGGGTACA-1,1062,152,GRCh38
AAGGTTAAGGTAGGAT-1,64,550,mm10
AAGGTTGGTGACTCTG-1,13951,225,GRCh38
AAGGTTGGTGATCAAG-1,95,1770,mm10
AAGGTTGGTTGCCCTT-1,11381,144,GRCh38
AAGTAACGTCTTGCGA-1,4542,86,GRCh38
AAGTAACGTGATGCCC-1,10829,126,GRCh38
AAGTAACGTGGAGCCA-1,12900,107,GRCh38
AAGTAACGTTTAGGAG-1,19000,105,GRCh38
AAGTAAGTCAGCTGGT-1,13402,158,GRCh38
AAGTACCCACAAGCCA-1,50224,275,GRCh38
AAGTACCCACATGCGA-1,15296,272,GRCh38
AAGTACGGTGATCAGA-1,18282,172,GRCh38
AAGTATGAGCGATCAC-1,9665,157,GRCh38
AAGTATGAGCTAGTTG-1,6850,96,GRCh38
AAGTCAAAGGCGTTAC-1,9732,125,GRCh38
AAGTCAAAGGTAGACG-1,7643,82,GRCh38
AAGTCAAAGGTTCAAT-1,28640,278,GRCh38
AAGTCACCACTAACGG-1,10726,170,GRCh38
AAGTCACCATAATTCC-1,13850,121,GRCh38
AAGTCAGGTGCAATCT-1,8481,97,GRCh38
AAGTCATTCCAGCGTG-1,39375,285,GRCh38
AAGTCATTCCATCGTT-1,1420,74,GRCh38
AAGTCATTCGACCGAT-1,2888,1761,Multiplet
AAGTCCATCACCTACT-1,5333,143,GRCh38
AAGTCCATCACGCGCA-1,13752,121,GRCh38
AAGTCCATCAGTGCTA-1,19805,131,GRCh38
AAGTCGCTCAATTAGC-1,31966,262,GRCh38
AAGTGATGTTCCGTCT-1,148,4068,mm10
AAGTGATGTTGGTCTG-1,12539,121,GRCh38
AAGTGCCTCACATTGG-1,21298,244,GRCh38
AAGTGCCTCACGTTAG-1,9859,120,GRCh38
AAGTGGACAGGTTACG-1,11667,180,GRCh38
AAGTGGACATCCGCTG-1,12579,136,GRCh38
AAGTGGACATTGACGG-1,53,595,mm10
AAGTGGACATTGCCGT-1,101,2834,mm10
AAGTGGGTCAGGAGTG-1,2762,1236,Multiplet
AAGTGGGTCATGGATT-1,1195,234,GRCh38
AAGTGGGTCCAGGTTA-1,8471,91,GRCh38
AAGTGGGTCGACTAAT-1,28312,136,GRCh38
AAGTGGGTCGCGCCTT-1,11003,140,GRCh38
AAGTGTCCAAATCCAA-1,15482,146,GRCh38
AAGTGTCCAAATTCGA-1,4020,70,GRCh38
AAGTGTCCACCATCTA-1,17627,177,GRCh38
AAGTTCCGTTGTGGAA-1,22279,175,GRCh38
AAGTTTGCAAGTATGC-1,25075,205,GRCh38
AAGTTTGCAGTAAGTC-1,17628,152,GRCh38
AATACGAAGCAATCGC-1,9807,118,GRCh38
AATACGAAGGATGATA-1,22475,157,GRCh38
AATACGCCAAAGGATG-1,6327,424,GRCh38
AATACGCCAACCGGAC-1,14923,183,GRCh38
AATACGCCAAGCATGT-1,6238,309,GRCh38
AATACGCCAAGGTATC-1,22383,191,GRCh38
AATACGCCAAGTTCGG-1,527,69,GRCh38
AATACGCCAATCCTTG-1,10439,107,GRCh38
AATACGGGTGCAGTAA-1,12564,98,GRCh38
AATACGTTCTGTGCAA-1,4060,113,GRCh38
AATATGCTCACCAGAC-1,118,2271,mm10
AATATGCTCCTCACTG-1,12251,156,GRCh38
AATATGCTCCTTAACC-1,10836,164,GRCh38
AATATGGAGGTCATTG-1,28009,206,GRCh38
AATCACTAGGATCACC-1,10729,118,GRCh38
AATCACTAGGGTATGG-1,19674,178,GRCh38
AATCACTAGTAGCGAG-1,148,3159,mm10
AATCAGCCAATAGTGC-1,6714,124,GRCh38
AATCAGCCAGCAGTTG-1,26695,336,GRCh38
AATCATCAGCGATCCG-1,27594,249,GRCh38
AATCATCAGCTAAGGG-1,34138,213,GRCh38
AATCATCAGGCGTTCG-1,14785,178,GRCh38
AATCCAACAATGTCAA-1,68,417,mm10
AATCCAACAGCCAGGT-1,15910,164,GRCh38
AATCCAACATTCATAC-1,24609,211,GRCh38
AATCCATAGAATCGGG-1,25026,191,GRCh38
AATCCATAGGTTGCCG-1,1206,119,GRCh38
AATCCATAGTAAGGCG-1,1602,67,GRCh38
AATCCCAAGATACTAC-1,20198,204,GRCh38
AATCCCAAGTATGTCG-1,12397,165,GRCh38
AATCGAGGTGGACCTC-1,32491,285,GRCh38
AATCGCATCACCACTT-1,13061,144,GRCh38
AATCGCATCCCGTACC-1,28153,230,GRCh38
AATCGCATCCGTGTGG-1,11761,175,GRCh38
AATCGCATCGTCTCCA-1,16359,176,GRCh38
AATCGGCTCCCATGCC-1,13170,217,GRCh38
AATCGGCTCCGCGCAA-1,2715,124,GRCh38
AATCGGCTCCGTATGA-1,9600,100,GRCh38
AATCGGCTCTCACATC-1,13968,944,Multiplet
AATCGGTCAGGAGCAG-1,8400,133,GRCh38
AATCGGTCATCCGCTG-1,10435,139,GRCh38
AATCGTTAGGCGTACT-1,6036,88,GRCh38
AATCGTTAGGGCAGAC-1,9093,132,GRCh38
AATCTAGCAAGTATCA-1,136,654,mm10
AATCTCCTCGATGACC-1,17189,127,GRCh38
AATCTCCTCGATTAAC-1,9571,103,GRCh38
AATCTCCTCGTTGCGG-1,16918,270,GRCh38
AATCTGGTCATATGGT-1,15343,94,GRCh38
AATCTGGTCCAACCTT-1,14443,225,GRCh38
AATCTGGTCGCGTCTC-1,6858,60,GRCh38
AATGAACGTAACTTCA-1,69,721,mm10
AATGAACGTCATCCAG-1,9514,131,GRCh38
AATGAACGTGATTAGG-1,13181,121,GRCh38
AATGACAAGCGAAGTG-1,27229,258,GRCh38
AATGACAAGTAAGTTC-1,8006,91,GRCh38
AATGACCCATGCTGTC-1,13901,110,GRCh38
AATGACCCATGGTTAA-1,2557,49,GRCh38
AATGACCCATTGACGG-1,9934,57,GRCh38
AATGACTTCCAGCGCA-1,62,520,mm10
AATGACTTCGTTACTC-1,7419,77,GRCh38
AATGACTTCTTGACAG-1,115,1047,mm10
AATGAGGCAAGCGGAG-1,15985,173,GRCh38
AATGATGAGCTGGTAC-1,19032,173,GRCh38
AATGCAAAGTGCGCCA-1,8077,168,GRCh38
AATGCACCAAACCGGC-1,11240,120,GRCh38
AATGCACCAAACTAGC-1,5817,132,GRCh38
AATGCACCACTTGGAG-1,54,382,mm10
AATGCACCAGCACCAA-1,16417,214,GRCh38
AATGCAGGTGAACCGG-1,7034,128,GRCh38
AATGCCTGTAGGCCAG-1,13726,91,GRCh38
AATGCGAGTAACCGGG-1,1878,209,GRCh38
AATGCGGAGATTAACC-1,23,481,mm10
AATGCGGAGCGAGAGC-1,28041,144,GRCh38
AATGCGGAGGATGAAC-1,22561,252,GRCh38
AATGCGGAGTAGTCTG-1,34778,261,GRCh38
AATGCGGAGTAGTTCG-1,5182,148,GRCh38
AATGGATGTAGTCAGA-1,41316,185,GRCh38
AATGGATGTCTAATCA-1,17528,215,GRCh38
AATGGATGTGATGGGT-1,5938,134,GRCh38
AATGGATGTGGCGTGA-1,3006,49,GRCh38
AATGGATGTTTGGGTT-1,14412,183,GRCh38
AATGGCAGTTGCAGGG-1,11470,130,GRCh38
AATGGCCTCGTAGTAT-1,6063,60,GRCh38
AATGGCGAGAAGGAAG-1,35,708,mm10
AATGGGACAAACTGCG-1,13352,126,GRCh38
AATGGGCGTTGCTCGA-1,12570,114,GRCh38
AATGGGGTCCGTGAAC-1,11788,113,GRCh38
AATGGTAAGCGACTTA-1,83,1587,mm10
AATGGTAAGCGGATAG-1,10792,127,GRCh38
AATGGTAAGTGGCCTG-1,2838,85,GRCh38
AATGTCCGTATGTGGA-1,4050,79,GRCh38
AATGTCCGTGCAACGG-1,12175,141,GRCh38
AATGTCCGTGGCTGCT-1,1190,87,GRCh38
AATGTCCGTTCCAGGC-1,112,611,mm10
AATGTCCGTTGTGACT-1,106,2417,mm10
AATGTGAAGCCTTCGC-1,17934,193,GRCh38
AATGTGAAGTAATTGC-1,17657,203,GRCh38
AATGTGTTCGAGTGGA-1,8638,54,GRCh38
AATGTGTTCGCTTCCA-1,7585,82,GRCh38
AATGTGTTCTTGACTC-1,12203,122,GRCh38
AATGTTGCACTATATC-1,40860,241,GRCh38
AATGTTGCAGCAGGAG-1,14032,237,GRCh38
AATGTTGCAGGGCCAT-1,41,506,mm10
AATGTTGCAGGTAGCC-1,14385,137,GRCh38
AATGTTGCATGACGGC-1,6045,64,GRCh38
AATTACGCACTCAAGG-1,2665,1098,Multiplet
AATTACGCATCCGCTG-1,20485,255,GRCh38
AATTACGCATGGATGT-1,318,6299,mm10
AATTCAGCACTAGTAA-1,22691,143,GRCh38
AATTCAGCAGGGCCAT-1,9235,143,GRCh38
AATTCAGCATCCAGCT-1,66,549,mm10
AATTCCTCATCGATCC-1,6533,135,GRCh38
AATTGGGGTAGCTGGG-1,10789,79,GRCh38
AATTGGGGTGATGGGT-1,159,1348,mm10
AATTGGTTCCACCTCA-1,1109,125,GRCh38
AATTGGTTCCATCAAG-1,13681,95,GRCh38
AATTGGTTCGTTCAAG-1,11057,107,GRCh38
AATTGTCAGCATGGTC-1,30147,396,GRCh38
AATTGTCAGGGGCTAA-1,31891,186,GRCh38
ACAACAGGTAAGTCCT-1,10069,66,GRCh38
ACAACAGGTAGCAGGT-1,11858,139,GRCh38
ACAACAGGTCATGATC-1,17238,118,GRCh38
ACAACAGGTTATAGGG-1,11255,127,GRCh38
ACAACATTCATGTGCA-1,11508,103,GRCh38
ACAACCGCAAACTTAG-1,1462,431,GRCh38
ACAACCGCAGCACCTT-1,9233,58,GRCh38
ACAACCTGTCTAGGCC-1,119,440,mm10
ACAACTTAGCCCTACC-1,65,573,mm10
ACAACTTAGTGAATGA-1,19890,134,GRCh38
ACAAGCCTCAGGACGA-1,5032,88,GRCh38
ACAAGCCTCCCTTGCA-1,17158,230,GRCh38
ACAAGCCTCTATGGGC-1,8108,68,GRCh38
ACAAGCGAGAAGGAAG-1,7756,96,GRCh38
ACAAGCGAGGTGGATG-1,10186,108,GRCh38
ACAAGCGAGTTGCGCG-1,160,632,mm10
ACAAGCTCAAACTGTA-1,20880,113,GRCh38
ACAAGCTCAAGCTCGA-1,23151,196,GRCh38
ACAAGCTCAATAGTGC-1,2939,125,GRCh38
ACAAGGCGTGAGCATA-1,6169,117,GRCh38
ACAAGGCGTTTGAGAG-1,4232,386,GRCh38
ACAAGGGTCACCTGCC-1,390,1756,mm10
ACAAGGGTCAGCGACT-1,10896,158,GRCh38
ACAAGGGTCGATTAAC-1,7518,79,GRCh38
ACAAGGGTCTGGATAT-1,39967,212,GRCh38
ACAAGGTAGCGCAACT-1,15573,410,GRCh38
ACAAGGTAGTCAGTGC-1,12059,101,GRCh38
ACAAGTAAGTAGTCTG-1,8980,117,GRCh38
ACAAGTAAGTCAGGAG-1,1995,45,GRCh38
ACAAGTAAGTTACCTC-1,16684,103,GRCh38
ACAATAGAGTCAGTAT-1,1358,84,GRCh38
ACAATAGAGTTACAGT-1,16418,192,GRCh38
ACAATCACAACGGTAT-1,64,719,mm10
ACAATCACAGGCATTG-1,19643,538,Multiplet
ACAATCACAGGTAGTT-1,9931,206,GRCh38
ACAATCCGTCTGTGCA-1,10133,230,GRCh38
ACAATCCGTGGCAGCA-1,17700,216,GRCh38
ACAATGAAGGCGAGGT-1,1446,123,GRCh38
ACAATGAAGTATGTGT-1,1226,86,GRCh38
ACAATGGGTAGTCCGC-1,10306,126,GRCh38
ACAATGGGTAGTGCAA-1,12601,112,GRCh38
ACAATGGGTTGCGTAT-1,7635,73,GRCh38
ACAATTCAGCTTAACG-1,3079,124,GRCh38
ACAATTCAGGGTATCC-1,17709,101,GRCh38
ACAATTCAGTCAGTAT-1,15602,239,GRCh38
ACACAACCATCGTTGC-1,80,1195,mm10
ACACAACCATTAAGCA-1,3611,88,GRCh38
ACACAACCATTACGGG-1,109,2479,mm10
ACACAAGGTCAGTTAC-1,9811,87,GRCh38
ACACAAGGTCTCCAAG-1,78,798,mm10
ACACACGCAATAGCCG-1,58,1148,mm10
ACACACGCAATCGTCC-1,8359,90,GRCh38
ACACACGCACATAGCG-1,173,3769,mm10
ACACACGCACCTGCCA-1,35537,288,GRCh38
ACACACGCAGTTAATG-1,15820,143,GRCh38
ACACAGTCACTACCAC-1,1220,87,GRCh38
ACACAGTCATCGTTCA-1,38091,157,GRCh38
ACACATTAGCAAGCGA-1,36822,229,GRCh38
ACACATTAGCCTCTGC-1,8751,130,GRCh38
ACACATTAGGTGATGG-1,873,45,GRCh38
ACACATTAGTACCACA-1,30762,164,GRCh38
ACACCAGCAAGGGATA-1,4312,81,GRCh38
ACACCAGCACAAGCAT-1,11535,174,GRCh38
ACACCAGCAGCAGTCA-1,38168,181,GRCh38
ACACCAGCATAAGGTC-1,14361,91,GRCh38
ACACCAGCATTGGCAG-1,4891,80,GRCh38
ACACCCAGTTAGGGTA-1,10776,116,GRCh38
ACACCCAGTTTACGAC-1,9673,67,GRCh38
ACACCCTCAAGGGACG-1,105,2175,mm10
ACACCCTCAATCAGGT-1,8068,122,GRCh38
ACACCCTCATAAGCTA-1,6544,89,GRCh38
ACACGAAGTAACGGCG-1,32842,264,GRCh38
ACACGAAGTTGCACCA-1,23284,301,GRCh38
ACACGATCAACTATGA-1,11105,112,GRCh38
ACACGATCAGCTACTC-1,16717,200,GRCh38
ACACGATCATGGCGAC-1,9166,130,GRCh38
ACACGGTTCCGTCCTA-1,20494,158,GRCh38
ACACGGTTCGATGATT-1,10297,120,GRCh38
ACACTAGTCACCAGAC-1,10269,82,GRCh38
ACACTAGTCACCTCTG-1,165,1715,mm10
ACACTAGTCACTCGAA-1,3535,206,GRCh38
ACACTCCCATTCATCG-1,11217,128,GRCh38
ACACTGATCATAGACT-1,12958,128,GRCh38
ACACTGATCATCATCC-1,5326,85,GRCh38
ACACTGATCGACTAGC-1,44529,241,GRCh38
ACAGAACAGCATGCGT-1,19141,201,GRCh38
ACAGAACAGGATGCAG-1,43623,198,GRCh38
ACAGAACAGTCAAGGG-1,12275,155,GRCh38
ACAGAATGTAACGAGC-1,14963,208,GRCh38
ACAGACAGTAGTCAGA-1,11814,110,GRCh38
ACAGACTCAACTTCAT-1,32675,205,GRCh38
ACAGATGGTTATGGAG-1,6788,80,GRCh38
ACAGATGGTTATGTGC-1,9206,114,GRCh38
ACAGATGGTTCAATGC-1,12913,129,GRCh38
ACAGCAAGTAGCCTTG-1,12578,174,GRCh38
ACAGCAAGTCTAACGT-1,21289,231,GRCh38
ACAGCCACACAAGCTG-1,10394,142,GRCh38
ACAGCCCGTAGGCGCA-1,1971,91,GRCh38
ACAGCCCGTCTAGCCA-1,10991,105,GRCh38
ACAGCCCGTCTTACGG-1,28414,334,GRCh38
ACAGCCCGTGACGACG-1,8922,98,GRCh38
ACAGCCCGTGCAATGA-1,19269,166,GRCh38
ACAGCCCGTTTGACAC-1,1241,45,GRCh38
ACAGCGAAGCCATTGA-1,9421,138,GRCh38
ACAGCGAAGGGTAGGC-1,8083,108,GRCh38
ACAGCGGGTGACTTCG-1,13974,168,GRCh38
ACAGCGGGTTCGGTCA-1,10756,154,GRCh38
ACAGCGGGTTTAGCGT-1,16066,154,GRCh38
ACAGCTATCATGCTAG-1,1565,123,GRCh38
ACAGCTATCCTGATTC-1,7914,88,GRCh38
ACAGCTATCCTGCGGA-1,84,416,mm10
ACAGCTCAGGGTAGCA-1,2001,285,GRCh38
ACAGCTCAGGTTCAAT-1,42,413,mm10
ACAGCTTGTTATGGCT-1,7785,186,GRCh38
ACAGCTTGTTCGCTCT-1,26039,265,GRCh38
ACAGCTTGTTGCATTA-1,1923,148,GRCh38
ACAGGAACATAACTCT-1,22444,147,GRCh38
ACAGGATAGCGATTGC-1,7249,82,GRCh38
ACAGGATAGTAGTTAC-1,8244,105,GRCh38
ACAGGCAAGTTAGGCC-1,15383,183,GRCh38
ACAGGCGGTCCATAGT-1,166,3553,mm10
ACAGGCTTCAATTGCG-1,766,57,GRCh38
ACAGGCTTCACTCGCC-1,693,64,GRCh38
ACAGGCTTCAGCATCA-1,16914,104,GRCh38
ACAGGCTTCCCGTACC-1,8206,99,GRCh38
ACAGGCTTCCGGGCTA-1,51,764,mm10
ACAGGGATCCAACTTC-1,13502,289,GRCh38
ACAGGGGCACATACTT-1,8420,48,GRCh38
ACAGGGGCACATAGCG-1,14117,156,GRCh38
ACAGGGGCACTTCATG-1,65,869,mm10
ACAGGGGCAGGTAACT-1,12150,148,GRCh38
ACAGGGGCATGCGTTC-1,11920,122,GRCh38
ACAGGTAGTAGCCTCA-1,6887,164,GRCh38
ACAGGTGAGCGATTGC-1,1891,35,GRCh38
ACAGGTGAGCGCTACG-1,1106,43,GRCh38
ACAGGTGAGTCATCAG-1,18091,171,GRCh38
ACAGGTGAGTCTAGGC-1,11451,64,GRCh38
ACAGGTTCAATCTACT-1,10210,619,Multiplet
ACAGGTTCACTAACTT-1,14186,92,GRCh38
ACAGGTTCATCGCTGT-1,33782,275,GRCh38
ACAGTCATCAGTTACG-1,9114,70,GRCh38
ACAGTCATCCGTAGCG-1,21698,116,GRCh38
ACAGTCATCGATCACA-1,1197,655,GRCh38
ACAGTCATCTGGCCTC-1,2409,102,GRCh38
ACAGTCGCATCACGTC-1,4207,53,GRCh38
ACAGTGAGTAACTCTA-1,32968,299,GRCh38
ACAGTGAGTATGGCAA-1,16564,205,GRCh38
ACAGTGAGTCAGTAAG-1,13350,150,GRCh38
ACAGTGAGTTGTCCGA-1,15100,167,GRCh38
ACAGTTACATGGTGTG-1,15471,143,GRCh38
ACAGTTGTCACCAGAC-1,10392,169,GRCh38
ACAGTTGTCAGCGAAG-1,23985,202,GRCh38
ACAGTTGTCCTCTAAC-1,17043,160,GRCh38
ACAGTTTAGCTTCCGC-1,38393,932,Multiplet
ACATAGAAGATAGTCT-1,66,617,mm10
ACATAGAAGCATGACC-1,2364,102,GRCh38
ACATAGAAGTGACGGA-1,20518,228,GRCh38
ACATAGAAGTTGGGTC-1,22485,215,GRCh38
ACATAGCCAGGTATGT-1,2636,86,GRCh38
ACATATCAGCTAGTGC-1,27967,223,GRCh38
ACATCATAGCGCAACT-1,18913,123,GRCh38
ACATCATAGCTATCTC-1,12075,84,GRCh38
ACATCATAGTGAGCGA-1,7309,116,GRCh38
ACATCATAGTGCTCAA-1,500,44,GRCh38
ACATCCCCAATATGTG-1,7725,62,GRCh38
ACATCCGGTCAAGGTA-1,23537,143,GRCh38
ACATCCGGTGACCGAG-1,690,436,GRCh38
ACATCCTTCAAGTTAC-1,11487,184,GRCh38
ACATCTTCAAGCGGAG-1,2005,265,GRCh38
ACATCTTCACTTGACC-1,51,791,mm10
ACATGAGGTCATCGTG-1,7934,91,GRCh38
ACATGAGGTTATGCAC-1,16329,174,GRCh38
ACATGCATCACCACGG-1,13273,145,GRCh38
ACATGCATCACTCTAC-1,19535,159,GRCh38
ACATGCATCAGCCATA-1,9170,92,GRCh38
ACATGCATCCCCATTG-1,7902,125,GRCh38
ACATGCATCCGTGAAC-1,93,440,mm10
ACATGCCAGAACGATA-1,3502,3232,Multiplet
ACATGCCAGTACCATG-1,16480,157,GRCh38
ACATGGTCAATTACTC-1,3574,202,GRCh38
ACATGGTCATCCCAAC-1,40009,289,GRCh38
ACATGGTCATGAAGTC-1,12872,243,GRCh38
ACATGGTCATGGATTA-1,20167,254,GRCh38
ACATGTTAGAAGGACT-1,9838,96,GRCh38
ACATGTTAGCGCTATA-1,24202,244,GRCh38
ACATGTTAGCTGGATC-1,8892,173,GRCh38
ACATGTTAGGTTCCGG-1,830,42,GRCh38
ACATGTTAGTATCTGG-1,2660,169,GRCh38
ACATTAGCAGCAGGCT-1,1183,56,GRCh38
ACATTAGCAGGATCAT-1,33797,144,GRCh38
ACATTAGCATCGGGTA-1,12343,112,GRCh38
ACATTCAGTGGCGTCT-1,5087,102,GRCh38
ACATTCAGTTGCCCAA-1,14441,155,GRCh38
ACATTCAGTTTGAGGA-1,27875,199,GRCh38
ACATTCCTCCGCACAG-1,18541,157,GRCh38
ACATTCCTCCGCGACA-1,14815,191,GRCh38
ACATTCCTCCTCACCA-1,31274,397,GRCh38
ACATTCCTCTGGCTAA-1,2880,151,GRCh38
ACATTGGTCCCTGTCA-1,15920,195,GRCh38
ACATTTCCAAGCCTCT-1,10520,205,GRCh38
ACATTTCCACCTCGAT-1,17018,329,GRCh38
ACATTTCCATGATAGC-1,16341,113,GRCh38
ACATTTGGTAGCCATT-1,10718,111,GRCh38
ACATTTGGTCTTGGTG-1,13115,140,GRCh38
ACCAAACCAAGCCGAC-1,79,1070,mm10
ACCAAACCATAAGCTA-1,15305,140,GRCh38
ACCAAACCATCACACC-1,12335,122,GRCh38
ACCAAAGGTTTAATCG-1,10811,95,GRCh38
ACCAAATTCCATCTAC-1,1961,61,GRCh38
ACCAAATTCGTTGCGG-1,19277,126,GRCh38
ACCAACATCAATGGCC-1,10366,140,GRCh38
ACCAACATCAGCAAGG-1,48,625,mm10
ACCAAGCTCAGCGATC-1,1947,87,GRCh38
ACCAAGTCAATATCAG-1,6049,95,GRCh38
ACCAAGTCAATCGGTG-1,1424,446,GRCh38
ACCAAGTCAGGATGAA-1,8543,53,GRCh38
ACCAAGTCATTCAGCC-1,1306,53,GRCh38
ACCAATGTCAGCATAT-1,73,776,mm10
ACCAATGTCAGGTCGT-1,43366,243,GRCh38
ACCAATGTCCCATGCC-1,11329,108,GRCh38
ACCACAATCCCTTGAT-1,2043,105,GRCh38
ACCACAATCCTCTCGA-1,15598,192,GRCh38
ACCACAATCCTTCAGT-1,22809,221,GRCh38
ACCACACAGCATGCAC-1,6675,118,GRCh38
ACCACACAGCGAGACA-1,16043,135,GRCh38
ACCACACAGCTAGCCG-1,13600,97,GRCh38
ACCACACAGGCGAAGC-1,11148,99,GRCh38
ACCACAGCAACCTGAG-1,61,996,mm10
ACCACAGCACTTCATG-1,25083,107,GRCh38
ACCACAGCATTAACTC-1,13482,174,GRCh38
ACCACGTAGGTCACAC-1,22445,259,GRCh38
ACCACGTAGTTAGCCA-1,22327,300,GRCh38
ACCACTAAGTACGGGA-1,21974,190,GRCh38
ACCAGGCCAAAGGAAT-1,16798,116,GRCh38
ACCAGGCCAAGCGGTC-1,14322,125,GRCh38
ACCAGGCCAATCTCAT-1,10629,125,GRCh38
ACCATAACAACCCTAC-1,34271,298,GRCh38
ACCATAACAAGTGTAC-1,42725,204,GRCh38
ACCATAACAATTGACA-1,8447,82,GRCh38
ACCATATAGCCCGTAG-1,59555,279,GRCh38
ACCATATAGGCACTGT-1,17634,1994,Multiplet
ACCATATAGTAGTAAG-1,939,180,GRCh38
ACCATCAAGGCACTTA-1,16744,169,GRCh38
ACCATCAAGGCTCTGG-1,1850,533,GRCh38
ACCATCAAGGGTCACT-1,5254,109,GRCh38
ACCATCCCAATATACG-1,7301,82,GRCh38
ACCATCCCAGGCATCA-1,13142,97,GRCh38
ACCATTAGTATGGTCT-1,9299,120,GRCh38
ACCATTAGTGAGGATC-1,37,634,mm10
ACCATTAGTGGGTCAG-1,67,1193,mm10
ACCATTAGTTCGGCAC-1,14114,141,GRCh38
ACCATTGAGATAGGAC-1,9295,199,GRCh38
ACCATTGAGCGGCATT-1,24837,275,GRCh38
ACCATTGAGGCGATTC-1,13254,140,GRCh38
ACCATTGAGTGAGTAA-1,5054,94,GRCh38
ACCCAAATCACTTGGA-1,3684,92,GRCh38
ACCCAAATCTGTGAAT-1,2061,99,GRCh38
ACCCAACAGCCACTAA-1,59,719,mm10
ACCCAACAGGAATCAA-1,2908,238,GRCh38
ACCCAACAGGATTGGG-1,3055,279,GRCh38
ACCCAATGTGCAACTT-1,36479,252,GRCh38
ACCCAGACAAGTTCCC-1,10318,73,GRCh38
ACCCAGACATAGGTCG-1,4649,176,GRCh38
ACCCAGGTCAGGTCGT-1,18302,165,GRCh38
ACCCAGTAGGCGCATT-1,8574,104,GRCh38
ACCCAGTAGGGTTGCT-1,18482,166,GRCh38
ACCCATAAGTAATGTC-1,18784,136,GRCh38
ACCCATCCAGGGCTAC-1,13084,149,GRCh38
ACCCATGGTAATGAAC-1,10316,121,GRCh38
ACCCATGGTGGCTCGT-1,17575,156,GRCh38
ACCCATGGTTGTGACT-1,38199,306,GRCh38
ACCCATTTCACGCATA-1,21529,160,GRCh38
ACCCATTTCGCGCACA-1,17035,94,GRCh38
ACCCATTTCTGTGGAC-1,589,145,GRCh38
ACCCCAAGTAACCACT-1,833,499,GRCh38
ACCCCATCACTTACGC-1,59,584,mm10
ACCCCGAAGTCATAGT-1,2320,76,GRCh38
ACCCCGTTCCCATTAC-1,1185,69,GRCh38
ACCCCTGCAACCTACC-1,1650,50,GRCh38
ACCCCTGCACCTAATT-1,12459,162,GRCh38
ACCCCTTGTGATCCTG-1,658,552,GRCh38
ACCCCTTGTTAGGGAC-1,7124,120,GRCh38
ACCCGAACACATTGAA-1,29806,165,GRCh38
ACCCGAACATAGGCCA-1,4289,909,Multiplet
ACCCGAACATGACACG-1,7346,65,GRCh38
ACCCGATAGGCGAGTA-1,27484,201,GRCh38
ACCCGATAGTCAAGCC-1,7079,171,GRCh38
ACCCGCAAGATTCCGA-1,10382,124,GRCh38
ACCCGCTTCACTAGAT-1,14348,149,GRCh38
ACCCGCTTCCCAATGA-1,13038,194,GRCh38
ACCCGCTTCCTGTGCC-1,170,3407,mm10
ACCCGCTTCCTTGGTT-1,16421,113,GRCh38
ACCCGCTTCTCATGTC-1,115,1114,mm10
ACCCGTGAGCCTGTGG-1,37352,214,GRCh38
ACCCTAGGTAGTGCAA-1,34891,233,GRCh38
ACCCTAGGTCAGTCGC-1,10578,90,GRCh38
ACCCTAGGTCTAATCA-1,11019,120,GRCh38
ACCCTAGGTGAAGGCT-1,9043,66,GRCh38
ACCCTAGGTGAGGTGT-1,35,452,mm10
ACCCTAGGTTTGACTA-1,843,1428,mm10
ACCCTATTCTTGATCC-1,10711,159,GRCh38
ACCCTCATCAGCATCA-1,18987,176,GRCh38
ACCCTCATCATGGTTG-1,1309,74,GRCh38
ACCCTCATCCTCACGC-1,13792,104,GRCh38
ACCCTCGCATTAACTC-1,37964,201,GRCh38
ACCCTCTGTGAGTGTA-1,5978,68,GRCh38
ACCCTCTGTTGACTCG-1,92,955,mm10
ACCCTGCTCCATGACA-1,77,587,mm10
ACCCTGCTCCCGCACT-1,1402,244,GRCh38
ACCCTGCTCCTGCGAG-1,26604,260,GRCh38
ACCCTGCTCTTGAACG-1,11515,56,GRCh38
ACCCTTTAGCCAGACT-1,10529,63,GRCh38
ACCCTTTAGCTAGTAT-1,33953,281,GRCh38
ACCGAAAGTATGGTGA-1,13302,162,GRCh38
ACCGAAAGTCATTCAA-1,13662,225,GRCh38
ACCGAAAGTTTGCATA-1,11872,140,GRCh38
ACCGACCGTATTAGGG-1,9829,91,GRCh38
ACCGACCGTCTGGCAC-1,13207,75,GRCh38
ACCGACTAGCCTATCT-1,7566,124,GRCh38
ACCGACTAGGCATTCA-1,29522,261,GRCh38
ACCGACTAGGTAACGG-1,5350,151,GRCh38
ACCGACTAGTCATACG-1,10073,123,GRCh38
ACCGAGGGTCAGGACG-1,884,120,GRCh38
ACCGAGGGTCCCGAGT-1,10852,125,GRCh38
ACCGATGCAAGCTGTG-1,15171,210,GRCh38
ACCGATGCAATTCATC-1,56886,199,GRCh38
ACCGATGCACCTGGAA-1,11201,162,GRCh38
ACCGATGCATTACCGC-1,1151,194,GRCh38
ACCGATTGTCAATCTA-1,8861,103,GRCh38
ACCGATTGTTATCGGT-1,255,7205,mm10
ACCGATTGTTGGAGAC-1,15498,133,GRCh38
ACCGCCAAGCAGGTCT-1,11909,93,GRCh38
ACCGCCAAGTCGACAC-1,17790,198,GRCh38
ACCGCTAGTTCACGCA-1,8733,135,GRCh38
ACCGGATTCCATCGTT-1,17288,112,GRCh38
ACCGGATTCCGCACGA-1,3222,194,GRCh38
ACCGGATTCTGGTGAC-1,89,2098,mm10
ACCGGCTGTGCAGTAA-1,8901,65,GRCh38
ACCGGCTGTTGTGGTT-1,7641,96,GRCh38
ACCGGCTGTTTCAGTA-1,11740,67,GRCh38
ACCGGTTAGCAATGAA-1,15607,108,GRCh38
ACCGGTTAGGGTAGTG-1,13326,205,GRCh38
ACCGGTTAGTAAGCCC-1,10266,82,GRCh38
ACCGGTTAGTTAGCGC-1,11195,131,GRCh38
ACCGTTGGTCTAGCGC-1,12967,145,GRCh38
ACCTAACGTAAGGTAT-1,22409,143,GRCh38
ACCTAAGTCACACCGG-1,1182,62,GRCh38
ACCTAAGTCACCTGCC-1,57,685,mm10
ACCTAAGTCCATTAGG-1,13510,95,GRCh38
ACCTAAGTCGATTCCT-1,24834,207,GRCh38
ACCTAAGTCTAGTTGG-1,89,681,mm10
ACCTACCCACTATACT-1,12388,172,GRCh38
ACCTACTTCAGGGCAA-1,685,56,GRCh38
ACCTACTTCGTAACCA-1,1328,185,GRCh38
ACCTACTTCGTACTTC-1,13076,84,GRCh38
ACCTATGAGCATTCAG-1,3557,50,GRCh38
ACCTATGAGGGGTACA-1,12005,163,GRCh38
ACCTCACCAAGGGCTC-1,8374,77,GRCh38
ACCTCACCAATTAGCA-1,19254,166,GRCh38
ACCTCACCACAGCCAA-1,8285,379,GRCh38
ACCTCACCACTCAAGG-1,26872,219,GRCh38
ACCTCCATCCTTAGTC-1,6204,142,GRCh38
ACCTCCATCGTCTACT-1,5051,107,GRCh38
ACCTCCGCAAACTGGT-1,53974,257,GRCh38
ACCTCCGCACATGCAG-1,5979,119,GRCh38
ACCTCCGCACGCCATT-1,10100,156,GRCh38
ACCTCCGCATTGCGCT-1,10799,82,GRCh38
ACCTCGCTCCCCAAGG-1,9946,112,GRCh38
ACCTCTTAGCCGATGT-1,4934,117,GRCh38
ACCTCTTAGCGAGTCT-1,10265,92,GRCh38
ACCTGAATCTGGGATC-1,28216,230,GRCh38
ACCTGATGTTGGTCTG-1,20408,181,GRCh38
ACCTGATGTTTAGTGC-1,9570,149,GRCh38
ACCTGCCTCAGTTACG-1,17117,137,GRCh38
ACCTGGACAACTACTT-1,12728,114,GRCh38
ACCTGGACAAGTATCA-1,18228,196,GRCh38
ACCTGGACAATAGGCT-1,12490,142,GRCh38
ACCTGGACATCCTGAC-1,66,822,mm10
ACCTGGGTCGCATGAC-1,49,412,mm10
ACCTGGGTCGTAATGT-1,4282,253,GRCh38
ACCTGTCCAACCAAGT-1,16119,153,GRCh38
ACCTGTCCAACTGGGC-1,657,38,GRCh38
ACCTGTCCATGAGCAT-1,13105,119,GRCh38
ACCTGTCCATTACTAC-1,19898,184,GRCh38
ACCTTAAGTGATCCTG-1,5543,132,GRCh38
ACCTTAAGTTCCGTAG-1,26125,243,GRCh38
ACCTTCACACCTGTCG-1,61062,237,GRCh38
ACGAAATGTATTGGAG-1,16434,146,GRCh38
ACGAAATGTTTGGGCC-1,14544,197,GRCh38
ACGAACCTCGAGGTCT-1,34588,264,GRCh38
ACGAACCTCGCTCGTC-1,12067,81,GRCh38
ACGAACCTCTCATCAC-1,10756,96,GRCh38
ACGAAGGTCCTGAAGC-1,3710,55,GRCh38
ACGAAGGTCGTAGTCA-1,29896,179,GRCh38
ACGAATCCAAGCACGC-1,13079,214,GRCh38
ACGAATCCACAGCCTT-1,12666,140,GRCh38
ACGAATGGTAAGTCCT-1,19920,202,GRCh38
ACGAATGGTCTGGCTA-1,10713,139,GRCh38
ACGAATGGTGATCCGC-1,2941,85,GRCh38
ACGAATGGTTCACGCA-1,2880,58,GRCh38
ACGAATGGTTGCTGTG-1,8593,85,GRCh38
ACGAATGGTTGTGACT-1,73,955,mm10
ACGACAAGTAGTGCCC-1,45192,233,GRCh38
ACGACATCAATGACGT-1,31133,187,GRCh38
ACGACATCAGCAGTAT-1,1069,110,GRCh38
ACGACATCATCGGTTC-1,11981,135,GRCh38
ACGACGAAGTCATCCT-1,577,37,GRCh38
ACGACGAAGTGCGCTG-1,9074,78,GRCh38
ACGACGAAGTGGCAAG-1,2529,69,GRCh38
ACGAGCAAGCGGATCT-1,57,495,mm10
ACGAGCAAGGCGTCAT-1,2727,195,GRCh38
ACGAGTAGTTACACCG-1,20149,108,GRCh38
ACGAGTAGTTGCTGGC-1,7146,220,GRCh38
ACGAGTGAGGCGTATC-1,103,2267,mm10
ACGAGTGAGGTGCGAA-1,11993,123,GRCh38
ACGAGTGAGTCAGCGT-1,34694,280,GRCh38
ACGAGTGAGTCATCTC-1,6239,213,GRCh38
ACGATAGGTATGGACA-1,8413,73,GRCh38
ACGATAGGTTAGAGTG-1,12616,135,GRCh38
ACGATAGGTTATGCGT-1,8979,96,GRCh38
ACGATATTCAAGTATC-1,26965,229,GRCh38
ACGATATTCAGCCATA-1,40417,222,GRCh38
ACGATATTCTGGCTCC-1,25493,247,GRCh38
ACGATGGAGCGGATGA-1,3217,30,GRCh38
ACGATTTAGCTGGTCG-1,18586,184,GRCh38
ACGATTTAGTGCTGGT-1,1044,68,GRCh38
ACGATTTAGTTAGCTG-1,19295,175,GRCh38
ACGCAATCAACATAGC-1,7352,75,GRCh38
ACGCAATCAATCCTCA-1,558,93,GRCh38
ACGCAATCACTCAAGG-1,1372,61,GRCh38
ACGCACTAGAATCAGA-1,17372,110,GRCh38
ACGCACTAGATAGCAA-1,15018,99,GRCh38
ACGCACTAGCTATGGC-1,20943,176,GRCh38
ACGCACTAGCTTCCTG-1,7010,70,GRCh38
ACGCACTAGGATTCAT-1,12913,153,GRCh38
ACGCACTAGGTAGTAA-1,96,2320,mm10
ACGCAGCCAAACCTAA-1,15510,425,GRCh38
ACGCAGCCAAGTGCGC-1,1209,48,GRCh38
ACGCAGCCAAGTTCAA-1,12727,123,GRCh38
ACGCAGCCAATATGCA-1,14333,141,GRCh38
ACGCAGCCACCTATGC-1,14641,187,GRCh38
ACGCATATCCATCATC-1,116,825,mm10
ACGCATATCTAGGCAC-1,13694,115,GRCh38
ACGCATTGTGGCGTCT-1,7908,54,GRCh38
ACGCCAACAACTCGGA-1,53993,258,GRCh38
ACGCCAACAGCACTTC-1,45,580,mm10
ACGCCATAGTAGCACC-1,21528,215,GRCh38
ACGCCCAAGGCGTATC-1,24850,169,GRCh38
ACGCCTAGTCAAGTTC-1,26818,287,GRCh38
ACGCCTAGTCATTCAA-1,4644,112,GRCh38
ACGCCTAGTTATCTCT-1,14754,94,GRCh38
ACGCGAAAGGTCGATC-1,4550,56,GRCh38
ACGCGAGGTAAGTCTC-1,79,854,mm10
ACGCGAGGTCTGTCCT-1,5309,78,GRCh38
ACGCGAGGTTCATCGG-1,1672,166,GRCh38
ACGCGATTCACTCGTT-1,2555,269,GRCh38
ACGCGATTCGATGGAG-1,12382,135,GRCh38
ACGCGCATCAATCAAC-1,16723,165,GRCh38
ACGCGCATCGAACGAG-1,9106,93,GRCh38
ACGCGGTCAATGTCGG-1,5563,112,GRCh38
ACGCGGTCATGGAGCC-1,41372,261,GRCh38
ACGCTAATCAATGTGT-1,105,1230,mm10
ACGCTATGTCAATCGT-1,9040,73,GRCh38
ACGCTATGTGGCGTCT-1,9912,106,GRCh38
ACGCTATGTTGAATCC-1,43,479,mm10
ACGCTCAGTTCTGTAA-1,21447,262,GRCh38
ACGCTGACAAGCCTCT-1,8818,118,GRCh38
ACGCTGACATTAGCCC-1,3581,99,GRCh38
ACGCTTGGTATTGGAG-1,1470,52,GRCh38
ACGCTTGGTCCCGTAA-1,3750,270,GRCh38
ACGCTTGGTGCAGCTC-1,14324,150,GRCh38
ACGCTTGGTGGAGACT-1,165,3253,mm10
ACGCTTGGTTAACGCT-1,15416,96,GRCh38
ACGGAACGTTGTGGCC-1,1593,27,GRCh38
ACGGACAAGCGACTTA-1,138,3434,mm10
ACGGACAAGGTAGAGT-1,26108,198,GRCh38
ACGGACAAGTAACCGC-1,3960,65,GRCh38
ACGGACAAGTCAGGCT-1,14717,101,GRCh38
ACGGACCCAGGCTATG-1,17373,158,GRCh38
ACGGACCCATCCTACA-1,14821,137,GRCh38
ACGGAGGCAACATTAG-1,18401,95,GRCh38
ACGGATAGTGGGAATC-1,27790,263,GRCh38
ACGGATAGTTCGGCTA-1,2878,169,GRCh38
ACGGATAGTTTAGTGC-1,24645,195,GRCh38
ACGGCAAAGGTATGAA-1,22792,130,GRCh38
ACGGCAAAGTAGAGCG-1,39024,210,GRCh38
ACGGCAAAGTGACCGT-1,27404,193,GRCh38
ACGGCACCAGGTTACG-1,4166,60,GRCh38
ACGGCACCATAGAGTC-1,4453,154,GRCh38
ACGGCACCATCCAAGG-1,9989,217,GRCh38
ACGGCACCATCCACTA-1,25591,4160,Multiplet
ACGGCAGGTAGCGGAT-1,15632,164,GRCh38
ACGGCAGGTGAGATTG-1,2690,49,GRCh38
ACGGCAGGTGCAATTC-1,10451,107,GRCh38
ACGGCAGGTGCGTAGG-1,23761,306,GRCh38
ACGGCAGGTTGACGTT-1,12323,143,GRCh38
ACGGCAGGTTGGCTTG-1,21627,192,GRCh38
ACGGCAGGTTTAGCCG-1,4073,95,GRCh38
ACGGCCATCAGCAACC-1,14645,201,GRCh38
ACGGCCATCAGCCTAA-1,12006,71,GRCh38
ACGGCCATCCGCCTAC-1,4197,154,GRCh38
ACGGCCATCCGCTAGG-1,49969,285,GRCh38
ACGGCCATCCGGAACT-1,7483,97,GRCh38
ACGGCCATCGCATTGA-1,3172,174,GRCh38
ACGGCTTAGCGCGATT-1,20245,120,GRCh38
ACGGCTTAGTGAGACG-1,7782,31,GRCh38
ACGGGATGTCAAGCCC-1,5058,100,GRCh38
ACGGGATGTTCACGCA-1,16374,142,GRCh38
ACGGGCAGTTGCGTAT-1,9453,115,GRCh38
ACGGGCTCAAACCAAC-1,169,4895,mm10
ACGGGCTCAACATGGT-1,3553,50,GRCh38
ACGGGCTCAATTAGGC-1,23159,218,GRCh38
ACGGGCTCATAAGCCG-1,72,1124,mm10
ACGGGCTCATCATCTG-1,8875,81,GRCh38
ACGGGGACAAGCCACA-1,11366,163,GRCh38
ACGGGGACAATAGTTG-1,20738,231,GRCh38
ACGGGGACACCTCGCA-1,3279,103,GRCh38
ACGGGTTTCCATTCGT-1,51,386,mm10
ACGGTCACAATATACG-1,12855,151,GRCh38
ACGGTGAAGCCATAGC-1,31978,221,GRCh38
ACGGTGAAGCGCATAC-1,18812,154,GRCh38
ACGGTGAAGCTGGATC-1,10883,145,GRCh38
ACGGTGAAGGTGGATG-1,7867,100,GRCh38
ACGGTGAAGTGTCATG-1,21308,132,GRCh38
ACGGTTATCATGGCAC-1,25344,136,GRCh38
ACGGTTATCTGTGGAC-1,7909,82,GRCh38
ACGGTTGCAAGCGCGT-1,9716,105,GRCh38
ACGGTTGCAAGCGTGC-1,23286,256,GRCh38
ACGTAACCAACGTGGC-1,11048,194,GRCh38
ACGTAACCACAACCCT-1,15053,177,GRCh38
ACGTAACCATAAGCCG-1,79286,346,GRCh38
ACGTAAGGTATGTAGG-1,10393,131,GRCh38
ACGTAAGGTCATCCAG-1,34892,167,GRCh38
ACGTATTAGCTAGTTG-1,12020,84,GRCh38
ACGTCAATCACCTTCG-1,15777,190,GRCh38
ACGTCAATCATGCCGG-1,14598,302,GRCh38
ACGTCAATCCTGCCAC-1,3119,245,GRCh38
ACGTCACAGATTACCG-1,1067,251,GRCh38
ACGTCACAGTTGCGTA-1,205,5086,mm10
ACGTCCCTCACCATCT-1,14803,135,GRCh38
ACGTCCCTCAGTATCG-1,9704,134,GRCh38
ACGTCCCTCTATCACC-1,10213,146,GRCh38
ACGTCCTCAAATCGAC-1,6363,154,GRCh38
ACGTCCTCAAGGTTCG-1,12990,136,GRCh38
ACGTCCTCACATGAGT-1,6287,110,GRCh38
ACGTCCTCATCATCGC-1,86,997,mm10
ACGTCTAAGCGATGTC-1,11290,84,GRCh38
ACGTCTAAGTTAGCGC-1,12907,110,GRCh38
ACGTGAGAGCATTACG-1,6026,98,GRCh38
ACGTGGTTCCGCACAG-1,1992,430,GRCh38
ACGTGTTGTATAGCGA-1,17917,157,GRCh38
ACGTGTTGTCAAGTTC-1,1827,198,GRCh38
ACGTGTTGTGAAGGCT-1,83,871,mm10
ACGTGTTGTGAGGCAT-1,44,790,mm10
ACGTGTTGTTGCGCGT-1,7380,168,GRCh38
ACGTGTTGTTTAGGAG-1,43,454,mm10
ACGTTAACAGGAGCCT-1,4251,124,GRCh38
ACGTTAGTCGCGCAAT-1,128,2558,mm10
ACGTTATAGCGAGGAC-1,12293,174,GRCh38
ACGTTATAGTAATGTC-1,158,3637,mm10
ACGTTATAGTCGAGTC-1,6417,68,GRCh38
ACGTTATAGTTACAGT-1,10574,99,GRCh38
ACGTTCAAGATTCGGC-1,11549,75,GRCh38
ACGTTCAAGTATGTGT-1,11868,98,GRCh38
ACGTTCAAGTGATACT-1,9770,91,GRCh38
ACGTTCCCAAGCACAT-1,29828,130,GRCh38
ACGTTCCCAAGGTAGA-1,13900,190,GRCh38
ACGTTCCCACCATCGT-1,10242,79,GRCh38
ACGTTCCCACTTGCAC-1,4102,113,GRCh38
ACGTTCCCATCCTTGA-1,252,1522,mm10
ACGTTTAGTATGGTTC-1,13311,105,GRCh38
ACGTTTAGTCTAATGC-1,7524,63,GRCh38
ACGTTTAGTTCTGGGC-1,14762,203,GRCh38
ACGTTTAGTTCTGTAA-1,9721,55,GRCh38
ACGTTTGAGTATGTAC-1,19135,205,GRCh38
ACTAACTAGGATGTGG-1,16002,212,GRCh38
ACTAACTAGGTAATTC-1,8964,101,GRCh38
ACTAACTAGTGCCTGG-1,17551,109,GRCh38
ACTAAGCCAAGCATGT-1,10499,120,GRCh38
ACTAAGCCAATTGGCG-1,34654,213,GRCh38
ACTAAGGGTTAAGCAG-1,22011,182,GRCh38
ACTAAGGGTTATGGGA-1,21384,201,GRCh38
ACTAATGCAACTGGGC-1,734,196,GRCh38
ACTAATGCAATTGGCG-1,561,47,GRCh38
ACTAATGCACCTACCG-1,5422,174,GRCh38
ACTAATGCAGGTAATC-1,23866,173,GRCh38
ACTACAACATAGATCA-1,9173,249,GRCh38
ACTACATAGGTGGCAA-1,23213,117,GRCh38
ACTACCAAGGATCCAC-1,10521,80,GRCh38
ACTACCAAGTATGTGT-1,9278,189,GRCh38
ACTACCCCACAGCGGT-1,62059,339,GRCh38
ACTACCCCATCCACGT-1,53,665,mm10
ACTACCTTCACACACA-1,1991,101,GRCh38
ACTACCTTCAGGAGAT-1,10781,137,GRCh38
ACTACCTTCAGGTCTA-1,14120,111,GRCh38
ACTACCTTCATGGTGC-1,12566,472,GRCh38
ACTACCTTCCCGTAGG-1,7492,96,GRCh38
ACTACTTCACCTCGCA-1,16124,153,GRCh38
ACTACTTCATAATCGA-1,35484,220,GRCh38
ACTACTTCATCCATAT-1,10373,343,GRCh38
ACTACTTCATCGAAGT-1,12451,121,GRCh38
ACTATCAGTAACCACT-1,27471,130,GRCh38
ACTATCAGTCAAGTAG-1,14290,138,GRCh38
ACTATCAGTTGTCTGG-1,33829,218,GRCh38
ACTATCCTCAGCAATT-1,13993,195,GRCh38
ACTATCCTCCAGCAAC-1,8293,73,GRCh38
ACTATCCTCTGGCAAC-1,12673,172,GRCh38
ACTATCTCAACTGTGG-1,74,1270,mm10
ACTATCTCAAGCTCAG-1,11688,118,GRCh38
ACTATGGTCCCAGGCA-1,44,926,mm10
ACTATTCCACTTGCAC-1,14701,160,GRCh38
ACTATTCCATCGGTTC-1,11796,137,GRCh38
ACTATTCCATTAGCTT-1,14158,147,GRCh38
ACTATTGGTGGCCAAG-1,20487,149,GRCh38
ACTATTGGTTTCCGTC-1,776,617,GRCh38
ACTCAATAGGCTTGGT-1,3614,94,GRCh38
ACTCAATAGTCAAGCC-1,917,61,GRCh38
ACTCAATAGTCAGTGC-1,1497,479,GRCh38
ACTCACAAGATAGCAA-1,4151,105,GRCh38
ACTCACAAGGGCAGAC-1,10858,101,GRCh38
ACTCACAAGTAATCGT-1,2532,32,GRCh38
ACTCACAAGTGGGTAG-1,1285,40,GRCh38
ACTCACCCACTTACCA-1,90,1917,mm10
ACTCACTTCACAGAGG-1,43257,129,GRCh38
ACTCACTTCGACCCAG-1,7235,381,GRCh38
ACTCACTTCTAGCGCG-1,11998,102,GRCh38
ACTCAGGCACAGGACC-1,31826,192,GRCh38
ACTCATTCATCCCATA-1,168,4098,mm10
ACTCATTCATGACGAT-1,2320,167,GRCh38
ACTCATTCATTACGGG-1,1381,142,GRCh38
ACTCCAAAGTCAAGGG-1,12936,143,GRCh38
ACTCCACCAACGTGCA-1,41,685,mm10
ACTCCACCAAGCCGTA-1,8001,97,GRCh38
ACTCCACCAAGTCGAT-1,16572,156,GRCh38
ACTCCCATCCGTCACC-1,9778,132,GRCh38
ACTCCCATCCGTGTGG-1,1666,67,GRCh38
ACTCCCGCAACTAGGT-1,43217,184,GRCh38
ACTCCCGCACTTCGAC-1,18542,136,GRCh38
ACTCCCTGTAATGCAG-1,29690,264,GRCh38
ACTCCCTGTCATTGGT-1,79,1045,mm10
ACTCCCTGTTTCACGG-1,44,483,mm10
ACTCCGCTCAGCCACG-1,9549,162,GRCh38
ACTCCGCTCCTGCTAT-1,9952,178,GRCh38
ACTCCTTAGCGCTGCA-1,21923,169,GRCh38
ACTCCTTAGCGGATGA-1,11754,85,GRCh38
ACTCCTTAGTACCAGC-1,11453,107,GRCh38
ACTCGATGTAAGTGCA-1,17591,126,GRCh38
ACTCGATGTATGTCCG-1,4330,247,GRCh38
ACTCGATGTCAGCTTG-1,73,1127,mm10
ACTCGATGTGGAAGGA-1,11088,129,GRCh38
ACTCGATGTTATGTGC-1,9782,207,GRCh38
ACTCGATGTTGCGACC-1,38760,193,GRCh38
ACTCGCCTCAGCGGTT-1,12858,107,GRCh38
ACTCGCCTCATGTGTG-1,4909,75,GRCh38
ACTCGTCCATGGCTTC-1,13476,160,GRCh38
ACTCTAAGTCTCAGGC-1,14503,166,GRCh38
ACTCTAAGTGATGGGT-1,8973,86,GRCh38
ACTCTAAGTTTCGACG-1,12469,117,GRCh38
ACTCTCACAAGGTCAT-1,401,8182,mm10
ACTCTCACAAGTGCCA-1,26666,153,GRCh38
ACTCTCACACCTGCCA-1,9854,73,GRCh38
ACTCTCACAGGAGCGA-1,2126,28,GRCh38
ACTCTGTTCACGCATA-1,54,432,mm10
ACTGAACCAACCTCTA-1,9200,242,GRCh38
ACTGAACCAATCGGCA-1,17491,215,GRCh38
ACTGAACCAATCTGCC-1,20003,181,GRCh38
ACTGAACCACCTCATA-1,5480,54,GRCh38
ACTGAACCACTCATGC-1,1375,123,GRCh38
ACTGAAGGTTTCGGTG-1,2811,124,GRCh38
ACTGAGGAGATACTCG-1,8506,61,GRCh38
ACTGAGGAGCAAGCTC-1,14279,148,GRCh38
ACTGAGGAGCCAACCG-1,6365,140,GRCh38
ACTGAGGAGGCGAGGT-1,9511,193,GRCh38
ACTGATTAGATAGAGC-1,8118,90,GRCh38
ACTGATTAGCGCATTA-1,2649,81,GRCh38
ACTGATTAGGCTACAC-1,52,442,mm10
ACTGATTAGTGCTGAC-1,14388,191,GRCh38
ACTGCATGTCAGCACC-1,10021,100,GRCh38
ACTGCCCTCAGCATTG-1,10350,101,GRCh38
ACTGCCCTCCATGACA-1,15833,269,GRCh38
ACTGCCCTCCGTGTAA-1,2056,1055,GRCh38
ACTGCCCTCGAGTCTA-1,12251,86,GRCh38
ACTGCCTCATTCCTCT-1,14332,101,GRCh38
ACTGCTAAGCAATCTG-1,19378,99,GRCh38
ACTGCTAAGTTAGGAA-1,6114,50,GRCh38
ACTGCTGGTTCATCGG-1,16182,253,GRCh38
ACTGCTGGTTTAGGTC-1,11304,200,GRCh38
ACTGCTGGTTTGCCCT-1,10309,125,GRCh38
ACTGCTGGTTTGGGAA-1,7101,71,GRCh38
ACTGGGTTCAGCACGT-1,22912,182,GRCh38
ACTGGGTTCCCATTCG-1,9865,102,GRCh38
ACTGGGTTCGCGTAAC-1,74,865,mm10
ACTGGGTTCGCGTTAA-1,37933,222,GRCh38
ACTGGGTTCTAATGCG-1,11583,82,GRCh38
ACTGGTCAGCCAGATC-1,24767,237,GRCh38
ACTGGTCAGTAGCGAG-1,13532,111,GRCh38
ACTGGTCAGTAGTAGA-1,581,25,GRCh38
ACTGGTCAGTGCAATT-1,211,3803,mm10
ACTGGTTGTTCTGTGG-1,10743,158,GRCh38
ACTGTCAAGCGACTGT-1,13223,161,GRCh38
ACTGTCAAGGCACTCG-1,8935,77,GRCh38
ACTGTCAAGGCTTCCC-1,12707,138,GRCh38
ACTGTCAAGTAACGCC-1,7549,84,GRCh38
ACTGTCAAGTGCCGAT-1,96,1728,mm10
ACTGTGATCAGCGATC-1,11810,867,Multiplet
ACTGTTAGTCATGCTG-1,15511,211,GRCh38
ACTGTTAGTTATCAGC-1,10552,93,GRCh38
ACTGTTGAGTATGTAC-1,13366,168,GRCh38
ACTTAACAGCAGGCAA-1,10647,186,GRCh38
ACTTAACAGCCTGCCT-1,31818,305,GRCh38
ACTTACCTCCCCTTAG-1,1415,77,GRCh38
ACTTACCTCGTTAGCA-1,11793,115,GRCh38
ACTTACTCATGCTTCA-1,108,1664,mm10
ACTTAGGTCCAATGAT-1,25886,213,GRCh38
ACTTATGGTAGCCAGG-1,53,683,mm10
ACTTATGGTAGTTGCT-1,14086,92,GRCh38
ACTTATGGTGGCTCAC-1,8144,85,GRCh38
ACTTCATCAAGTAGTC-1,16858,109,GRCh38
ACTTCGCCAAATCAGC-1,12543,93,GRCh38
ACTTCGCCAAGGGCAG-1,60960,262,GRCh38
ACTTCGCCATTCCTGA-1,20025,175,GRCh38
ACTTCGCCATTGCACC-1,12852,202,GRCh38
ACTTCGTTCAGGGATG-1,11158,138,GRCh38
ACTTCGTTCCGTTAGA-1,18093,165,GRCh38
ACTTCTATCCCTCGTA-1,8528,67,GRCh38
ACTTCTATCGATTAGT-1,9116,113,GRCh38
ACTTGAGTCATAGACT-1,6390,95,GRCh38
ACTTGAGTCCAGCCCT-1,9026,112,GRCh38
ACTTGAGTCCGCACCT-1,25041,189,GRCh38
ACTTGCTTCCAGGTGT-1,12650,318,GRCh38
ACTTGCTTCCTGCCGT-1,5759,371,GRCh38
ACTTGGATCACTTGCT-1,15377,182,GRCh38
ACTTGGATCAGCTGGT-1,13927,103,GRCh38
ACTTGGATCCCATGAA-1,112,2130,mm10
ACTTGGGCAAGCGGAG-1,6523,116,GRCh38
ACTTGGGCAATAGTCA-1,193,4645,mm10
ACTTGGGCAATGTATG-1,1746,156,GRCh38
ACTTGGGCACAACGTG-1,9721,149,GRCh38
ACTTGGGCACTATGAA-1,14274,134,GRCh38
ACTTGGGCAGTACCAG-1,22600,112,GRCh38
ACTTGGGCAGTTGGAT-1,886,64,GRCh38
ACTTGGGCATTGCCCG-1,13645,141,GRCh38
ACTTGTGAGGTGCAGA-1,1284,443,GRCh38
ACTTTAGGTTCGCTGA-1,926,184,GRCh38
ACTTTCATCCATTACC-1,39,416,mm10
ACTTTCATCCTGTAAG-1,6965,59,GRCh38
ACTTTCATCGACCAGT-1,13895,182,GRCh38
ACTTTCGCAACTTCGC-1,11343,170,GRCh38
ACTTTCGCACAGGGCT-1,69,593,mm10
ACTTTCGCACTCAATT-1,7376,109,GRCh38
ACTTTCGCATCGACAG-1,37570,201,GRCh38
ACTTTCGCATGACCCT-1,12921,85,GRCh38
ACTTTGAGTAGCTATC-1,17348,117,GRCh38
ACTTTGAGTTGAAGCA-1,30246,136,GRCh38
ACTTTGAGTTGCGGCT-1,31201,176,GRCh38
ACTTTGCTCTAGCCTT-1,72,709,mm10
ACTTTGGAGTAACCAT-1,77,1300,mm10
ACTTTGGAGTTGCGGT-1,14034,81,GRCh38
AGAAGGTTCAGGCTCG-1,110,435,mm10
AGAAGTCAGATACTAC-1,637,80,GRCh38
AGAAGTCAGCCGCATG-1,112,2346,mm10
AGAAGTCAGCTAACCA-1,11050,73,GRCh38
AGAAGTCAGGATGAGT-1,18672,179,GRCh38
AGAAGTTGTCAACTCG-1,193,2196,mm10
AGAAGTTGTCATCATA-1,71,542,mm10
AGAAGTTGTTCGCGGT-1,3581,91,GRCh38
AGAAGTTGTTGCCTGA-1,8516,72,GRCh38
AGAATAGTCCCCAGAG-1,25303,121,GRCh38
AGAATAGTCCTCTACG-1,19732,193,GRCh38
AGAATAGTCCTGCTGC-1,16329,255,GRCh38
AGAATTGAGATTAACC-1,15942,194,GRCh38
AGAATTGAGATTCAGT-1,1039,69,GRCh38
AGAATTGAGCGAGTTC-1,12454,114,GRCh38
AGACAACAGCAGGGTA-1,7904,81,GRCh38
AGACAACAGTGCGCTG-1,106,428,mm10
AGACACAGTGAGGTAC-1,15711,180,GRCh38
AGACACAGTGATGCCC-1,5129,113,GRCh38
AGACAGACAATCCTGC-1,1905,166,GRCh38
AGACATAAGGCGAAGC-1,13279,79,GRCh38
AGACATAAGGTCAACC-1,974,67,GRCh38
AGACATGGTTCGTGAT-1,10953,134,GRCh38
AGACGAACACCTGCTG-1,6020,178,GRCh38
AGACGAACATCATCTG-1,1645,1720,mm10
AGACGATAGATTCACG-1,13408,124,GRCh38
AGACGATAGGTTCCAA-1,14996,99,GRCh38
AGACGCAAGCTGAGTC-1,1286,1502,mm10
AGACGCAAGGAGCTTC-1,9031,63,GRCh38
AGACGCGGTAATCGCT-1,12066,100,GRCh38
AGACGCGGTGACTCGC-1,12494,89,GRCh38
AGACGCGGTGCAGCTC-1,12006,97,GRCh38
AGACGGATCAGTTGGC-1,16413,1682,Multiplet
AGACGGATCATGTGGC-1,944,66,GRCh38
AGACGGATCTAGGCCG-1,143,3927,mm10
AGACGGATCTGGCCGA-1,27118,213,GRCh38
AGACGGGCAAGCGCGT-1,27995,230,GRCh38
AGACGGGCAAGCGTGC-1,12120,123,GRCh38
AGACGGGCACTTACTG-1,19269,165,GRCh38
AGACGTAGTGAAGCCG-1,772,178,GRCh38
AGACGTAGTGAGGATC-1,214,5146,mm10
AGACGTAGTGAGGTGT-1,8353,69,GRCh38
AGACGTAGTTAATGCC-1,8995,108,GRCh38
AGACGTTCAGTACTAA-1,18428,102,GRCh38
AGACTCGCAGTTAGGT-1,24141,135,GRCh38
AGACTCGCATAGGCAT-1,10882,231,GRCh38
AGACTGCTCGATGTGC-1,4000,118,GRCh38
AGACTGCTCTCATTGC-1,11128,74,GRCh38
AGACTTACAATAGCCG-1,10483,167,GRCh38
AGACTTACAGTAATTG-1,17243,147,GRCh38
AGACTTACATCCACGT-1,21048,174,GRCh38
AGACTTACATGCTCGT-1,11722,124,GRCh38
AGAGACCGTGAAGCGT-1,56340,300,GRCh38
AGAGACTAGCCGATAC-1,26089,200,GRCh38
AGAGACTAGTCGACCG-1,3892,81,GRCh38
AGAGACTAGTTACCTC-1,13167,474,GRCh38
AGAGAGAAGGGTGACA-1,33394,231,GRCh38
AGAGAGAAGTTAGGTT-1,7834,54,GRCh38
AGAGAGGGTAATGTGG-1,29220,420,GRCh38
AGAGAGGGTATGTCCG-1,1019,38,GRCh38
AGAGAGGGTTAGCACT-1,17955,143,GRCh38
AGAGATGCAAACCGTG-1,947,77,GRCh38
AGAGATGCAATCGTAA-1,6655,106,GRCh38
AGAGATTGTTGTGACT-1,43,995,mm10
AGAGGAGGTGACTCCA-1,15538,139,GRCh38
AGAGGCATCCTGAAGC-1,10498,165,GRCh38
AGAGGCATCGTGAGTC-1,12102,140,GRCh38
AGAGGCATCTGGCCTC-1,34717,200,GRCh38
AGAGGCGCAAACTGAC-1,117,1015,mm10
AGAGGCGCAGCCAAGC-1,21220,147,GRCh38
AGAGGCTGTAATCGTC-1,993,112,GRCh38
AGAGGCTGTGGGTCTC-1,1950,380,GRCh38
AGAGGTTAGCCATACA-1,3983,1099,Multiplet
AGAGGTTAGTCAGGCT-1,8928,83,GRCh38
AGAGGTTAGTGAGACG-1,5170,96,GRCh38
AGAGTATGTCATCGGC-1,95,2444,mm10
AGAGTATGTGAACGCG-1,2723,61,GRCh38
AGAGTATGTGCACCAC-1,9381,112,GRCh38
AGAGTATGTTAAGGAT-1,12265,132,GRCh38
AGAGTATGTTTCACGG-1,17061,216,GRCh38
AGAGTATGTTTCCGTC-1,18045,234,GRCh38
AGAGTCAGTTGTGATC-1,30689,238,GRCh38
AGAGTCCTCTGGATAT-1,12920,141,GRCh38
AGAGTTGGTAGCTTAC-1,9510,146,GRCh38
AGAGTTGGTTCGGCTA-1,2871,67,GRCh38
AGCAAATGTAACCCTG-1,19216,207,GRCh38
AGCAAATGTGATGCTT-1,14171,92,GRCh38
AGCAAATGTTGCTCCT-1,9585,179,GRCh38
AGCAAATGTTTCCTCA-1,16803,200,GRCh38
AGCAACCTCACAGCTA-1,9331,145,GRCh38
AGCAAGGTCTTGAGTG-1,15645,201,GRCh38
AGCAATCCACAGCGAC-1,995,705,GRCh38
AGCAATCCATTAAGTG-1,12624,75,GRCh38
AGCAATTTCACTGTCT-1,30290,224,GRCh38
AGCAATTTCATATAGC-1,65,1024,mm10
AGCAATTTCATATGGT-1,1283,76,GRCh38
AGCAATTTCGATGTAT-1,247,4844,mm10
AGCACGCCACTACCCG-1,20672,236,GRCh38
AGCACGCCAGCATGGC-1,9823,151,GRCh38
AGCACGTTCCAGGGAA-1,4083,66,GRCh38
AGCACGTTCCTCACGC-1,13401,138,GRCh38
AGCACTATCTGGTGTA-1,8179,199,GRCh38
AGCACTTGTCAGTAAG-1,7546,97,GRCh38
AGCACTTGTCTAAGGA-1,1309,430,GRCh38
AGCAGCAAGCATCGGT-1,17644,129,GRCh38
AGCAGGATCCTGATAG-1,33246,178,GRCh38
AGCATAGGTCATGGTT-1,9317,127,GRCh38
AGCATAGGTTGACGAA-1,18175,169,GRCh38
AGCATAGGTTTCCGCT-1,947,805,GRCh38
AGCATATTCATGTAAC-1,59,552,mm10
AGCATATTCCAACCTT-1,22229,359,GRCh38
AGCATATTCCTGATAG-1,8552,157,GRCh38
AGCATATTCGACCTAA-1,22430,125,GRCh38
AGCATATTCTATGCAG-1,6464,43,GRCh38
AGCATCATCAGGCTTA-1,8198,104,GRCh38
AGCATCGCAACTCGCT-1,14874,256,GRCh38
AGCATCTGTATGTAGG-1,55,998,mm10
AGCATGAGTGAGGACT-1,16416,159,GRCh38
AGCATGAGTTGTAAGG-1,24348,173,GRCh38
AGCATGGAGTGCCGTG-1,55,696,mm10
AGCATTGTCAGTAGGG-1,19869,233,GRCh38
AGCATTGTCCAACTAG-1,8350,137,GRCh38
AGCATTGTCCTGTACT-1,16140,167,GRCh38
AGCATTTAGCATCAAT-1,15380,155,GRCh38
AGCATTTAGCGCATAC-1,29482,239,GRCh38
AGCATTTAGGCTCTCC-1,9212,2005,Multiplet
AGCCAAAGTGGCGCAA-1,30919,240,GRCh38
AGCCAAAGTGGGTTGG-1,10620,117,GRCh38
AGCCAAAGTTGCCTGA-1,14083,161,GRCh38
AGCCAAAGTTGGAGCG-1,15757,173,GRCh38
AGCCAAAGTTGTCCAG-1,10573,132,GRCh38
AGCCAAAGTTGTCTAA-1,28321,123,GRCh38
AGCCAATCAAGTAACC-1,12197,112,GRCh38
AGCCAATCACATTAGA-1,3713,144,GRCh38
AGCCAATCATAGATGC-1,60,869,mm10
AGCCAATCATTACCTG-1,5789,144,GRCh38
AGCCACTAGGGCAGAC-1,9169,114,GRCh38
AGCCACTAGGTTCATG-1,63360,233,GRCh38
AGCCAGCCAACTGGCA-1,1241,52,GRCh38
AGCCAGCCAATTAGCA-1,8262,121,GRCh38
AGCCAGCCAGCCATGA-1,12958,155,GRCh38
AGCCAGCCATCCTTGA-1,16511,312,GRCh38
AGCCATCAGATTGCTG-1,40,397,mm10
AGCCATTGTAGTCCAT-1,10787,134,GRCh38
AGCCCAACAGCAGGGA-1,22956,183,GRCh38
AGCCCATAGCGAAGTG-1,11734,50,GRCh38
AGCCCATAGGATTAGA-1,8257,56,GRCh38
AGCCCCAAGCTTACCT-1,41889,214,GRCh38
AGCCCCTTCCGGAGTT-1,24010,241,GRCh38
AGCCCGATCAGGCATC-1,8904,115,GRCh38
AGCCCGATCAGTATGT-1,76,930,mm10
AGCCCGATCCGCATGG-1,13831,331,GRCh38
AGCCCGATCTAGTCGA-1,11778,161,GRCh38
AGCCCGATCTGGCAAC-1,6483,72,GRCh38
AGCCCTAGTCAGCACC-1,17049,105,GRCh38
AGCCGAAAGATTAAGG-1,15691,151,GRCh38
AGCCGAAAGGCTACGT-1,89,2169,mm10
AGCCGATTCCGCCTTA-1,9843,90,GRCh38
AGCCGATTCCTGCATT-1,1983,131,GRCh38
AGCCGATTCGATAGGG-1,36036,180,GRCh38
AGCCGTTAGCATCAAT-1,9488,120,GRCh38
AGCCGTTAGCTTACTC-1,10362,122,GRCh38
AGCCTCAGTGGCGCTT-1,16669,180,GRCh38
AGCCTCCTCCTTCGAT-1,13979,160,GRCh38
AGCCTCCTCTATCCTA-1,1575,62,GRCh38
AGCCTCTCACTACCAC-1,30641,172,GRCh38
AGCCTCTCACTTGAGG-1,11610,195,GRCh38
AGCCTGACAGCCAAGC-1,2401,114,GRCh38
AGCCTGACATCCGCAT-1,18849,189,GRCh38
AGCCTGGTCACTTCAC-1,10063,118,GRCh38
AGCCTGGTCGCATCCC-1,8863,197,GRCh38
AGCCTGGTCGTAACCA-1,12345,113,GRCh38
AGCCTTGGTAGGTACA-1,17128,126,GRCh38
AGCCTTGGTATGGCAA-1,11408,108,GRCh38
AGCCTTGGTGAGGTGT-1,40407,367,GRCh38
AGCCTTGGTGGGTCTC-1,709,1119,mm10
AGCCTTGGTTGCAGGG-1,282,1014,mm10
AGCGAACGTTCGCACA-1,13343,244,GRCh38
AGCGAACGTTTGGAAG-1,4603,103,GRCh38
AGCGAATAGATAGGGT-1,7432,69,GRCh38
AGCGAATAGTGCGCTG-1,22410,240,GRCh38
AGCGACAAGCCATCCC-1,9207,80,GRCh38
AGCGACAAGGATCCCG-1,8485,55,GRCh38
AGCGACAAGGTACACC-1,9544,67,GRCh38
AGCGACAAGTAAGGAC-1,11556,125,GRCh38
AGCGACCCAACTGGCA-1,18265,130,GRCh38
AGCGACCCAGCCAATG-1,9899,153,GRCh38
AGCGACCCAGGTTCCT-1,16624,175,GRCh38
AGCGACCCATCACTCA-1,38824,164,GRCh38
AGCGAGGCAATTCATC-1,11037,118,GRCh38
AGCGATAGTCAATGTC-1,26101,170,GRCh38
AGCGATAGTTAGAGTG-1,15337,150,GRCh38
AGCGATAGTTTGGAGA-1,1841,53,GRCh38
AGCGATGAGAAGCCCT-1,8279,137,GRCh38
AGCGATGAGCCGACTG-1,20718,272,GRCh38
AGCGATTCAAGCCACA-1,19684,130,GRCh38
AGCGATTCACCTGCTG-1,17931,189,GRCh38
AGCGCACCAGTTAAGC-1,10648,97,GRCh38
AGCGCAGGTAAGCAAT-1,18534,170,GRCh38
AGCGCAGGTAATTCGC-1,19554,198,GRCh38
AGCGCATTCCATGCAA-1,94,835,mm10
AGCGCATTCGATTACG-1,12937,153,GRCh38
AGCGCCATCGCTAGTA-1,57,460,mm10
AGCGCCATCTAGTGTG-1,12091,122,GRCh38
AGCGCCTGTTTCAGCG-1,7524,82,GRCh38
AGCGGATGTCTAACCG-1,17289,185,GRCh38
AGCGGGACAAGTGTGT-1,801,787,GRCh38
AGCGGGACACTAACGG-1,18505,146,GRCh38
AGCGGTAAGTAGCTTG-1,8203,79,GRCh38
AGCGGTAAGTTAGTCG-1,13754,86,GRCh38
AGCGGTTTCCATGCGG-1,10554,111,GRCh38
AGCGGTTTCCGTGTCC-1,30189,153,GRCh38
AGCGGTTTCCTGAATG-1,16813,156,GRCh38
AGCGTAAGTCAATGGA-1,11011,83,GRCh38
AGCGTTATCGACTATG-1,12097,143,GRCh38
AGCGTTATCGTGACCG-1,123,611,mm10
AGCGTTGCAATGTGCG-1,9783,98,GRCh38
AGCGTTGCAGGATTCG-1,6871,83,GRCh38
AGCGTTGCATAGAGGA-1,2314,1033,GRCh38
AGCGTTGCATGACCCT-1,11656,134,GRCh38
AGCGTTGCATGGCCTT-1,3988,95,GRCh38
AGCTAACCAAGTTCGG-1,23787,227,GRCh38
AGCTAACCAATCTCCA-1,17623,263,GRCh38
AGCTAACCAATGTGCG-1,39946,196,GRCh38
AGCTAACCAATTCGCC-1,16351,107,GRCh38
AGCTAACCACTAATTC-1,190,4989,mm10
AGCTAACCATCAAGGT-1,16458,119,GRCh38
AGCTAACCATCCGCAT-1,5978,159,GRCh38
AGCTAAGGTGAGAGGA-1,12893,75,GRCh38
AGCTAAGGTGATAGTG-1,41090,203,GRCh38
AGCTACGCAACCAGCA-1,798,50,GRCh38
AGCTACGCAATCCAGG-1,5849,145,GRCh38
AGCTACGCAATTAACG-1,201,5970,mm10
AGCTACGCACTCGCAT-1,85,1054,mm10
AGCTATGTCCGCGAAT-1,5136,62,GRCh38
AGCTATGTCCTCTCAG-1,11667,210,GRCh38
AGCTATGTCGAACGAG-1,19914,150,GRCh38
AGCTATGTCGCTTGGG-1,9076,149,GRCh38
AGCTGAGAGGAGGCGT-1,15754,96,GRCh38
AGCTGGTTCCCTCATG-1,6071,249,GRCh38
AGCTGGTTCCGGTGAT-1,13910,100,GRCh38
AGCTTAACAGGCTTAG-1,31357,232,GRCh38
AGCTTAACATAAGCAC-1,1648,47,GRCh38
AGCTTAACATGATCCC-1,15684,202,GRCh38
AGCTTACGTGAGGCAT-1,16387,190,GRCh38
AGCTTACGTTAAGTCC-1,16651,89,GRCh38
AGCTTACGTTCGTGTG-1,6758,62,GRCh38
AGCTTATAGAACCTAT-1,7981,64,GRCh38
AGCTTTAGTCATGGCC-1,13894,124,GRCh38
AGCTTTAGTGAGAGGA-1,3404,72,GRCh38
AGCTTTAGTTCCTGTC-1,8809,224,GRCh38
AGCTTTAGTTTCACGG-1,125,2034,mm10
AGGAAATCAAAGGCAA-1,164,1424,mm10
AGGAACTAGAACCTTG-1,10941,158,GRCh38
AGGAACTAGCAAGTGG-1,13553,170,GRCh38
AGGAACTAGGAGGTTG-1,6880,81,GRCh38
AGGAATATCCACCGGA-1,10608,171,GRCh38
AGGAATGCAGTACCCT-1,9826,91,GRCh38
AGGAATGCATGATTGA-1,4947,61,GRCh38
AGGACATAGCCGCAAT-1,15952,95,GRCh38
AGGACATAGGTACTGC-1,20126,113,GRCh38
AGGACCAAGTGAGTGG-1,8968,69,GRCh38
AGGACCCCACTTAATC-1,46688,215,GRCh38
AGGACCCCAGTTGGTG-1,9275,139,GRCh38
AGGACTAGTATGGGTA-1,1659,88,GRCh38
AGGACTAGTTCCAGGC-1,1405,219,GRCh38
AGGACTGAGGCGATGA-1,14957,165,GRCh38
AGGACTGAGGTAATCT-1,29346,133,GRCh38
AGGACTGAGGTTCAAT-1,14183,171,GRCh38
AGGAGATTCAGCAACC-1,20608,122,GRCh38
AGGAGATTCAGCAGTC-1,24604,217,GRCh38
AGGAGATTCAGGTCCG-1,26004,144,GRCh38
AGGAGATTCCCAGTCC-1,16297,133,GRCh38
AGGAGCCAGAAGCAAC-1,9508,87,GRCh38
AGGAGCCAGCCAACCG-1,4898,155,GRCh38
AGGAGCCAGGATCTAT-1,5284,65,GRCh38
AGGAGCCAGGTAGTGG-1,25185,188,GRCh38
AGGAGCCAGGTCATCA-1,16203,166,GRCh38
AGGAGTTAGAATCCAT-1,9977,74,GRCh38
AGGATCAGTTAAGTCC-1,10732,171,GRCh38
AGGATTAAGGTGAACG-1,20685,134,GRCh38
AGGATTGGTAAGCGAC-1,16162,169,GRCh38
AGGATTGGTAGTTGAG-1,6958,80,GRCh38
AGGATTGGTCATTGCG-1,7389,103,GRCh38
AGGATTGGTTAAGCGA-1,14826,141,GRCh38
AGGCAAGTCACGCGCA-1,11014,176,GRCh38
AGGCAAGTCCCGTTGC-1,1418,63,GRCh38
AGGCAAGTCGACCCAG-1,7644,88,GRCh38
AGGCAAGTCTATGGGC-1,42,999,mm10
AGGCAATAGTCATAGT-1,2105,200,GRCh38
AGGCAATAGTGAGGAT-1,8512,102,GRCh38
AGGCACGGTTCGCTTC-1,14723,193,GRCh38
AGGCACGGTTTACGAC-1,2131,390,GRCh38
AGGCACGGTTTCGACG-1,56,710,mm10
AGGCATGAGCCAACTA-1,7211,59,GRCh38
AGGCATGAGCCGCGTA-1,17238,146,GRCh38
AGGCATGAGGATCACC-1,10968,157,GRCh38
AGGCATGAGTGAACCC-1,9761,74,GRCh38
AGGCATGAGTTGGCGT-1,6143,82,GRCh38
AGGCATTCAATGCCTC-1,30,399,mm10
AGGCATTCAGCAGTCA-1,7986,136,GRCh38
AGGCCAAAGCATTGAT-1,30601,271,GRCh38
AGGCCAAAGGCTTCGG-1,36,579,mm10
AGGCCAAAGGTATCGC-1,15187,178,GRCh38
AGGCCAAAGTCAACTG-1,10643,98,GRCh38
AGGCCAGGTGCAGGAT-1,10042,92,GRCh38
AGGCCAGGTGGCTACC-1,5507,106,GRCh38
AGGCCATTCGACTGAC-1,22708,237,GRCh38
AGGCCCATCATGGCTA-1,22491,201,GRCh38
AGGCCCATCGATGCGT-1,22614,361,GRCh38
AGGCCCATCTGGTGTA-1,12799,163,GRCh38
AGGCGAATCCATTACC-1,2826,67,GRCh38
AGGCGAATCTATGGAT-1,7298,53,GRCh38
AGGCGGACACATAGAC-1,9183,68,GRCh38
AGGCGGACAGGTTAGT-1,9800,72,GRCh38
AGGCGTTTCACGTAGC-1,21153,253,GRCh38
AGGCGTTTCATGCTTC-1,9023,101,GRCh38
AGGCGTTTCGAACGAG-1,16614,104,GRCh38
AGGCGTTTCGCTGGAT-1,5419,340,GRCh38
AGGCGTTTCGTGAGAG-1,13264,130,GRCh38
AGGCGTTTCTAGATAC-1,1224,56,GRCh38
AGGCTCACAAGCTTAA-1,50,551,mm10
AGGCTCACATGACGTG-1,11139,88,GRCh38
AGGCTCCGTTGCGACC-1,8915,269,GRCh38
AGGCTTATCATAGATC-1,9882,42,GRCh38
AGGCTTATCTAACTCC-1,6925,85,GRCh38
AGGCTTATCTATCGAG-1,4673,104,GRCh38
AGGCTTATCTGGAAGG-1,942,32,GRCh38
AGGCTTGCAAATGACC-1,11793,116,GRCh38
AGGCTTGCAACTATGA-1,38618,126,GRCh38
AGGCTTGCACCTTCAA-1,50,443,mm10
AGGGAACCACTATCTG-1,10313,94,GRCh38
AGGGAAGGTCAATCAC-1,55,436,mm10
AGGGAAGGTGGGTCCT-1,26016,246,GRCh38
AGGGAAGGTTCGTGCA-1,10901,108,GRCh38
AGGGAAGGTTGACCGC-1,9640,60,GRCh38
AGGGAAGGTTGGAATG-1,9462,108,GRCh38
AGGGAGTCAAACTTGA-1,20965,184,GRCh38
AGGGATTAGAATCAAG-1,9647,85,GRCh38
AGGGATTAGGCTACGT-1,9213,76,GRCh38
AGGGCAATCAAGTCGC-1,3740,154,GRCh38
AGGGCAATCAATCCTC-1,28745,253,GRCh38
AGGGCAATCACACATG-1,14273,162,GRCh38
AGGGCAATCCGCCAGA-1,13915,132,GRCh38
AGGGCTAAGCCTTGGG-1,2046,165,GRCh38
AGGGCTAAGGTAGTCC-1,27518,231,GRCh38
AGGGCTAAGGTATGGG-1,14337,107,GRCh38
AGGGCTAAGTCGATCA-1,357,9509,mm10
AGGGGTTGTTTGCACG-1,32554,170,GRCh38
AGGGTACGTAAGGGCT-1,16834,80,GRCh38
AGGGTCAAGGTTGGCT-1,230,5593,mm10
AGGGTCAAGTGAAGCG-1,10151,89,GRCh38
AGGGTTAGTGAGTCGG-1,10690,146,GRCh38
AGGGTTAGTTAGAGGC-1,16155,646,Multiplet
AGGGTTAGTTAGTAGG-1,15847,127,GRCh38
AGGGTTAGTTGAGCCC-1,685,406,GRCh38
AGGGTTGAGTCATGTG-1,9147,96,GRCh38
AGGTAAATCAATGTAC-1,10330,91,GRCh38
AGGTAAATCAGTACCA-1,11146,74,GRCh38
AGGTAAATCCCGCTAC-1,5965,62,GRCh38
AGGTAACAGATTCCGA-1,7004,59,GRCh38
AGGTAACAGTCAAGGG-1,5751,93,GRCh38
AGGTAATGTGAGGCAT-1,51,508,mm10
AGGTAATGTGGAGAGA-1,9551,95,GRCh38
AGGTAATGTTAGTCAC-1,11856,130,GRCh38
AGGTAGTAGCCATAGC-1,7501,87,GRCh38
AGGTAGTAGCCTCTAT-1,552,165,GRCh38
AGGTAGTAGCTTCCCA-1,17464,175,GRCh38
AGGTATGGTGATTAGG-1,19091,141,GRCh38
AGGTGATAGCAACCCG-1,3880,152,GRCh38
AGGTGATAGGCAATCC-1,9392,108,GRCh38
AGGTGATAGTAGGACG-1,1140,35,GRCh38
AGGTGATAGTAGTTCG-1,10844,119,GRCh38
AGGTGCAAGAAGGACT-1,6437,88,GRCh38
AGGTGCAAGCCTGATA-1,2770,106,GRCh38
AGGTGCAAGCTGGCTG-1,5357,67,GRCh38
AGGTGCAAGGTACAGG-1,9144,113,GRCh38
AGGTGCAAGGTCAACC-1,26167,224,GRCh38
AGGTGCAAGTAGGGCA-1,33141,154,GRCh38
AGGTGCTTCCATGCGG-1,14956,136,GRCh38
AGGTGCTTCCTGTCGC-1,14551,93,GRCh38
AGGTGTGAGCCAGCAT-1,252,6960,mm10
AGGTGTGAGCGCCTTC-1,29,626,mm10
AGGTTAAAGCTGGTAC-1,16988,185,GRCh38
AGGTTAGGTTAGACTC-1,16561,93,GRCh38
AGGTTAGGTTGAATGG-1,11968,76,GRCh38
AGGTTCATCACTCATC-1,26195,266,GRCh38
AGGTTCATCGACATCA-1,9848,110,GRCh38
AGGTTCATCTAATGGT-1,9833,115,GRCh38
AGGTTCATCTGTGCCC-1,6066,171,GRCh38
AGGTTCGCAATTGAGC-1,17735,191,GRCh38
AGGTTCGCACATTCAT-1,15281,186,GRCh38
AGGTTCGCACCTTGAC-1,32732,261,GRCh38
AGGTTCGCACTTGAGG-1,11806,117,GRCh38
AGGTTGAGTCCCGAAC-1,23846,208,GRCh38
AGGTTGAGTGCGAGTG-1,30013,278,GRCh38
AGGTTGAGTTCCTTCA-1,4404,77,GRCh38
AGGTTGAGTTGTAACC-1,12536,148,GRCh38
AGGTTGAGTTGTCTCC-1,8099,55,GRCh38
AGGTTGAGTTTCAGGT-1,8124,116,GRCh38
AGGTTGCTCGTGCGTG-1,66562,234,GRCh38
AGGTTGGAGGCTTCCC-1,15622,156,GRCh38
AGGTTGGAGGTAACGG-1,19137,276,GRCh38
AGTAACCCAAACTGTA-1,219,5106,mm10
AGTAACCCAACCCGAA-1,13618,203,GRCh38
AGTAACCCAAGCCATG-1,3705,138,GRCh38
AGTAACCCAGCAGGTC-1,1184,265,GRCh38
AGTAACCCAGTTGGCA-1,10029,159,GRCh38
AGTAACCCATGATTAG-1,10764,124,GRCh38
AGTAACCCATTGCGTC-1,1286,41,GRCh38
AGTAACGGTCAGCGAG-1,638,33,GRCh38
AGTAACGGTCTTGCGA-1,16152,142,GRCh38
AGTAACGGTTCGAATC-1,10535,144,GRCh38
AGTAATGAGATTGGTT-1,2926,76,GRCh38
AGTAATGAGCATCCAA-1,1230,30,GRCh38
AGTAATGAGCTATGGC-1,8606,54,GRCh38
AGTAATGAGGCTCCAG-1,22071,117,GRCh38
AGTACACCAAACCAAC-1,2661,95,GRCh38
AGTACACCAAAGGTAG-1,77,439,mm10
AGTACACCAGGAACGG-1,8961,56,GRCh38
AGTACACCATAGATTG-1,172,3714,mm10
AGTACCATCACATGAT-1,129,3245,mm10
AGTACCATCGCGCTCT-1,18744,294,GRCh38
AGTACCATCTCATGTC-1,19803,112,GRCh38
AGTACCGCAACTGCGA-1,12593,75,GRCh38
AGTACCGCAGTTGGCA-1,821,57,GRCh38
AGTACCGCATCCTCGG-1,15649,186,GRCh38
AGTACCTGTAAGTAGT-1,14488,148,GRCh38
AGTACCTGTGCACCAC-1,8537,71,GRCh38
AGTACCTGTTAATGCC-1,14472,146,GRCh38
AGTACCTGTTATGGTC-1,9832,290,GRCh38
AGTACGGAGCTAGCAC-1,19748,167,GRCh38
AGTACTTAGGTAGACG-1,58,573,mm10
AGTACTTAGGTAGGGC-1,119,980,mm10
AGTATAGAGGGGCATA-1,10027,102,GRCh38
AGTATAGAGTTGGTGC-1,4996,78,GRCh38
AGTATCACAGCTCAAG-1,4736,131,GRCh38
AGTATCACATGACCCT-1,20389,130,GRCh38
AGTATCCGTTCCCAAG-1,296,7176,mm10
AGTATCCGTTGCACGC-1,28121,270,GRCh38
AGTATGAAGCTATGAT-1,19710,150,GRCh38
AGTATGAAGTGCAACC-1,25738,257,GRCh38
AGTATGAAGTTGGTAT-1,66,388,mm10
AGTATGGGTAGCTCGC-1,10182,95,GRCh38
AGTATGGGTGACTCTG-1,11912,151,GRCh38
AGTATGTTCAGGTTCA-1,1221,101,GRCh38
AGTATGTTCAGGTTGC-1,4119,170,GRCh38
AGTATGTTCTAGCCGG-1,30098,215,GRCh38
AGTATTCAGCATGTCA-1,8054,69,GRCh38
AGTATTGCACATGAAC-1,27872,206,GRCh38
AGTCAACCAGGGACCT-1,3188,11,GRCh38
AGTCAAGGTGAGGTGT-1,57,665,mm10
AGTCAAGGTTAACCGT-1,28827,149,GRCh38
AGTCAAGGTTGTCAGT-1,17505,245,GRCh38
AGTCAATTCCATGCCC-1,8197,73,GRCh38
AGTCACGCAACCCGAA-1,11366,107,GRCh38
AGTCACGCAACCTACC-1,989,48,GRCh38
AGTCACGCACAGCAGC-1,21416,122,GRCh38
AGTCAGCTCACCAATG-1,9291,123,GRCh38
AGTCAGCTCCCTTGAT-1,7721,192,GRCh38
AGTCAGTCAAATGCCG-1,1580,92,GRCh38
AGTCAGTCAAGGTTCG-1,21390,172,GRCh38
AGTCAGTCACTTCGTA-1,7979,71,GRCh38
AGTCATTAGATAGTAG-1,44,609,mm10
AGTCATTAGCAATCAT-1,11225,126,GRCh38
AGTCATTAGCGGATAG-1,107,3089,mm10
AGTCATTAGGTATCGC-1,236,5495,mm10
AGTCATTAGTAACCCA-1,9663,91,GRCh38
AGTCATTAGTAGTCAT-1,11956,55,GRCh38
AGTCCAGCAGGCAGAG-1,21965,219,GRCh38
AGTCCAGCATGATCCC-1,17394,225,GRCh38
AGTCCCAGTGGAGCTG-1,33482,207,GRCh38
AGTCCCAGTTTAAGCC-1,6411,312,GRCh38
AGTCCCAGTTTCCTTG-1,14342,79,GRCh38
AGTCCCTCAATAGACC-1,12680,161,GRCh38
AGTCCTAAGCCATACA-1,4710,204,GRCh38
AGTCCTGGTGAGTTAG-1,14592,124,GRCh38
AGTCGAAGTAGGTGAC-1,5548,195,GRCh38
AGTCGAAGTTCCCATC-1,22449,113,GRCh38
AGTCGATCAAGTGTCG-1,58,415,mm10
AGTCGATCAATACGAC-1,14697,129,GRCh38
AGTCGATCACCTGTCG-1,9485,125,GRCh38
AGTCGGGGTTCCGTAG-1,9590,109,GRCh38
AGTCGGTTCCATGCTT-1,15688,174,GRCh38
AGTCGGTTCGACTGGT-1,7191,105,GRCh38
AGTCGGTTCGCATGGT-1,16914,178,GRCh38
AGTCGGTTCGTGAGAG-1,33969,311,GRCh38
AGTCGGTTCGTTAGGC-1,44,863,mm10
AGTCGTTGTAACGGCG-1,13687,186,GRCh38
AGTCGTTGTGAGCCGA-1,6005,137,GRCh38
AGTCTCAAGGGTTGGA-1,12711,78,GRCh38
AGTCTTGAGAAGGGTT-1,15569,96,GRCh38
AGTCTTGAGGTAGTAA-1,1494,282,GRCh38
AGTCTTGAGGTCGAAG-1,2869,61,GRCh38
AGTGAACAGTGATGCC-1,16104,145,GRCh38
AGTGAATGTAAGCTGA-1,21984,129,GRCh38
AGTGAATGTCCATCCT-1,1552,104,GRCh38
AGTGACAGTCAGGAGT-1,11213,103,GRCh38
AGTGAGGTCATGTCCT-1,35381,156,GRCh38
AGTGAGGTCGAACCCG-1,15670,169,GRCh38
AGTGAGGTCGAGTCTA-1,18453,140,GRCh38
AGTGAGTAGCGATGGA-1,1326,152,GRCh38
AGTGAGTAGTAGCCAC-1,18065,197,GRCh38
AGTGAGTAGTTACCCT-1,13686,150,GRCh38
AGTGATCCACAACGAT-1,20090,164,GRCh38
AGTGATCCAGTACTAA-1,7789,72,GRCh38
AGTGATGGTCTAGCAT-1,9292,121,GRCh38
AGTGATTTCAAGTTAC-1,10695,153,GRCh38
AGTGATTTCCGCACGA-1,1232,42,GRCh38
AGTGATTTCTTGAGCA-1,10245,104,GRCh38
AGTGCAAGTGAGTCCC-1,14781,121,GRCh38
AGTGCAAGTGGCTCGT-1,47,731,mm10
AGTGCATCAAGGTCGC-1,25232,179,GRCh38
AGTGCATCAGCAGGCT-1,8749,145,GRCh38
AGTGCATCAGCTATGG-1,10042,117,GRCh38
AGTGCATCATGGTAAC-1,12529,81,GRCh38
AGTGCCCGTAGCTGCC-1,7729,205,GRCh38
AGTGCCCGTCAAGCAA-1,8821,112,GRCh38
AGTGCCCGTTGCTGGC-1,21797,129,GRCh38
AGTGCGGGTGAGCCAG-1,8033,109,GRCh38
AGTGCTTGTAATGTCC-1,5390,86,GRCh38
AGTGGAACAAGGTAGA-1,19352,182,GRCh38
AGTGGAACATCACTGC-1,11252,152,GRCh38
AGTGGATAGTAACGAA-1,15988,170,GRCh38
AGTGGATAGTAGCATT-1,17115,122,GRCh38
AGTGGATAGTCAGCTA-1,34808,272,GRCh38
AGTGGCGGTTGCTAAC-1,50,899,mm10
AGTGGCTTCACTAGGC-1,35593,272,GRCh38
AGTGGCTTCGCTCATT-1,11320,144,GRCh38
AGTGGTGAGGATGATA-1,13005,340,GRCh38
AGTGGTTCAATTGGTA-1,12178,122,GRCh38
AGTGTAAAGCGAACTC-1,7361,49,GRCh38
AGTGTAAAGTGCTCGG-1,11184,65,GRCh38
AGTGTCGCAAGGTATC-1,514,24,GRCh38
AGTGTCGCAGGCTACA-1,7100,62,GRCh38
AGTGTCGCATTAGGCG-1,11918,113,GRCh38
AGTGTGAGTCTAATTG-1,50,838,mm10
AGTGTGAGTTTGCGTG-1,8763,103,GRCh38
AGTGTGGAGCATAGGG-1,5168,59,GRCh38
AGTGTGGAGGTACCCG-1,2424,40,GRCh38
AGTGTTGTCCGTGTCC-1,6997,92,GRCh38
AGTGTTGTCGATCGCG-1,15338,155,GRCh38
AGTGTTGTCGCGATTA-1,15628,195,GRCh38
AGTGTTGTCTCACCAT-1,68,493,mm10
AGTTAGAAGGAATCAA-1,924,36,GRCh38
AGTTAGAAGGAGGCTA-1,17620,117,GRCh38
AGTTATCAGCTAACTG-1,1179,82,GRCh38
AGTTATCAGGGTCAAG-1,17822,164,GRCh38
AGTTATCAGTCATGGC-1,21620,156,GRCh38
AGTTGAAAGCCATTGA-1,20223,215,GRCh38
AGTTGAAAGCGGTTCG-1,12880,764,Multiplet
AGTTGAAAGGTACTGC-1,15558,103,GRCh38
AGTTGAAAGGTTCGGT-1,13971,245,GRCh38
AGTTGAGGTAAGTAAC-1,2346,137,GRCh38
AGTTGAGGTAATCCTA-1,6300,145,GRCh38
AGTTGAGGTCCATACG-1,14236,177,GRCh38
AGTTGAGGTTGACGAA-1,8844,7396,Multiplet
AGTTGAGGTTGGAGCG-1,15663,104,GRCh38
AGTTGCATCCAGATGC-1,29759,228,GRCh38
AGTTGCATCCCCAGAG-1,96,2087,mm10
AGTTGCATCCCTCGTA-1,5488,181,GRCh38
AGTTGCATCCTGATAG-1,17800,119,GRCh38
AGTTGGGAGCTATACG-1,3764,146,GRCh38
AGTTGGGAGGAATGTA-1,126,2637,mm10
AGTTTAGCAAGCTGCA-1,7397,80,GRCh38
AGTTTAGCAATACTCT-1,14898,86,GRCh38
AGTTTAGCAATCCTCA-1,7499,99,GRCh38
AGTTTAGCACCTGGAA-1,15066,174,GRCh38
AGTTTAGCAGGATAGA-1,6257,51,GRCh38
AGTTTAGCATCGGCTT-1,11448,152,GRCh38
AGTTTCAGTCCATCAG-1,10901,79,GRCh38
AGTTTCAGTCTCAGCA-1,26376,250,GRCh38
AGTTTCCTCCAACTCT-1,6209,132,GRCh38
AGTTTCCTCCCTCTCT-1,5578,132,GRCh38
AGTTTCCTCGTGACCG-1,8348,84,GRCh38
AGTTTCCTCTAAGTGT-1,14954,141,GRCh38
AGTTTGGTCACTGGTA-1,79,1175,mm10
AGTTTGGTCCAATGAT-1,19675,121,GRCh38
AGTTTGGTCCATCTAC-1,60,447,mm10
AGTTTGGTCGTGACCG-1,4838,33,GRCh38
ATAACCACAACTACTT-1,41632,186,GRCh38
ATAACCACACATTGCC-1,7001,92,GRCh38
ATAACCACATTCGGCT-1,31033,169,GRCh38
ATAACGAAGCAGGCAA-1,6279,79,GRCh38
ATAACGGGTCAATCCG-1,32669,323,GRCh38
ATAACGGGTTCCAGCA-1,10544,87,GRCh38
ATAACGTTCCAGATCA-1,66168,261,GRCh38
ATAACGTTCTATGGGC-1,18577,115,GRCh38
ATAAGCAAGGATACCC-1,69,1309,mm10
ATAAGCAAGGGGCAGT-1,12714,162,GRCh38
ATAAGCTTCGAATTAC-1,13006,132,GRCh38
ATAAGGATCATCGTTC-1,8558,186,GRCh38
ATAAGTGAGCATGATT-1,24970,243,GRCh38
ATAAGTGAGTTAATGC-1,48,709,mm10
ATAATCGCAGCCAGGT-1,28258,149,GRCh38
ATAATCGCATCGGGTA-1,10901,87,GRCh38
ATAATCGCATGCTGCT-1,1000,52,GRCh38
ATAATCGCATGGTCCT-1,22401,253,GRCh38
ATAATGCTCCATCTAC-1,7949,150,GRCh38
ATAATGCTCGCATGAC-1,4628,65,GRCh38
ATACACTAGCAAGTAA-1,799,39,GRCh38
ATACACTAGCTACCAA-1,7144,88,GRCh38
ATACAGCCACCATTCA-1,1122,50,GRCh38
ATACAGCCACTAAGCG-1,13596,122,GRCh38
ATACAGCCATCCGTTA-1,19962,183,GRCh38
ATACAGCCATGGATAC-1,39865,384,GRCh38
ATACCAACAAGGTCGC-1,14130,267,GRCh38
ATACCAACATAGGCAT-1,15747,264,GRCh38
ATACCATAGTAGCTGC-1,24480,111,GRCh38
ATACCCTTCAAGTGCC-1,27424,189,GRCh38
ATACCCTTCCCCTGGT-1,9702,136,GRCh38
ATACCCTTCCTGACCC-1,28794,371,GRCh38
ATACCTAGTGATGCAA-1,132,2988,mm10
ATACCTAGTTTGGGAA-1,785,21,GRCh38
ATACCTAGTTTGGTCG-1,3248,84,GRCh38
ATACGAAAGGAGCTTC-1,11192,65,GRCh38
ATACGAAAGGAGGTTG-1,10907,125,GRCh38
ATACGAAAGGCATTCA-1,6500,68,GRCh38
ATACGATTCACGGAGA-1,18953,132,GRCh38
ATACGATTCACTCCTG-1,55110,277,GRCh38
ATACGATTCAGTTGAT-1,15978,177,GRCh38
ATACGATTCGCATACA-1,21612,135,GRCh38
ATACGATTCTATGAAC-1,15712,154,GRCh38
ATACGATTCTGGCCGA-1,52,610,mm10
ATACGCGCAAGGTTCG-1,13816,188,GRCh38
ATACGCGCAATACTGA-1,12957,138,GRCh38
ATACGCGCACAGCCAA-1,16355,134,GRCh38
ATACGCGCACCTATCA-1,257,656,mm10
ATACGCGCAGGCATCA-1,27224,180,GRCh38
ATACGGTCAAGGTAGA-1,9827,123,GRCh38
ATACGGTCAAGTGCAT-1,2122,317,GRCh38
ATACGGTCAGCCATAG-1,21176,169,GRCh38
ATACGTTAGCGGTCAT-1,4610,48,GRCh38
ATACGTTAGGAATTAG-1,107,613,mm10
ATACTCCTCGCATACA-1,13361,166,GRCh38
ATACTGACAAATCCTT-1,35240,218,GRCh38
ATACTGACATTCGCAC-1,74,1210,mm10
ATACTGGTCACTCCAT-1,8115,114,GRCh38
ATACTGGTCCCGCAGA-1,17034,214,GRCh38
ATACTGGTCCTCGACC-1,10713,108,GRCh38
ATAGCAAAGATAGTCT-1,5353,99,GRCh38
ATAGCAAAGGGCTATC-1,1505,180,GRCh38
ATAGCAAAGTCATGTG-1,18715,225,GRCh38
ATAGCACCAATCGCAG-1,11112,186,GRCh38
ATAGCAGGTGAAGTCA-1,112,2070,mm10
ATAGCCATCTCATCTA-1,21906,226,GRCh38
ATAGCCTGTCTGGGTC-1,10943,101,GRCh38
ATAGCCTGTTGTAGCT-1,9498,126,GRCh38
ATAGCCTGTTTCGCTC-1,94,649,mm10
ATAGCGCTCCTGCTCA-1,1851,157,GRCh38
ATAGCGCTCTATCACC-1,16271,125,GRCh38
ATAGCGGAGAAGGTCG-1,11114,77,GRCh38
ATAGCGGAGCAAGCTC-1,12805,154,GRCh38
ATAGGATGTCATGTCG-1,15096,187,GRCh38
ATAGGATGTCCATCGA-1,8524,134,GRCh38
ATAGGATGTTAGACCT-1,12911,147,GRCh38
ATAGGATGTTATGCAC-1,4677,3634,Multiplet
ATAGGATGTTGTCTGG-1,6152,60,GRCh38
ATAGGCCTCCGCCATC-1,16982,147,GRCh38
ATAGGCCTCCGCCTTA-1,8856,129,GRCh38
ATAGGCCTCCTGACGG-1,16147,226,GRCh38
ATAGGCCTCCTGCTAT-1,527,101,GRCh38
ATAGGCGAGTGACCCG-1,11650,167,GRCh38
ATAGGCGAGTGAGGTG-1,65,1516,mm10
ATAGGCTCAAGTTACA-1,6614,113,GRCh38
ATAGGCTCAGGAAGTA-1,10404,71,GRCh38
ATAGGGCGTGAGGTTA-1,56,1008,mm10
ATAGGGCGTTGACGTT-1,11337,231,GRCh38
ATAGGGGTCCTGCCGT-1,1846,667,GRCh38
ATAGGGTAGCTGAGTC-1,9500,143,GRCh38
ATAGTCACAACCGGAC-1,1110,52,GRCh38
ATAGTCACATTCATCG-1,15865,112,GRCh38
ATAGTCCGTGATTGCT-1,10813,201,GRCh38
ATAGTCCGTGCAGTAA-1,3863,82,GRCh38
ATATCACAGTCATCTC-1,91,680,mm10
ATATCAGCATAAGGCT-1,111,1276,mm10
ATATCCCTCCTGAGAC-1,69,494,mm10
ATATCCTCAAATGAGG-1,70,1077,mm10
ATATCCTCACCATCAC-1,2770,226,GRCh38
ATATCCTCATAATTGG-1,11881,111,GRCh38
ATATCCTCATCCACTA-1,23985,139,GRCh38
ATATCCTCATGAGTTA-1,149,1694,mm10
ATATGGCCAAGGTAGA-1,12321,92,GRCh38
ATATGGCCAGGAGCGA-1,106,680,mm10
ATATGGGGTTATCCGG-1,7765,98,GRCh38
ATATGGTTCATAGGCC-1,19519,189,GRCh38
ATATTCCCAAAGGGAC-1,45606,318,GRCh38
ATATTCCCAATCGAAC-1,10451,38,GRCh38
ATCAACTAGGATAGCG-1,18856,196,GRCh38
ATCAAGCCACAATTAG-1,2894,238,GRCh38
ATCAAGCCACCAGGGT-1,3042,41,GRCh38
ATCAAGCCACCATGTC-1,86,854,mm10
ATCAAGCCACCTTACA-1,106,1252,mm10
ATCAAGCCAGTAAGTC-1,20883,133,GRCh38
ATCAAGCCATTGCCAC-1,19015,239,GRCh38
ATCAAGGGTAAGGGCT-1,22164,198,GRCh38
ATCAAGGGTGATTCGT-1,160,1226,mm10
ATCACAACAATCTCTG-1,5873,233,GRCh38
ATCACAACACAATGCG-1,14684,176,GRCh38
ATCACAACACTAGCCT-1,21412,218,GRCh38
ATCACAACATCGAACG-1,9291,76,GRCh38
ATCACATAGGGGCAAC-1,19174,129,GRCh38
ATCACATAGGTACTTG-1,8813,79,GRCh38
ATCACATAGGTAGCGA-1,15507,136,GRCh38
ATCACATAGTCAAGCC-1,20896,216,GRCh38
ATCACCTTCCGTTAGA-1,13353,139,GRCh38
ATCACCTTCGATTCCT-1,6811,145,GRCh38
ATCACCTTCTAATGGT-1,5827,72,GRCh38
ATCAGGGAGATTCCGA-1,10601,142,GRCh38
ATCAGGTCAAGCCGGT-1,7701,109,GRCh38
ATCAGGTCAGGATCGC-1,77,800,mm10
ATCAGGTCATCAATCT-1,1440,67,GRCh38
ATCAGGTCATCCTATG-1,10641,124,GRCh38
ATCAGGTCATCCTCAA-1,7206,191,GRCh38
ATCAGTTAGCGATCCG-1,196,1000,mm10
ATCAGTTAGCTAACGC-1,20210,221,GRCh38
ATCATCAGTAATCCGT-1,19030,185,GRCh38
ATCATCAGTGAGTAAT-1,1445,47,GRCh38
ATCATCCTCCCTGTGC-1,12897,97,GRCh38
ATCATCCTCTGGATGC-1,3553,55,GRCh38
ATCATCTCAGTACTAA-1,36703,268,GRCh38
ATCATGGTCACCACGG-1,10784,101,GRCh38
ATCATGGTCGCATTAG-1,16945,141,GRCh38
ATCATGGTCGTACGGT-1,931,29,GRCh38
ATCATGGTCTAAGTAC-1,124,2304,mm10
ATCATTCCAGGCAGGA-1,13292,326,GRCh38
ATCATTCCATCCTTAG-1,11957,105,GRCh38
ATCCAAGTCCTGCCGT-1,21391,140,GRCh38
ATCCAAGTCTGTGCAA-1,15998,105,GRCh38
ATCCAATAGGAACTGG-1,106,2415,mm10
ATCCAATAGGAGTAGT-1,16948,166,GRCh38
ATCCAATAGGGCTACT-1,15014,130,GRCh38
ATCCAATAGTGCAATT-1,3208,91,GRCh38
ATCCACAAGCTAGCCG-1,8880,160,GRCh38
ATCCACGGTTGCTCCT-1,30650,363,GRCh38
ATCCACGGTTGGCTTG-1,5756,78,GRCh38
ATCCACTTCCCGTACC-1,56121,291,GRCh38
ATCCATAGTCATCCAG-1,85,1269,mm10
ATCCATAGTGAGCGAT-1,8741,269,GRCh38
ATCCATAGTTCGGTGC-1,6825,152,GRCh38
ATCCATAGTTTGGATC-1,19402,171,GRCh38
ATCCATGAGGTTGCAC-1,12965,136,GRCh38
ATCCCAAAGCGGTTAC-1,5161,80,GRCh38
ATCCCAGGTGCACCAC-1,14230,115,GRCh38
ATCCCAGGTTTCAGTA-1,3756,40,GRCh38
ATCCCATTCCACGGAT-1,95,1199,mm10
ATCCCATTCTGGGACT-1,8396,123,GRCh38
ATCCCCATCCATGCCC-1,5384,114,GRCh38
ATCCCCTGTGAGTTGA-1,76,1058,mm10
ATCCCCTGTTGCTGTG-1,204,4312,mm10
ATCCCGCTCCATATCC-1,20952,217,GRCh38
ATCCCGCTCGTGCCCT-1,1011,55,GRCh38
ATCCCTTAGCCCTGCT-1,18965,123,GRCh38
ATCCGACAGGCTACAC-1,7325,86,GRCh38
ATCCGACAGTACGGGA-1,12321,120,GRCh38
ATCCGCCTCGCGCTGA-1,16747,196,GRCh38
ATCCGCCTCGCGTCTC-1,20836,113,GRCh38
ATCCGGGTCCGTAATG-1,7743,107,GRCh38
ATCCGGGTCCGTGAAC-1,7686,68,GRCh38
ATCCGGGTCGCTCTCA-1,2869,141,GRCh38
ATCCGTCCAACATTGA-1,20995,166,GRCh38
ATCCGTCCACCTTGGT-1,21884,149,GRCh38
ATCCGTCCAGCCTATC-1,24517,134,GRCh38
ATCCTAAGTAACCACT-1,11173,116,GRCh38
ATCCTAAGTAACGATG-1,16183,184,GRCh38
ATCCTAGAGCATCCTT-1,11183,142,GRCh38
ATCCTAGAGGTTGATT-1,74,1501,mm10
ATCCTAGAGTAGGACG-1,9798,103,GRCh38
ATCCTAGAGTGAGGCA-1,12831,133,GRCh38
ATCCTCACAAGCATCG-1,10268,129,GRCh38
ATCCTCACAAGCTACG-1,14975,226,GRCh38
ATCCTCACATGATCCC-1,15003,195,GRCh38
ATCCTCCGTTCGCTAG-1,24301,174,GRCh38
ATCCTGAAGATAGATG-1,9850,120,GRCh38
ATCCTGAAGTAGCATT-1,23847,216,GRCh38
ATCCTGTTCACGGCCA-1,7663,182,GRCh38
ATCCTGTTCCGTTAAG-1,23110,272,GRCh38
ATCCTGTTCCTCGTTG-1,902,49,GRCh38
ATCCTGTTCCTGCCGT-1,1310,52,GRCh38
ATCGAACCAGGACTAT-1,21792,247,GRCh38
ATCGAACCATTGCACC-1,56128,447,GRCh38
ATCGAAGGTAACGCAA-1,1872,368,GRCh38
ATCGAAGGTTGTAACC-1,9685,103,GRCh38
ATCGAAGGTTTAGCGT-1,10054,319,GRCh38
ATCGAGGAGAACCTTG-1,11945,88,GRCh38
ATCGAGGAGGTCAAGG-1,6768,103,GRCh38
ATCGAGGAGTCAACTG-1,20606,109,GRCh38
ATCGCATGTAGGCCAG-1,24995,206,GRCh38
ATCGCATGTCAGGAAC-1,127,2578,mm10
ATCGCATGTTCGATGT-1,2059,62,GRCh38
ATCGCCCTCAATGTAC-1,15822,223,GRCh38
ATCGCCCTCACGTACA-1,3535,69,GRCh38
ATCGCCCTCCATCAAG-1,13278,198,GRCh38
ATCGCCCTCTAGCCGG-1,25488,352,GRCh38
ATCGCCTCACAACCAG-1,28067,321,GRCh38
ATCGCCTCATTAGACA-1,11561,180,GRCh38
ATCGCGCGTTCGTGGC-1,15954,164,GRCh38
ATCGGGCCATAAGTTG-1,6966,55,GRCh38
ATCGGTCAGCGATTCA-1,934,112,GRCh38
ATCGGTCAGCTAACTG-1,51705,243,GRCh38
ATCGGTCAGGATCTAT-1,73,1265,mm10
ATCGGTCAGGTAAGTA-1,93,1044,mm10
ATCGGTCAGGTAGCAG-1,5224,73,GRCh38
ATCGTACGTAATGGTG-1,842,52,GRCh38
ATCGTACGTCAGCCGT-1,5826,198,GRCh38
ATCGTAGTCGACATGC-1,1009,36,GRCh38
ATCGTAGTCGTAGTTG-1,52,514,mm10
ATCGTAGTCGTGATAT-1,29923,265,GRCh38
ATCGTCAAGAAGGGCC-1,155,3168,mm10
ATCGTCAAGCGGTAGA-1,26777,189,GRCh38
ATCGTCAAGCGGTCTG-1,45,382,mm10
ATCGTCAAGGATGCCT-1,10296,114,GRCh38
ATCGTCAAGGTACTGC-1,2074,44,GRCh38
ATCGTCAAGTGATTCG-1,13142,125,GRCh38
ATCGTTAGTATGTGGA-1,17505,110,GRCh38
ATCGTTAGTTATGTCA-1,10685,184,GRCh38
ATCGTTAGTTTGACAC-1,1208,1249,mm10
ATCGTTAGTTTGGCGC-1,25713,242,GRCh38
ATCGTTGAGATTCGGC-1,8164,95,GRCh38
ATCTAACAGGCTTAAT-1,73,1683,mm10
ATCTACCTCCGTATGA-1,18787,194,GRCh38
ATCTACTCAATCGCAG-1,18602,153,GRCh38
ATCTACTCACAGGGCT-1,7094,173,GRCh38
ATCTATGGTAGCAGAC-1,251,6543,mm10
ATCTATGGTGATGCGG-1,114,2465,mm10
ATCTATGGTTCCAGAT-1,20800,248,GRCh38
ATCTCCACAAAGGAAT-1,18063,181,GRCh38
ATCTCCACAGGATACT-1,12490,88,GRCh38
ATCTCCACATGCGTCT-1,10804,135,GRCh38
ATCTCGCCAATGACGT-1,1067,50,GRCh38
ATCTCGCCACTTGCTA-1,70,500,mm10
ATCTGAGTCCGTAATG-1,9701,81,GRCh38
ATCTGAGTCGACTAGC-1,9637,144,GRCh38
ATCTGCAAGATAGGTA-1,28006,216,GRCh38
ATCTGCAAGCGCCTGA-1,8453,128,GRCh38
ATCTGCAAGCTAGACC-1,20469,140,GRCh38
ATCTGCAAGGCGATCT-1,11850,109,GRCh38
ATCTGCAAGTTAGCAT-1,10122,116,GRCh38
ATCTGGATCACGTGCG-1,1098,49,GRCh38
ATCTGGATCATGCAGC-1,11670,116,GRCh38
ATCTGGATCCGGTAGT-1,8345,89,GRCh38
ATCTGGATCCTTAACC-1,9711,133,GRCh38
ATCTGGATCGCATACA-1,8315,129,GRCh38
ATCTGGATCTATCGAG-1,11391,168,GRCh38
ATCTGTGAGCGATTCA-1,6399,88,GRCh38
ATCTGTGAGTGGGTCT-1,6516,57,GRCh38
ATCTTAGGTTCCTTGC-1,10419,97,GRCh38
ATCTTGCTCCACGGCA-1,12190,78,GRCh38
ATCTTGCTCGACATGC-1,9374,112,GRCh38
ATGAAACGTTGCTTGG-1,15418,169,GRCh38
ATGAAAGTCGATGCCG-1,10419,120,GRCh38
ATGAAAGTCTAGTGTG-1,7509,74,GRCh38
ATGAAAGTCTATGGCA-1,25207,467,GRCh38
ATGAACGGTCAGCACC-1,9308,88,GRCh38
ATGACAGGTAGTAGGC-1,12763,121,GRCh38
ATGACAGGTTTGCGGC-1,1550,835,GRCh38
ATGACCCAGCATGAGG-1,55,663,mm10
ATGACCCAGGATATGA-1,771,26,GRCh38
ATGACCCAGTAATGTC-1,13080,97,GRCh38
ATGACCCAGTGCAATT-1,1445,60,GRCh38
ATGACGGAGATTGACT-1,10035,84,GRCh38
ATGAGGCGTAATGTGG-1,16786,102,GRCh38
ATGAGGCGTATGGGAC-1,14132,153,GRCh38
ATGAGGCGTGAGTGAC-1,11731,126,GRCh38
ATGAGGCGTTAGACGA-1,162,3397,mm10
ATGAGGCGTTGCTATA-1,3336,31,GRCh38
ATGAGGTAGCTAGGTC-1,15357,109,GRCh38
ATGAGTAAGATAGTCT-1,22013,95,GRCh38
ATGAGTAAGGCAATCC-1,1761,580,GRCh38
ATGAGTTTCCTCAATC-1,133,2549,mm10
ATGATCCGTTATCTCT-1,29365,269,GRCh38
ATGATGAAGAACGGCA-1,1451,50,GRCh38
ATGATGAAGCAATTAC-1,16671,117,GRCh38
ATGATGAAGGCAACCT-1,4858,54,GRCh38
ATGATGAAGGTAGAGT-1,7130,89,GRCh38
ATGATGAAGTCGATAT-1,13787,135,GRCh38
ATGATGTTCCTCTATA-1,23632,145,GRCh38
ATGATTGCACCTTGAC-1,87,531,mm10
ATGATTGCATTAAGTG-1,1277,44,GRCh38
ATGCAAGGTAATGGTG-1,6841,67,GRCh38
ATGCAAGGTAGTCCCA-1,12505,153,GRCh38
ATGCAAGGTTGGATAG-1,8789,90,GRCh38
ATGCACGCAGGACTTG-1,25729,214,GRCh38
ATGCAGCTCCATTGCT-1,16312,183,GRCh38
ATGCAGGAGCGAGCAA-1,16805,128,GRCh38
ATGCAGGAGGTTAGGG-1,8953,103,GRCh38
ATGCATTAGGTCGTTA-1,20955,143,GRCh38
ATGCATTAGTAGGAGT-1,19974,234,GRCh38
ATGCATTAGTGGGTAG-1,9895,97,GRCh38
ATGCCAATCCCCTTAG-1,1735,223,GRCh38
ATGCCAATCCCGTAGG-1,17999,111,GRCh38
ATGCCAATCCGGTAGT-1,6061,100,GRCh38
ATGCCAATCGTACCTT-1,10813,94,GRCh38
ATGCCAATCTAATGCG-1,3470,122,GRCh38
ATGCCACAGTTAGCCA-1,18162,152,GRCh38
ATGCCAGCACATGAGT-1,40027,243,GRCh38
ATGCCAGCACTTCATG-1,9982,118,GRCh38
ATGCCAGCAGCAGGCT-1,37621,207,GRCh38
ATGCCCAGTTGCTCTC-1,11548,109,GRCh38
ATGCCCTCATTAACCT-1,32430,150,GRCh38
ATGCCTAAGCCCTGCT-1,64,1134,mm10
ATGCCTAAGGATCCCG-1,3845,80,GRCh38
ATGCCTAAGGCGAATG-1,109,1962,mm10
ATGCCTGGTGAACCGG-1,56435,216,GRCh38
ATGCCTGGTGAACGCG-1,28137,230,GRCh38
ATGCGAAGTAACTGCT-1,20016,160,GRCh38
ATGCGAAGTGATGCCC-1,13228,107,GRCh38
ATGCGGTTCCTCATTA-1,13746,87,GRCh38
ATGCTAACAAGTGAGA-1,4518,87,GRCh38
ATGCTAACACCTTCGG-1,26298,223,GRCh38
ATGCTAGTCCCCAGTC-1,73,812,mm10
ATGCTAGTCGATCAGC-1,23090,117,GRCh38
ATGCTCAAGCTAGGTC-1,925,65,GRCh38
ATGCTCAAGGGGACGT-1,16993,129,GRCh38
ATGCTCAAGGTCACGT-1,55211,281,GRCh38
ATGCTCAAGTCATCAG-1,5619,62,GRCh38
ATGCTCCCAAGGGTCC-1,4628,181,GRCh38
ATGCTCCCAATCCTCA-1,11957,109,GRCh38
ATGCTCCCACAACCTC-1,744,652,GRCh38
ATGCTCCCACTTGAGG-1,556,47,GRCh38
ATGCTCCCAGGCTTGA-1,12743,129,GRCh38
ATGCTCCCATCCTTAG-1,12452,236,GRCh38
ATGCTGATCCCAGGCA-1,22708,205,GRCh38
ATGCTGATCGATCGCG-1,8012,575,Multiplet
ATGCTGATCGCGCTGA-1,284,903,mm10
ATGCTGATCTTGAGGC-1,12432,152,GRCh38
ATGCTTGAGCATGTGC-1,11146,132,GRCh38
ATGCTTGAGCGCTCGA-1,8597,88,GRCh38
ATGCTTGAGTGTCCGG-1,25280,234,GRCh38
ATGGACCTCAATCAAC-1,20145,443,GRCh38
ATGGACCTCCATAGAT-1,14668,164,GRCh38
ATGGACCTCCATCAAG-1,11786,112,GRCh38
ATGGACCTCGTTGCGG-1,47467,235,GRCh38
ATGGACTCAAGTAGAG-1,10296,135,GRCh38
ATGGACTCAAGTAGTC-1,13776,118,GRCh38
ATGGACTCAATCAGGT-1,9192,70,GRCh38
ATGGACTCAATCGTAA-1,19976,179,GRCh38
ATGGACTCACTTCAGC-1,51,515,mm10
ATGGACTCAGTTAGGT-1,21928,129,GRCh38
ATGGACTCATCCGTGT-1,13858,117,GRCh38
ATGGACTCATGTCGTC-1,9749,110,GRCh38
ATGGACTCATTAAGTG-1,17744,122,GRCh38
ATGGAGACAACCGTAG-1,77,841,mm10
ATGGAGACACAGGCTA-1,6422,68,GRCh38
ATGGAGACATCATCAT-1,8081,94,GRCh38
ATGGAGACATGGATAC-1,24121,204,GRCh38
ATGGAGTAGATTCAGT-1,13186,158,GRCh38
ATGGATGGTTCCCAGA-1,5016,95,GRCh38
ATGGCGAAGCGGGTAA-1,70,1101,mm10
ATGGCGAAGGAGGCAC-1,3014,462,GRCh38
ATGGCGAAGGTAGTGG-1,25623,249,GRCh38
ATGGCGAAGGTATCTG-1,10135,122,GRCh38
ATGGCGAAGTCAATCG-1,66,1002,mm10
ATGGCTGCAAACCAGT-1,19162,214,GRCh38
ATGGCTGCACATTCAT-1,17815,108,GRCh38
ATGGCTTGTATTGCTA-1,10008,106,GRCh38
ATGGCTTGTCTAGCGC-1,2104,82,GRCh38
ATGGGATAGCAAGGTG-1,6168,101,GRCh38
ATGGGATAGCAGGGTA-1,67,1424,mm10
ATGGGATAGCTAGTTG-1,157,3879,mm10
ATGGGATAGGTCATCA-1,51,994,mm10
ATGGGATAGTAGCCAC-1,1474,68,GRCh38
ATGGGCAAGCCGAGTT-1,6922,248,GRCh38
ATGGGCTTCCATCTCG-1,19910,180,GRCh38
ATGGGCTTCTTGACTC-1,47,538,mm10
ATGGGGATCACTTCAC-1,70,1170,mm10
ATGGGGATCATGGATT-1,14473,147,GRCh38
ATGGGGATCCTGCTCA-1,34851,130,GRCh38
ATGGGGATCTATGTGG-1,14788,347,GRCh38
ATGGGTAGTGAGCCGA-1,17565,197,GRCh38
ATGGGTAGTTGCTTGG-1,18996,121,GRCh38
ATGGGTGAGATTGATC-1,42,746,mm10
ATGGGTGAGGCGAGAC-1,15397,182,GRCh38
ATGGGTGAGGCGATGA-1,6159,189,GRCh38
ATGGGTGAGGTAACTT-1,24374,265,GRCh38
ATGGGTGAGTATCTCC-1,13108,89,GRCh38
ATGGGTGAGTTGCATG-1,13098,113,GRCh38
ATGGTAAAGCCTCTCA-1,7485,190,GRCh38
ATGGTAAAGCGGGATA-1,12759,144,GRCh38
ATGGTAGGTAACCGAA-1,19938,149,GRCh38
ATGGTAGGTAAGCGGT-1,3486,248,GRCh38
ATGGTAGGTAAGTGCA-1,2178,74,GRCh38
ATGGTAGGTAATCGAG-1,38620,183,GRCh38
ATGGTAGGTTCACCAG-1,26877,143,GRCh38
ATGGTAGGTTCGTGGC-1,1188,41,GRCh38
ATGGTGAGTCTAGGCC-1,5230,289,GRCh38
ATGGTGGAGTAGCACC-1,4890,74,GRCh38
ATGGTGGAGTTAGACT-1,10958,83,GRCh38
ATGGTTACACATTAAG-1,17337,187,GRCh38
ATGGTTTAGTCATCGA-1,3628,71,GRCh38
ATGTACCGTAATGGCA-1,9622,53,GRCh38
ATGTACCGTTCGAGCC-1,7747,109,GRCh38
ATGTAGCCAAACCGGC-1,14543,265,GRCh38
ATGTAGCCAAGGTGCC-1,13245,275,GRCh38
ATGTAGCCAATATGGC-1,13350,221,GRCh38
ATGTAGCCACTTAGCC-1,8502,82,GRCh38
ATGTAGCCAGCAGTAT-1,12012,143,GRCh38
ATGTCAACAACCTGTC-1,13854,102,GRCh38
ATGTCAACAGCTACAG-1,11902,154,GRCh38
ATGTCAACATAGGCCA-1,127,3123,mm10
ATGTCAACATCACTAT-1,579,571,GRCh38
ATGTCCTTCCCCAATT-1,7674,72,GRCh38
ATGTCCTTCCGGTATA-1,17014,220,GRCh38
ATGTCCTTCCGTCACC-1,12898,208,GRCh38
ATGTCCTTCGTAGTGC-1,15169,105,GRCh38
ATGTGAAAGCATTCAG-1,28846,345,GRCh38
ATGTGAGGTTCCTCAC-1,12523,84,GRCh38
ATGTGAGGTTCCTTGC-1,101,2875,mm10
ATGTGAGGTTTGCGGC-1,15749,146,GRCh38
ATGTGCATCACGGCCA-1,22001,125,GRCh38
ATGTGCATCCGTGGCA-1,10512,133,GRCh38
ATGTGCATCGACTCAA-1,1198,1120,GRCh38
ATGTGCATCTGGTGTA-1,21886,140,GRCh38
ATGTGGCTCCATGTGA-1,10218,174,GRCh38
ATGTGGCTCGTGCTGG-1,14486,106,GRCh38
ATGTGGGAGCCAGTCG-1,13665,134,GRCh38
ATGTGGGAGGCACTGT-1,19210,219,GRCh38
ATGTGGGAGGTAGCAG-1,18743,111,GRCh38
ATGTGGGAGTAGAGCG-1,11118,106,GRCh38
ATGTGTTAGCGGGATA-1,8941,76,GRCh38
ATGTGTTAGCTGGTAC-1,9365,158,GRCh38
ATGTGTTAGGTGACAG-1,20985,88,GRCh38
ATGTTAGCAAGCCGTA-1,11396,171,GRCh38
ATGTTAGCACAAGCCA-1,13030,91,GRCh38
ATGTTAGCAGCCAGGT-1,8776,93,GRCh38
ATGTTAGCATTACGCC-1,1696,167,GRCh38
ATGTTAGCATTCCTAG-1,11865,158,GRCh38
ATGTTAGCATTCGTTG-1,79,1188,mm10
ATGTTCCTCAGGTCTA-1,171,3787,mm10
ATGTTCCTCCGTGGCA-1,3644,50,GRCh38
ATGTTCCTCGTTGCTT-1,10518,147,GRCh38
ATGTTCCTCTGGGCAT-1,51,819,mm10
ATGTTCTCAACGTGAT-1,16511,197,GRCh38
ATGTTCTCATCAAGCG-1,25098,160,GRCh38
ATTAAGCTCACGTACA-1,13831,151,GRCh38
ATTAAGCTCAGGCATC-1,12089,131,GRCh38
ATTAAGCTCGCGCTGA-1,10678,124,GRCh38
ATTACAGCAACTATGA-1,17820,337,GRCh38
ATTACAGCAATCGACG-1,6364,74,GRCh38
ATTACAGCAGCACTTC-1,19457,122,GRCh38
ATTACAGCATGGATAC-1,7182,78,GRCh38
ATTACCCTCCAGCGAT-1,2941,148,GRCh38
ATTACCCTCGCGAGTT-1,15527,1097,Multiplet
ATTACCTCAATCCGCT-1,60,406,mm10
ATTACCTCACTCAATT-1,22615,218,GRCh38
ATTACGTAGCTACTTC-1,18701,153,GRCh38
ATTACGTAGGCGCTTG-1,7941,172,GRCh38
ATTACGTAGTTGCGTA-1,3215,47,GRCh38
ATTACGTAGTTGGACC-1,55,1330,mm10
ATTACTGGTTGCATCG-1,11889,102,GRCh38
ATTACTGGTTGTGCCA-1,14462,161,GRCh38
ATTATCCCAACTTAGA-1,37977,203,GRCh38
ATTATCCCACTTAGCC-1,101,2243,mm10
ATTCACCTCACAGACC-1,52078,243,GRCh38
ATTCACCTCGCGCTGA-1,23821,322,GRCh38
ATTCAGGTCCAGGTCG-1,17066,184,GRCh38
ATTCAGGTCGTCTCAT-1,355,9185,mm10
ATTCAGTAGCATTGAT-1,7463,64,GRCh38
ATTCAGTAGGAACCTC-1,17816,192,GRCh38
ATTCAGTAGGTAGCGA-1,11587,88,GRCh38
ATTCAGTAGTCAGGTC-1,17016,1537,Multiplet
ATTCATCCATAATCCT-1,447,2950,mm10
ATTCATGGTAGTCATC-1,8756,106,GRCh38
ATTCCAAGTCTCACTC-1,18121,200,GRCh38
ATTCCAAGTTGCAATC-1,19970,1307,Multiplet
ATTCCATCAAATGCAC-1,11887,120,GRCh38
ATTCCATCACAGCATG-1,28734,192,GRCh38
ATTCCCACAATCTGCC-1,38102,237,GRCh38
ATTCCCACACTAGTCC-1,49351,233,GRCh38
ATTCCCACATCGACCT-1,13633,158,GRCh38
ATTCCGCCAACCTACC-1,18256,175,GRCh38
ATTCCGCCAATTAACG-1,31693,291,GRCh38
ATTCCGCCACAATCGG-1,31437,183,GRCh38
ATTCCGGGTAATTGGG-1,23608,157,GRCh38
ATTCCGGGTTCCTCGT-1,6749,130,GRCh38
ATTCCTTGTGAAGTGC-1,31683,305,GRCh38
ATTCCTTGTGGGTATA-1,4953,129,GRCh38
ATTCGATAGGCGTAAG-1,1770,314,GRCh38
ATTCGATAGTCGATCA-1,14892,126,GRCh38
ATTCGCTTCACTAGGC-1,14742,137,GRCh38
ATTCGCTTCCGCTAGG-1,10648,88,GRCh38
ATTCGCTTCGCTATCT-1,13300,75,GRCh38
ATTCGGGCAATCCAGG-1,8665,78,GRCh38
ATTCGGGCATCCATTG-1,10729,165,GRCh38
ATTCGTAGTAGGCCAG-1,8064,90,GRCh38
ATTCGTAGTCTAACGT-1,11384,195,GRCh38
ATTCGTAGTGATGGAC-1,17389,181,GRCh38
ATTCGTTCAAATCAGC-1,18707,241,GRCh38
ATTCGTTCAACATGCG-1,1574,133,GRCh38
ATTCTCATCCGGTGTG-1,6766,67,GRCh38
ATTGAGAAGCGGTCAT-1,6874,73,GRCh38
ATTGATGCAACGTGCA-1,1997,53,GRCh38
ATTGATGCACAACGGC-1,29440,144,GRCh38
ATTGATGCATAGGGCC-1,13318,127,GRCh38
ATTGATGCATCATAGA-1,27300,155,GRCh38
ATTGCCCCAACTACCC-1,24740,318,GRCh38
ATTGCCCCAACTACGG-1,1526,127,GRCh38
ATTGCCCCACAGCAGC-1,348,9130,mm10
ATTGCCTTCCGTTACT-1,1889,1186,GRCh38
ATTGCCTTCTGTGATG-1,23256,146,GRCh38
ATTGGATTCAAGTAGA-1,2508,85,GRCh38
ATTGGATTCATGGTTG-1,68475,215,GRCh38
ATTGGATTCCTTAACC-1,15361,98,GRCh38
ATTGGCCAGAACCTAT-1,955,393,GRCh38
ATTGGCCAGTTGCGAC-1,24586,228,GRCh38
ATTGGCGCAACCAGTG-1,35648,179,GRCh38
ATTGGCGCACCTTGGT-1,8721,91,GRCh38
ATTGGCGCAGGAGCCT-1,8994,61,GRCh38
ATTGGCTGTGATAGTG-1,18753,178,GRCh38
ATTGGCTGTTGTGACT-1,1055,57,GRCh38
ATTGGGTCACATTCAT-1,8983,146,GRCh38
ATTGGGTCACTCGGAA-1,26674,229,GRCh38
ATTGGTTAGTCGACAC-1,5772,64,GRCh38
ATTGTCAGTATTGAGG-1,9541,119,GRCh38
ATTGTCAGTCTAGTTA-1,83,1741,mm10
ATTGTCAGTGACTCTG-1,6692,100,GRCh38
ATTGTCAGTTAGGCTT-1,5404,108,GRCh38
ATTGTCAGTTCATCCC-1,18670,259,GRCh38
CAAACCATCGATAGGG-1,15743,176,GRCh38
CAAACCGCAGGTAATC-1,1821,39,GRCh38
CAAACCGCATCGACTC-1,12081,86,GRCh38
CAAACCTGTGAGAGGA-1,14190,156,GRCh38
CAAACCTGTTGCAGCC-1,20933,191,GRCh38
CAAACGGAGGGTAGGC-1,7663,57,GRCh38
CAAACGGAGTAAGTGA-1,10136,132,GRCh38
CAAACGGAGTAGGACG-1,12378,102,GRCh38
CAAACTTAGGGGATCA-1,12772,134,GRCh38
CAAACTTAGGGGTACA-1,145,3883,mm10
CAAACTTAGGTTACGC-1,34513,188,GRCh38
CAAACTTAGTAGCGGA-1,55996,267,GRCh38
CAAACTTAGTAGGGCA-1,11271,94,GRCh38
CAAAGCCTCAGGTTGC-1,21835,139,GRCh38
CAAAGCCTCTAGGCAC-1,9313,99,GRCh38
CAAAGCTCAGCAGTCA-1,66,1397,mm10
CAAAGCTCATCGTAGG-1,2349,390,GRCh38
CAAAGGCGTCTTGAGT-1,8408,92,GRCh38
CAAAGGGTCACACATG-1,21182,289,GRCh38
CAAAGGGTCCGTATAG-1,9695,111,GRCh38
CAAAGGGTCCTCTCAG-1,897,27,GRCh38
CAAAGGGTCCTGCGTC-1,7615,112,GRCh38
CAAAGGGTCGCTTCCA-1,10298,87,GRCh38
CAAAGGTAGGTTCGTA-1,18118,201,GRCh38
CAAAGTAAGAAGGAGA-1,8456,69,GRCh38
CAAAGTAAGCCACATA-1,7718,519,Multiplet
CAAAGTAAGGAGTATA-1,9015,92,GRCh38
CAAATCACACCTCACG-1,11754,172,GRCh38
CAAATCACATGCTCGT-1,38108,211,GRCh38
CAAATCCGTGAAGCTA-1,9734,144,GRCh38
CAAATGAAGTATGTGT-1,12837,159,GRCh38
CAAATGAAGTCAGTAT-1,24604,230,GRCh38
CAAATGTTCCCAGTAA-1,10565,99,GRCh38
CAAATTCAGCGGGTAA-1,183,471,mm10
CAAATTCAGGATGAGT-1,24082,141,GRCh38
CAACACGCAAGTCGGC-1,113,2481,mm10
CAACACGCATGAGCGC-1,8844,86,GRCh38
CAACAGTCAGCAGTTG-1,20265,255,GRCh38
CAACATTAGTCATGCA-1,19782,4208,Multiplet
CAACATTAGTTACCAG-1,13640,128,GRCh38
CAACCAATCCAGATCA-1,7796,186,GRCh38
CAACCAATCCATCGGG-1,18892,255,GRCh38
CAACCAATCCCGCACT-1,66277,385,GRCh38
CAACCAGCAAGCCAGC-1,14329,155,GRCh38
CAACCAGCAAGTGTCG-1,21200,151,GRCh38
CAACCCAGTCCCGAAC-1,204,4571,mm10
CAACCCAGTTCGCGTA-1,19831,171,GRCh38
CAACCCTCAACTATCT-1,9188,139,GRCh38
CAACCCTCAACTATGA-1,22451,152,GRCh38
CAACCCTCAAGCTGTG-1,10269,107,GRCh38
CAACGAAGTAATCAGG-1,11199,128,GRCh38
CAACGAAGTGCAACCC-1,28034,242,GRCh38
CAACGATCACCTTACA-1,12351,143,GRCh38
CAACGATCAGGATCGC-1,8818,75,GRCh38
CAACGGGGTATGTGCT-1,12109,147,GRCh38
CAACGGGGTGCAACCC-1,110,1766,mm10
CAACGGGGTTCGTTGG-1,19568,131,GRCh38
CAACTAACAATACCGG-1,39792,240,GRCh38
CAACTAACATCGCGTT-1,6473,111,GRCh38
CAACTAACATGCAGGC-1,2322,117,GRCh38
CAACTAGTCACGCAGT-1,11540,96,GRCh38
CAACTAGTCTGTGATG-1,6848,1327,Multiplet
CAACTGATCCAACTAG-1,11468,129,GRCh38
CAACTGATCCCTCACA-1,4587,71,GRCh38
CAACTGATCCTGTCGC-1,913,146,GRCh38
CAACTGATCGACTTGA-1,4093,33,GRCh38
CAAGACAGTCAACTTA-1,11429,133,GRCh38
CAAGACAGTCATCATA-1,69,517,mm10
CAAGACAGTCATCGGC-1,12788,144,GRCh38
CAAGACAGTTAATCTG-1,25002,243,GRCh38
CAAGACTCAAACCGCA-1,2222,50,GRCh38
CAAGACTCAATCGTCC-1,6384,102,GRCh38
CAAGACTCACAGCAAT-1,145,3968,mm10
CAAGACTCATTGCGCT-1,615,74,GRCh38
CAAGCATCATTAGGAC-1,113,1286,mm10
CAAGCCACAACATGGT-1,58264,242,GRCh38
CAAGCCACAGCACGAC-1,17435,117,GRCh38
CAAGCCCGTTCGTAGT-1,15966,136,GRCh38
CAAGCCCGTTGACTAC-1,18566,107,GRCh38
CAAGCCCGTTTGGTCG-1,7593,108,GRCh38
CAAGCGAAGCATGTCA-1,5713,95,GRCh38
CAAGCGAAGCGGGTAA-1,23648,213,GRCh38
CAAGCGAAGGCACTTA-1,12088,135,GRCh38
CAAGCGAAGGCATGTC-1,1583,73,GRCh38
CAAGCGAAGGTACTTG-1,9250,109,GRCh38
CAAGCGAAGTAGTTAC-1,18664,212,GRCh38
CAAGCGCCAAGGGACG-1,8303,123,GRCh38
CAAGCGCCACAAGGTT-1,20605,200,GRCh38
CAAGCGCCAGGAAGCG-1,5294,98,GRCh38
CAAGCGCCATGGTGTG-1,17175,154,GRCh38
CAAGCTATCTATCGTC-1,2336,41,GRCh38
CAAGCTCAGTTAGGCC-1,14344,206,GRCh38
CAAGCTCAGTTGGGTC-1,21911,211,GRCh38
CAAGCTGCAACGTTCC-1,29580,181,GRCh38
CAAGCTGCAGTTAAGC-1,22155,121,GRCh38
CAAGGAACACATTCAT-1,9070,89,GRCh38
CAAGGATAGGCGTCCA-1,9782,188,GRCh38
CAAGGCAAGCTAGAGG-1,10219,172,GRCh38
CAAGGCAAGGTAACTT-1,108,2440,mm10
CAAGGGGCATCGCGTT-1,32838,190,GRCh38
CAAGGGGCATGCGTTC-1,15878,186,GRCh38
CAAGGGGCATGGCAAT-1,10391,101,GRCh38
CAAGGTAGTAATGCTC-1,32291,178,GRCh38
CAAGGTAGTGGACACG-1,10204,139,GRCh38
CAAGGTAGTTAGTGGA-1,7634,91,GRCh38
CAAGGTAGTTCACGCA-1,34807,232,GRCh38
CAAGGTGAGAAGGTCG-1,1881,61,GRCh38
CAAGGTGAGCCTAGAC-1,143,3668,mm10
CAAGGTGAGGTAGAGT-1,1105,38,GRCh38
CAAGGTGAGGTAGCGA-1,29214,169,GRCh38
CAAGGTTCATGAGCCA-1,30236,252,GRCh38
CAAGTAAAGCCAATCA-1,14417,206,GRCh38
CAAGTAAAGCCCGTCT-1,62,686,mm10
CAAGTAAAGCGCTTAA-1,12901,202,GRCh38
CAAGTAGGTAACGTGA-1,993,46,GRCh38
CAAGTAGGTATGGGTA-1,131,2759,mm10
CAAGTAGGTGAGGCTG-1,14269,91,GRCh38
CAAGTCATCAGGTCGT-1,10066,63,GRCh38
CAAGTCATCCCTCATG-1,3941,28,GRCh38
CAAGTCATCCCTCTCT-1,11121,116,GRCh38
CAAGTCGCATAAGCCG-1,67,973,mm10
CAAGTCTGTAGGTAGC-1,14130,137,GRCh38
CAAGTCTGTTTCGGGC-1,10963,131,GRCh38
CAAGTTACAGCTATCC-1,14797,179,GRCh38
CAAGTTACATGGCGAC-1,19145,314,GRCh38
CAAGTTTAGATTCGAT-1,94,1586,mm10
CAAGTTTAGGCTACCG-1,12497,194,GRCh38
CAAGTTTAGGGTTGGA-1,36627,195,GRCh38
CAAGTTTAGTCGACCG-1,669,54,GRCh38
CAATAGAAGGATTCAT-1,17150,201,GRCh38
CAATAGAAGGTCATGC-1,1268,488,GRCh38
CAATAGAAGTAGGACG-1,5725,95,GRCh38
CAATAGCCACAATCAA-1,2633,121,GRCh38
CAATAGCCACCAGCTT-1,16213,188,GRCh38
CAATAGCCACTTAGCC-1,10762,155,GRCh38
CAATAGCCATGGTCCT-1,11030,105,GRCh38
CAATATCAGGTAGGAT-1,1879,114,GRCh38
CAATCATAGGTCGATC-1,17509,154,GRCh38
CAATCATAGTCAACTG-1,2166,168,GRCh38
CAATCATAGTGATCCA-1,22222,231,GRCh38
CAATCCCCAAACCACG-1,18267,196,GRCh38
CAATCCGGTCATCCAG-1,17908,167,GRCh38
CAATCCGGTCCATTAA-1,10978,119,GRCh38
CAATCCGGTTTAGTCA-1,1309,96,GRCh38
CAATCCTTCCGCTAGG-1,28768,272,GRCh38
CAATCGATCTATCACC-1,10523,143,GRCh38
CAATCTTCACATTCGC-1,7665,144,GRCh38
CAATCTTCAGCAGGTC-1,32407,412,GRCh38
CAATCTTCATGGCAGC-1,10599,142,GRCh38
CAATGCATCAGGTCTA-1,23001,240,GRCh38
CAATGCATCTCATCTA-1,13002,137,GRCh38
CAATGCCAGCGAGTCT-1,43952,275,GRCh38
CAATGCCAGGATTAGA-1,3782,74,GRCh38
CAATGGCTCAGGAGAT-1,8623,94,GRCh38
CAATGGCTCGAACCCG-1,21188,223,GRCh38
CAATGGCTCTAGTGAT-1,16126,125,GRCh38
CAATGGGAGGGCTCCA-1,11296,152,GRCh38
CAATGGGAGTCAGCTA-1,14918,131,GRCh38
CAATGGTCACATGCGA-1,1985,42,GRCh38
CAATGTTAGCAAGCCT-1,1998,436,GRCh38
CAATGTTAGGATTCGC-1,26176,161,GRCh38
CAATGTTAGGTACTGC-1,31527,264,GRCh38
CAATTAGCAAACCATA-1,6666,122,GRCh38
CAATTAGCACTCGCAT-1,1897,42,GRCh38
CAATTAGCAGGGCAGA-1,25599,211,GRCh38
CAATTAGCATTCGTCA-1,9468,115,GRCh38
CAATTCCTCAATGGCC-1,13064,187,GRCh38
CAATTCCTCGCTTGAA-1,2498,205,GRCh38
CAATTCCTCGTTAGCA-1,10107,210,GRCh38
CAATTGGTCACGGCCA-1,13869,170,GRCh38
CAATTGGTCTATGCGA-1,7061,122,GRCh38
CAATTGGTCTATGCTC-1,2395,114,GRCh38
CAATTTCCAAACCAAC-1,514,932,mm10
CAATTTCCATGCTCGT-1,965,70,GRCh38
CACAAGCTCTGGTCCC-1,1168,5306,mm10
CACAAGTCAACCCTGT-1,17484,162,GRCh38
CACAAGTCACTAACGG-1,16406,200,GRCh38
CACAAGTCACTCAGGA-1,20702,761,Multiplet
CACAAGTCATAGACCG-1,3457,70,GRCh38
CACAATTAGCGGTAAG-1,14338,101,GRCh38
CACAATTAGTAGCGAG-1,20737,117,GRCh38
CACACAATCTAACCGA-1,11390,556,Multiplet
CACACACAGGCTTGGT-1,12501,131,GRCh38
CACACACAGGTACAGG-1,11509,154,GRCh38
CACACACAGTTGGCCG-1,21033,217,GRCh38
CACACCCTCCTGATTC-1,16789,256,GRCh38
CACACCCTCGACATGC-1,11628,154,GRCh38
CACACCCTCGATCAGC-1,16997,176,GRCh38
CACACCTCAGCACGAC-1,7776,177,GRCh38
CACACTAAGTCGAGGA-1,16176,172,GRCh38
CACAGGCCAATCTCGC-1,12067,73,GRCh38
CACAGGCCAGTACCAG-1,31511,498,Multiplet
CACAGGCCATTCAGGG-1,11458,67,GRCh38
CACAGGTTCGCTCATT-1,93,1793,mm10
CACAGGTTCGTGCCAG-1,13914,307,GRCh38
CACAGGTTCTAGTACG-1,40423,216,GRCh38
CACATAACAGGAACCC-1,8632,91,GRCh38
CACATAACATTAGTGA-1,10579,113,GRCh38
CACATATAGAAGCCAG-1,37531,174,GRCh38
CACATATAGGATGCTC-1,10374,145,GRCh38
CACATCAAGCGAAGCA-1,164,1123,mm10
CACATCAAGCTTAGGC-1,1181,64,GRCh38
CACATCAAGGGGTTAG-1,24337,224,GRCh38
CACATCAAGTACCACA-1,151,3416,mm10
CACATCAAGTCAGGTC-1,10359,107,GRCh38
CACATCCCATTACTGT-1,6622,156,GRCh38
CACATCCCATTAGTAG-1,1230,793,GRCh38
CACATTAGTTAGACCT-1,20661,428,GRCh38
CACATTGAGCGAACTC-1,6444,90,GRCh38
CACATTGAGCGATCCG-1,86,1584,mm10
CACATTGAGCTACTGA-1,3683,182,GRCh38
CACATTGAGGAACCGA-1,53,421,mm10
CACATTTCACTAGTCC-1,58,536,mm10
CACATTTCATGGTTAA-1,12568,122,GRCh38
CACCAAATCGTGCTGG-1,937,32,GRCh38
CACCAACAGAACCATT-1,10829,110,GRCh38
CACCAACAGCCAATGC-1,12935,103,GRCh38
CACCAATGTCAGTCGC-1,92,864,mm10
CACCAATGTGAAGGTC-1,25838,148,GRCh38
CACCAATGTTCGGCAC-1,4011,107,GRCh38
CACCAATGTTGTGAGA-1,14153,101,GRCh38
CACCACCTCTAGCTCT-1,14872,186,GRCh38
CACCAGACACTAGCGA-1,39303,313,GRCh38
CACCAGACAGGATTAC-1,14018,114,GRCh38
CACCAGACAGTTGGTG-1,40659,229,GRCh38
CACCAGTAGCCTGGAT-1,16995,197,GRCh38
CACCAGTAGCTTAGTG-1,16033,163,GRCh38
CACCAGTAGGTGAAGT-1,4926,47,GRCh38
CACCAGTAGTGATTAC-1,10061,110,GRCh38
CACCATAAGCATCGCG-1,57,595,mm10
CACCATAAGGGTCACT-1,14776,90,GRCh38
CACCATAAGTAGCGGA-1,1606,109,GRCh38
CACCATAAGTCATGTG-1,20477,217,GRCh38
CACCATCCATGGCCTT-1,37160,189,GRCh38
CACCATCCATTGGGCA-1,9607,161,GRCh38
CACCATTTCAGGACGA-1,68,943,mm10
CACCATTTCCATTACC-1,1661,2842,mm10
CACCCAAGTTTCGACG-1,19295,168,GRCh38
CACCCATCAACTAGGT-1,117,1653,mm10
CACCCATCATGGAACT-1,48901,229,GRCh38
CACCCGTTCCCTCACA-1,31190,389,GRCh38
CACCCTGCACTCATGC-1,5875,105,GRCh38
CACCCTGCATTCGCAC-1,20404,152,GRCh38
CACCCTTGTCTTGAGT-1,17100,99,GRCh38
CACCCTTGTTCCAGCA-1,12272,143,GRCh38
CACCCTTGTTTAGTTG-1,12849,132,GRCh38
CACCGAACACCTCGTG-1,17705,289,GRCh38
CACCGAACATAGGTCG-1,7107,93,GRCh38
CACCGAACATTCGTCA-1,976,53,GRCh38
CACCGATAGCCACACG-1,17205,205,GRCh38
CACCGATAGTAAGGCG-1,22572,158,GRCh38
CACCGCAAGATTGGCC-1,7986,74,GRCh38
CACCGCTTCCAGGGAA-1,20927,109,GRCh38
CACCGCTTCTGGGACT-1,11357,200,GRCh38
CACCGTAGTTAATGCC-1,6764,106,GRCh38
CACCGTTCAACCTGAG-1,5050,104,GRCh38
CACCGTTCACAACCCT-1,9185,164,GRCh38
CACCGTTCACATTGGG-1,13899,285,GRCh38
CACCGTTCACTTCAGC-1,27794,292,GRCh38
CACCGTTCAGCTAACG-1,12231,153,GRCh38
CACCTAAAGAAGGTCG-1,17735,114,GRCh38
CACCTAAAGAATCGAA-1,179,5306,mm10
CACCTAAAGCATCGCG-1,4073,90,GRCh38
CACCTAAAGCTAGCGT-1,18041,179,GRCh38
CACCTAAAGTCATCCT-1,13337,199,GRCh38
CACCTATTCAGCTAAT-1,148,3351,mm10
CACCTATTCTCACTTA-1,19302,154,GRCh38
CACCTCGCAAACTCGG-1,9323,55,GRCh38
CACCTCGCACAGCAAT-1,9184,164,GRCh38
CACCTCGCACCTTCAA-1,18790,184,GRCh38
CACCTCGCAGCAGGAG-1,36215,275,GRCh38
CACCTCGCAGCTCGTT-1,9108,155,GRCh38
CACCTCGCAGGTTACG-1,10615,91,GRCh38
CACCTCTGTTCCCTGT-1,7869,126,GRCh38
CACCTCTGTTGTCTGG-1,8521,119,GRCh38
CACCTGCTCGAACGTC-1,583,558,GRCh38
CACCTGCTCGATTGAT-1,51513,292,GRCh38
CACCTTTAGCCTGAGT-1,89,1458,mm10
CACGAAAGTTGTGCTG-1,11054,142,GRCh38
CACGACCGTAGTCAGA-1,34,524,mm10
CACGACCGTCATTGCG-1,8010,125,GRCh38
CACGACCGTCTCACTC-1,61464,235,GRCh38
CACGACCGTGGCGACA-1,9273,160,GRCh38
CACGACCGTTGTGCAT-1,16457,211,GRCh38
CACGACCGTTTGGAAG-1,1900,154,GRCh38
CACGACTAGATTCCTC-1,22427,213,GRCh38
CACGACTAGCCAGCAT-1,42795,161,GRCh38
CACGACTAGCCGCATG-1,916,78,GRCh38
CACGACTAGGTGCTCG-1,16669,138,GRCh38
CACGAGGGTAACTGTC-1,9110,101,GRCh38
CACGAGGGTTAATGCC-1,238,5626,mm10
CACGAGGGTTGTAGCT-1,13221,221,GRCh38
CACGATGCAGGTAGCC-1,11507,116,GRCh38
CACGATGCAGGTTAGT-1,16715,174,GRCh38
CACGATGCATCCCGAT-1,56474,285,GRCh38
CACGATTGTAGGTCAA-1,13830,130,GRCh38
CACGCAACAAGGGAAC-1,41095,190,GRCh38
CACGCCAAGGTTAATC-1,144,2561,mm10
CACGCCAAGTATGTGT-1,15762,140,GRCh38
CACGCTAGTGACGAAC-1,6012,94,GRCh38
CACGGCTGTAAGGTTG-1,3815,148,GRCh38
CACGGCTGTAAGTACG-1,235,7211,mm10
CACGGCTGTGACTCGC-1,10970,126,GRCh38
CACGGCTGTGATGAAT-1,20490,181,GRCh38
CACGGCTGTTGCATGT-1,8267,122,GRCh38
CACGGCTGTTGCGCTA-1,10846,129,GRCh38
CACGGGTCACCTAACC-1,4733,153,GRCh38
CACGGGTCATGGAACT-1,6995,73,GRCh38
CACGGTTAGCCTGGAT-1,10640,150,GRCh38
CACGTAATCGTAGTGC-1,27982,284,GRCh38
CACGTAATCTGGTAGC-1,63823,272,GRCh38
CACTAACGTAGCTGGG-1,6908,51,GRCh38
CACTAACGTATGTGGA-1,22565,178,GRCh38
CACTAACGTTCGTAAC-1,692,449,GRCh38
CACTAACGTTGAGTTC-1,16660,184,GRCh38
CACTACAAGCTAGAGG-1,15466,177,GRCh38
CACTACCCATCCGGTT-1,13874,149,GRCh38
CACTACTTCCATCAGA-1,12241,209,GRCh38
CACTACTTCGCGAATC-1,606,49,GRCh38
CACTACTTCTCACAGA-1,39026,285,GRCh38
CACTACTTCTGGTAGC-1,1051,51,GRCh38
CACTATGAGAAGCCCT-1,15376,158,GRCh38
CACTATGAGGATCTGC-1,8866,91,GRCh38
CACTATGAGGTCGAGA-1,15789,153,GRCh38
CACTATGAGTGAAGGT-1,101,3017,mm10
CACTCAAAGAACGGTG-1,10193,190,GRCh38
CACTCAAAGCGGATGA-1,18343,172,GRCh38
CACTCAAAGCTGGGAA-1,35349,145,GRCh38
CACTCACCAAGCTAGT-1,9210,79,GRCh38
CACTCACCAATCCTCA-1,9799,87,GRCh38
CACTCACCACAATGGT-1,95,1653,mm10
CACTCACCATGACCTC-1,1088,94,GRCh38
CACTCACCATTGCCCG-1,2315,80,GRCh38
CACTCCATCCTGCGAG-1,12102,150,GRCh38
CACTCCGCACTTGCGT-1,10449,6524,Multiplet
CACTCCGCATAACGCG-1,1678,85,GRCh38
CACTCGCTCCAATGCA-1,16926,93,GRCh38
CACTCGCTCCGTAGTA-1,7799,73,GRCh38
CACTCGCTCCTGGGAT-1,106,779,mm10
CACTCGCTCGATGTAT-1,6552,61,GRCh38
CACTCGCTCGCTGGCA-1,7353,231,GRCh38
CACTGCCTCCGCAACG-1,70,443,mm10
CACTGCCTCCTGACCC-1,24771,217,GRCh38
CACTGCCTCGACCGTG-1,7584,103,GRCh38
CACTGGACAAGCTCTC-1,8429,114,GRCh38
CACTGGACAAGGTACT-1,9678,102,GRCh38
CACTGGACACAAGGCC-1,15484,201,GRCh38
CACTGGACACCTTCAA-1,3072,227,GRCh38
CACTGGACAGCAGTAT-1,582,53,GRCh38
CACTGGACAGGACTCA-1,17357,88,GRCh38
CACTGGACATGACTCC-1,56,997,mm10
CACTGGGTCTAGCGCG-1,14948,184,GRCh38
CACTTCACAATCGCCT-1,24269,167,GRCh38
CACTTCACAGTACTCC-1,40536,215,GRCh38
CACTTCACATTCAGGG-1,24268,251,GRCh38
CAGCAAAGTCAAGGGT-1,52,719,mm10
CAGCAAAGTGAGTGCG-1,8845,94,GRCh38
CAGCAAAGTGATCAAG-1,85,1925,mm10
CAGCAATCATCCTGAC-1,8628,157,GRCh38
CAGCAATCATTAATCC-1,21671,139,GRCh38
CAGCACTAGCCATCAA-1,13645,104,GRCh38
CAGCACTAGTTAGGAA-1,11862,104,GRCh38
CAGCAGCCACAATGGT-1,12683,128,GRCh38
CAGCAGCCACCTGTAC-1,25714,217,GRCh38
CAGCAGCCAGGCAACC-1,23596,210,GRCh38
CAGCAGCCAGTTGAGT-1,9191,149,GRCh38
CAGCATATCCATATCC-1,12899,87,GRCh38
CAGCATATCCTCGTCA-1,19034,96,GRCh38
CAGCATATCCTCGTTG-1,16240,178,GRCh38
CAGCATTGTTTCACGG-1,15940,137,GRCh38
CAGCATTGTTTCACTT-1,8212,75,GRCh38
CAGCCAACACAACGGC-1,16557,198,GRCh38
CAGCCATAGCGAACGA-1,11260,155,GRCh38
CAGCCATAGCTGGCAT-1,1005,630,GRCh38
CAGCCATAGGCGAATG-1,13330,111,GRCh38
CAGCCATAGGTAGGGC-1,28970,163,GRCh38
CAGCCTAGTGAGACAC-1,22391,171,GRCh38
CAGCGAGGTCATTGGT-1,48,554,mm10
CAGCGATTCACACCTT-1,10851,129,GRCh38
CAGCGCATCAATTAGC-1,9653,145,GRCh38
CAGCGCATCCCCAATT-1,9258,116,GRCh38
CAGCGCATCCGTGAGT-1,53,698,mm10
CAGCGCATCTATGCCT-1,72,703,mm10
CAGCGCATCTCACTCG-1,43518,301,GRCh38
CAGCGGTCACCTCGCA-1,18447,220,GRCh38
CAGCGGTCATCCGCAT-1,11619,155,GRCh38
CAGCTATGTTTGGGTT-1,28425,249,GRCh38
CAGCTCTCATCACGGA-1,8034,75,GRCh38
CAGCTCTCATGGAACT-1,17896,183,GRCh38
CAGCTTGGTTGCGTGC-1,18011,129,GRCh38
CAGGAACGTCAGCTCA-1,9218,142,GRCh38
CAGGAACGTCTCAGGC-1,57,749,mm10
CAGGAACGTGATGAGC-1,4693,94,GRCh38
CAGGAACGTTCCCTGT-1,140,2382,mm10
CAGGAACGTTTCCATT-1,167,3923,mm10
CAGGAACGTTTCGGAT-1,6941,62,GRCh38
CAGGACAAGCTGGTGT-1,8468,183,GRCh38
CAGGACAAGTAGCTGC-1,7901,130,GRCh38
CAGGACAAGTTGGACC-1,16291,111,GRCh38
CAGGACCCAAATGGTC-1,1430,80,GRCh38
CAGGACCCACAAGCGC-1,5867,175,GRCh38
CAGGACCCAGGATACT-1,61,550,mm10
CAGGACCCAGTAATCA-1,636,626,GRCh38
CAGGAGGCAACTGGGC-1,24217,143,GRCh38
CAGGAGGCAGGTAGCC-1,588,66,GRCh38
CAGGAGGCATCGCTAC-1,4438,83,GRCh38
CAGGATAGTAATGCTC-1,71,1091,mm10
CAGGATAGTCAACCAT-1,9036,124,GRCh38
CAGGATAGTCCATTCC-1,12605,217,GRCh38
CAGGATAGTTGGAGAC-1,15248,125,GRCh38
CAGGATAGTTTGGAAG-1,2501,153,GRCh38
CAGGATTCAACATCCC-1,24387,148,GRCh38
CAGGATTCAACTGGCA-1,6652,577,Multiplet
CAGGATTCAAGTTCAA-1,1764,222,GRCh38
CAGGATTCACTTAGCC-1,118,1767,mm10
CAGGCACCAGTTGGTG-1,4381,121,GRCh38
CAGGCCATCCTCAACT-1,18685,166,GRCh38
CAGGCCATCCTCAATC-1,26437,279,GRCh38
CAGGCCATCTAGTGTG-1,9672,496,Multiplet
CAGGCGAGTATTAGCC-1,30660,227,GRCh38
CAGGCGAGTCATGGAA-1,7223,85,GRCh38
CAGGCGAGTCTTGAAC-1,24103,203,GRCh38
CAGGCTTAGCCCGTAG-1,45805,288,GRCh38
CAGGCTTAGCGGCATT-1,21315,149,GRCh38
CAGGGATGTGATGACA-1,13901,174,GRCh38
CAGGGATGTTTGAGGA-1,24790,134,GRCh38
CAGGGCAGTAAGTTCC-1,7087,113,GRCh38
CAGGGCAGTAATCGGA-1,9729,109,GRCh38
CAGGGCAGTTAGCTCG-1,69,1107,mm10
CAGGGCAGTTGCACCA-1,1009,82,GRCh38
CAGGGCAGTTGGGTCC-1,40,604,mm10
CAGGGCTCAAGTCGCA-1,920,51,GRCh38
CAGGGCTCACTATCAT-1,29026,198,GRCh38
CAGGGCTCAGTTGCAG-1,1887,124,GRCh38
CAGGGGACAAACCCAG-1,18247,284,GRCh38
CAGGGGACAAGGTTAC-1,16435,594,Multiplet
CAGGGGACACATAGAC-1,187,2797,mm10
CAGGGGACACTACCCG-1,125,2041,mm10
CAGGGGACAGGTAGCC-1,12973,100,GRCh38
CAGGGGTAGGTCCAAC-1,25520,171,GRCh38
CAGGGTTTCGATGCCG-1,10506,154,GRCh38
CAGGGTTTCGCGTAAC-1,7622,101,GRCh38
CAGGGTTTCGTACCTT-1,12985,101,GRCh38
CAGGTAAGTAACTGCT-1,18882,128,GRCh38
CAGGTAAGTATGGCTT-1,57,1076,mm10
CAGGTAAGTATGGTCT-1,8168,81,GRCh38
CAGGTAAGTTGCTCTC-1,34228,187,GRCh38
CAGGTCACAAGGTCAT-1,8510,159,GRCh38
CAGGTCACAGCAGGAG-1,10981,140,GRCh38
CAGGTCCGTCAGCGGA-1,42281,285,GRCh38
CAGGTCCGTGGGTAGT-1,23838,214,GRCh38
CAGGTGAAGGTCCAGT-1,7939,107,GRCh38
CAGGTTATCCAGGGAA-1,24500,170,GRCh38
CAGTAACCAAGCTAAC-1,7406,139,GRCh38
CAGTAACCATCCGTTA-1,17290,202,GRCh38
CAGTAAGGTTCCGTCT-1,8458,107,GRCh38
CAGTACGCAACGGTGC-1,16103,206,GRCh38
CAGTACGCAAGGGCTC-1,3658,53,GRCh38
CAGTACGCAATGGGCC-1,73,1838,mm10
CAGTACGCACTTCGAC-1,1572,54,GRCh38
CAGTACGCAGGCTTAG-1,11520,115,GRCh38
CAGTACGCATGCTCTA-1,22372,141,GRCh38
CAGTAGCTCATCGTCT-1,11337,127,GRCh38
CAGTAGCTCGCTCACC-1,18796,148,GRCh38
CAGTAGGAGGTCGATC-1,8550,75,GRCh38
CAGTAGTCAATCTAAG-1,9463,77,GRCh38
CAGTAGTCAGTACCCT-1,18150,182,GRCh38
CAGTATTAGGAATCGG-1,3968,74,GRCh38
CAGTATTAGGTCATAT-1,663,86,GRCh38
CAGTCAATCACGTAAT-1,47,473,mm10
CAGTCAATCCTTCGTG-1,13184,150,GRCh38
CAGTCCCTCACCTATC-1,77,484,mm10
CAGTCCCTCGATCGTA-1,11181,88,GRCh38
CAGTCCCTCGATGTAT-1,4925,205,GRCh38
CAGTCCCTCGTCTATC-1,77,1357,mm10
CAGTCCTCACAGCCTT-1,8218,64,GRCh38
CAGTCTAAGCCACGAT-1,20261,157,GRCh38
CAGTGTTGTCTAATGC-1,21191,141,GRCh38
CAGTGTTGTTAACCCG-1,13289,168,GRCh38
CAGTGTTGTTGGATTC-1,12561,158,GRCh38
CAGTTAACAAATCGGT-1,10399,131,GRCh38
CAGTTAACAACCGTAG-1,8340,83,GRCh38
CAGTTAACATTGGCGA-1,67,1424,mm10
CAGTTACGTAAGTGTG-1,36305,172,GRCh38
CAGTTACGTCTGTGGC-1,11770,136,GRCh38
CAGTTACGTTCGTGGC-1,9261,70,GRCh38
CAGTTACGTTTACACA-1,9741,59,GRCh38
CAGTTAGTCAGGTCAC-1,28955,236,GRCh38
CAGTTAGTCGTTGCTT-1,74096,338,GRCh38
CAGTTAGTCTAACTGG-1,29234,135,GRCh38
CAGTTATAGCTACGCG-1,22034,190,GRCh38
CAGTTCAAGAAGCGGC-1,4271,104,GRCh38
CAGTTCAAGCCAGCAT-1,24873,216,GRCh38
CAGTTCAAGTAGTCAT-1,14045,141,GRCh38
CAGTTCAAGTCGCGTG-1,9114,106,GRCh38
CAGTTCCCACAAGCTG-1,1462,48,GRCh38
CAGTTCCCAGCTAACG-1,15209,89,GRCh38
CAGTTTAGTAACGACA-1,10292,156,GRCh38
CAGTTTAGTCAGCCAC-1,20022,231,GRCh38
CAGTTTAGTCATGGCC-1,1619,256,GRCh38
CAGTTTGAGGCGATTC-1,10991,144,GRCh38
CAGTTTGAGGTAACTT-1,26178,235,GRCh38
CAGTTTGAGTCGACCG-1,7062,160,GRCh38
CATAACTAGCGATGTC-1,15191,126,GRCh38
CATAAGCCACTTGATT-1,194,4708,mm10
CATAAGCCATGCGTAG-1,38,613,mm10
CATACAACATCACGAG-1,12274,129,GRCh38
CATACAACATCGACCT-1,1560,116,GRCh38
CATACAACATTAGTTC-1,21181,189,GRCh38
CATACATAGCTAATCG-1,14465,518,Multiplet
CATACATAGCTACTGA-1,10084,99,GRCh38
CATACATAGGGGTACA-1,87,1314,mm10
CATACATAGTCATTCC-1,328,485,mm10
CATACATAGTGCCGAT-1,979,41,GRCh38
CATACCAAGCTTAACG-1,32715,159,GRCh38
CATACCAAGGTAAGGT-1,18239,202,GRCh38
CATACCAAGGTGAGCA-1,5392,180,GRCh38
CATACCAAGTGCTGCG-1,14500,162,GRCh38
CATACCCCAATGTGCG-1,23048,130,GRCh38
CATACCCCACAGCAGC-1,517,65,GRCh38
CATACCCCAGGGCAAG-1,12045,108,GRCh38
CATACCCCATCCATTG-1,33859,221,GRCh38
CATACCTTCACGGAAG-1,27388,276,GRCh38
CATACTGAGGATGTAA-1,10749,209,GRCh38
CATACTGAGGTGGATG-1,13149,211,GRCh38
CATACTTCAATGCCAG-1,19834,158,GRCh38
CATAGAGGTCAGGCTC-1,9386,114,GRCh38
CATAGAGGTCATCAGT-1,745,27,GRCh38
CATAGAGGTCTAGAGA-1,11605,119,GRCh38
CATAGAGGTGGCGTAG-1,15289,152,GRCh38
CATAGAGGTTTCAGTA-1,3347,57,GRCh38
CATAGCATCAAGTCGC-1,12233,185,GRCh38
CATAGCATCAATCACG-1,10187,88,GRCh38
CATAGCATCATGGCCG-1,127,3276,mm10
CATAGCATCCCTCATG-1,16038,197,GRCh38
CATAGCATCCTGTCCA-1,15646,222,GRCh38
CATAGCCAGGTCGAAG-1,1357,54,GRCh38
CATAGCGCATAGAGGA-1,9100,130,GRCh38
CATAGCTGTTGTCCCT-1,31852,346,GRCh38
CATAGGCTCAGCGGAA-1,11579,118,GRCh38
CATAGGCTCCACCGTC-1,10026,246,GRCh38
CATAGGCTCCCCTGTA-1,17150,180,GRCh38
CATAGGGAGCATCGAC-1,34836,1398,Multiplet
CATAGGTCACCAGCAA-1,13303,141,GRCh38
CATAGTTAGATTCGAT-1,15848,111,GRCh38
CATAGTTAGCATGACC-1,11753,152,GRCh38
CATAGTTAGTAAGTGA-1,14413,1245,Multiplet
CATAGTTAGTATGGCC-1,2909,110,GRCh38
CATATAGCACTAGCAG-1,5444,119,GRCh38
CATATCCTCAGCAATT-1,76,1660,mm10
CATATCCTCAGCTGGT-1,12714,293,GRCh38
CATATCCTCATATCCC-1,10859,99,GRCh38
CATATCCTCCAGAGGA-1,6969,74,GRCh38
CATATCCTCCGTATAG-1,12761,178,GRCh38
CATATCCTCGACATTG-1,16043,149,GRCh38
CATATCTCAAAGGTAG-1,9772,153,GRCh38
CATATCTCAACCTGAG-1,16875,94,GRCh38
CATATGGTCATGCTTC-1,6130,803,Multiplet
CATATGGTCCGCGTAG-1,58,921,mm10
CATATGGTCGAACGTC-1,9169,104,GRCh38
CATATGGTCGTAGTCA-1,8597,83,GRCh38
CATATTCCAACTAAGC-1,14710,137,GRCh38
CATATTCCAATGACAC-1,23465,126,GRCh38
CATATTCCAATGTGCG-1,14091,144,GRCh38
CATATTCCACTTCGCG-1,15219,192,GRCh38
CATATTCCATGATTGA-1,8754,188,GRCh38
CATATTGGTCAATCAC-1,12979,176,GRCh38
CATATTGGTTAAGCTC-1,15411,167,GRCh38
CATATTGGTTACTGCG-1,2880,46,GRCh38
CATATTGGTTAGCCCA-1,14296,95,GRCh38
CATATTGGTTTGATTG-1,11560,121,GRCh38
CATCAATAGGTAAGTA-1,2142,160,GRCh38
CATCAATAGTAATCAC-1,11626,154,GRCh38
CATCACAAGGGTAGTG-1,185,3332,mm10
CATCACAAGTAGTAGA-1,5927,65,GRCh38
CATCACAAGTATGTGT-1,25282,255,GRCh38
CATCACCCAACTGCGA-1,14485,76,GRCh38
CATCACCCAATCCTGC-1,6649,144,GRCh38
CATCACCCACATACGG-1,16218,168,GRCh38
CATCACCCACCTCATA-1,13573,131,GRCh38
CATCACCCATGATCCC-1,10690,226,GRCh38
CATCACTTCAGTTGAT-1,9312,127,GRCh38
CATCATTCATAGATTG-1,56598,270,GRCh38
CATCCAAAGGTTCATG-1,8985,88,GRCh38
CATCCAAAGTCGAGGA-1,24332,217,GRCh38
CATCCAAAGTGAACCC-1,1745,50,GRCh38
CATCCACCAACGGCAC-1,4602,97,GRCh38
CATCCACCAGCTAGGC-1,4508,94,GRCh38
CATCCACCAGTACCAG-1,75,1157,mm10
CATCCAGGTAGCTTAC-1,1584,432,GRCh38
CATCCAGGTAGGTTGA-1,22687,179,GRCh38
CATCCAGGTCTAACCG-1,19521,172,GRCh38
CATCCAGGTGCAATTC-1,15195,483,GRCh38
CATCCCATCTGGGACT-1,666,38,GRCh38
CATCCCATCTGGGATC-1,32964,164,GRCh38
CATCCCATCTGTAAGT-1,18215,142,GRCh38
CATCCCGCAACTATGA-1,56927,299,GRCh38
CATCCCGCACCTGCTG-1,16858,143,GRCh38
CATCCCTGTATGTGTC-1,31455,388,GRCh38
CATCCCTGTCAGTAGA-1,50349,364,GRCh38
CATCCCTGTTGGACCC-1,386,2422,mm10
CATCCGCTCACCACGG-1,12889,153,GRCh38
CATCCGCTCGATCCAA-1,35246,255,GRCh38
CATCCGGAGATTCCAG-1,23502,240,GRCh38
CATCGCCTCAAGTGCC-1,31123,243,GRCh38
CATCGCCTCACTGGTA-1,47,416,mm10
CATCGTCCAAATCATG-1,1257,39,GRCh38
CATCGTCCATCGCGTT-1,1905,305,GRCh38
CATCGTCCATTACTCG-1,12034,187,GRCh38
CATCTAAGTCAGTGCC-1,134,2622,mm10
CATCTCACATCAATTC-1,20843,175,GRCh38
CATCTGTTCAGCGACT-1,10541,150,GRCh38
CATCTGTTCAGGTTGC-1,12933,119,GRCh38
CATCTGTTCCGCCTAC-1,9262,109,GRCh38
CATCTGTTCCTGAAGC-1,9514,189,GRCh38
CATCTGTTCGCTATGA-1,11496,98,GRCh38
CATCTTGCAATCGTGG-1,10507,85,GRCh38
CATCTTGCACTACCGT-1,40559,196,GRCh38
CATGAACCAAATGGTC-1,9160,83,GRCh38
CATGAACCAATAGTTG-1,6204,92,GRCh38
CATGAACCATGAGCCA-1,14320,102,GRCh38
CATGAAGGTATAGCCT-1,9132,103,GRCh38
CATGAAGGTCAGCCGT-1,16098,174,GRCh38
CATGAAGGTCATTGCG-1,38648,177,GRCh38
CATGAAGGTGAGTGAC-1,10610,147,GRCh38
CATGATTAGAAGCTAA-1,5480,56,GRCh38
CATGATTAGGCGTACT-1,18068,136,GRCh38
CATGCAATCATGCACA-1,9005,84,GRCh38
CATGCCAGTATGTGCT-1,22534,149,GRCh38
CATGCCAGTCAGCCAC-1,14984,130,GRCh38
CATGCCTCAAAGGTTC-1,3282,90,GRCh38
CATGCCTCACCTCGAT-1,19095,226,GRCh38
CATGCCTCAGGACTAT-1,13224,152,GRCh38
CATGCCTCATTACTAC-1,33019,194,GRCh38
CATGCGCGTTATGCAC-1,4542,220,GRCh38
CATGCGCGTTCTGTAA-1,10900,127,GRCh38
CATGCGCGTTTAGGAG-1,2856,66,GRCh38
CATGCGCGTTTGACGT-1,18013,185,GRCh38
CATGCTGGTTATCCAA-1,1857,109,GRCh38
CATGCTGGTTGTCTAA-1,12706,115,GRCh38
CATGGGTTCAGCACCG-1,11821,117,GRCh38
CATGGGTTCGCATAGC-1,11949,149,GRCh38
CATGGTCAGAACCTAT-1,11730,117,GRCh38
CATGGTCAGCGAAGCA-1,10769,70,GRCh38
CATGGTCAGGATGTGG-1,15086,195,GRCh38
CATGGTCAGGTCATTG-1,6926,88,GRCh38
CATGGTCAGTAGTGCC-1,9622,89,GRCh38
CATGGTCAGTTAGCTG-1,23048,620,Multiplet
CATGGTTGTAGCGATA-1,74,573,mm10
CATGGTTGTAGGTACA-1,132,2752,mm10
CATGGTTGTTAGTGAG-1,4831,102,GRCh38
CATGTCAAGCTATGAT-1,4313,83,GRCh38
CATGTTAGTAAGCGTA-1,9889,61,GRCh38
CATGTTGAGGTGGAAT-1,30175,195,GRCh38
CATTAACAGAATCGTT-1,23604,125,GRCh38
CATTAACAGGCAACGA-1,45,1109,mm10
CATTAACAGGCTTCGG-1,1462,137,GRCh38
CATTAACAGTTGGCCG-1,9532,91,GRCh38
CATTACCTCCTGACGG-1,9391,92,GRCh38
CATTACTCATAAGGGA-1,536,1327,mm10
CATTACTCATAGAGCT-1,39,865,mm10
CATTACTCATGCTGAG-1,14608,126,GRCh38
CATTAGGTCCAGATTG-1,15210,183,GRCh38
CATTAGTAGATTAGGA-1,17543,153,GRCh38
CATTAGTAGTAAGCGG-1,5860,75,GRCh38
CATTCAAGTATGTAGG-1,106,1986,mm10
CATTCAAGTCTGTGAT-1,6513,47,GRCh38
CATTCAAGTGAAGGTC-1,8026,190,GRCh38
CATTCAAGTGAGATTG-1,5565,108,GRCh38
CATTCATCAAGTCGAT-1,5938,109,GRCh38
CATTCATCAATCTCAT-1,16644,129,GRCh38
CATTCATCACTATCCA-1,15780,80,GRCh38
CATTCGAAGAATCCAT-1,904,34,GRCh38
CATTCGAAGCTAACTG-1,6207,72,GRCh38
CATTCGAAGCTAAGTT-1,16396,179,GRCh38
CATTCGCCAATATCTC-1,14591,184,GRCh38
CATTCGCCAGCACTCT-1,13282,103,GRCh38
CATTCGCCAGCCATCT-1,14796,200,GRCh38
CATTCGCCATTAGTTC-1,16251,176,GRCh38
CATTCGTTCGAATGGG-1,16923,144,GRCh38
CATTCTATCAGCGAGA-1,28509,225,GRCh38
CATTCTATCAGGTCTA-1,22709,148,GRCh38
CATTCTATCCCCTGGT-1,40596,344,GRCh38
CATTCTATCGACTTAG-1,7182,130,GRCh38
CATTCTATCGTGATGC-1,21249,249,GRCh38
CATTCTATCGTTCATC-1,10836,89,GRCh38
CATTGCTTCAGGCACT-1,9987,115,GRCh38
CATTGCTTCGACTTAG-1,9184,192,GRCh38
CATTGCTTCGTTCCTG-1,8499,127,GRCh38
CATTGGATCAAGTCCA-1,24775,480,GRCh38
CATTGGATCAGGTCAC-1,864,75,GRCh38
CATTGGATCCTCAACT-1,18787,163,GRCh38
CATTGGATCTAATGCG-1,2701,167,GRCh38
CATTGGGCAAATCTAG-1,9547,79,GRCh38
CATTGGGCATTACAGA-1,37502,445,GRCh38
CATTGTGAGCAACTGC-1,41,697,mm10
CATTGTGAGTGCCCGA-1,11200,181,GRCh38
CATTGTGAGTTAGTCG-1,15908,198,GRCh38
CATTTAGGTCTGGCGT-1,10986,392,GRCh38
CATTTAGGTTGCGCTA-1,5364,121,GRCh38
CATTTCATCCCATACT-1,3132,128,GRCh38
CATTTCATCGACCGCA-1,11201,69,GRCh38
CATTTCATCGCATTAG-1,30100,136,GRCh38
CATTTCGCAATACATG-1,21236,229,GRCh38
CATTTCGCAATACGGT-1,15441,95,GRCh38
CATTTCGCACTATCAT-1,58,719,mm10
CATTTCGCAGCAGGCT-1,13361,96,GRCh38
CATTTCGCATTCCTGA-1,15952,135,GRCh38
CATTTGAGTAGTAGGC-1,22573,121,GRCh38
CATTTGAGTGGAAGCT-1,19300,176,GRCh38
CATTTGAGTTGCCTTC-1,2937,161,GRCh38
CATTTGAGTTGGCGAG-1,1617,82,GRCh38
CATTTGAGTTTGCGAT-1,5636,74,GRCh38
CATTTGCTCAGCATTG-1,34657,201,GRCh38
CATTTGCTCCGGTAAC-1,14805,153,GRCh38
CATTTGCTCGTACACA-1,9008,125,GRCh38
CATTTGGAGGCACGAA-1,9161,65,GRCh38
CATTTGGAGGGGATCA-1,7060,95,GRCh38
CATTTGGAGGGTGAAT-1,21983,115,GRCh38
CATTTGGAGGTGACGA-1,7292,77,GRCh38
CCAAAGCTCACGGAGA-1,149,3121,mm10
CCAAAGCTCACTCCTG-1,16345,133,GRCh38
CCAAAGCTCCTTGGAA-1,21216,210,GRCh38
CCAAAGCTCGTACACA-1,12560,153,GRCh38
CCAAAGTCAACGTGCA-1,34404,306,GRCh38
CCAAAGTCAGGAAGCG-1,13733,135,GRCh38
CCAAAGTCATTCGCGT-1,3557,149,GRCh38
CCAAATGTCCAGGGTT-1,52407,268,GRCh38
CCAAATGTCCGTAAGC-1,34226,333,GRCh38
CCAAATGTCTGGTAGC-1,16795,122,GRCh38
CCAAATTAGCAATTAC-1,4235,188,GRCh38
CCAAATTAGTCATCTC-1,67,1223,mm10
CCAAATTAGTTAGTCG-1,6302,105,GRCh38
CCAACCCTCAGGAACG-1,16289,160,GRCh38
CCAACCCTCATCACAG-1,7935,96,GRCh38
CCAACCTCAATGACGT-1,9924,92,GRCh38
CCAACCTCAATGCCTC-1,29258,273,GRCh38
CCAACCTCATCGAAGT-1,1576,70,GRCh38
CCAACTGGTAACGACA-1,1298,74,GRCh38
CCAACTGGTTGGATGA-1,18364,154,GRCh38
CCAACTGGTTGTGAGA-1,3949,41,GRCh38
CCAAGGGGTAAGTCGA-1,11057,137,GRCh38
CCAAGGGGTCCCGAAC-1,7752,70,GRCh38
CCAAGGTTCACCACTT-1,936,75,GRCh38
CCAAGGTTCACTTCCG-1,9936,118,GRCh38
CCAAGGTTCCGGATAC-1,2695,97,GRCh38
CCAAGGTTCTTGACGA-1,9945,99,GRCh38
CCAAGTCAGAACCTCA-1,8439,106,GRCh38
CCAAGTCAGAACGACG-1,31221,281,GRCh38
CCAAGTCAGTACGCAC-1,18274,121,GRCh38
CCAATAGTCACGTAGC-1,3033,529,Multiplet
CCAATAGTCCTGCTCA-1,11899,209,GRCh38
CCAATAGTCGATCCAA-1,2520,128,GRCh38
CCAATAGTCTGGCAAC-1,19622,143,GRCh38
CCAATATAGGATGGAT-1,10441,152,GRCh38
CCAATATAGTCAGTAT-1,13496,162,GRCh38
CCAATCAAGATAGCTT-1,13862,131,GRCh38
CCAATCAAGTTAGTCG-1,8805,69,GRCh38
CCAATCCCACTTCATG-1,14878,116,GRCh38
CCAATCCCATTAAGCA-1,10398,150,GRCh38
CCAATTAGTGGAAGGA-1,18486,170,GRCh38
CCAATTGAGCCGCACA-1,85,1523,mm10
CCAATTGAGCGATCCG-1,11192,703,Multiplet
CCAATTGAGGTTCAAT-1,21884,184,GRCh38
CCAATTGAGTAATCAC-1,11427,127,GRCh38
CCAATTGAGTTGCATG-1,1232,44,GRCh38
CCAATTTCACTATGGG-1,10760,121,GRCh38
CCAATTTCACTTAGCC-1,12443,109,GRCh38
CCAATTTCATAACTGA-1,15694,190,GRCh38
CCAATTTCATGCTCAC-1,33141,276,GRCh38
CCACAACAGAACGGTG-1,9907,95,GRCh38
CCACAACAGCGGGATA-1,51,621,mm10
CCACAACAGGATGGTG-1,14810,179,GRCh38
CCACAACAGGGTCACT-1,44,447,mm10
CCACAACAGTCAAGTT-1,18067,233,GRCh38
CCACACAGTAATCCCG-1,6835,66,GRCh38
CCACACAGTCTAACGT-1,19094,188,GRCh38
CCACAGACAAAGGTTC-1,12141,127,GRCh38
CCACATAAGCGCCTGA-1,3150,114,GRCh38
CCACATAAGGTACATT-1,77,1355,mm10
CCACATAAGGTAGTAA-1,101,793,mm10
CCACATAAGGTTGACC-1,11496,150,GRCh38
CCACATCCAGGACTGC-1,9848,81,GRCh38
CCACATGGTTCGTGGC-1,18144,303,GRCh38
CCACCAAGTTAGCTGT-1,93,1960,mm10
CCACCATCAAATCACA-1,10785,72,GRCh38
CCACCATCAATGAAGG-1,33538,199,GRCh38
CCACCATCACCAGCTT-1,3802,100,GRCh38
CCACCATCATGACCGA-1,11589,94,GRCh38
CCACCGTTCCGTGGAT-1,11883,121,GRCh38
CCACCGTTCCTCACTG-1,197,2609,mm10
CCACCGTTCGACATTG-1,12039,181,GRCh38
CCACCGTTCGCGATAC-1,22226,241,GRCh38
CCACCTATCATCGAGC-1,12553,86,GRCh38
CCACCTCAGCTGGTGT-1,20116,100,GRCh38
CCACCTCAGGCATGTC-1,6644,149,GRCh38
CCACCTCAGGCTCCGA-1,1604,47,GRCh38
CCACCTGCATGAGCAT-1,12078,167,GRCh38
CCACGATAGCCTCTCA-1,12758,123,GRCh38
CCACGATAGGTTGCAC-1,17433,87,GRCh38
CCACGATAGTGATCCA-1,12141,93,GRCh38
CCACGGATCACATGAT-1,24415,196,GRCh38
CCACGGATCACGTGCG-1,3483,44,GRCh38
CCACGGATCCTCGTCA-1,11688,159,GRCh38
CCACGGATCGACTGAC-1,10255,73,GRCh38
CCACGGATCGCTTCCA-1,11194,183,GRCh38
CCACGGATCTAAGCAT-1,15677,172,GRCh38
CCACGTAGTCTCACGA-1,38,772,mm10
CCACGTAGTGAGCGAT-1,14323,102,GRCh38
CCACGTTCACATGCAG-1,1142,3929,mm10
CCACGTTCAGCAGGAG-1,5035,65,GRCh38
CCACGTTCATAAGGAG-1,7931,312,GRCh38
CCACGTTCATTGGAAC-1,11790,180,GRCh38
CCACTAAAGCGCCTGA-1,9960,126,GRCh38
CCACTAAAGCTAACTG-1,4077,62,GRCh38
CCACTAAAGGATAGCG-1,1918,47,GRCh38
CCACTAGGTTGGTAGA-1,12748,110,GRCh38
CCACTATTCCTTCCAG-1,124,1347,mm10
CCACTATTCTCATGTC-1,8110,160,GRCh38
CCACTCGCAATTGGCG-1,49526,283,GRCh38
CCACTCGCACCTATGC-1,103,1857,mm10
CCACTTACAAGTATGC-1,76,864,mm10
CCACTTACACAATGAC-1,20946,231,GRCh38
CCACTTACATGGTCAG-1,5839,81,GRCh38
CCAGAATCAAACTGTA-1,12108,139,GRCh38
CCAGAATCACAAGCGC-1,11055,173,GRCh38
CCAGAATCACTTCACA-1,19064,208,GRCh38
CCAGACCGTTCGTCTC-1,16862,275,GRCh38
CCAGACCGTTTGGCAT-1,24074,217,GRCh38
CCAGACTAGAAGGAAG-1,10620,101,GRCh38
CCAGACTAGATTCAAC-1,20132,100,GRCh38
CCAGACTAGGAACTGG-1,8949,93,GRCh38
CCAGACTAGTACGCCG-1,17873,149,GRCh38
CCAGAGAAGATTCCTC-1,8382,81,GRCh38
CCAGAGAAGCGATGCT-1,7179,108,GRCh38
CCAGAGAAGTGAATGA-1,9500,131,GRCh38
CCAGAGGGTATAGCTC-1,11455,98,GRCh38
CCAGAGGGTCTTACCC-1,16913,145,GRCh38
CCAGAGGGTGCGTGTC-1,41296,234,GRCh38
CCAGATGCAAACTCGG-1,802,119,GRCh38
CCAGATGCATAATCGA-1,1343,73,GRCh38
CCAGATGCATCATACT-1,14903,143,GRCh38
CCAGATTGTCTAGTAC-1,7553,76,GRCh38
CCAGCAACAAAGGAAT-1,32852,202,GRCh38
CCAGCTAGTGAGGAAG-1,13982,164,GRCh38
CCAGGCATCAGGAAGT-1,8752,68,GRCh38
CCAGGTTAGCAATCAT-1,73,1083,mm10
CCAGTAATCACGCATA-1,37804,267,GRCh38
CCAGTAATCCAGATTG-1,2474,90,GRCh38
CCAGTAATCGTGATGC-1,9384,148,GRCh38
CCAGTCCTCAAGTAGA-1,30962,194,GRCh38
CCAGTCCTCAATCGCA-1,25252,143,GRCh38
CCAGTCCTCCCCAGTC-1,514,1,GRCh38
CCAGTCCTCGAACCTA-1,22179,212,GRCh38
CCAGTCCTCTAGTTCC-1,11250,94,GRCh38
CCAGTCCTCTGGATAT-1,13884,162,GRCh38
CCAGTTAAGATTAGTC-1,16145,121,GRCh38
CCAGTTAAGCATAGTT-1,29172,206,GRCh38
CCAGTTAAGGGGATTG-1,3134,30,GRCh38
CCAGTTAAGTAAGTAG-1,17050,119,GRCh38
CCATAACGTAGCCTCA-1,1539,1243,GRCh38
CCATAACGTCAACCAT-1,6545,161,GRCh38
CCATAACGTCTAATGC-1,28286,254,GRCh38
CCATAAGTCCAATGAT-1,5976,59,GRCh38
CCATAATAGTACGGAG-1,18827,137,GRCh38
CCATAATAGTGATTCG-1,173,3234,mm10
CCATACTTCATACAGT-1,62,717,mm10
CCATATAGTAGTAAGT-1,8413,97,GRCh38
CCATATAGTATTGAGG-1,17038,159,GRCh38
CCATATAGTGATTAGG-1,22126,208,GRCh38
CCATATAGTGGCGATG-1,170,3761,mm10
CCATATAGTTAGGCAA-1,11270,112,GRCh38
CCATATAGTTCGCATG-1,30505,214,GRCh38
CCATCACCACCTGCAT-1,13829,158,GRCh38
CCATCAGGTCTTGCAG-1,12130,121,GRCh38
CCATCAGGTCTTGGGC-1,926,1575,mm10
CCATCAGGTTAGACCT-1,13278,58,GRCh38
CCATCAGGTTTGGTGT-1,6697,43,GRCh38
CCATCCGCACCAATCC-1,32837,353,GRCh38
CCATCCGCATCACGCT-1,5406,72,GRCh38
CCATCCGCATGTCGTC-1,5628,362,GRCh38
CCATCGCTCACTCCAT-1,13430,166,GRCh38
CCATCGCTCATGCTTC-1,20418,176,GRCh38
CCATCGCTCGTAACTG-1,14677,122,GRCh38
CCATCTTAGGTACTTG-1,12120,114,GRCh38
CCATGCCTCACGGCCA-1,10847,151,GRCh38
CCATGCCTCGTAATGT-1,13406,217,GRCh38
CCATGCCTCTGGCTAA-1,20683,209,GRCh38
CCATGCCTCTGGTAAT-1,44,415,mm10
CCATGGGTCCCGCATC-1,3142,1404,Multiplet
CCATGGGTCCTCATTA-1,5360,77,GRCh38
CCATGGGTCCTTGGAA-1,11492,159,GRCh38
CCATGGGTCTCATCAC-1,10793,36,GRCh38
CCATGTCCAGGCTACA-1,22856,179,GRCh38
CCATGTCCATCACGGA-1,35193,230,GRCh38
CCATTAAGTCTTGCTC-1,3444,168,GRCh38
CCATTAAGTTGCATGT-1,17708,124,GRCh38
CCATTGAAGTTACCGA-1,3204,87,GRCh38
CCATTTCAGAAGGTCG-1,273,6786,mm10
CCATTTCAGCGAGTGA-1,5311,66,GRCh38
CCATTTGCAATGAGTC-1,107,1714,mm10
CCCAAATGTAAGTCGA-1,38916,177,GRCh38
CCCAAATGTCTGGTTG-1,16247,134,GRCh38
CCCAAATGTTGTCTAA-1,10888,221,GRCh38
CCCAAGGTCACAGCCG-1,12674,134,GRCh38
CCCAAGGTCGATGTGC-1,15357,174,GRCh38
CCCAATCCACTTCGTA-1,14702,122,GRCh38
CCCAATCCATAACGGT-1,13528,272,GRCh38
CCCAATTTCCCGCTAC-1,10138,131,GRCh38
CCCACTATCAGTATCG-1,14514,657,Multiplet
CCCACTTGTAGCCATT-1,783,167,GRCh38
CCCACTTGTATAGCAG-1,680,48,GRCh38
CCCACTTGTCTAAGTC-1,63,1300,mm10
CCCACTTGTTATGGGA-1,16727,182,GRCh38
CCCAGCAAGCGCTTAA-1,10785,69,GRCh38
CCCAGCAAGGCTCCTC-1,2825,303,GRCh38
CCCAGGATCCGTGTAA-1,18520,148,GRCh38
CCCAGGATCGTGCCTC-1,20528,167,GRCh38
CCCAGGATCTAGCGCG-1,1113,58,GRCh38
CCCAGTGAGAATCAAG-1,314,8521,mm10
CCCAGTGAGGTAGCGA-1,7693,69,GRCh38
CCCAGTGAGGTCCCGA-1,131,3252,mm10
CCCAGTGAGGTTGACC-1,20752,237,GRCh38
CCCATATTCATGCGTA-1,15195,167,GRCh38
CCCATATTCCGCTAGG-1,9504,424,GRCh38
CCCATCATCCATCAAG-1,19674,139,GRCh38
CCCATCGCAAATCACA-1,10186,134,GRCh38
CCCATCGCAGTACCAG-1,210,6201,mm10
CCCATCTGTAAGCTGA-1,20378,171,GRCh38
CCCATCTGTCAACGAA-1,8122,93,GRCh38
CCCATCTGTGCAATTC-1,12036,143,GRCh38
CCCATGAGTTCATCGG-1,19870,433,GRCh38
CCCATGCTCACAGACC-1,24239,158,GRCh38
CCCATGCTCGATAGCC-1,7484,94,GRCh38
CCCATGCTCTAACCTC-1,11965,94,GRCh38
CCCATGCTCTATCACC-1,10445,135,GRCh38
CCCATGGAGCCAACTA-1,6455,85,GRCh38
CCCATGGAGCTTCCGC-1,28371,188,GRCh38
CCCATGGAGTAGCACC-1,1023,167,GRCh38
CCCATGGAGTGGGTTC-1,27340,231,GRCh38
CCCATTGTCCCGCACT-1,8727,146,GRCh38
CCCATTTAGATTACGT-1,12041,132,GRCh38
CCCATTTAGTACCAAT-1,5616,129,GRCh38
CCCGAACGTAAGTCAG-1,4673,171,GRCh38
CCCGAACGTATGTGGA-1,24961,124,GRCh38
CCCGAACGTGATCAGA-1,2252,413,GRCh38
CCCGAATAGGTTCGGT-1,1204,208,GRCh38
CCCGAATAGTAGACTT-1,2894,66,GRCh38
CCCGATAGTAAGCGTA-1,19101,236,GRCh38
CCCGATGAGCAACTGC-1,11683,82,GRCh38
CCCGATGAGGTGCTAC-1,54,1143,mm10
CCCGATGAGTAAGTCT-1,10191,132,GRCh38
CCCGATTCAGGGCTTA-1,914,987,mm10
CCCGATTCATTAACGA-1,1361,36,GRCh38
CCCGATTCATTCGTTG-1,10900,128,GRCh38
CCCGCATTCGATGCAC-1,9380,94,GRCh38
CCCGCTTAGCTTCCAT-1,9659,205,GRCh38
CCCGGTAAGCCAGTAC-1,31301,380,GRCh38
CCCGGTAAGGGTGATG-1,15221,150,GRCh38
CCCGGTTTCATGTGAT-1,15164,144,GRCh38
CCCGGTTTCCGGATAC-1,132,2150,mm10
CCCGGTTTCCTCGATT-1,15808,119,GRCh38
CCCGGTTTCGATGATT-1,7887,107,GRCh38
CCCGTAAGTCAACCGC-1,52136,224,GRCh38
CCCGTTATCAAGTGAA-1,65,1441,mm10
CCCGTTATCCTGCGGA-1,22723,282,GRCh38
CCCGTTATCGAATCTG-1,57,690,mm10
CCCGTTGCAAGCCGGT-1,24393,238,GRCh38
CCCGTTGCAAGTAAGG-1,8948,360,GRCh38
CCCTAACCAAAGGTAG-1,5565,155,GRCh38
CCCTAACCAACTGGAT-1,9833,125,GRCh38
CCCTAACCAATACGGT-1,13606,148,GRCh38
CCCTAATTCACACAGC-1,18911,188,GRCh38
CCCTAATTCATCGTTC-1,1296,84,GRCh38
CCCTAATTCCTCTACG-1,493,1020,mm10
CCCTAGTCACCTGCAT-1,8969,174,GRCh38
CCCTATGTCACACCAA-1,7105,103,GRCh38
CCCTATGTCAGTAGCC-1,17997,90,GRCh38
CCCTCAATCACCTCGC-1,18784,243,GRCh38
CCCTCAATCACTGGCG-1,4090,72,GRCh38
CCCTCACAGCGATAGG-1,17080,194,GRCh38
CCCTCACAGTAAGTCT-1,36727,147,GRCh38
CCCTCAGCAGGTTCAG-1,157,2689,mm10
CCCTCAGCATAGATCA-1,18363,247,GRCh38
CCCTGAGAGCAGGTTC-1,12248,163,GRCh38
CCCTGAGAGCCTACCC-1,15698,138,GRCh38
CCCTGAGAGGTCCATA-1,17799,170,GRCh38
CCCTGAGAGTGATGGG-1,2970,35,GRCh38
CCCTGGTTCCCGGCAA-1,35784,257,GRCh38
CCCTGGTTCTCATTCA-1,60,1003,mm10
CCCTGTTGTCTAGGTT-1,16763,235,GRCh38
CCCTGTTGTGATAGAT-1,23931,230,GRCh38
CCCTTAACAATCCAGG-1,6886,108,GRCh38
CCCTTAACATAGGCGC-1,3263,179,GRCh38
CCCTTACGTCTGGTAT-1,13778,144,GRCh38
CCCTTACGTGAGTGAC-1,15654,158,GRCh38
CCCTTAGTCCCCAGAG-1,46416,301,GRCh38
CCCTTAGTCCCGGCTT-1,85,428,mm10
CCCTTAGTCCGCCATC-1,32634,327,GRCh38
CCCTTAGTCCGCTGAG-1,7756,109,GRCh38
CCCTTAGTCTCATCAC-1,24310,193,GRCh38
CCCTTAGTCTGTCACT-1,107,2643,mm10
CCCTTGATCAATCCCT-1,38775,271,GRCh38
CCCTTGATCACTGTCT-1,5856,85,GRCh38
CCCTTGATCAGCGATC-1,26696,192,GRCh38
CCCTTGATCAGGCAAG-1,17817,190,GRCh38
CCCTTGATCATCACAG-1,7653,94,GRCh38
CCCTTGATCCACCTAT-1,6468,226,GRCh38
CCCTTGATCGTACACA-1,186,4788,mm10
CCCTTTAGTCTGGGCT-1,5760,53,GRCh38
CCCTTTAGTTAATGGG-1,30344,206,GRCh38
CCCTTTAGTTGACTGT-1,5580,109,GRCh38
CCGAAATCAACGTTAA-1,13764,161,GRCh38
CCGAAATCAGGATAGA-1,55,851,mm10
CCGAAATCATTGGGCA-1,13624,186,GRCh38
CCGAACTAGCATGGCT-1,10960,115,GRCh38
CCGAACTAGTCGAACC-1,1928,38,GRCh38
CCGAACTAGTGGCTGT-1,19979,240,GRCh38
CCGAATATCCTGATTC-1,10334,104,GRCh38
CCGAATATCCTTCACG-1,1435,489,GRCh38
CCGAATATCGCGCTAG-1,27595,210,GRCh38
CCGAATATCGTGCCGA-1,33579,265,GRCh38
CCGAATGCAAACCCAG-1,16779,121,GRCh38
CCGAATGCATCATACT-1,82,1122,mm10
CCGAATTGTAAGCGCG-1,19505,187,GRCh38
CCGAATTGTAGCAGTA-1,7259,244,GRCh38
CCGACATAGCGCTATA-1,12524,149,GRCh38
CCGACATAGGGTCCAT-1,19083,281,GRCh38
CCGACATAGGTGCAGA-1,20057,200,GRCh38
CCGACATAGTCAGCTA-1,149,4026,mm10
CCGACCAAGTAGAGTA-1,9195,130,GRCh38
CCGACCAAGTTACCCT-1,1399,112,GRCh38
CCGACCTTCAGCAACC-1,7321,147,GRCh38
CCGACCTTCATGGATT-1,9491,135,GRCh38
CCGACCTTCCCAATGA-1,114,2129,mm10
CCGACCTTCCCATGCC-1,165,2758,mm10
CCGACCTTCCCGCTAC-1,13843,292,GRCh38
CCGACCTTCGAATCTG-1,41,594,mm10
CCGACCTTCGATTGGC-1,2896,114,GRCh38
CCGACTAGTCTAGGTT-1,11732,122,GRCh38
CCGACTAGTGGCTTGC-1,5075,94,GRCh38
CCGACTAGTTCCTGAG-1,49,585,mm10
CCGACTTCACCATCCG-1,10632,305,GRCh38
CCGACTTCACTACCAC-1,14883,215,GRCh38
CCGACTTCAGTAATCA-1,13443,146,GRCh38
CCGATTAAGAAGCCAG-1,7681,127,GRCh38
CCGATTAAGTAGCTGC-1,3560,164,GRCh38
CCGATTGGTCTGGTTG-1,17880,135,GRCh38
CCGATTGGTGCGCATC-1,6980,150,GRCh38
CCGCAAGTCAATGGTT-1,63,920,mm10
CCGCAAGTCACCTCGC-1,583,15914,mm10
CCGCAATAGTACCAAT-1,11162,154,GRCh38
CCGCAATAGTTGGGTC-1,15609,103,GRCh38
CCGCATGAGAACGATA-1,10954,69,GRCh38
CCGCATGAGCCCTGCT-1,12286,142,GRCh38
CCGCATGAGGATAGAC-1,8698,146,GRCh38
CCGCATTCAACTTCCA-1,16267,190,GRCh38
CCGCCAAAGAAGCGGC-1,18489,152,GRCh38
CCGCCAAAGCATAGTT-1,11343,140,GRCh38
CCGCCAAAGGAGCTAG-1,71,1543,mm10
CCGCCAAAGGATTAGA-1,18226,103,GRCh38
CCGCCATTCCAGAGCT-1,21886,199,GRCh38
CCGCCTTAGATAGGTA-1,38703,134,GRCh38
CCGCCTTAGGCATTCA-1,3228,64,GRCh38
CCGCGAATCAATGGCC-1,143,2279,mm10
CCGCGAATCCTCATGT-1,24105,195,GRCh38
CCGCGAATCCTCGTGC-1,2118,49,GRCh38
CCGCGATGTGGACAGT-1,12948,109,GRCh38
CCGCGATGTTGAAGGC-1,959,50,GRCh38
CCGCGTTTCGCGAGTT-1,25163,250,GRCh38
CCGCGTTTCTCATGTC-1,14888,101,GRCh38
CCGCTAAGTGCGCAAG-1,8755,88,GRCh38
CCGCTAAGTTCCAGCA-1,980,886,GRCh38
CCGCTAAGTTCCTTCA-1,36716,190,GRCh38
CCGCTAAGTTTACTGA-1,14416,119,GRCh38
CCGCTAGAGGTGATCC-1,72,883,mm10
CCGCTAGAGTAGGGCA-1,4762,740,Multiplet
CCGCTCACACTAGCTC-1,5384,69,GRCh38
CCGCTTATCAGGACGA-1,147,2962,mm10
CCGCTTATCAGGCAGA-1,4400,132,GRCh38
CCGCTTATCATGGTTG-1,5962,123,GRCh38
CCGCTTATCCGGTGTG-1,4390,129,GRCh38
CCGGAACCAAGTTCGG-1,12263,147,GRCh38
CCGGAAGGTAGTGTGA-1,24974,210,GRCh38
CCGGAAGGTTTGGACT-1,11254,76,GRCh38
CCGGATTAGCCTGTCC-1,46,647,mm10
CCGGCATGTAGGTCCC-1,8097,196,GRCh38
CCGGCATGTCTTGATA-1,13724,118,GRCh38
CCGGCATGTTGCCCAA-1,12168,160,GRCh38
CCGGGTTGTTATCAGC-1,77,1768,mm10
CCGGTACGTATGTACC-1,36288,201,GRCh38
CCGGTATAGGGTACGA-1,850,41,GRCh38
CCGGTATAGGTACAGG-1,1275,110,GRCh38
CCGGTCAAGTGCTGAC-1,23452,282,GRCh38
CCGGTTAGTTATCTAG-1,111,2089,mm10
CCGTAAATCACTCAAG-1,10054,60,GRCh38
CCGTAAATCCTTCATA-1,16717,100,GRCh38
CCGTAAATCGATGCGT-1,15346,166,GRCh38
CCGTAACAGCCAATCA-1,51,686,mm10
CCGTAACAGGAGGACC-1,9216,73,GRCh38
CCGTAACAGGTGGATG-1,57608,195,GRCh38
CCGTAACAGTACGCTA-1,15850,194,GRCh38
CCGTAACAGTTACACG-1,13291,114,GRCh38
CCGTACCTCCATCACT-1,15003,255,GRCh38
CCGTACCTCCGGTGAT-1,1036,56,GRCh38
CCGTAGTAGCTGGGTT-1,12762,156,GRCh38
CCGTATGGTAGCCTCA-1,107,1911,mm10
CCGTCAAGTCTTGCAG-1,1248,99,GRCh38
CCGTCATCAAATGGCT-1,11936,115,GRCh38
CCGTCATCACAATGGT-1,10320,305,GRCh38
CCGTCATCACATAGAC-1,1034,67,GRCh38
CCGTCATCACTTACGC-1,1426,77,GRCh38
CCGTCCACACATACCC-1,27240,153,GRCh38
CCGTCCACAGGTATGT-1,30979,162,GRCh38
CCGTCGAAGCCGACAT-1,10171,90,GRCh38
CCGTCGAAGTCGCAAC-1,57,470,mm10
CCGTCTATCCATGCTT-1,5629,272,GRCh38
CCGTCTATCGCTCATT-1,25239,246,GRCh38
CCGTGCAAGGTCGTTA-1,6903,55,GRCh38
CCGTGGATCATGAGCC-1,8880,111,GRCh38
CCGTGGATCCCCATAT-1,5717,47,GRCh38
CCGTGTTCACATGATA-1,8383,106,GRCh38
CCGTGTTCACTCGCAT-1,63,1055,mm10
CCGTTAGGTATGTACC-1,29640,211,GRCh38
CCGTTAGGTCTTGATA-1,921,61,GRCh38
CCGTTAGGTTGACTCG-1,10103,74,GRCh38
CCGTTCATCACACTTC-1,5993,90,GRCh38
CCGTTCGCAACCTTCA-1,14909,209,GRCh38
CCGTTCGCAAGCACGC-1,24538,137,GRCh38
CCGTTCGCATAACGTA-1,9118,88,GRCh38
CCGTTCGCATTAGTGA-1,15562,211,GRCh38
CCGTTGAGTGACGAGT-1,22902,196,GRCh38
CCGTTGAGTGGGTTGG-1,28272,199,GRCh38
CCGTTGAGTTAGGCAA-1,25024,207,GRCh38
CCGTTGAGTTTAGCCG-1,3931,151,GRCh38
CCGTTGCTCACTCGCC-1,11380,144,GRCh38
CCGTTGCTCATGCGGT-1,12112,125,GRCh38
CCGTTGCTCCCCTTAG-1,669,47,GRCh38
CCGTTGCTCGATCAAT-1,10929,122,GRCh38
CCGTTGCTCGATCGCG-1,16852,53,GRCh38
CCTAACTTCAGTATGT-1,10053,110,GRCh38
CCTAACTTCCCGTTCA-1,9806,155,GRCh38
CCTAATGAGGCGAAGC-1,4384,184,GRCh38
CCTAATGAGGGGATGC-1,2688,156,GRCh38
CCTAATGAGGGTCACT-1,9189,54,GRCh38
CCTAATTCAAACCGGC-1,13273,180,GRCh38
CCTAATTCAGCACTGA-1,9870,164,GRCh38
CCTAATTCATGCTCGT-1,11247,128,GRCh38
CCTACAGGTAGCAGTA-1,6801,111,GRCh38
CCTACAGGTGCATCGC-1,6319,76,GRCh38
CCTACAGGTTAATCCA-1,13353,181,GRCh38
CCTACCATCATGCTGA-1,2637,246,GRCh38
CCTACCATCCCCTGAC-1,4069,81,GRCh38
CCTACCATCGAGTGGA-1,54339,231,GRCh38
CCTACCATCGTCTATC-1,15265,189,GRCh38
CCTACCGCAAGCATAC-1,1022,49,GRCh38
CCTACCGCAAGGTACT-1,35098,262,GRCh38
CCTACCGCAATTCATC-1,9229,63,GRCh38
CCTACCGCACAACCTC-1,16786,205,GRCh38
CCTACCGCACTAATTC-1,18624,193,GRCh38
CCTACCTGTAGTCCGC-1,22044,294,GRCh38
CCTACCTGTCTGGTCA-1,44018,276,GRCh38
CCTACCTGTTAGTCAC-1,44118,345,GRCh38
CCTACGAGTGCAGTAA-1,18240,208,GRCh38
CCTACGAGTTAGCCTG-1,17027,234,GRCh38
CCTACGAGTTCGCAAT-1,140,3470,mm10
CCTACGAGTTCGTGCA-1,7375,55,GRCh38
CCTACGAGTTTACGCG-1,16273,179,GRCh38
CCTACGGAGCTAGTAT-1,42,409,mm10
CCTACGGAGGAATCGG-1,5058,62,GRCh38
CCTAGCCTCACCATGA-1,38719,151,GRCh38
CCTAGCCTCACGCTAA-1,3859,244,GRCh38
CCTAGCCTCGATGTAT-1,1143,43,GRCh38
CCTAGCGAGATAGGGT-1,8607,47,GRCh38
CCTAGCGAGCATATAC-1,14920,119,GRCh38
CCTAGCGAGCGGTAGA-1,11205,76,GRCh38
CCTAGCTCAAACCCGA-1,107,2568,mm10
CCTAGCTCACTACCAC-1,9666,129,GRCh38
CCTAGGGTCACTCCTG-1,12496,95,GRCh38
CCTAGGGTCATCGTGA-1,17727,127,GRCh38
CCTAGGGTCTGGTAGC-1,6028,81,GRCh38
CCTAGGTAGAAGCTGG-1,12910,112,GRCh38
CCTAGGTAGCGCTGCA-1,6034,101,GRCh38
CCTAGTAAGCAAGGTG-1,10287,92,GRCh38
CCTAGTAAGTCAAGTT-1,15563,231,GRCh38
CCTATAGAGGATCATT-1,11169,158,GRCh38
CCTATCACACCTCACG-1,6257,99,GRCh38
CCTATCACAGGATTCG-1,11145,147,GRCh38
CCTATGAAGCCTCTCA-1,7437,65,GRCh38
CCTATGAAGGTGCGTT-1,99,1510,mm10
CCTATGGGTATGGTAG-1,8020,105,GRCh38
CCTATGGGTTCGAGCC-1,2298,146,GRCh38
CCTATGTTCCATCAGA-1,16553,75,GRCh38
CCTATGTTCTAAGTCG-1,10655,180,GRCh38
CCTCAACCAAGGGCTC-1,13358,100,GRCh38
CCTCAACCAAGTAGAG-1,18150,180,GRCh38
CCTCAACCACCATAGG-1,19280,279,GRCh38
CCTCAACCACTAACTT-1,27016,159,GRCh38
CCTCAACCAGGGACTC-1,12229,106,GRCh38
CCTCAAGGTTAATCCA-1,12513,125,GRCh38
CCTCAATTCACGCAGT-1,21977,201,GRCh38
CCTCAATTCCGGTATA-1,136,1237,mm10
CCTCAATTCGCTCCAC-1,14574,321,GRCh38
CCTCAATTCTCACCAT-1,5613,71,GRCh38
CCTCAATTCTGGTCCC-1,16553,177,GRCh38
CCTCAATTCTGTGGCG-1,19991,156,GRCh38
CCTCACGCACCTATGC-1,1189,112,GRCh38
CCTCACGCATGCTTCA-1,111,2175,mm10
CCTCACGCATTACCGC-1,38786,352,GRCh38
CCTCATTAGGTAGATA-1,7759,112,GRCh38
CCTCCTAAGGATACTT-1,1198,49,GRCh38
CCTCCTAAGGTTCAAT-1,27948,284,GRCh38
CCTCCTGGTAACCACT-1,13177,213,GRCh38
CCTCCTGGTTAGTCGT-1,9865,121,GRCh38
CCTCGAAGTCTAGGAA-1,18057,148,GRCh38
CCTCGAAGTCTGGTTG-1,20504,112,GRCh38
CCTCGATCAACATGGT-1,112,597,mm10
CCTCGATCAACCCGTT-1,91,495,mm10
CCTCGATCAATCAAGC-1,16298,145,GRCh38
CCTCGATCAATCAGAC-1,64,775,mm10
CCTCGATCAATGTAGC-1,140,714,mm10
CCTCGATCACCATCGT-1,2788,225,GRCh38
CCTCGGTTCGAATCCA-1,50,699,mm10
CCTCGTTGTAGTGCAA-1,13823,136,GRCh38
CCTCTAACAACTCGGA-1,12545,118,GRCh38
CCTCTAACAATGAAGG-1,22572,114,GRCh38
CCTCTCAAGCATATCG-1,700,895,mm10
CCTCTCAAGGTACGAG-1,12540,277,GRCh38
CCTCTCAAGTCAGTTG-1,1596,48,GRCh38
CCTCTGATCCACGGAT-1,27753,266,GRCh38
CCTCTGATCCTGTGAA-1,9138,113,GRCh38
CCTCTGATCGATTACG-1,22250,170,GRCh38
CCTCTTAGTCATCATA-1,13497,162,GRCh38
CCTCTTGAGGTGATGG-1,15891,460,GRCh38
CCTGAATGTCCATACG-1,10114,134,GRCh38
CCTGAATGTCCCGATA-1,11121,115,GRCh38
CCTGAGACAATGTCAA-1,7750,65,GRCh38
CCTGAGTAGAACGACG-1,832,639,GRCh38
CCTGATCCAAACTAGC-1,117,2418,mm10
CCTGATCCATCCGTTA-1,9271,105,GRCh38
CCTGATGGTTGCTTCC-1,9111,126,GRCh38
CCTGCAAGTAATTCGC-1,11337,124,GRCh38
CCTGCAAGTTATCCAA-1,10536,163,GRCh38
CCTGCAAGTTGCTCAG-1,19053,155,GRCh38
CCTGCATCACAACTAA-1,23221,219,GRCh38
CCTGCATCATGAGCCA-1,23958,273,GRCh38
CCTGCCACAAGGTCCA-1,1382,53,GRCh38
CCTGCCACACAGCCTT-1,29167,335,GRCh38
CCTGCCACATCGTTCA-1,18880,173,GRCh38
CCTGCGAAGATAGCCC-1,28519,229,GRCh38
CCTGCGAAGCGGATGA-1,8581,138,GRCh38
CCTGCGAAGGTTACTG-1,18775,205,GRCh38
CCTGCTCAGCATTAGT-1,1033,87,GRCh38
CCTGCTCAGGATATAG-1,935,158,GRCh38
CCTGCTCAGGGGACAC-1,7177,117,GRCh38
CCTGCTCAGTGATCTG-1,2681,356,GRCh38
CCTGGCAAGGTGAAGT-1,10821,102,GRCh38
CCTGGTAGTTGTGCCA-1,25513,326,GRCh38
CCTGGTGAGATAGTTC-1,3361,60,GRCh38
CCTGGTGAGATTAAGG-1,1004,53,GRCh38
CCTGGTGAGCCTGCGA-1,115,2619,mm10
CCTGGTGAGGATGACG-1,9896,61,GRCh38
CCTGGTGAGGGTTGGA-1,12071,200,GRCh38
CCTGGTGAGGTAACTT-1,1068,234,GRCh38
CCTGGTTCAATGACAC-1,26865,286,GRCh38
CCTGGTTCACCTTGGT-1,12574,115,GRCh38
CCTGGTTCAGCTCTGT-1,7884,63,GRCh38
CCTGGTTCATTGCCAC-1,34963,388,GRCh38
CCTGTAAAGCCTAGCG-1,9873,102,GRCh38
CCTGTAAAGTGAAGCG-1,13146,82,GRCh38
CCTGTCATCACCACGG-1,22648,233,GRCh38
CCTGTCATCCATAGAT-1,7012,77,GRCh38
CCTGTCATCTTGATCC-1,14795,111,GRCh38
CCTGTCGCAATTACAG-1,14639,180,GRCh38
CCTGTCGCAGCACTAG-1,55,586,mm10
CCTGTCGCATGCGTAG-1,13498,267,GRCh38
CCTGTGAGTCTTGAGT-1,10031,122,GRCh38
CCTGTGAGTGGCGTAG-1,9617,76,GRCh38
CCTGTGGAGCCAATCA-1,3171,63,GRCh38
CCTGTTGTCCCCATTG-1,34121,230,GRCh38
CCTGTTGTCTGGCCGA-1,10009,108,GRCh38
CCTGTTGTCTGGCCTC-1,37408,504,Multiplet
CCTTAATCAAAGGGAC-1,18948,137,GRCh38
CCTTAATCAACTGGTG-1,79,698,mm10
CCTTAATCAGGCATCA-1,968,107,GRCh38
CCTTAGAAGGCGAAGC-1,27861,210,GRCh38
CCTTAGAAGGGTGAAT-1,18217,101,GRCh38
CCTTAGCCATAGGCAT-1,9591,93,GRCh38
CCTTATATCATACTGG-1,59,458,mm10
CCTTATATCTGGTGTA-1,9304,134,GRCh38
CCTTATCAGCCTGTCC-1,10140,212,GRCh38
CCTTCCTTCAATTCGG-1,18691,193,GRCh38
CCTTCCTTCACCTAGA-1,51505,229,GRCh38
CCTTCCTTCCATCACT-1,37757,252,GRCh38
CCTTCCTTCCTGAGCG-1,34442,272,GRCh38
CCTTCCTTCGAGTACC-1,28238,173,GRCh38
CCTTCCTTCTAGTTCC-1,12703,122,GRCh38
CCTTCGATCAATCACG-1,16668,158,GRCh38
CCTTCGATCACAGCGT-1,2251,96,GRCh38
CCTTCGATCATGGCTA-1,27222,187,GRCh38
CCTTCGATCCCATTAC-1,1147,174,GRCh38
CCTTCGATCGATGATT-1,12855,200,GRCh38
CCTTGAAAGTCAGGGA-1,14669,121,GRCh38
CCTTGAGGTATGTCAC-1,14571,118,GRCh38
CCTTGAGGTCATGGTT-1,8461,89,GRCh38
CCTTGAGGTCTAAGCT-1,32315,189,GRCh38
CCTTGAGGTTCGAGTT-1,12220,178,GRCh38
CCTTGCATCAAGTCGC-1,10472,167,GRCh38
CCTTGCATCCGTTACT-1,84,1502,mm10
CCTTGCATCGTGATGC-1,22323,247,GRCh38
CCTTGGGAGTTACCAG-1,26027,280,GRCh38
CCTTGGTCAAGCCGGT-1,11476,100,GRCh38
CCTTGGTCAGCTCTCG-1,1585,1178,GRCh38
CCTTGGTCATAAGTCA-1,5138,70,GRCh38
CCTTTAATCACGTAGC-1,8970,104,GRCh38
CCTTTAATCATGTAAC-1,7719,997,Multiplet
CCTTTAATCGTCTATC-1,12479,158,GRCh38
CCTTTAGCAGTAAGCT-1,9183,1454,Multiplet
CCTTTCAGTAGCTAGA-1,4338,70,GRCh38
CCTTTCAGTCAACTTA-1,12477,126,GRCh38
CCTTTCCTCGATCACA-1,9897,93,GRCh38
CCTTTGGTCACCATGA-1,1643,118,GRCh38
CCTTTGGTCGCTCTGC-1,10314,204,GRCh38
CGAAACCTCCTGTCCA-1,63170,255,GRCh38
CGAAACCTCGTGAGTC-1,5838,144,GRCh38
CGAACATCACAGCACA-1,222,6714,mm10
CGAACATCAGGCTACA-1,10543,140,GRCh38
CGAACCACAAATGGGA-1,167,977,mm10
CGAACCACAGGGACCT-1,7704,105,GRCh38
CGAACGAAGCAACCCG-1,149,3023,mm10
CGAACGAAGCGCTCCT-1,11041,136,GRCh38
CGAACGAAGTAGCGAG-1,23712,191,GRCh38
CGAACGGGTCAGGATA-1,8800,82,GRCh38
CGAACGGGTTTGGTGT-1,1794,211,GRCh38
CGAACTATCGTTCATC-1,4995,147,GRCh38
CGAACTATCGTTCCTG-1,14942,104,GRCh38
CGAACTTGTAAGTCAG-1,3023,38,GRCh38
CGAACTTGTTAGCCAT-1,7500,166,GRCh38
CGAACTTGTTCACCTC-1,1070,47,GRCh38
CGAAGCAAGCCCTTGC-1,23705,246,GRCh38
CGAAGGATCAAGTGCC-1,31771,157,GRCh38
CGAAGGATCCTGTCCA-1,18894,141,GRCh38
CGAAGGATCGTAATCG-1,14485,136,GRCh38
CGAAGTGAGGTGAGGC-1,10130,96,GRCh38
CGAATAGGTTAACCCG-1,1155,74,GRCh38
CGAATAGGTTGGATCT-1,1193,137,GRCh38
CGAATCATCACGTACA-1,35616,275,GRCh38
CGAATCTGTCCATTAA-1,116,2748,mm10
CGAATCTGTTAGTGTC-1,933,53,GRCh38
CGAATTTAGCCCGTGA-1,15674,130,GRCh38
CGACAATCAAACTGTA-1,6581,125,GRCh38
CGACAATCAGCAGTCA-1,11970,75,GRCh38
CGACAATCATCACATT-1,4060,112,GRCh38
CGACACTAGTAAGGAC-1,23991,174,GRCh38
CGACACTAGTCAGGGA-1,6844,99,GRCh38
CGACAGCCAAGCCTGA-1,18437,223,GRCh38
CGACAGCCAATACATG-1,11553,102,GRCh38
CGACAGCCATTCATAC-1,15519,111,GRCh38
CGACCAACAATGTATG-1,40,691,mm10
CGACCAACACATGCAG-1,12960,72,GRCh38
CGACCAACATGCTTGC-1,9831,88,GRCh38
CGACCATAGGCTACCG-1,41464,363,GRCh38
CGACCATAGGCTATAT-1,24175,221,GRCh38
CGACCCTTCACGGACT-1,12300,172,GRCh38
CGACCCTTCAGGCTCG-1,13237,113,GRCh38
CGACCCTTCGAAGCTC-1,9064,238,GRCh38
CGACCGATCCTTGGTT-1,16254,190,GRCh38
CGACTAATCAGCGAAG-1,79,1959,mm10
CGACTAATCATGGCGT-1,7838,71,GRCh38
CGACTAATCGTACTTC-1,3902,57,GRCh38
CGACTAGCACTTAATC-1,24662,231,GRCh38
CGACTAGCATCCAGCT-1,9175,136,GRCh38
CGACTATGTAGTTGGA-1,14639,157,GRCh38
CGACTATGTCAGTAAG-1,1207,40,GRCh38
CGACTATGTTTAGTGC-1,24224,225,GRCh38
CGACTCCTCGAGTTGC-1,17550,165,GRCh38
CGACTGACACATTAAG-1,10997,149,GRCh38
CGACTGACACTACCGT-1,8311,51,GRCh38
CGACTGACATAATCAG-1,4881,132,GRCh38
CGACTTGGTAAGTAAC-1,3475,87,GRCh38
CGACTTGGTCTTGGTG-1,2480,81,GRCh38
CGACTTGGTTCGTCCT-1,21350,188,GRCh38
CGAGCAAAGCGATGCT-1,87,1682,mm10
CGAGCACCAAACCGTG-1,18811,143,GRCh38
CGAGCACCAAGTCGCA-1,22936,180,GRCh38
CGAGCACCACAAGCTG-1,10367,156,GRCh38
CGAGCACCATCCATCA-1,24569,343,GRCh38
CGAGCAGGTAATGCCT-1,6777,112,GRCh38
CGAGCAGGTTACACGT-1,13960,136,GRCh38
CGAGCAGGTTCCCATC-1,11782,128,GRCh38
CGAGCCATCATGCTTC-1,74,1013,mm10
CGAGCCATCTGGATGC-1,9121,239,GRCh38
CGAGCCTGTGGGTAAC-1,10411,135,GRCh38
CGAGCGAGTGATAGAT-1,6548,36,GRCh38
CGAGGAATCGAGTCCG-1,7355,1300,Multiplet
CGAGGAATCTAGCCTT-1,11283,133,GRCh38
CGAGGATGTCTGGTAT-1,8258,74,GRCh38
CGAGGATGTGGACATA-1,2850,124,GRCh38
CGAGGATGTGGCCTGT-1,13738,178,GRCh38
CGAGGATGTTCGCTGA-1,5812,192,GRCh38
CGAGGGACAAGCTCTC-1,14657,193,GRCh38
CGAGGGACAGTAATGC-1,22382,239,GRCh38
CGAGTAAGTGAACGGT-1,42372,303,GRCh38
CGAGTCACATGATAGC-1,10490,123,GRCh38
CGAGTCACATTCCTTC-1,16823,246,GRCh38
CGAGTCCGTCCCGAGT-1,110,2329,mm10
CGAGTGAAGGTCAAGG-1,7796,89,GRCh38
CGAGTGAAGTAGGGCA-1,9828,145,GRCh38
CGATAACCAAACCCGA-1,3730,76,GRCh38
CGATAACCAATCAGCG-1,7799,66,GRCh38
CGATAAGGTCTAGCCA-1,17917,112,GRCh38
CGATAAGGTGCAATTC-1,11768,148,GRCh38
CGATAAGGTTAGCCTG-1,80,844,mm10
CGATAAGGTTCCGTTC-1,138,2816,mm10
CGATAAGGTTCCTTCA-1,79,607,mm10
CGATAAGGTTTACCTT-1,16192,94,GRCh38
CGATAGCTCGCATCGG-1,13525,185,GRCh38
CGATAGCTCTTGAACG-1,6652,103,GRCh38
CGATAGTCAAACTTAG-1,50564,271,GRCh38
CGATAGTCATGGTAAC-1,1022,52,GRCh38
CGATCAATCATAGAGA-1,24626,194,GRCh38
CGATCAATCCCTGTCA-1,20143,145,GRCh38
CGATCAATCCGTAATG-1,179,4616,mm10
CGATCAATCGAGTACC-1,8634,131,GRCh38
CGATCAATCGAGTCCG-1,745,26,GRCh38
CGATCACAGCGCCTTC-1,7022,81,GRCh38
CGATCAGCAACCTCAC-1,10501,70,GRCh38
CGATCAGCAAGCTCGA-1,15179,156,GRCh38
CGATCAGCAATGCCTC-1,6881,219,GRCh38
CGATCAGCATCACGGA-1,18704,160,GRCh38
CGATCCTCAAGCCGAC-1,12224,143,GRCh38
CGATCTAAGCCAGATC-1,9337,82,GRCh38
CGATGGGGTAACGCGG-1,20615,135,GRCh38
CGATGGGGTCAGCATT-1,13794,207,GRCh38
CGATGGTTCAGCCAAC-1,7160,121,GRCh38
CGATGGTTCAGTAGTT-1,9757,123,GRCh38
CGATGGTTCCGTCATT-1,21958,95,GRCh38
CGATGGTTCGTGACCG-1,8636,109,GRCh38
CGATGGTTCTCACACT-1,13173,84,GRCh38
CGATGTCAGTACCAAT-1,21221,191,GRCh38
CGATGTCAGTAGCGAG-1,14650,118,GRCh38
CGATGTTGTATAGACG-1,19944,171,GRCh38
CGATGTTGTTGAGCCC-1,12821,172,GRCh38
CGATTACGTAAGGACC-1,8425,124,GRCh38
CGATTACGTTCCCTTA-1,22600,140,GRCh38
CGATTAGTCACTCGAA-1,8450,110,GRCh38
CGATTAGTCGCTAATG-1,7826,78,GRCh38
CGATTAGTCGTTACCT-1,75,1683,mm10
CGATTATAGAAGCCTC-1,173,3875,mm10
CGATTCAAGGGGATGC-1,76,801,mm10
CGATTTAGTGAGCCCT-1,21011,188,GRCh38
CGATTTGAGGTGGATG-1,16398,138,GRCh38
CGATTTGAGTACGGGA-1,14213,129,GRCh38
CGCAAATCAACTTCGC-1,18382,102,GRCh38
CGCAAATCAAGTATCA-1,17084,133,GRCh38
CGCAACTAGGATGCAG-1,6088,154,GRCh38
CGCAATATCATGATCG-1,16110,193,GRCh38
CGCAATATCCGCGTGA-1,15967,86,GRCh38
CGCAATTGTAACGGGT-1,169,1479,mm10
CGCAATTGTATGGAGC-1,7434,59,GRCh38
CGCAATTGTATGGCTT-1,26574,162,GRCh38
CGCAATTGTGAGGTGT-1,10223,150,GRCh38
CGCACAACAGGGCTTA-1,6993,77,GRCh38
CGCACAACATCACTGC-1,1853,176,GRCh38
CGCACAACATCGGTCT-1,4051,76,GRCh38
CGCACAACATGCGTTC-1,11143,1607,Multiplet
CGCACATAGTAGCACC-1,15196,130,GRCh38
CGCACCTTCCGCTGTC-1,164,933,mm10
CGCACGATCCAGGTAC-1,11171,131,GRCh38
CGCACGATCTATGCTC-1,17554,184,GRCh38
CGCAGATTCCCAATCT-1,7326,57,GRCh38
CGCAGATTCCTGCACC-1,21681,481,GRCh38
CGCAGATTCTATCACC-1,9104,62,GRCh38
CGCAGCTGTCAGCATT-1,11356,176,GRCh38
CGCAGCTGTGGGTCAG-1,20384,143,GRCh38
CGCAGGTCACCTCAGT-1,21382,203,GRCh38
CGCAGGTCACCTTCCC-1,79,613,mm10
CGCAGGTCACTTCATG-1,10577,159,GRCh38
CGCAGGTCATGACAGT-1,16037,192,GRCh38
CGCAGTTAGGATCTCA-1,13188,165,GRCh38
CGCATAATCCGCCTTA-1,9788,99,GRCh38
CGCATAATCGTGAGGA-1,18869,169,GRCh38
CGCATAGCAATACTAG-1,10413,111,GRCh38
CGCATAGCACCATTGC-1,4763,238,GRCh38
CGCATAGCATAATTCC-1,1237,42,GRCh38
CGCATAGCATCCTGCG-1,10702,121,GRCh38
CGCATAGCATTACTAC-1,5572,107,GRCh38
CGCATAGCATTCGGAG-1,10719,95,GRCh38
CGCATATGTAAGCTCT-1,20079,217,GRCh38
CGCATATGTAAGTAAC-1,25085,218,GRCh38
CGCATATGTCTAAGCT-1,38985,255,GRCh38
CGCATCAGTAGTTAGG-1,14988,159,GRCh38
CGCATCAGTGATCCGC-1,19128,123,GRCh38
CGCATCCTCCGTGTGG-1,23145,181,GRCh38
CGCATCCTCGTGCCGA-1,9886,99,GRCh38
CGCATCTCAACATGCG-1,9958,1732,Multiplet
CGCATCTCAACCTGAG-1,12943,157,GRCh38
CGCATCTCAAGCTCGA-1,1235,839,GRCh38
CGCATCTCAAGGGATA-1,9065,70,GRCh38
CGCATCTCAATTCACT-1,2737,160,GRCh38
CGCATCTCACCACAGA-1,3576,36,GRCh38
CGCATCTCATAGGGTT-1,46,530,mm10
CGCATCTCATGGATGT-1,7311,117,GRCh38
CGCATGGTCACATGGC-1,10472,107,GRCh38
CGCATGGTCCTGCCGT-1,7188,84,GRCh38
CGCATGGTCGAGTACC-1,11143,119,GRCh38
CGCATGGTCGTGATAT-1,13043,171,GRCh38
CGCATTCCAAACTATG-1,23878,140,GRCh38
CGCATTCCAATTCGTT-1,65,1222,mm10
CGCCAAGTCCGCACGA-1,6939,161,GRCh38
CGCCAAGTCGAGTCCG-1,12348,95,GRCh38
CGCCAAGTCGCGACAT-1,5956,78,GRCh38
CGCCAATAGATTGAGA-1,9913,75,GRCh38
CGCCACAAGCCTCTGC-1,11834,84,GRCh38
CGCCACAAGCCTGACG-1,25011,138,GRCh38
CGCCACAAGCTACCTT-1,14798,930,Multiplet
CGCCACAAGGTAGACG-1,18160,122,GRCh38
CGCCACTTCATGGACC-1,37033,158,GRCh38
CGCCACTTCCACCTAT-1,21038,166,GRCh38
CGCCATAGTGATTCCG-1,9777,98,GRCh38
CGCCATGAGGCGAATG-1,892,57,GRCh38
CGCCATGAGTGAGCCT-1,12647,292,GRCh38
CGCCCAAAGCGATCCG-1,18387,132,GRCh38
CGCCCAAAGCGGATGA-1,11150,121,GRCh38
CGCCCATTCCTGATTC-1,58,954,mm10
CGCCCATTCGCATTAG-1,5938,45,GRCh38
CGCCCTTAGCAGGTTC-1,16430,107,GRCh38
CGCCTAAGTAATCCCG-1,12242,146,GRCh38
CGCCTAAGTAGCTCGC-1,12895,171,GRCh38
CGCCTAAGTGAGCGTG-1,5730,51,GRCh38
CGCCTAGAGCGAACTC-1,11288,118,GRCh38
CGCCTAGAGGGTCTCG-1,40454,215,GRCh38
CGCCTAGAGTGCAACC-1,18954,166,GRCh38
CGCCTAGAGTGCCTAA-1,9197,72,GRCh38
CGCCTCACACTATCAT-1,10002,144,GRCh38
CGCCTCACACTTGGAG-1,12295,93,GRCh38
CGCCTCACATAATTGG-1,11781,126,GRCh38
CGCCTCACATTAGCAA-1,11994,121,GRCh38
CGCCTGAAGCCCTACC-1,12180,110,GRCh38
CGCCTGAAGGTACGAG-1,17670,289,GRCh38
CGCCTGTTCAAGTGAA-1,20624,240,GRCh38
CGCCTGTTCACACACA-1,8725,153,GRCh38
CGCCTGTTCTATCTGC-1,43877,260,GRCh38
CGCCTTGCACTAACCC-1,13050,159,GRCh38
CGCCTTGCACTTGATT-1,19868,207,GRCh38
CGCGAACCACCTCGAT-1,15592,112,GRCh38
CGCGAACCAGCTCACT-1,30637,344,GRCh38
CGCGAAGGTAGGTGCG-1,12481,174,GRCh38
CGCGAAGGTCAACTAC-1,561,140,GRCh38
CGCGAAGGTTGACGGG-1,1644,137,GRCh38
CGCGATTAGCAATCAT-1,13616,184,GRCh38
CGCGATTAGCCATCAA-1,38392,207,GRCh38
CGCGATTAGCCGATAC-1,72333,246,GRCh38
CGCGCAATCAATCCGA-1,1182,1245,mm10
CGCGCAATCACAGGAG-1,12363,184,GRCh38
CGCGCAATCCGTGTAA-1,8916,114,GRCh38
CGCGCATGTATGGTAG-1,247,6088,mm10
CGCGCATGTCAACTCG-1,8378,83,GRCh38
CGCGCATGTCATCCAG-1,7975,67,GRCh38
CGCGCATGTGATGCGG-1,7448,77,GRCh38
CGCGCATGTTCCGGTA-1,97,875,mm10
CGCGGTTGTAGTTGGA-1,2830,840,Multiplet
CGCGGTTGTCATGGAA-1,7797,61,GRCh38
CGCGGTTGTGAGTCCC-1,400,504,mm10
CGCGTACGTAAGCGAC-1,12982,166,GRCh38
CGCGTACGTAGCGGAT-1,917,158,GRCh38
CGCGTACGTATTGGTC-1,1321,75,GRCh38
CGCGTCAAGCAATTCG-1,7204,90,GRCh38
CGCGTTAGTAACGGCG-1,11313,156,GRCh38
CGCGTTAGTAAGTGCA-1,5833,104,GRCh38
CGCGTTAGTAGTGCCC-1,40,385,mm10
CGCGTTAGTCAACTTA-1,16904,168,GRCh38
CGCTAAATCCGCTACC-1,27126,147,GRCh38
CGCTAAATCTGGAACC-1,8820,85,GRCh38
CGCTAATGTTAGCTCG-1,17738,236,GRCh38
CGCTAATGTTATCAGC-1,248,5914,mm10
CGCTACCTCAGGCTTA-1,1737,83,GRCh38
CGCTACCTCCCATGAA-1,3609,48,GRCh38
CGCTACCTCCGGGTAT-1,28090,269,GRCh38
CGCTACTCACTAAGCG-1,19336,264,GRCh38
CGCTATGGTAGCGGAT-1,1085,244,GRCh38
CGCTATGGTATAGACG-1,962,47,GRCh38
CGCTATGGTCAAGGGT-1,9806,160,GRCh38
CGCTATGGTGATTAGG-1,17053,102,GRCh38
CGCTATGGTGGAAGGA-1,9666,121,GRCh38
CGCTCATCACCTTGGT-1,2891,171,GRCh38
CGCTGATAGCGATTCA-1,7843,85,GRCh38
CGCTGATAGGTATGGG-1,43,506,mm10
CGCTGATAGTAGCTGC-1,23068,325,GRCh38
CGCTGATAGTCAGGTC-1,14914,197,GRCh38
CGCTGCAAGGGTCTGT-1,10592,110,GRCh38
CGCTGCTTCTAGTCCT-1,16760,160,GRCh38
CGCTGGATCATCGTAG-1,32471,153,GRCh38
CGCTGGATCGCGTTGG-1,8471,101,GRCh38
CGCTGTGAGGCAATGG-1,15861,168,GRCh38
CGCTGTGAGGGTGATG-1,4014,168,GRCh38
CGCTGTTCACTAATGA-1,11200,93,GRCh38
CGCTTAGGTTAGACTC-1,4156,1071,Multiplet
CGCTTCATCAGGACGA-1,5427,122,GRCh38
CGCTTCATCTGGGACT-1,102,1125,mm10
CGCTTGCTCACTCTGT-1,10184,98,GRCh38
CGCTTGCTCGACTATG-1,116,2630,mm10
CGCTTGCTCGCTCACC-1,13775,216,GRCh38
CGGAACCCAACCGTGA-1,5088,51,GRCh38
CGGAACCCATGACGAT-1,12358,94,GRCh38
CGGAACCCATTCGCAC-1,11702,186,GRCh38
CGGAACGGTGGCGTGA-1,10643,138,GRCh38
CGGACAGGTTCGTCTC-1,19976,119,GRCh38
CGGACATTCACAGATT-1,12140,141,GRCh38
CGGACATTCACTCGTT-1,23083,135,GRCh38
CGGACATTCATGTCAG-1,586,685,mm10
CGGACATTCCGTTAGA-1,13298,177,GRCh38
CGGACATTCCTTCGTG-1,19218,282,GRCh38
CGGACTTAGTGCGGAA-1,9655,124,GRCh38
CGGATAAGTCTAACGT-1,23692,208,GRCh38
CGGATAAGTTGACGAA-1,10266,218,GRCh38
CGGATAAGTTGCGTGC-1,110,2299,mm10
CGGATCACACTTAATC-1,12283,155,GRCh38
CGGATCACAGCACGGT-1,4134,50,GRCh38
CGGATCACAGTTGCTC-1,11082,234,GRCh38
CGGATTCAGGTACTAT-1,1958,208,GRCh38
CGGATTCAGTACGGGA-1,11756,152,GRCh38
CGGCAAGGTTCGATTA-1,7939,92,GRCh38
CGGCATTAGCAGTCTA-1,13074,247,GRCh38
CGGCATTAGCGGGTAA-1,39635,398,GRCh38
CGGCATTAGGTTCCGG-1,7781,255,GRCh38
CGGCATTAGTAATGTC-1,11588,71,GRCh38
CGGCCAATCAGGACTC-1,13936,158,GRCh38
CGGCCAATCCCGCTTA-1,29282,172,GRCh38
CGGCCAATCCTGATGA-1,19482,106,GRCh38
CGGCCAATCGACATCA-1,12477,154,GRCh38
CGGCCTAAGATAGTAG-1,2463,97,GRCh38
CGGCCTAAGCGGTAGA-1,23994,121,GRCh38
CGGCTAACAAATGCGT-1,55,416,mm10
CGGCTAACAGCAGGAG-1,35,464,mm10
CGGCTAACATTCAGTT-1,23961,128,GRCh38
CGGCTCAAGAACGACG-1,8438,96,GRCh38
CGGCTCAAGCATATAC-1,11183,140,GRCh38
CGGCTCAAGGGCCATT-1,7594,143,GRCh38
CGGCTCAAGTGCTTGA-1,3813,287,GRCh38
CGGCTGATCAGTAGTT-1,1458,99,GRCh38
CGGCTGATCCATAGTG-1,10759,125,GRCh38
CGGCTGATCGTGAGAG-1,9508,134,GRCh38
CGGCTTAGTCTAGTTA-1,14197,82,GRCh38
CGGCTTAGTCTGGCAC-1,4163,211,GRCh38
CGGCTTAGTGAACCGG-1,20409,129,GRCh38
CGGCTTAGTGAGAGTC-1,73,1862,mm10
CGGCTTAGTGGCGTTC-1,5283,68,GRCh38
CGGCTTGAGAAGCTCC-1,5710,81,GRCh38
CGGCTTGAGGTCAAGG-1,9270,90,GRCh38
CGGGACTCACTAGCGA-1,7062,102,GRCh38
CGGGATGGTAATGCTC-1,11558,101,GRCh38
CGGGATGGTAGCAGAC-1,7842,70,GRCh38
CGGGATGGTCCATCGA-1,24210,254,GRCh38
CGGGATGGTGACGTGG-1,7649,83,GRCh38
CGGGATGGTGATTAGG-1,41262,487,Multiplet
CGGGATGGTGCGATCC-1,12209,109,GRCh38
CGGGATGGTGGCGCTT-1,10625,160,GRCh38
CGGGATGGTTCGCAGC-1,10682,112,GRCh38
CGGGCAAGTTCTGGGC-1,5560,88,GRCh38
CGGGCAAGTTTAGGCT-1,9637,70,GRCh38
CGGGCTATCCGCCATC-1,17151,124,GRCh38
CGGGCTATCGTGCATA-1,122,1774,mm10
CGGGCTTGTAGCCAGG-1,3256,96,GRCh38
CGGGCTTGTCATGGTT-1,9088,111,GRCh38
CGGGCTTGTGAAGCCG-1,20337,191,GRCh38
CGGGCTTGTGAGCCAG-1,10377,120,GRCh38
CGGGCTTGTTGTGAAG-1,7437,95,GRCh38
CGGGGAACATCACGGA-1,705,48,GRCh38
CGGGGATAGCGATCCG-1,37368,292,GRCh38
CGGGGATAGCGGGATA-1,31455,168,GRCh38
CGGGGATAGGGTTGCT-1,1826,112,GRCh38
CGGGGATAGGTAATCT-1,26612,316,GRCh38
CGGGGTAGTTAGGTGA-1,15290,171,GRCh38
CGGGGTAGTTCTGGGC-1,23021,277,GRCh38
CGGGTAAAGTTAGGAA-1,7008,100,GRCh38
CGGGTCATCCTTGATC-1,5000,85,GRCh38
CGGGTCATCGAGTGGA-1,9538,115,GRCh38
CGGGTGAGTTAGCAGA-1,7021,86,GRCh38
CGGGTGAGTTAGTTCA-1,7149,163,GRCh38
CGGGTGAGTTATGCAC-1,122,3104,mm10
CGGGTTACAAGGTTCG-1,15171,98,GRCh38
CGGGTTACAGGTTCGA-1,11702,224,GRCh38
CGGGTTACAGTACCGA-1,1261,30,GRCh38
CGGGTTTAGCAAGGCA-1,13284,184,GRCh38
CGGGTTTAGCCGATAC-1,14207,155,GRCh38
CGGGTTTAGCGGAGAC-1,4370,69,GRCh38
CGGGTTTAGCTACAGC-1,11151,145,GRCh38
CGGGTTTAGGTAACGG-1,41,476,mm10
CGGTAAAGTAAGCAAT-1,11764,130,GRCh38
CGGTAAAGTCTAGGCC-1,7691,90,GRCh38
CGGTAAAGTCTAGTGT-1,22921,125,GRCh38
CGGTAATCACTTCATG-1,41,552,mm10
CGGTAATCATGATTAG-1,6104,224,GRCh38
CGGTATATCCCCATCA-1,10492,85,GRCh38
CGGTATATCCTGTACT-1,26488,171,GRCh38
CGGTATATCGCTCATT-1,58,890,mm10
CGGTATTGTAGCGGCA-1,40,535,mm10
CGGTATTGTAGTCCCA-1,21246,126,GRCh38
CGGTATTGTTAGCGTT-1,9510,113,GRCh38
CGGTATTGTTGCGAGG-1,10310,141,GRCh38
CGGTCAACACAGGACC-1,10269,83,GRCh38
CGGTCAACAGGTTCGA-1,10361,91,GRCh38
CGGTGAAAGCCAGTTA-1,19613,174,GRCh38
CGGTGAAAGTAGGACG-1,14421,162,GRCh38
CGGTGAGGTGAGCCCT-1,14200,99,GRCh38
CGGTGAGGTTATGTGC-1,9583,120,GRCh38
CGGTGAGGTTGGCCGT-1,14577,192,GRCh38
CGGTGAGGTTTACTAG-1,9112,68,GRCh38
CGGTGCATCGATGGCT-1,11530,191,GRCh38
CGGTGTTAGCGAAGCA-1,15347,137,GRCh38
CGGTGTTAGTCATAGT-1,1387,40,GRCh38
CGGTGTTAGTGTCAAT-1,9935,141,GRCh38
CGGTTAATCAGGACGA-1,11262,135,GRCh38
CGGTTAATCGAGTCTA-1,12823,164,GRCh38
CGGTTAGCAACTCGGA-1,8784,124,GRCh38
CGGTTAGCACATGCCT-1,23152,158,GRCh38
CGGTTATGTAGTGCTT-1,13673,138,GRCh38
CGGTTATGTCATCCTC-1,18540,166,GRCh38
CGGTTATGTGATTCCG-1,33283,179,GRCh38
CGGTTATGTTAGCCAT-1,7154,125,GRCh38
CGGTTATGTTGCGTAT-1,6817,90,GRCh38
CGGTTCCTCAGCATTG-1,8861,194,GRCh38
CGGTTCCTCCCTGATT-1,50,637,mm10
CGGTTCCTCTGGGAAG-1,10459,123,GRCh38
CGGTTCCTCTTGATGG-1,19669,146,GRCh38
CGGTTCTCAGCACTTC-1,9529,906,Multiplet
CGGTTCTCAGGGCTAC-1,1118,57,GRCh38
CGGTTCTCAGTACTAA-1,18067,152,GRCh38
CGGTTCTCATCCGCTG-1,15357,182,GRCh38
CGGTTTCCAACTGGGC-1,9356,136,GRCh38
CGGTTTGGTCTTGATA-1,5341,99,GRCh38
CGGTTTGGTGCGTGAG-1,8933,130,GRCh38
CGGTTTGGTTAGCACT-1,54782,287,GRCh38
CGTAAACCAAGCCGGT-1,11083,147,GRCh38
CGTAAACCAAGCGATT-1,52,978,mm10
CGTAAACCATCCAGAG-1,5484,226,GRCh38
CGTAAAGGTGAACCTT-1,15723,151,GRCh38
CGTAAAGGTGAAGTCA-1,55,762,mm10
CGTAAAGGTTAAGGAT-1,24620,206,GRCh38
CGTAAAGGTTCACTAA-1,555,864,mm10
CGTAAAGGTTTGCAGT-1,2375,224,GRCh38
CGTAAATTCAGTACGC-1,10987,91,GRCh38
CGTAAATTCCAGCTAA-1,9588,97,GRCh38
CGTAAATTCGCATTAG-1,49,646,mm10
CGTAACATCATCACCT-1,14062,151,GRCh38
CGTAACATCCAGCGAT-1,12999,261,GRCh38
CGTAACATCCCAATCT-1,9173,132,GRCh38
CGTAACATCCTGGGAT-1,52772,200,GRCh38
CGTAACATCGATGATT-1,18027,203,GRCh38
CGTAACATCTAGGCGT-1,71,972,mm10
CGTAATGTCTGGATAT-1,10753,61,GRCh38
CGTAATTAGTGCCGAT-1,146,3535,mm10
CGTACAGCAGCTCGAA-1,11945,171,GRCh38
CGTACCCTCAGCGATC-1,20631,269,GRCh38
CGTACCCTCATCACAG-1,1834,153,GRCh38
CGTACCCTCGCTCGTC-1,15992,108,GRCh38
CGTACCTCAACTCGGA-1,1480,93,GRCh38
CGTACCTCAAGGTAAG-1,8473,72,GRCh38
CGTACCTCAATCGAAC-1,9032,92,GRCh38
CGTACCTCACTAGTAA-1,6487,170,GRCh38
CGTACGTAGGTATCTG-1,9371,145,GRCh38
CGTACTAAGCCTGCTC-1,8125,132,GRCh38
CGTACTAAGGAACTGG-1,7961,73,GRCh38
CGTACTGGTAACCGGG-1,12162,102,GRCh38
CGTACTGGTTATGGTC-1,5904,99,GRCh38
CGTAGGGGTTGAGCCC-1,1554,395,GRCh38
CGTAGGTTCATAGGCC-1,23112,129,GRCh38
CGTAGGTTCGTTAGGC-1,115,1961,mm10
CGTAGTCAGAAGCCTC-1,1976,120,GRCh38
CGTAGTCAGCCACGAT-1,21633,498,Multiplet
CGTAGTCAGCCACTCC-1,10035,149,GRCh38
CGTAGTCAGGTAATTC-1,1244,61,GRCh38
CGTAGTTGTAACTGTC-1,31741,204,GRCh38
CGTAGTTGTAATGCTC-1,4299,59,GRCh38
CGTAGTTGTCTGGCAC-1,11368,189,GRCh38
CGTAGTTGTGCGAGAT-1,11630,142,GRCh38
CGTATATAGCGAGGAC-1,48,793,mm10
CGTATATAGTAGGTCC-1,2336,242,GRCh38
CGTATCCCACCTACTA-1,4918,141,GRCh38
CGTATCCCATCCTGTA-1,74,1021,mm10
CGTATGATCAGGACGA-1,7017,85,GRCh38
CGTATTGAGGGGTAAT-1,21329,198,GRCh38
CGTATTGAGTAGCGAG-1,13171,110,GRCh38
CGTATTGAGTTGGTAT-1,11924,138,GRCh38
CGTCAAATCCTGCCGT-1,9934,163,GRCh38
CGTCAAATCGTACTTC-1,5367,61,GRCh38
CGTCAATGTAAGCTAG-1,5460,60,GRCh38
CGTCAATGTAGTCCTG-1,4835,132,GRCh38
CGTCACCTCTAGCCAA-1,10634,203,GRCh38
CGTCACCTCTGGGACT-1,2868,75,GRCh38
CGTCAGGTCCAACCTT-1,20487,816,Multiplet
CGTCAGGTCCAATTCC-1,8358,175,GRCh38
CGTCAGGTCCGTGTCC-1,1115,142,GRCh38
CGTCAGGTCCTGCGAG-1,41190,169,GRCh38
CGTCAGGTCTGTGCGG-1,9252,100,GRCh38
CGTCAGTAGGATACCC-1,9823,72,GRCh38
CGTCAGTAGTCGATCA-1,8629,69,GRCh38
CGTCATAAGGCACTCG-1,100,2064,mm10
CGTCATAAGGTGCAGA-1,10260,108,GRCh38
CGTCATCCAAGGGCAG-1,59757,473,GRCh38
CGTCATCCACCATCTA-1,6673,117,GRCh38
CGTCATGGTTGACTGT-1,5139,68,GRCh38
CGTCATGGTTGGCGAG-1,22155,136,GRCh38
CGTCATGGTTTACTCT-1,2092,187,GRCh38
CGTCATTTCAGCCAAC-1,1199,248,GRCh38
CGTCATTTCCCGTTCA-1,1629,33,GRCh38
CGTCATTTCCCTCAGC-1,8293,60,GRCh38
CGTCATTTCCTTAGAG-1,1925,188,GRCh38
CGTCATTTCGCTATGA-1,93,1057,mm10
CGTCATTTCTCATCGT-1,16520,171,GRCh38
CGTCCAAGTTAACGTC-1,10783,142,GRCh38
CGTCCATCAGCACCTT-1,1293,87,GRCh38
CGTCCATCATAAGTTG-1,9686,71,GRCh38
CGTCCCACATGCAGTG-1,3016,144,GRCh38
CGTCCGTTCCAGGTGT-1,22757,223,GRCh38
CGTCCGTTCGTGAGTC-1,973,766,GRCh38
CGTCCTCAGAAGGATC-1,8865,84,GRCh38
CGTCCTCAGCGCCTCT-1,516,43,GRCh38
CGTCCTGCATCCGTGT-1,9284,115,GRCh38
CGTCCTGCATTAGGGT-1,16776,97,GRCh38
CGTCCTTGTGGCGTTC-1,150,3563,mm10
CGTCGCTTCAGCACTA-1,8331,84,GRCh38
CGTCGTAGTAGTGTCT-1,6893,68,GRCh38
CGTCGTTCAAACCATA-1,73,1629,mm10
CGTCGTTCAACATGAC-1,11145,129,GRCh38
CGTCTATTCACTCAGA-1,14183,85,GRCh38
CGTCTATTCGCATTAG-1,3022,102,GRCh38
CGTCTTGTCGATCGTA-1,4129,106,GRCh38
CGTCTTGTCTAATGAC-1,4492,93,GRCh38
CGTGAAAGTCAGGCGA-1,7569,68,GRCh38
CGTGAAAGTCCATAGT-1,16937,147,GRCh38
CGTGAAAGTTGGAATG-1,58,855,mm10
CGTGAAAGTTTGCGGC-1,38525,270,GRCh38
CGTGACCGTATGTAGG-1,14812,124,GRCh38
CGTGAGAAGTTACGGC-1,1452,184,GRCh38
CGTGAGGGTGGACACG-1,11693,134,GRCh38
CGTGATGCAAACTTAG-1,13565,117,GRCh38
CGTGATGCAGTTGAGT-1,64,1376,mm10
CGTGATGCATCCCGTG-1,8432,55,GRCh38
CGTGATGCATTACAGA-1,20956,136,GRCh38
CGTGATGCATTCGCCG-1,828,51,GRCh38
CGTGATTGTATAGCCT-1,15420,119,GRCh38
CGTGCAACATTAGGGT-1,35465,255,GRCh38
CGTGCCTTCCTCTCTC-1,17899,175,GRCh38
CGTGCCTTCTAAGCGC-1,16098,158,GRCh38
CGTGCTAGTATGGTAG-1,10209,167,GRCh38
CGTGGATTCAGCATAT-1,6353,102,GRCh38
CGTGGATTCATCGACA-1,71,813,mm10
CGTGGATTCCACCAGG-1,25418,140,GRCh38
CGTGGATTCCATGTCT-1,97,1528,mm10
CGTGGATTCCGTTGGG-1,35155,170,GRCh38
CGTGGATTCTATGACG-1,10765,102,GRCh38
CGTGGCTGTGGAGAGA-1,10769,90,GRCh38
CGTGGCTGTTTACTAG-1,16809,191,GRCh38
CGTGGCTGTTTGCAGT-1,8460,92,GRCh38
CGTGGGTCAAGGTGCC-1,6983,79,GRCh38
CGTGGGTCAATAGCGT-1,7645,66,GRCh38
CGTGGTTAGCCTGTCC-1,11758,2725,Multiplet
CGTGGTTAGTAACGGG-1,10424,136,GRCh38
CGTGTCAGTAAGTGGC-1,8481,72,GRCh38
CGTGTCAGTGAACCGG-1,6862,65,GRCh38
CGTGTCAGTGGCGTAG-1,1297,13,GRCh38
CGTGTCAGTTGCACCA-1,7492,100,GRCh38
CGTGTTAAGAATCATC-1,20081,112,GRCh38
CGTGTTAAGGTGATCC-1,11126,116,GRCh38
CGTGTTGGTTCCAGGC-1,2062,99,GRCh38
CGTTAATAGTAAGTAG-1,37,409,mm10
CGTTACAAGCGCCTGA-1,25347,204,GRCh38
CGTTACAAGGTTGATT-1,5418,68,GRCh38
CGTTACCCAACCTCTA-1,13498,135,GRCh38
CGTTACCCAAGTGCCA-1,9076,97,GRCh38
CGTTACTTCAGTGCTA-1,1383,383,GRCh38
CGTTACTTCCAGGTGT-1,128,2532,mm10
CGTTACTTCCGTGTCC-1,21544,281,GRCh38
CGTTACTTCCTTCGGC-1,12729,108,GRCh38
CGTTACTTCGAACGAG-1,7215,76,GRCh38
CGTTATAGTCATCATA-1,7060,40,GRCh38
CGTTATAGTCTTGGGC-1,4139,57,GRCh38
CGTTATAGTGAACGTA-1,12923,82,GRCh38
CGTTATAGTTAGCTGT-1,6915,70,GRCh38
CGTTATGAGAATCAGA-1,24948,104,GRCh38
CGTTATGAGCTGGCAT-1,12902,141,GRCh38
CGTTATGAGGTATCGC-1,15811,237,GRCh38
CGTTCACCAAAGGAAT-1,23856,137,GRCh38
CGTTCACCAAGCTAGT-1,10063,85,GRCh38
CGTTCACCACTTGGGA-1,4383,107,GRCh38
CGTTCACCAGGGCACT-1,10811,114,GRCh38
CGTTCAGGTGAGTAGC-1,95,1023,mm10
CGTTCAGGTTCACCTC-1,7997,51,GRCh38
CGTTCCATCACAGATT-1,12760,131,GRCh38
CGTTCCATCGTAGTAT-1,17920,156,GRCh38
CGTTCCATCTATCGGA-1,10883,212,GRCh38
CGTTCCGCAAGGTGAA-1,20043,182,GRCh38
CGTTCCGCACAACCCT-1,24372,335,GRCh38
CGTTCCTGTCAACTCG-1,3498,62,GRCh38
CGTTCCTGTCAATGCT-1,101,1987,mm10
CGTTCGCTCAATTCGG-1,74,1180,mm10
CGTTCGCTCGATTACG-1,16198,133,GRCh38
CGTTGAATCCATAGTG-1,997,70,GRCh38
CGTTGAATCCTTCATA-1,1105,67,GRCh38
CGTTGAATCGTGATGC-1,28206,203,GRCh38
CGTTGCCTCCCATTAC-1,18880,217,GRCh38
CGTTGCCTCCGCCAAG-1,15709,94,GRCh38
CGTTGCCTCGCGCCTT-1,40966,313,GRCh38
CGTTGCCTCGCTCCAC-1,10008,211,GRCh38
CGTTGCCTCGTGACTA-1,213,1993,mm10
CGTTGGACACTCAAGG-1,11827,184,GRCh38
CGTTGGGTCCGCCACT-1,26537,191,GRCh38
CGTTGGGTCCTTGGTT-1,1289,102,GRCh38
CGTTGGGTCGCGCTGA-1,1606,130,GRCh38
CGTTGGGTCTGGAACC-1,9768,110,GRCh38
CGTTGTAAGATAGCGG-1,141,2430,mm10
CGTTGTAAGGTATAGA-1,34410,218,GRCh38
CGTTGTAAGTAAGGAC-1,107,3083,mm10
CGTTGTCCAAACCATA-1,10810,387,GRCh38
CGTTGTCCAGGAACGG-1,21897,187,GRCh38
CGTTGTCCAGTACTCC-1,16104,457,GRCh38
CGTTGTCCATGGCTAG-1,6984,151,GRCh38
CGTTTAAGTCAGCCAC-1,143,2064,mm10
CGTTTAAGTTAGCCCA-1,23661,147,GRCh38
CGTTTCACAATGTATG-1,12688,84,GRCh38
CGTTTCACACGCCATT-1,22276,197,GRCh38
CGTTTCCGTCTGTCGA-1,8854,156,GRCh38
CGTTTGAAGGCGAGAC-1,11101,143,GRCh38
CGTTTGAAGGCTGTAC-1,17161,105,GRCh38
CGTTTGAAGTCGACAC-1,14118,330,GRCh38
CGTTTGGGTAGGTGAC-1,11266,105,GRCh38
CGTTTGGGTCAAGCCC-1,2040,59,GRCh38
CGTTTGGGTGCACCGT-1,95,422,mm10
CGTTTGGGTTAACTGC-1,90,952,mm10
CTAAACCGTTAGCATC-1,36574,364,GRCh38
CTAAACCGTTCACGAT-1,6899,139,GRCh38
CTAAACCGTTGGAAGC-1,9403,91,GRCh38
CTAAACCGTTTAGCGT-1,9691,106,GRCh38
CTAAAGCCATGGTTAA-1,75,1603,mm10
CTAAAGGGTAGTGTCT-1,12637,190,GRCh38
CTAAAGGGTTATCGGT-1,34,420,mm10
CTAACATAGAAGGTTA-1,12230,228,GRCh38
CTAACATAGGCGTTAC-1,24824,138,GRCh38
CTAACATAGGTTGGTC-1,975,64,GRCh38
CTAACCAAGTGCTTAG-1,20840,209,GRCh38
CTAACCTTCACGTGTA-1,47,795,mm10
CTAACCTTCCCCTGAC-1,1295,39,GRCh38
CTAACGATCCTCATAC-1,956,54,GRCh38
CTAACGATCCTCTACG-1,23117,210,GRCh38
CTAAGCATCCGCCTGT-1,13353,143,GRCh38
CTAAGCATCCTGCGGA-1,1598,101,GRCh38
CTAAGCCAGTAACCGC-1,23902,162,GRCh38
CTAAGCCAGTGGCGAA-1,19728,183,GRCh38
CTAAGGCTCCCTGACC-1,84,1795,mm10
CTAAGGCTCTCATTCA-1,7454,53,GRCh38
CTAAGGGAGAAGGGCC-1,12826,74,GRCh38
CTAAGGGAGTAGCCGT-1,10522,89,GRCh38
CTAAGGTCACTACCTA-1,9318,129,GRCh38
CTAATCCTCATCTCTA-1,9723,122,GRCh38
CTAATCCTCCATCGTT-1,48,757,mm10
CTAATCCTCGATCCTT-1,20601,225,GRCh38
CTAATCCTCTAAGCCA-1,23133,243,GRCh38
CTAATCTCAACATCGG-1,20213,177,GRCh38
CTAATGGTCAATGGAA-1,13106,160,GRCh38
CTAATGGTCACCTTCG-1,24482,191,GRCh38
CTAATGGTCGTTACAG-1,10078,82,GRCh38
CTAATTGGTAGTGCGG-1,1772,508,GRCh38
CTAATTGGTGAAGTGC-1,10197,87,GRCh38
CTAATTGGTTGCGCTA-1,14314,270,GRCh38
CTACAATAGCATTAGT-1,54803,204,GRCh38
CTACAATAGTAGCTGC-1,12102,142,GRCh38
CTACACAAGGCGTAGA-1,14516,126,GRCh38
CTACACAAGTCAATGT-1,11932,119,GRCh38
CTACACCCAATCGAGT-1,18810,194,GRCh38
CTACAGGCAACCATCC-1,1215,88,GRCh38
CTACAGGCAAGCGGTC-1,14731,151,GRCh38
CTACAGGCAAGCTGAT-1,15464,192,GRCh38
CTACAGGCATAAGGAG-1,18271,106,GRCh38
CTACATAGTAATGTCC-1,26314,141,GRCh38
CTACATTCAAATGCAC-1,68,605,mm10
CTACCAAAGCTAAGTT-1,7088,109,GRCh38
CTACCAAAGGAGTAGT-1,18736,120,GRCh38
CTACCATTCGATGATT-1,38864,334,GRCh38
CTACCATTCGTGCCTC-1,12767,195,GRCh38
CTACCCTGTCAGTCGC-1,20895,170,GRCh38
CTACCCTGTTGCGTAT-1,12207,163,GRCh38
CTACCGCTCAGGGCAA-1,200,5222,mm10
CTACCGCTCATCGAAT-1,12813,121,GRCh38
CTACGAATCACCTGCC-1,4077,133,GRCh38
CTACGAATCCGCGCAA-1,677,795,mm10
CTACGACAGAAGCCTC-1,16591,146,GRCh38
CTACGACAGTGATCGC-1,18383,245,GRCh38
CTACGCCTCGCGCTCT-1,3753,146,GRCh38
CTACGCCTCGTACTTC-1,2704,75,GRCh38
CTACGGACAAGCGTGC-1,18045,171,GRCh38
CTACGGACAAGTAACC-1,56866,228,GRCh38
CTACGGGTCAGTAATC-1,15461,101,GRCh38
CTACGGGTCGCGTTAA-1,14421,105,GRCh38
CTACGTAAGCCATCCC-1,7453,124,GRCh38
CTACGTAAGGTACCGT-1,1758,515,GRCh38
CTACGTAAGGTCGAGA-1,10739,129,GRCh38
CTACGTCCACTTGCCG-1,39742,204,GRCh38
CTACGTTTCACTTGCT-1,73,697,mm10
CTACGTTTCTATGGCA-1,43793,214,GRCh38
CTACTCACAACTGGAT-1,25828,189,GRCh38
CTACTCACAAGCGCGT-1,11876,106,GRCh38
CTACTCACAATAGACC-1,6351,170,GRCh38
CTACTCACAGTTGAGT-1,11461,490,Multiplet
CTACTCACATGACGAT-1,4657,135,GRCh38
CTACTCCGTGAGAGTC-1,3947,84,GRCh38
CTACTGTTCGTGACCG-1,16867,206,GRCh38
CTACTGTTCGTTGCGG-1,68,959,mm10
CTACTGTTCTGTCTGT-1,17258,91,GRCh38
CTACTTATCCATGCTT-1,11762,91,GRCh38
CTACTTATCCCGTACC-1,20246,148,GRCh38
CTACTTGCATTGGAGT-1,19713,179,GRCh38
CTAGAACCAACATCCC-1,6794,102,GRCh38
CTAGAAGGTATTAGGG-1,9902,117,GRCh38
CTAGAAGGTTCGCGTA-1,7767,310,GRCh38
CTAGCATGTCTGGTGC-1,3601,62,GRCh38
CTAGCATGTTCCTGTC-1,8625,112,GRCh38
CTAGCATGTTGTCTGG-1,1935,84,GRCh38
CTAGCCTCAAAGGCAA-1,14914,185,GRCh38
CTAGCCTCACCTCGAT-1,11165,141,GRCh38
CTAGCCTCAGCATGTG-1,21866,235,GRCh38
CTAGCGCGTAGGTAGC-1,8077,110,GRCh38
CTAGCGCGTGACGATA-1,16172,138,GRCh38
CTAGCGCGTGGGTAGT-1,11712,142,GRCh38
CTAGCTGGTAATCAGG-1,21033,126,GRCh38
CTAGCTGGTCTAGCAT-1,14216,127,GRCh38
CTAGCTGGTGAGCGCA-1,7786,100,GRCh38
CTAGCTGGTTGGAGTA-1,17333,114,GRCh38
CTAGGTCAGTGCAAGG-1,11366,147,GRCh38
CTAGGTTGTTATCCAA-1,2094,7,GRCh38
CTAGGTTGTTGGCCTA-1,6802,88,GRCh38
CTAGTAACAACCGTGA-1,988,52,GRCh38
CTAGTAACACCATCAC-1,9285,102,GRCh38
CTAGTAACAGCTCTAC-1,6420,79,GRCh38
CTAGTAACATAGGCTG-1,13476,161,GRCh38
CTAGTAACATCAAGGT-1,2907,186,GRCh38
CTAGTATAGCATGTGC-1,9689,215,GRCh38
CTAGTATAGCGAAGGC-1,3456,101,GRCh38
CTAGTATAGTGGCGAA-1,12526,141,GRCh38
CTAGTCAAGGTTACAT-1,24752,221,GRCh38
CTAGTCAAGTGAGTAA-1,1747,143,GRCh38
CTAGTCAAGTGAGTGG-1,9608,76,GRCh38
CTAGTTAGTAAGTGTG-1,19491,144,GRCh38
CTAGTTGAGAAGCTAA-1,37,738,mm10
CTAGTTGAGATAGCAA-1,7473,73,GRCh38
CTAGTTGAGTCTAGGC-1,17096,121,GRCh38
CTATAGGTCCACCATT-1,16791,185,GRCh38
CTATAGGTCCGCAACG-1,10090,136,GRCh38
CTATAGGTCCGCTGCT-1,13234,112,GRCh38
CTATAGTAGGTGATCC-1,74,989,mm10
CTATATGGTGCGGAAT-1,12652,99,GRCh38
CTATATGGTTGGTGCC-1,101,626,mm10
CTATATGGTTTAATCG-1,38139,201,GRCh38
CTATCAAGTATAGTCC-1,1829,92,GRCh38
CTATCAAGTCTTGACG-1,66,1110,mm10
CTATCAAGTTCGCGGT-1,22035,230,GRCh38
CTATCGAAGGCGATGA-1,9113,179,GRCh38
CTATCGAAGGTACGTC-1,71,1235,mm10
CTATCGAAGGTAGGTG-1,11066,140,GRCh38
CTATCGAAGGTTGATT-1,26013,220,GRCh38
CTATCGAAGTGACCTA-1,14827,169,GRCh38
CTATCGAAGTGCTTAG-1,4839,52,GRCh38
CTATCGCCACTTAGCC-1,7414,67,GRCh38
CTATCGCCAGCACTTC-1,217,451,mm10
CTATCGTTCAGCTACA-1,12812,98,GRCh38
CTATCGTTCCGTAAGC-1,12184,126,GRCh38
CTATCTATCTCACAGA-1,10446,211,GRCh38
CTATGCAAGATACTAC-1,10000,60,GRCh38
CTATGCAAGCCACAGT-1,11597,106,GRCh38
CTATGCAAGGTACGCT-1,41061,244,GRCh38
CTATGCTTCCTCATGT-1,19276,527,Multiplet
CTATGCTTCGAATGAA-1,6802,121,GRCh38
CTATGGATCGACATAT-1,13990,117,GRCh38
CTATGGGCAAGCCTCT-1,6415,83,GRCh38
CTATGGGCATCAAGCG-1,9194,171,GRCh38
CTATGGGCATCGTTGC-1,7467,99,GRCh38
CTATGGGCATTAACGA-1,69,489,mm10
CTATGTGAGATAGTGA-1,14379,68,GRCh38
CTATGTGAGCTACGAC-1,1654,394,GRCh38
CTATGTGAGGTCCCAG-1,28017,185,GRCh38
CTATGTTCAACTGTGG-1,8859,124,GRCh38
CTATGTTCAAGTAAGG-1,11657,1011,Multiplet
CTATGTTCAAGTCGCA-1,5319,62,GRCh38
CTATTCATCATGCCTT-1,29121,148,GRCh38
CTATTCATCCGCACTC-1,13918,152,GRCh38
CTATTCGCACTAAGGT-1,18102,184,GRCh38
CTATTCGCATTAGTTC-1,11593,132,GRCh38
CTATTGAGTCTGTGTG-1,5824,67,GRCh38
CTATTGAGTGACGAAC-1,2270,25,GRCh38
CTATTGCTCGATGCCG-1,1691,237,GRCh38
CTATTGCTCGCGCCTT-1,80,1038,mm10
CTCAACGGTAGTGCCC-1,17512,267,GRCh38
CTCAACGGTCAGCTAT-1,3968,30,GRCh38
CTCAACGGTGATAGAT-1,8995,146,GRCh38
CTCAACGGTTAGCACT-1,13185,110,GRCh38
CTCAACTTCCGTGCAG-1,11315,119,GRCh38
CTCAATAGTCTAGCGC-1,17594,151,GRCh38
CTCAATAGTTGTCAGT-1,9802,151,GRCh38
CTCAATAGTTTCGGCA-1,3417,80,GRCh38
CTCAATTCAAGCCATG-1,10719,305,GRCh38
CTCAATTCAGGAATGA-1,10398,77,GRCh38
CTCAATTCATCCTAAT-1,77,1095,mm10
CTCACACCAAGCCATG-1,33520,286,GRCh38
CTCACACCACCTGTGT-1,19234,154,GRCh38
CTCACATTCCGCCACT-1,30673,4420,Multiplet
CTCACATTCGTGAATT-1,5954,36,GRCh38
CTCACCATCTATGTGG-1,46111,228,GRCh38
CTCACCTGTATGGTAG-1,12489,176,GRCh38
CTCACCTGTGCAAGCG-1,50,759,mm10
CTCACCTGTTGCACAT-1,7828,128,GRCh38
CTCACCTGTTGCGTCA-1,31211,304,GRCh38
CTCACGAGTAACCGGG-1,15190,176,GRCh38
CTCACGAGTAGGCGTG-1,11166,108,GRCh38
CTCACGAGTTGGGCAG-1,12243,158,GRCh38
CTCAGCTCAAATGGCT-1,1306,119,GRCh38
CTCAGCTCACCTCATA-1,1507,256,GRCh38
CTCAGCTCACTTGGAG-1,6594,93,GRCh38
CTCAGCTCAGGATGAA-1,12821,198,GRCh38
CTCAGCTCATTAGGTA-1,2067,74,GRCh38
CTCAGGTAGATACTCG-1,8241,92,GRCh38
CTCAGGTAGGATTGAA-1,24321,133,GRCh38
CTCAGGTAGGGCTAAG-1,12959,140,GRCh38
CTCAGTAAGCGGATAG-1,11080,102,GRCh38
CTCAGTAAGGTCCAGT-1,961,36,GRCh38
CTCAGTAAGGTGACGA-1,10293,138,GRCh38
CTCAGTTTCCAGAGGA-1,6054,58,GRCh38
CTCAGTTTCTCATGTC-1,1466,32,GRCh38
CTCATAAGTAAGCGAC-1,21547,179,GRCh38
CTCATAAGTTAACCCG-1,23689,198,GRCh38
CTCATAAGTTTAATCG-1,16543,138,GRCh38
CTCATAGAGCTATCTC-1,8929,469,GRCh38
CTCATCACAAACCGTG-1,12721,129,GRCh38
CTCATCACAACATCAA-1,13880,83,GRCh38
CTCATCACAGCTACCT-1,117,1229,mm10
CTCATCCGTTTAGGCT-1,88,2137,mm10
CTCATGAAGCTGGATC-1,2991,120,GRCh38
CTCATGAAGGTTCCTT-1,71,424,mm10
CTCATGAAGTACGGAG-1,66685,375,GRCh38
CTCATGGGTCTGTCCT-1,164,1177,mm10
CTCATGGGTGCACCGT-1,594,166,GRCh38
CTCATGGGTGCAGTAA-1,14003,111,GRCh38
CTCATGGGTGCATTAC-1,20263,204,GRCh38
CTCATGGGTTCAAGCT-1,34979,191,GRCh38
CTCATGGGTTCAAGTC-1,7574,83,GRCh38
CTCATGGGTTTACGAC-1,31557,233,GRCh38
CTCATGTTCATGCTAG-1,61576,226,GRCh38
CTCATTATCAAGTTAC-1,10515,105,GRCh38
CTCATTATCATCACAG-1,24300,201,GRCh38
CTCATTATCATGCCGG-1,47220,326,GRCh38
CTCATTATCCAATGTG-1,12222,143,GRCh38
CTCATTATCGCGTAAC-1,16318,152,GRCh38
CTCATTATCGTGAGGA-1,5719,188,GRCh38
CTCATTATCGTTCGTT-1,11927,121,GRCh38
CTCATTGCAAAGGTTC-1,24388,228,GRCh38
CTCATTGCAGGTTCAG-1,7868,71,GRCh38
CTCCAACCAATCGAGT-1,35089,197,GRCh38
CTCCAACCAATTACGA-1,4827,431,GRCh38
CTCCAACCACATGCCT-1,21607,131,GRCh38
CTCCAACCACTAACCC-1,15294,92,GRCh38
CTCCAAGGTAACGCTT-1,12146,112,GRCh38
CTCCAAGGTAACTCTA-1,6144,84,GRCh38
CTCCAAGGTTCACCTC-1,65904,370,GRCh38
CTCCAATTCAAGTTAC-1,7371,79,GRCh38
CTCCAGCTCAGCTAAT-1,11144,106,GRCh38
CTCCAGCTCATGGCGT-1,12008,127,GRCh38
CTCCAGCTCGATCAAT-1,990,661,GRCh38
CTCCAGCTCTATGAGT-1,3362,143,GRCh38
CTCCATTAGTAACCAT-1,13675,101,GRCh38
CTCCATTAGTAATTGC-1,5925,108,GRCh38
CTCCCAATCTGGCCTC-1,991,103,GRCh38
CTCCCACAGCGAGGAC-1,6998,79,GRCh38
CTCCCACAGGAACCGA-1,2167,486,GRCh38
CTCCCACAGGCACGAA-1,2804,61,GRCh38
CTCCCTAAGAAGCCCT-1,43066,175,GRCh38
CTCCCTAAGCCCTGCT-1,16257,146,GRCh38
CTCCCTAAGGGGTAGC-1,12665,140,GRCh38
CTCCCTGGTTGTCAGT-1,28693,271,GRCh38
CTCCGTTGTTCCTGTC-1,1300,65,GRCh38
CTCCGTTGTTGCCTTC-1,14456,223,GRCh38
CTCCTAGTCATCTGGA-1,5483,856,Multiplet
CTCCTAGTCCCTCTAG-1,13524,100,GRCh38
CTCCTAGTCTTGACTC-1,20237,119,GRCh38
CTCCTCAAGCGATGTC-1,2293,90,GRCh38
CTCCTCAAGGGGACTA-1,14551,106,GRCh38
CTCCTCAAGGTAGCAG-1,33032,297,GRCh38
CTCCTCAAGGTCACAC-1,14385,117,GRCh38
CTCCTGATCCCCTGTA-1,9361,111,GRCh38
CTCCTGATCGTTCACT-1,1074,46,GRCh38
CTCCTTAGTTGGATCT-1,13155,75,GRCh38
CTCCTTGAGAACCTCA-1,11938,96,GRCh38
CTCCTTGAGCAATCGC-1,4363,111,GRCh38
CTCGAACAGTTAGCAT-1,23049,150,GRCh38
CTCGAATGTATTGCCG-1,591,453,GRCh38
CTCGAATGTGGGAATC-1,3186,981,Multiplet
CTCGAATGTTCAAGGA-1,32455,285,GRCh38
CTCGAATGTTGGCATT-1,16354,225,GRCh38
CTCGACTCAAATGCCG-1,9610,94,GRCh38
CTCGACTCATCGCTTA-1,3614,94,GRCh38
CTCGATCCAAGCGAGG-1,42,529,mm10
CTCGATCCAAGGTCAT-1,6924,120,GRCh38
CTCGATTTCACATACG-1,9940,157,GRCh38
CTCGATTTCACGCTAA-1,17587,158,GRCh38
CTCGATTTCACTGGCG-1,16419,151,GRCh38
CTCGCCACAACATTGA-1,62,1034,mm10
CTCGCCACAATCCGCT-1,196,4243,mm10
CTCGCCACACCTTCCC-1,945,405,GRCh38
CTCGCGAAGCAATGAA-1,44,762,mm10
CTCGCGTTCACGTGTA-1,17934,87,GRCh38
CTCGCGTTCAGGAGCA-1,75,504,mm10
CTCGCGTTCCGCGAAT-1,12343,117,GRCh38
CTCGCTATCAGGTGAG-1,55,860,mm10
CTCGCTATCCTCGTTG-1,13618,70,GRCh38
CTCGCTATCTGTGCCC-1,10790,174,GRCh38
CTCGCTGCAAATTACG-1,13352,120,GRCh38
CTCGCTGCACATACCC-1,142,2649,mm10
CTCGCTGCACCATCTA-1,29677,305,GRCh38
CTCGCTGCATGAGCCA-1,8987,198,GRCh38
CTCGCTGCATTCGTTG-1,57807,214,GRCh38
CTCGCTTGTGCGGTGA-1,15209,155,GRCh38
CTCGGATAGGCTACAC-1,14800,212,GRCh38
CTCGGATAGGTAAGGT-1,2579,103,GRCh38
CTCGGATAGTAGCCAC-1,5001,151,GRCh38
CTCGGCAAGGTGACAG-1,66,1332,mm10
CTCGGCAAGTAGGGCA-1,30,786,mm10
CTCGGCAAGTTGGATT-1,1419,120,GRCh38
CTCGGTTCAACCGCAA-1,13437,168,GRCh38
CTCGGTTCAAGCTATA-1,24040,194,GRCh38
CTCGGTTCACCATTGC-1,620,36,GRCh38
CTCGGTTCATCGACAG-1,16352,199,GRCh38
CTCGGTTCATGAGCCA-1,28375,228,GRCh38
CTCGTAAAGCTATGTG-1,6319,103,GRCh38
CTCGTAAAGTCGACGT-1,8505,161,GRCh38
CTCGTAGGTTTCGGTG-1,14640,96,GRCh38
CTCGTCTGTCAGCATT-1,9623,93,GRCh38
CTCGTCTGTGCACGCT-1,61,771,mm10
CTCGTCTGTGCATCAT-1,16664,260,GRCh38
CTCGTGAGTGAGGACT-1,10519,91,GRCh38
CTCGTGAGTTGCTGTG-1,28191,186,GRCh38
CTCGTTACAACATGCG-1,15055,111,GRCh38
CTCGTTACAAGTTACA-1,21704,172,GRCh38
CTCGTTACACAATCGG-1,12227,222,GRCh38
CTCGTTACACATTAGA-1,10394,99,GRCh38
CTCGTTACAGCAGTAT-1,10734,125,GRCh38
CTCGTTACAGGAGCGA-1,2842,42,GRCh38
CTCGTTGTCGACCTAA-1,1481,23,GRCh38
CTCGTTGTCTGGATCA-1,6339,229,GRCh38
CTCTAGAAGAACCTAT-1,8926,103,GRCh38
CTCTAGAAGCAATCTG-1,14196,194,GRCh38
CTCTAGAAGGGGATAT-1,152,3990,mm10
CTCTAGAAGTACCATG-1,7521,125,GRCh38
CTCTAGAAGTGAAGCG-1,8751,109,GRCh38
CTCTAGCCAAACTACA-1,14356,146,GRCh38
CTCTATATCACTTGAG-1,13627,137,GRCh38
CTCTATATCGAATCTG-1,5177,156,GRCh38
CTCTATATCTAGCCTT-1,18347,200,GRCh38
CTCTATATCTGGCCGA-1,19962,259,GRCh38
CTCTATTGTGAACCAA-1,8080,95,GRCh38
CTCTCAACAAGCTGAT-1,8146,124,GRCh38
CTCTCAACAATATGTG-1,1881,148,GRCh38
CTCTCAACACCACAGA-1,13607,128,GRCh38
CTCTCAACACCTCGCA-1,30091,306,GRCh38
CTCTCAACAGCCAGAC-1,19129,99,GRCh38
CTCTCAACATTAGTCT-1,15898,82,GRCh38
CTCTCAACATTCCTCT-1,14986,186,GRCh38
CTCTGACCAATCTAAG-1,10380,72,GRCh38
CTCTGACCACAGCATG-1,1904,1091,GRCh38
CTCTGACCAGCTAACG-1,25093,346,GRCh38
CTCTGACCATAACTTC-1,9919,86,GRCh38
CTCTGACCATGGATGT-1,9427,66,GRCh38
CTCTGACCATTAATCC-1,158,3558,mm10
CTCTGATTCCCCAGAG-1,13169,104,GRCh38
CTCTGATTCGAACGAG-1,5525,75,GRCh38
CTCTGATTCGAATCCA-1,2497,132,GRCh38
CTCTGATTCGCGAACT-1,3187,122,GRCh38
CTCTGATTCTCATGCT-1,2846,266,GRCh38
CTCTGCATCAGGAGAT-1,30537,232,GRCh38
CTCTGCATCATCAGTG-1,15639,192,GRCh38
CTCTGCATCCGTAGCG-1,32077,231,GRCh38
CTCTGCATCCTCTAGT-1,11052,139,GRCh38
CTCTGCATCGTGACCG-1,94,1599,mm10
CTCTGGTCAAGCTGGC-1,20975,203,GRCh38
CTCTGGTCAGCCAAGC-1,12124,505,Multiplet
CTCTGGTCATCCTCAA-1,85,1828,mm10
CTCTGTTAGGTGAGTG-1,12926,81,GRCh38
CTCTTAATCGATAGTT-1,1426,39,GRCh38
CTCTTCTCAACTATCT-1,24681,153,GRCh38
CTCTTCTCAAGCTCGA-1,845,53,GRCh38
CTCTTCTCACAAGGAA-1,16993,275,GRCh38
CTCTTGGTCACGCCGA-1,63,1191,mm10
CTGAACATCAATCAGT-1,12865,135,GRCh38
CTGAACATCATGCTAG-1,2215,1033,GRCh38
CTGAACATCCAGCTCC-1,9625,167,GRCh38
CTGAACATCCATCCGC-1,68183,402,GRCh38
CTGAACATCGCGCTAG-1,12708,110,GRCh38
CTGAACATCGCTTGGG-1,12179,149,GRCh38
CTGAATGTCCAGCACG-1,16575,153,GRCh38
CTGAATTAGGATTACT-1,8800,70,GRCh38
CTGAATTAGGCTCTCC-1,36657,202,GRCh38
CTGAATTAGGGTTGCT-1,13853,132,GRCh38
CTGACAATCATGTCCT-1,14701,209,GRCh38
CTGACAATCGTGATAT-1,10008,73,GRCh38
CTGACACAGCAAGCCT-1,9022,67,GRCh38
CTGACACAGGCGTACT-1,13943,90,GRCh38
CTGACCAGTGCACGTC-1,23917,157,GRCh38
CTGACCCTCACTCAGA-1,13529,127,GRCh38
CTGACCCTCATAGATC-1,7574,65,GRCh38
CTGACCCTCCATAGGC-1,2982,112,GRCh38
CTGACCCTCCATGCCC-1,9330,130,GRCh38
CTGACCCTCCGCAACG-1,1160,129,GRCh38
CTGACCCTCTAGTCTC-1,792,210,GRCh38
CTGACCTCAACCAGGC-1,17587,174,GRCh38
CTGACCTCACAATCGG-1,30883,161,GRCh38
CTGACCTCATGACCGA-1,20032,163,GRCh38
CTGACGTAGGCGAATG-1,26162,153,GRCh38
CTGACGTAGGCGTTCG-1,7233,136,GRCh38
CTGATAGTCCGGATGT-1,71,1203,mm10
CTGATAGTCGATCATG-1,7656,169,GRCh38
CTGATATAGGCGAAGC-1,8149,112,GRCh38
CTGATCAAGCCATTGA-1,11994,103,GRCh38
CTGATCAAGGTGAGAT-1,11385,107,GRCh38
CTGATTAGTAGTCAGA-1,50941,178,GRCh38
CTGATTGAGCTAGCGT-1,9896,107,GRCh38
CTGATTTCACCAGGAC-1,145,1712,mm10
CTGATTTCATCCGTGT-1,15531,162,GRCh38
CTGCAAATCACCCTTG-1,14675,137,GRCh38
CTGCAAATCGCGCACA-1,14044,176,GRCh38
CTGCAAATCGCGCTCT-1,74,1538,mm10
CTGCAAATCTATGCGA-1,14823,113,GRCh38
CTGCAACAGCCAGACT-1,22889,118,GRCh38
CTGCAACAGGTAATTC-1,7015,156,GRCh38
CTGCAACAGTCAACCA-1,24021,249,GRCh38
CTGCAATGTCATTGGT-1,12094,150,GRCh38
CTGCAATGTCCCGTAA-1,1719,147,GRCh38
CTGCAATGTCTAATCA-1,5485,50,GRCh38
CTGCACCTCGTTCGTT-1,13402,198,GRCh38
CTGCATCCAATAGTCA-1,18527,147,GRCh38
CTGCATGGTGACGTGG-1,12785,113,GRCh38
CTGCATTTCCCTCGTA-1,18816,250,GRCh38
CTGCATTTCCGGGTCA-1,16675,466,GRCh38
CTGCATTTCGATAGCC-1,16543,204,GRCh38
CTGCATTTCGTGAATT-1,1239,51,GRCh38
CTGCCATCACAAGGAA-1,7583,134,GRCh38
CTGCCTATCAGGCTCG-1,12111,128,GRCh38
CTGCCTATCCTTGACT-1,15408,167,GRCh38
CTGCCTATCTTGACTC-1,32460,121,GRCh38
CTGCCTGCAAATCGGT-1,59,901,mm10
CTGCCTGCAACTCGGA-1,11779,78,GRCh38
CTGCCTTGTTAGCGCC-1,16724,160,GRCh38
CTGCGATAGCCAGTAC-1,14880,207,GRCh38
CTGCGATAGCCAGTTA-1,14221,186,GRCh38
CTGCGATAGGATGCAG-1,5176,197,GRCh38
CTGCGATAGTGACCTA-1,2477,50,GRCh38
CTGCGCAAGGATTCGC-1,13427,142,GRCh38
CTGCGGATCCGGTGTG-1,23471,181,GRCh38
CTGCGGATCCTTCGTG-1,6352,158,GRCh38
CTGCGTAGTCATGATC-1,14561,110,GRCh38
CTGCGTAGTGCAACGG-1,268,445,mm10
CTGCGTAGTGCGGCTT-1,4915,62,GRCh38
CTGCGTAGTTGTCCGA-1,8809,78,GRCh38
CTGCTAAAGATACTAC-1,1432,100,GRCh38
CTGCTAAAGGGGTAAT-1,24814,314,GRCh38
CTGCTAAAGTCAATGT-1,10217,104,GRCh38
CTGCTAAAGTGCCTAA-1,64427,241,GRCh38
CTGCTAAAGTTAGCTG-1,26660,242,GRCh38
CTGCTCGCAATCGCCT-1,32866,216,GRCh38
CTGCTCGCATAGACCG-1,64,917,mm10
CTGCTCTGTAAGTAGT-1,11198,161,GRCh38
CTGCTGCTCACGTACA-1,818,74,GRCh38
CTGCTGCTCCATCCTG-1,11260,202,GRCh38
CTGCTGCTCGATGCGT-1,190,1196,mm10
CTGCTTACATTACGAA-1,19822,188,GRCh38
CTGGAAAGTTATCATG-1,998,32,GRCh38
CTGGACTAGGATTGAA-1,4947,994,Multiplet
CTGGACTAGGCGTACT-1,13577,171,GRCh38
CTGGATGCAATACATG-1,9683,126,GRCh38
CTGGATGCACAAGCGC-1,21492,177,GRCh38
CTGGCAACATAAGCCG-1,82,2021,mm10
CTGGCCAAGAATCAGA-1,11348,79,GRCh38
CTGGCCAAGGTTCATG-1,13191,132,GRCh38
CTGGCCAAGTGCTGTA-1,11373,129,GRCh38
CTGGCTAGTAGGTAGC-1,9860,97,GRCh38
CTGGCTAGTTCGGTTG-1,10769,188,GRCh38
CTGGGCATCGCTTCAT-1,9974,113,GRCh38
CTGGGCATCTGGTCCC-1,15936,215,GRCh38
CTGGGGTCATAAGGTC-1,13943,104,GRCh38
CTGGGTTAGCCACATA-1,886,70,GRCh38
CTGGGTTAGTAGCCAC-1,21539,130,GRCh38
CTGGGTTAGTCGCGCA-1,12605,121,GRCh38
CTGGTAATCCATCTAC-1,31963,157,GRCh38
CTGGTAATCCATCTGT-1,3048,61,GRCh38
CTGGTAATCGCATTGA-1,51513,211,GRCh38
CTGGTAATCGTCTACT-1,6903,91,GRCh38
CTGGTATGTGGCTCTA-1,8191,181,GRCh38
CTGGTATGTGGCTGTC-1,1691,83,GRCh38
CTGGTATGTTAGGCCC-1,8707,86,GRCh38
CTGGTATGTTCGGCGT-1,9897,177,GRCh38
CTGGTCAGTCTAACGT-1,86,1430,mm10
CTGGTCAGTGAGATCA-1,87,1873,mm10
CTGGTTAAGCATTCAG-1,10978,86,GRCh38
CTGGTTAAGGTAGTGG-1,5399,219,GRCh38
CTGGTTGGTTAATCCA-1,619,59,GRCh38
CTGGTTGGTTTGACTA-1,2220,45,GRCh38
CTGTAACGTAGCAGCG-1,15778,116,GRCh38
CTGTAACGTTGCATTA-1,8426,112,GRCh38
CTGTAAGTCCGGTTGG-1,15314,205,GRCh38
CTGTAAGTCCTCACTG-1,14571,89,GRCh38
CTGTAAGTCGAAGCCT-1,16725,154,GRCh38
CTGTAATAGGTGATCC-1,10279,109,GRCh38
CTGTAATAGTTACACG-1,2699,55,GRCh38
CTGTAATAGTTGGCCG-1,9780,137,GRCh38
CTGTACCCAAGCTATA-1,14001,67,GRCh38
CTGTACCCACTTGCGT-1,1526,62,GRCh38
CTGTACCCATTAATCC-1,13470,130,GRCh38
CTGTACGGTCCCGTAA-1,19772,220,GRCh38
CTGTACGGTTCGTTGG-1,18010,176,GRCh38
CTGTACTTCACATGCA-1,5969,128,GRCh38
CTGTACTTCAGGCAGA-1,22942,128,GRCh38
CTGTCAAAGCGAGTTC-1,15147,136,GRCh38
CTGTCACCAATAGGAG-1,6575,99,GRCh38
CTGTCACCAGCAGGAG-1,26720,126,GRCh38
CTGTCATTCCGCGGTA-1,3384,83,GRCh38
CTGTCATTCCGTTGGG-1,34175,256,GRCh38
CTGTCCATCATAGATC-1,17268,207,GRCh38
CTGTCCATCGTAACCA-1,12429,130,GRCh38
CTGTCGCTCACGCCGA-1,5119,394,GRCh38
CTGTCGCTCACTGTCT-1,93,845,mm10
CTGTGAATCCGTCATT-1,12862,192,GRCh38
CTGTGATGTAAGTACG-1,46,527,mm10
CTGTGATGTGAACGCG-1,11221,121,GRCh38
CTGTGCCTCATGGCGT-1,14666,197,GRCh38
CTGTGCCTCCAGGTTA-1,12817,115,GRCh38
CTGTGCCTCCGCGTGA-1,7042,73,GRCh38
CTGTGCCTCGCTCACC-1,19265,191,GRCh38
CTGTGCCTCTAGGCCG-1,14570,159,GRCh38
CTGTGGACAACTGTAA-1,29760,245,GRCh38
CTGTGTCCAAACTCAA-1,25882,205,GRCh38
CTGTGTCCAAGCCTAG-1,10313,88,GRCh38
CTGTGTCCATGACGGC-1,18540,198,GRCh38
CTGTGTCCATGCGCTT-1,9551,111,GRCh38
CTGTTAAGTGCAAGGT-1,11378,126,GRCh38
CTGTTAAGTGGCCTAC-1,8182,80,GRCh38
CTGTTAAGTTTAGGCT-1,3430,84,GRCh38
CTGTTAAGTTTGATGC-1,12699,190,GRCh38
CTGTTAGAGGTTAGTT-1,39,450,mm10
CTGTTCCGTAGCAGCG-1,24011,175,GRCh38
CTGTTCCGTAGTCCAT-1,15826,147,GRCh38
CTGTTCCGTTCGCAGC-1,34491,264,GRCh38
CTGTTGAAGTATGGTT-1,12611,133,GRCh38
CTGTTGGGTAATCCAC-1,9292,154,GRCh38
CTGTTGGGTGCAAGTA-1,29502,127,GRCh38
CTGTTGGGTTATCCTT-1,6296,76,GRCh38
CTGTTGGGTTCGTATA-1,6214,103,GRCh38
CTTAACCTCCGTGCAG-1,25398,249,GRCh38
CTTAATCCACCATCCG-1,8749,93,GRCh38
CTTAATCCACTCAACC-1,21500,317,GRCh38
CTTAATCCATGGTTGG-1,51,479,mm10
CTTAATGGTAATCGGA-1,3087,56,GRCh38
CTTAATGGTCATGCTG-1,40220,348,GRCh38
CTTACAAGTAAGCACA-1,39591,333,GRCh38
CTTACAAGTCCATCTC-1,14267,231,GRCh38
CTTACGAAGAACGGCA-1,130,3922,mm10
CTTACGAAGGCGTTCG-1,2770,66,GRCh38
CTTACGAAGGCTCCGA-1,7127,86,GRCh38
CTTACGAAGGTCCACG-1,5122,172,GRCh38
CTTACGAAGTACCAAT-1,10924,108,GRCh38
CTTACGAAGTCGAGTC-1,28978,148,GRCh38
CTTACGCCATTCAGCC-1,16122,129,GRCh38
CTTACGCCATTCCTCT-1,51548,270,GRCh38
CTTACGGGTAGTGCAA-1,22475,145,GRCh38
CTTACGGGTTATCTCT-1,18395,181,GRCh38
CTTACGTTCCACCTGC-1,10440,79,GRCh38
CTTACGTTCGCTAATG-1,12813,139,GRCh38
CTTACGTTCTGTGGAC-1,48,395,mm10
CTTACTATCCAGCCTC-1,11237,185,GRCh38
CTTACTTGTAACGAGC-1,20946,157,GRCh38
CTTACTTGTATGGCAA-1,74,1389,mm10
CTTACTTGTTTAGGTC-1,22973,150,GRCh38
CTTAGCGGTGACGTGG-1,6268,88,GRCh38
CTTAGCTTCCCAGATA-1,10357,144,GRCh38
CTTAGCTTCCCCAGTC-1,11731,198,GRCh38
CTTAGGATCATCACTC-1,9260,26,GRCh38
CTTAGTAGTAAGTCGA-1,19375,110,GRCh38
CTTAGTAGTTGCTTAA-1,9216,57,GRCh38
CTTAGTGAGCATGTAT-1,3232,2635,Multiplet
CTTAGTGAGCATTCGA-1,11544,156,GRCh38
CTTAGTGAGCGGAGTA-1,11833,120,GRCh38
CTTAGTGAGGATGAGT-1,9186,85,GRCh38
CTTAGTGAGTGCCATA-1,9349,127,GRCh38
CTTATAGGTCAATGGA-1,73,898,mm10
CTTATAGGTTCGGTGC-1,8103,160,GRCh38
CTTATAGGTTTGGCGC-1,13217,106,GRCh38
CTTATCTGTATTGACC-1,15313,226,GRCh38
CTTATCTGTCAAGCAA-1,8011,71,GRCh38
CTTATCTGTCATGTCG-1,7358,73,GRCh38
CTTATCTGTTGGATAG-1,8429,81,GRCh38
CTTATGAGTAGTTGAG-1,12533,144,GRCh38
CTTATGAGTCCCGAAC-1,10070,79,GRCh38
CTTATGAGTCTGTCGA-1,52,585,mm10
CTTATGAGTGCGTACC-1,4637,49,GRCh38
CTTATGAGTTCGGTGC-1,37,446,mm10
CTTATGCTCACAGGAG-1,42257,238,GRCh38
CTTATGCTCAGCAGTC-1,655,104,GRCh38
CTTATGCTCCGTTAGA-1,18587,284,GRCh38
CTTATGGAGGATGAGT-1,45,720,mm10
CTTATGGAGGCTCCGA-1,11409,100,GRCh38
CTTATGGAGTGAGAGT-1,13949,106,GRCh38
CTTCAATCAACCCGAA-1,1623,91,GRCh38
CTTCACTAGCAAGGGC-1,4318,103,GRCh38
CTTCACTAGCAAGTAA-1,67,696,mm10
CTTCACTAGGAATGCG-1,20363,183,GRCh38
CTTCATATCGTAGTGC-1,14884,137,GRCh38
CTTCATATCGTCTACT-1,14970,105,GRCh38
CTTCATATCTAACCCT-1,24244,106,GRCh38
CTTCATCAGCCATAGC-1,7341,170,GRCh38
CTTCATCAGGTTGGTC-1,11720,155,GRCh38
CTTCATCAGTATCTCC-1,1235,1873,mm10
CTTCATTGTAGGTTAG-1,8675,138,GRCh38
CTTCATTGTCTGGTGC-1,25790,305,GRCh38
CTTCATTGTTGGATAG-1,10131,99,GRCh38
CTTCATTGTTTGCCCT-1,13268,148,GRCh38
CTTCGAGGTCCATATA-1,517,644,mm10
CTTCGAGGTCTAGGAA-1,17599,123,GRCh38
CTTCGATTCTAGTGTG-1,7763,125,GRCh38
CTTCGCATCATACAGT-1,71,564,mm10
CTTCGCATCCTGGTAA-1,2397,129,GRCh38
CTTCGCATCTGGTCCC-1,7242,213,GRCh38
CTTCGCGCAAACCTAA-1,6845,167,GRCh38
CTTCGCGCAGGGCAGA-1,8814,107,GRCh38
CTTCGGCTCCAGCAGT-1,24185,257,GRCh38
CTTCGGCTCCTGAGCG-1,15195,117,GRCh38
CTTCGGCTCCTGCTCA-1,29784,229,GRCh38
CTTCGGTCAACTGTCC-1,4392,264,GRCh38
CTTCGGTCAACTTAGA-1,29814,171,GRCh38
CTTCGGTCAATGAGCT-1,67,506,mm10
CTTCGGTCATCAAGTA-1,10317,462,GRCh38
CTTCGTTAGTAGAGAC-1,8439,81,GRCh38
CTTCGTTAGTTACCCT-1,15054,152,GRCh38
CTTCTAATCGAATGAA-1,21475,192,GRCh38
CTTCTATGTCAGCCGT-1,710,60,GRCh38
CTTCTATGTTCCGTCT-1,11533,167,GRCh38
CTTCTATGTTCGTTAA-1,13394,103,GRCh38
CTTCTATGTTGAGTAG-1,9596,140,GRCh38
CTTCTATGTTGCTTGG-1,12551,96,GRCh38
CTTCTCCTCACTGGTA-1,18634,244,GRCh38
CTTCTCCTCATCATCC-1,1021,172,GRCh38
CTTCTCCTCGATAGTT-1,3686,55,GRCh38
CTTCTCCTCGTGATTG-1,70,1006,mm10
CTTGAACGTCTCAGTG-1,733,300,GRCh38
CTTGAACGTGGACTGG-1,17586,318,GRCh38
CTTGAACGTTAAGCGA-1,11541,107,GRCh38
CTTGAACGTTGACTGT-1,9411,73,GRCh38
CTTGAATAGGGTATGG-1,14678,171,GRCh38
CTTGACCCATGGCTTC-1,30243,232,GRCh38
CTTGACTTCCTGATGA-1,6319,581,Multiplet
CTTGACTTCGACCTGG-1,39926,234,GRCh38
CTTGAGGCAAGTGGTT-1,11748,79,GRCh38
CTTGAGGCAATCATAG-1,15153,196,GRCh38
CTTGAGGCAATCCTCA-1,10490,71,GRCh38
CTTGAGGCAGCTAAGT-1,17690,552,Multiplet
CTTGAGGCAGGAGCCT-1,99,1836,mm10
CTTGATAGTGAGTGCG-1,11330,72,GRCh38
CTTGATAGTTGACGCC-1,13082,108,GRCh38
CTTGCAAAGCATCACA-1,25986,210,GRCh38
CTTGCAAAGCCCTGCT-1,36840,176,GRCh38
CTTGCAAAGCCTGCCT-1,27953,257,GRCh38
CTTGCAAAGGAGTCAG-1,12879,115,GRCh38
CTTGCACCAATCTGCC-1,3158,186,GRCh38
CTTGCACCACAAGCGC-1,4611,130,GRCh38
CTTGCAGGTAGGTGTA-1,24608,150,GRCh38
CTTGCAGGTTGCCTCT-1,24848,192,GRCh38
CTTGCATTCGACTGGT-1,130,2998,mm10
CTTGCATTCTAAGTAC-1,11777,67,GRCh38
CTTGCCATCAGTGCTA-1,12009,117,GRCh38
CTTGCCATCCTTGATC-1,4763,420,GRCh38
CTTGCCATCGATGCCG-1,16283,125,GRCh38
CTTGCCATCGCTCCAC-1,1260,138,GRCh38
CTTGCCTGTCTAACGT-1,18187,153,GRCh38
CTTGCCTGTTCCTGTC-1,12407,222,GRCh38
CTTGCGAGTGAGCAGT-1,9880,202,GRCh38
CTTGCGAGTTTGCCAG-1,5854,90,GRCh38
CTTGCGGAGCAACTGC-1,25981,192,GRCh38
CTTGCGGAGCGCTTCC-1,11946,63,GRCh38
CTTGCGGAGGATGGTG-1,45,1071,mm10
CTTGCGGAGGTTACGC-1,2346,32,GRCh38
CTTGCGGAGGTTGACC-1,27800,153,GRCh38
CTTGCTTAGCATCGCG-1,12516,311,GRCh38
CTTGCTTAGTGAGGCA-1,17232,138,GRCh38
CTTGGATGTGATAGCA-1,9472,95,GRCh38
CTTGGATGTTAGTACC-1,12586,127,GRCh38
CTTGGCCTCACGCCGA-1,26296,178,GRCh38
CTTGGCCTCTAGATAC-1,10849,154,GRCh38
CTTGGCGAGTGAGAGT-1,33062,151,GRCh38
CTTGGCTCAGCCAAGC-1,1200,180,GRCh38
CTTGGCTCATTCATCG-1,19499,126,GRCh38
CTTGGGACAACATGCG-1,19074,194,GRCh38
CTTGGGACACTAGCGA-1,119,2433,mm10
CTTGGGACAGCTCGTT-1,20948,115,GRCh38
CTTGGGGTCCATCCGC-1,57976,416,GRCh38
CTTGGGGTCCTTCGTG-1,1210,66,GRCh38
CTTGGGTAGCAAGTAA-1,16506,108,GRCh38
CTTGGGTAGGATTCAT-1,18007,82,GRCh38
CTTGGTAAGAACGATA-1,7332,73,GRCh38
CTTGGTAAGGAGTATA-1,31018,159,GRCh38
CTTGGTAAGTAGACCC-1,9914,155,GRCh38
CTTGGTAAGTGATCTG-1,2473,83,GRCh38
CTTGTAAGTAACGTCT-1,21633,97,GRCh38
CTTGTAAGTATGGCCC-1,9809,135,GRCh38
CTTGTGAAGATTCCCT-1,7523,102,GRCh38
CTTGTGAAGCCCGTTC-1,1471,34,GRCh38
CTTGTGAAGCGAGGAC-1,12874,128,GRCh38
CTTGTGAAGCTATACG-1,1435,77,GRCh38
CTTGTGAAGGCTCCAG-1,54,385,mm10
CTTGTGTTCAATCTCC-1,22133,298,GRCh38
CTTGTGTTCACTGTCT-1,10994,125,GRCh38
CTTGTGTTCATGCGAC-1,17797,144,GRCh38
CTTGTGTTCGACATTG-1,8384,120,GRCh38
CTTGTGTTCGCTCCGT-1,1049,54,GRCh38
GCAAACCTCCTTCAGT-1,9747,116,GRCh38
GCAAACCTCGTTCCGC-1,110,2011,mm10
GCAAACCTCTATGAGT-1,4912,74,GRCh38
GCAAAGGTCCTTAGTC-1,3748,145,GRCh38
GCAAAGGTCGATGCGT-1,52,993,mm10
GCAACATCAAATGCTA-1,5798,35,GRCh38
GCAACATCAACTTCAT-1,802,140,GRCh38
GCAACATCATTCAACT-1,28525,154,GRCh38
GCAACATCATTCCTAG-1,28360,256,GRCh38
GCAACCACAATCGCAG-1,10264,106,GRCh38
GCAACCACATAGATGC-1,9277,93,GRCh38
GCAACGGGTAATGGCA-1,16621,194,GRCh38
GCAACGGGTAGTGCAA-1,684,208,GRCh38
GCAACGGGTCCATCGA-1,10812,110,GRCh38
GCAACGGGTCTAGTAC-1,54,390,mm10
GCAACGTTCATGCGCG-1,1236,121,GRCh38
GCAACGTTCCTGTGAA-1,18974,196,GRCh38
GCAACGTTCGACATTG-1,9557,144,GRCh38
GCAAGCAAGCCAGTCG-1,19336,158,GRCh38
GCAAGCAAGCCGACAT-1,18020,173,GRCh38
GCAAGCAAGCGGATGA-1,1943,63,GRCh38
GCAAGCAAGGATGGCA-1,25175,154,GRCh38
GCAAGCAAGGTGCTCG-1,12933,174,GRCh38
GCAAGCAAGGTGGATG-1,18643,107,GRCh38
GCAAGCTTCAATCCAG-1,116,1684,mm10
GCAAGCTTCGATACAT-1,26280,231,GRCh38
GCAAGGATCACTTGAG-1,10480,241,GRCh38
GCAAGGATCATATAGC-1,751,571,GRCh38
GCAAGGATCCATGAAT-1,4020,33,GRCh38
GCAAGGATCCGTTAAG-1,14498,186,GRCh38
GCAAGTGAGCGGGTAA-1,11543,93,GRCh38
GCAAGTGAGTCGCAAC-1,1232,37,GRCh38
GCAATAGGTTTCGGGC-1,13673,139,GRCh38
GCAATATTCAGCACGT-1,9017,132,GRCh38
GCAATATTCCCCATTG-1,15052,101,GRCh38
GCAATATTCCTCTCCT-1,6563,98,GRCh38
GCAATATTCCTGATGA-1,9945,87,GRCh38
GCAATCATCACTATCC-1,34932,179,GRCh38
GCAATCATCATAGACT-1,68,1360,mm10
GCAATCGCACTCAAGG-1,6441,112,GRCh38
GCAATCGCATAGGTCG-1,31510,256,GRCh38
GCAATCGCATTCAACT-1,972,181,GRCh38
GCAATCTGTCAGCGGA-1,3889,38,GRCh38
GCAATCTGTCATGTCG-1,8578,73,GRCh38
GCAATCTGTGAAGCTA-1,6655,63,GRCh38
GCAATCTGTGCAAGGT-1,84,1198,mm10
GCAATTTAGCTAGGGA-1,102,1865,mm10
GCAATTTAGGAACTAA-1,8841,96,GRCh38
GCAATTTAGGTGAGGC-1,9259,112,GRCh38
GCAATTTAGTCATTGG-1,5308,156,GRCh38
GCACAATCAACGGGCT-1,10424,92,GRCh38
GCACAATCACTATACT-1,607,116,GRCh38
GCACAATCAGGATCGC-1,14020,179,GRCh38
GCACACTAGGAGGCTA-1,19976,152,GRCh38
GCACAGCCACATGCAG-1,5711,146,GRCh38
GCACAGCCATCCGCTG-1,11533,193,GRCh38
GCACAGCCATTGGAGT-1,95,2355,mm10
GCACCAACAAGCCATG-1,10078,129,GRCh38
GCACCAACATAACGTA-1,1175,49,GRCh38
GCACCAACATCGGGTA-1,14004,92,GRCh38
GCACCATAGATTCCGA-1,4228,45,GRCh38
GCACCATAGCCCTGAG-1,35050,187,GRCh38
GCACCATAGCTATACG-1,5633,151,GRCh38
GCACCATAGTAATCGT-1,9723,124,GRCh38
GCACCCTTCGTACAGC-1,36308,277,GRCh38
GCACCCTTCTAGCTCT-1,23952,225,GRCh38
GCACCGATCAATTCCC-1,10691,182,GRCh38
GCACCGATCGAACGTC-1,19171,229,GRCh38
GCACCGATCGTTACTC-1,8493,55,GRCh38
GCACCGATCTTGATGG-1,1577,92,GRCh38
GCACCTAGTTATCTAG-1,7922,47,GRCh38
GCACGAAAGCGAAGCA-1,15426,130,GRCh38
GCACGAAAGCGACTTA-1,19262,111,GRCh38
GCACGAGGTATGGCCC-1,12788,127,GRCh38
GCACGAGGTGCATCGC-1,12881,122,GRCh38
GCACGAGGTTGTCCAG-1,4960,117,GRCh38
GCACGATTCATGACTG-1,5537,58,GRCh38
GCACGATTCCACCAGG-1,185,678,mm10
GCACGGTCAAACCCAG-1,672,16273,mm10
GCACGGTCATGAGCGC-1,43,393,mm10
GCACGGTCATGGAACT-1,10848,505,Multiplet
GCACGGTCATTAGTGA-1,95,1774,mm10
GCACGTTAGCGGAGAC-1,15322,104,GRCh38
GCACGTTAGCTTAACG-1,878,46,GRCh38
GCACGTTAGGTAAGCG-1,1312,60,GRCh38
GCACGTTAGTCTCTGT-1,513,394,GRCh38
GCACTAATCACAGGTC-1,21363,233,GRCh38
GCACTAATCCACCAGG-1,23830,167,GRCh38
GCACTAATCCTTCGCA-1,12209,91,GRCh38
GCACTAGCAAGCGATT-1,9562,125,GRCh38
GCACTAGCAATCCCGT-1,11651,148,GRCh38
GCACTATGTCTAATTG-1,24346,311,GRCh38
GCACTATGTGCAGGAT-1,17575,125,GRCh38
GCACTCCTCACGCTAA-1,86,720,mm10
GCACTGACAATCCTGC-1,77,1264,mm10
GCACTGACACAATCCC-1,92,1770,mm10
GCACTGACACTAGGTG-1,3693,63,GRCh38
GCACTGACAGCAGTCA-1,143,2748,mm10
GCACTGACAGCTATCC-1,14227,152,GRCh38
GCACTGGTCCGTAGAC-1,18550,300,GRCh38
GCACTGGTCTTGACGA-1,7513,68,GRCh38
GCACTTGGTGCAAGTA-1,10828,154,GRCh38
GCAGCCATCAGTAGCC-1,1386,57,GRCh38
GCAGCCATCCAGCGAT-1,16229,131,GRCh38
GCAGCCATCCTTAACC-1,42747,413,GRCh38
GCAGCCATCGTTAGAT-1,21615,181,GRCh38
GCAGGATGTCATTACA-1,28402,286,GRCh38
GCAGGATGTTAGGTAG-1,38273,256,GRCh38
GCAGGCTCAAAGGGTA-1,32644,194,GRCh38
GCAGGCTCAAGGGTAA-1,2558,52,GRCh38
GCAGGCTCAATATGCA-1,30144,249,GRCh38
GCAGGCTCACAGGATT-1,5617,90,GRCh38
GCAGGCTCAGCACTAG-1,38401,238,GRCh38
GCAGGCTCAGGGATGG-1,6687,56,GRCh38
GCAGGCTCATCATCTG-1,31866,196,GRCh38
GCAGGCTCATTAGGGT-1,12330,99,GRCh38
GCAGGGACAAGCACAT-1,9304,111,GRCh38
GCAGGGACACTAGGAT-1,17764,179,GRCh38
GCAGGGACATAACTAG-1,9660,72,GRCh38
GCAGGGACATCCATCA-1,1057,1684,mm10
GCAGGGTAGTAGGATA-1,2348,206,GRCh38
GCAGTAAGTCTTACGG-1,90164,312,GRCh38
GCAGTAAGTGAGCCAG-1,1254,269,GRCh38
GCAGTAAGTGCAATCT-1,12667,151,GRCh38
GCAGTAAGTGCGCGAA-1,47,746,mm10
GCAGTAAGTGGGTCCT-1,8195,78,GRCh38
GCAGTAAGTTGGAGCG-1,12081,100,GRCh38
GCAGTAAGTTTCCTTG-1,11180,80,GRCh38
GCAGTGAAGCCACAGT-1,16934,179,GRCh38
GCATAAGGTAGCGGTG-1,9542,109,GRCh38
GCATAAGGTGATTACC-1,18588,108,GRCh38
GCATAAGGTGGGTCGA-1,18153,168,GRCh38
GCATAAGGTGGGTCTC-1,22865,137,GRCh38
GCATCAATCCGCAAGT-1,202,3665,mm10
GCATCAATCCGCCACT-1,14943,100,GRCh38
GCATCACAGATTGCCA-1,1401,41,GRCh38
GCATCACAGGGTAGCA-1,9466,137,GRCh38
GCATCAGCAAGCTTAA-1,41,714,mm10
GCATCAGCAATTGACA-1,3275,68,GRCh38
GCATCAGCATGCTGTC-1,20401,217,GRCh38
GCATCCTCAAAGGTCT-1,9796,101,GRCh38
GCATCCTCAAGCTTCC-1,7510,171,GRCh38
GCATCCTCAATGACGT-1,14473,149,GRCh38
GCATCCTCACTATATC-1,11109,277,GRCh38
GCATCCTCATTACAGA-1,21394,136,GRCh38
GCATGAGAGCCCTTCA-1,33718,164,GRCh38
GCATGAGAGCTAGACC-1,8946,92,GRCh38
GCATGGGGTCCATTCC-1,10713,138,GRCh38
GCATGGGGTGGAGACT-1,10031,160,GRCh38
GCATGGGGTTAGACTC-1,17628,234,GRCh38
GCATGGGGTTCCGTGA-1,1243,245,GRCh38
GCATGGTTCATATGGT-1,13808,96,GRCh38
GCATGGTTCGTGCCAG-1,11073,306,GRCh38
GCATGTCAGTTGCTCT-1,983,136,GRCh38
GCATGTTGTAAGCCAA-1,36325,159,GRCh38
GCATGTTGTAGCAGAC-1,17948,174,GRCh38
GCATGTTGTTGCTGGC-1,12331,95,GRCh38
GCATTAACAGGCATTG-1,5232,183,GRCh38
GCATTAACATTCAACT-1,61,1082,mm10
GCATTAGTCATGAACT-1,2603,88,GRCh38
GCATTAGTCGCTCCAC-1,6200,79,GRCh38
GCATTATAGCCGATAC-1,10552,83,GRCh38
GCATTATAGGCATCCG-1,5054,73,GRCh38
GCATTCAAGGATATAG-1,17338,177,GRCh38
GCATTCAAGGTATGGG-1,39573,278,GRCh38
GCATTCAAGGTCGATC-1,133,3216,mm10
GCATTCAAGGTTGGGA-1,15214,557,Multiplet
GCATTCCCAAACCACG-1,39792,290,GRCh38
GCATTCCCATAGGTTA-1,1068,39,GRCh38
GCATTCCCATTAGTCT-1,5804,109,GRCh38
GCATTGATCACGGCTG-1,13083,176,GRCh38
GCATTGATCGAACCTA-1,5486,73,GRCh38
GCATTGATCGATGCAC-1,13056,102,GRCh38
GCATTTAGTCCATCTC-1,3537,73,GRCh38
GCATTTAGTCTCCAAG-1,14811,225,GRCh38
GCATTTAGTGAACTGA-1,583,38,GRCh38
GCATTTAGTTTGACTA-1,34757,197,GRCh38
GCATTTGAGCAAGCGA-1,2014,545,GRCh38
GCATTTGAGCTAGATT-1,15276,115,GRCh38
GCCAAATCATAGGTGT-1,10265,108,GRCh38
GCCAACTAGAACCTCA-1,7612,132,GRCh38
GCCAACTAGGCTTCGG-1,12555,166,GRCh38
GCCAACTAGTCATGGC-1,21122,120,GRCh38
GCCAACTAGTGTCCGG-1,10345,147,GRCh38
GCCAACTAGTTACCAG-1,11553,146,GRCh38
GCCAAGCCATCCGTCG-1,44945,283,GRCh38
GCCAATATCATATAGC-1,3354,45,GRCh38
GCCAATATCGAACGTC-1,7011,113,GRCh38
GCCAATATCGCGTGAT-1,1508,167,GRCh38
GCCAATGCAAATCGCG-1,40564,211,GRCh38
GCCAATTGTTCAAGCT-1,5181,67,GRCh38
GCCACAACAAAGGTGA-1,38069,172,GRCh38
GCCACAACAACCTGCT-1,5911,86,GRCh38
GCCACATAGATAGTAG-1,9172,103,GRCh38
GCCACCTTCATATCGG-1,3267,56,GRCh38
GCCACTTCACAGGGTC-1,12606,127,GRCh38
GCCACTTCATGAGCTG-1,73819,256,GRCh38
GCCACTTCATTACCTG-1,11534,77,GRCh38
GCCATAATCACTCACT-1,15837,201,GRCh38
GCCATAATCATCTCAC-1,5642,57,GRCh38
GCCATAATCCATGAGC-1,13324,154,GRCh38
GCCATAGCAGGAGCAG-1,6083,153,GRCh38
GCCATAGCAGGAGCCT-1,30080,104,GRCh38
GCCATATGTGACGACG-1,2597,34,GRCh38
GCCATATGTGATGCGG-1,69,902,mm10
GCCATATGTTGCACAT-1,7370,84,GRCh38
GCCATCAGTATGGTAG-1,16226,135,GRCh38
GCCATCAGTTAAGCAG-1,14486,161,GRCh38
GCCATCCTCATGGCTA-1,19583,187,GRCh38
GCCATCTCACTCGGAA-1,6998,94,GRCh38
GCCATGGTCCCAATCT-1,13021,165,GRCh38
GCCATGGTCCGCTGCT-1,9558,146,GRCh38
GCCATGGTCGTTAGTG-1,9811,67,GRCh38
GCCATTCCAAATCACA-1,11676,131,GRCh38
GCCATTCCAATGAAGG-1,15563,104,GRCh38
GCCATTCCATGACCTC-1,10478,121,GRCh38
GCCATTCCATGCAGGC-1,8172,136,GRCh38
GCCCAAGTCCTGTAAG-1,12155,69,GRCh38
GCCCAAGTCTGGTGTA-1,13867,138,GRCh38
GCCCAATAGGAGCCTT-1,5368,45,GRCh38
GCCCACTTCACGCAGT-1,22357,181,GRCh38
GCCCACTTCACTGGGT-1,17927,119,GRCh38
GCCCACTTCATAGACT-1,27840,275,GRCh38
GCCCACTTCATGGTTG-1,3936,113,GRCh38
GCCCACTTCGCTGAGT-1,14483,175,GRCh38
GCCCACTTCTATGCAG-1,66,445,mm10
GCCCATAGTAGTAACG-1,10061,71,GRCh38
GCCCATTCAACCCTTA-1,2137,58,GRCh38
GCCCATTCAACTTACT-1,12021,149,GRCh38
GCCCATTCAATATACG-1,12409,117,GRCh38
GCCCATTCACTATCCA-1,1204,955,GRCh38
GCCCATTCATGGCAGC-1,7927,65,GRCh38
GCCCATTCATTAGTCT-1,18661,209,GRCh38
GCCCCAAAGCGAATCC-1,2875,83,GRCh38
GCCCCAAAGGGGCTAA-1,26788,339,GRCh38
GCCCCATTCCATCATC-1,29189,344,GRCh38
GCCCCATTCCGTGAAC-1,27996,144,GRCh38
GCCCCTTAGCATCCTT-1,20436,275,GRCh38
GCCCCTTAGCTTCCGC-1,6853,131,GRCh38
GCCCGTAAGCCAGTTA-1,20697,183,GRCh38
GCCCGTAAGGCGATTC-1,15071,132,GRCh38
GCCCTAAGTCATCGGC-1,5963,46,GRCh38
GCCCTAAGTTTAGCGT-1,10715,95,GRCh38
GCCCTAGAGCTAGAGG-1,34365,234,GRCh38
GCCCTAGAGGATGTCC-1,8317,168,GRCh38
GCCCTAGAGTGCGCCA-1,12839,81,GRCh38
GCCCTCACAAATCGGT-1,36261,460,GRCh38
GCCCTCACATCACACC-1,12021,120,GRCh38
GCCCTCACATCATCAT-1,13484,313,GRCh38
GCCCTCACATGGTCGA-1,12511,131,GRCh38
GCCCTGAAGCGGGTAA-1,31576,189,GRCh38
GCCCTGAAGGGTCACT-1,13032,139,GRCh38
GCCCTGAAGTAGCTTG-1,12733,155,GRCh38
GCCCTGTTCAGCAACC-1,9705,111,GRCh38
GCCCTGTTCCAGGTGT-1,14431,101,GRCh38
GCCCTGTTCGACCTGG-1,28897,240,GRCh38
GCCCTTGCAATCGAAC-1,17206,172,GRCh38
GCCGAACCAGCAGTTG-1,5685,322,GRCh38
GCCGAAGGTAGCGCCT-1,3593,98,GRCh38
GCCGAAGGTCTAGCGC-1,37312,279,GRCh38
GCCGAAGGTGATGATG-1,3472,167,GRCh38
GCCGAAGGTTCAAGGA-1,17964,138,GRCh38
GCCGAAGGTTGGCGTC-1,15541,128,GRCh38
GCCGAGTCAGTTGCGA-1,10301,421,GRCh38
GCCGATTAGCTACAGC-1,16587,122,GRCh38
GCCGATTAGGCGTACT-1,14542,141,GRCh38
GCCGATTAGGTCAATT-1,44071,270,GRCh38
GCCGCTAAGTAGGAAC-1,1367,52,GRCh38
GCCGCTAAGTGAACCC-1,958,58,GRCh38
GCCGGTTGTTGCATTA-1,13881,109,GRCh38
GCCGGTTGTTTCCTAT-1,20946,183,GRCh38
GCCGGTTGTTTGCATA-1,25945,616,Multiplet
GCCGTACGTAGTAGGC-1,83,1666,mm10
GCCGTACGTCTGGTAT-1,5866,65,GRCh38
GCCGTACGTCTTGCAG-1,36,545,mm10
GCCGTACGTTTCGAGT-1,15875,95,GRCh38
GCCGTCAAGTGCTGAC-1,7499,108,GRCh38
GCCGTTAGTATGTCAC-1,12919,164,GRCh38
GCCGTTAGTGAGAGGA-1,11563,196,GRCh38
GCCGTTGAGGGTAGCA-1,50,871,mm10
GCCTAAATCCTGCCTA-1,13830,146,GRCh38
GCCTAACAGAACGAAC-1,21471,194,GRCh38
GCCTAACAGCGCTTCC-1,7162,54,GRCh38
GCCTAACAGGCGTCTG-1,15261,171,GRCh38
GCCTAATGTAATGGCA-1,810,41,GRCh38
GCCTAATGTCAAGTTC-1,5524,91,GRCh38
GCCTAATGTCTCACGA-1,14240,168,GRCh38
GCCTAATGTCTGTGAT-1,19376,155,GRCh38
GCCTAATGTTAGGCTT-1,18420,159,GRCh38
GCCTACTCAATGTCGG-1,13293,123,GRCh38
GCCTACTCATCAAGTA-1,1070,47,GRCh38
GCCTACTCATCCCAGT-1,13987,156,GRCh38
GCCTACTCATGGCGAC-1,51,569,mm10
GCCTATGGTAATGAAC-1,12637,163,GRCh38
GCCTATGGTAGTGATG-1,13474,145,GRCh38
GCCTATGGTTCGTAGT-1,107,644,mm10
GCCTATGGTTTAGCAC-1,18598,184,GRCh38
GCCTCATCAACTGGCA-1,17556,79,GRCh38
GCCTCATCATCACTGC-1,1845,64,GRCh38
GCCTCCACATCACTTG-1,43120,318,GRCh38
GCCTGATAGCAGGTCT-1,14387,131,GRCh38
GCCTGATAGCTTACCT-1,11081,173,GRCh38
GCCTGATAGCTTCCTG-1,62,618,mm10
GCCTGATAGGCGAATG-1,7501,79,GRCh38
GCCTGATAGTAGTAAG-1,37217,195,GRCh38
GCCTGCAAGGCGCATT-1,11757,136,GRCh38
GCCTGCAAGGTAAGTA-1,11507,125,GRCh38
GCCTGCTTCCATAGAT-1,9409,104,GRCh38
GCCTGGATCACATGAT-1,8565,124,GRCh38
GCCTGGATCACATGCA-1,11279,166,GRCh38
GCCTGGATCACCCTTG-1,18892,126,GRCh38
GCCTGGATCGACTGCG-1,11286,143,GRCh38
GCCTGTGAGCAGGTTC-1,1217,31,GRCh38
GCCTGTGAGCATTCGA-1,31028,247,GRCh38
GCCTGTGAGTCGAGGA-1,30828,228,GRCh38
GCCTGTTCATGAGCGC-1,7980,63,GRCh38
GCCTTCATCACGCGAT-1,11889,202,GRCh38
GCCTTCATCGCGCAAT-1,20111,197,GRCh38
GCCTTCATCGCGTAAC-1,22231,257,GRCh38
GCCTTGCTCGCTGACG-1,1784,21,GRCh38
GCCTTGCTCGTTAGGC-1,11999,96,GRCh38
GCGAATAGTGCGTGAG-1,18085,181,GRCh38
GCGAATTCAAATGACC-1,18019,104,GRCh38
GCGACAGGTAGCTGGG-1,21244,498,Multiplet
GCGACAGGTGCAATTC-1,6974,44,GRCh38
GCGACAGGTTGGTAGA-1,35591,231,GRCh38
GCGACATTCCAACTTC-1,58,893,mm10
GCGACATTCCCCTTAG-1,12460,140,GRCh38
GCGACTTAGCGACTAC-1,687,30,GRCh38
GCGACTTAGTAGGAAC-1,8354,69,GRCh38
GCGAGGTAGCCACACG-1,143,944,mm10
GCGAGTAAGCCCGTAG-1,11755,118,GRCh38
GCGAGTAAGGAGCTGA-1,8922,100,GRCh38
GCGAGTAAGGGTATGG-1,6014,66,GRCh38
GCGAGTAAGTACCAGC-1,11067,121,GRCh38
GCGAGTTTCCACCTAT-1,40502,279,GRCh38
GCGAGTTTCGTGCGAT-1,35081,197,GRCh38
GCGATCCGTAACGAGC-1,9681,65,GRCh38
GCGATCCGTCTCCAAG-1,6885,75,GRCh38
GCGATCCGTTGGAGTA-1,9028,91,GRCh38
GCGATGAAGGGTAGAT-1,16331,87,GRCh38
GCGATGAAGTGATCCA-1,25631,349,GRCh38
GCGATGAAGTGATGGG-1,7073,142,GRCh38
GCGATGTTCCCATATC-1,30866,172,GRCh38
GCGATGTTCCGCCAAG-1,1888,320,GRCh38
GCGATGTTCGATACGC-1,31699,285,GRCh38
GCGATGTTCGTTAGAT-1,16919,225,GRCh38
GCGATGTTCTGGGACT-1,15301,159,GRCh38
GCGCAAGGTTCCGTAG-1,7182,122,GRCh38
GCGCAAGGTTGCGGTC-1,9882,142,GRCh38
GCGCAAGGTTTGGCAT-1,50,494,mm10
GCGCATTAGCTGGTAC-1,15803,200,GRCh38
GCGCATTAGGATAGAC-1,10293,134,GRCh38
GCGCATTAGGTAAGGT-1,10689,75,GRCh38
GCGCATTAGTAACGCC-1,25999,216,GRCh38
GCGCCAATCACTGGGT-1,13280,153,GRCh38
GCGCCAATCGTCTACT-1,95,400,mm10
GCGCCTAAGCAGTCTA-1,10527,123,GRCh38
GCGCCTAAGCATCGAC-1,10177,159,GRCh38
GCGCCTAAGCGATCAC-1,9220,117,GRCh38
GCGCTAACACTACCAC-1,47,500,mm10
GCGCTAACATTACGCC-1,103,1902,mm10
GCGCTAGTCATCTCAC-1,5174,61,GRCh38
GCGCTAGTCTGTGAAT-1,8349,111,GRCh38
GCGCTCAAGGAGCTGA-1,6349,454,GRCh38
GCGCTCAAGGATGGTG-1,9018,79,GRCh38
GCGCTCAAGGTCGAAG-1,156,4446,mm10
GCGCTCAAGGTGGACA-1,23402,243,GRCh38
GCGCTTAGTCCATACG-1,19468,149,GRCh38
GCGCTTGAGCAATCGC-1,7639,63,GRCh38
GCGCTTGAGCGAATGG-1,1521,467,GRCh38
GCGCTTGAGCGATCAC-1,23584,327,GRCh38
GCGCTTGAGTACGGTC-1,11598,648,Multiplet
GCGCTTGAGTGCTGGT-1,14312,208,GRCh38
GCGGACTCAAGCGATT-1,13648,198,GRCh38
GCGGACTCACTAATCT-1,7900,143,GRCh38
GCGGAGACAAGGTCAT-1,3024,194,GRCh38
GCGGAGACATCCATAT-1,6340,141,GRCh38
GCGGAGACATCCATCA-1,15574,310,GRCh38
GCGGAGTAGCTAATGT-1,1949,129,GRCh38
GCGGAGTAGTTACACG-1,8914,120,GRCh38
GCGGATGGTAACTCGT-1,69,1587,mm10
GCGGATGGTAGGTTAG-1,19707,146,GRCh38
GCGGATGGTATGTGGA-1,27857,196,GRCh38
GCGGATGGTGCATCTG-1,21610,175,GRCh38
GCGGATGGTGGACAGT-1,8712,130,GRCh38
GCGGATGGTGGCCAGA-1,11825,79,GRCh38
GCGGATGGTTAGTCGT-1,40106,194,GRCh38
GCGGCTATCATGCTTC-1,73,1309,mm10
GCGGCTATCGATGGCT-1,2345,310,GRCh38
GCGGCTATCTATGCGA-1,23670,347,GRCh38
GCGGCTTGTAACCACT-1,10106,169,GRCh38
GCGGCTTGTGCAACGG-1,10506,153,GRCh38
GCGGCTTGTTGAGCCC-1,74,763,mm10
GCGGGAACATAATCCT-1,19965,222,GRCh38
GCGGGATAGTCGAGCT-1,12774,80,GRCh38
GCGGGTTCAATTCGGG-1,31734,319,GRCh38
GCGGGTTCACCTAATT-1,16646,159,GRCh38
GCGGTAAAGGATTGCC-1,14202,140,GRCh38
GCGGTAAAGGGGTCAA-1,943,488,GRCh38
GCGGTAAAGTGACCTA-1,38776,174,GRCh38
GCGGTAAAGTTAACGT-1,6861,127,GRCh38
GCGGTCATCCTGTACT-1,17030,211,GRCh38
GCGGTGAGTAAGGGCT-1,15816,155,GRCh38
GCGGTGAGTCAGCTAT-1,96,1516,mm10
GCGGTGAGTTGTCCCT-1,16152,349,GRCh38
GCGGTTACAATATGTG-1,2427,172,GRCh38
GCGGTTACACAACGTG-1,16357,178,GRCh38
GCGGTTACAGCACTCT-1,11581,217,GRCh38
GCGGTTACAGGCAGGA-1,4941,71,GRCh38
GCGGTTTAGATTCGTG-1,17279,174,GRCh38
GCGGTTTAGCCAGTGT-1,11760,74,GRCh38
GCGGTTTAGCCATAGC-1,926,89,GRCh38
GCGGTTTAGTCAGCCG-1,22141,258,GRCh38
GCGGTTTAGTCGCTCC-1,9436,2089,Multiplet
GCGTAAAGTAGCTATC-1,2863,119,GRCh38
GCGTAAAGTGAGCGAT-1,8438,102,GRCh38
GCGTAAAGTTTCGGCA-1,10979,128,GRCh38
GCGTAATCACAAGGCC-1,5907,132,GRCh38
GCGTAATCACATGACG-1,31332,238,GRCh38
GCGTACCGTCTAGCCA-1,8450,82,GRCh38
GCGTACCGTTATCCTT-1,6476,129,GRCh38
GCGTACCGTTGCGGAG-1,9870,163,GRCh38
GCGTAGCCAACGTGAT-1,456,12493,mm10
GCGTAGCCAATCTACT-1,199,1324,mm10
GCGTATTGTTAAGCAG-1,13103,114,GRCh38
GCGTCAACACAAGCAT-1,15068,112,GRCh38
GCGTCAACACCTGTAC-1,16759,193,GRCh38
GCGTCAACATCCTCAA-1,11310,87,GRCh38
GCGTCCTTCATCGAAT-1,65,812,mm10
GCGTCCTTCCAGCAGT-1,9721,72,GRCh38
GCGTCCTTCTGTCATC-1,8693,94,GRCh38
GCGTGAAAGAATCAGA-1,13322,138,GRCh38
GCGTGAGGTCTGTGCA-1,21015,178,GRCh38
GCGTGAGGTTATATCG-1,10105,72,GRCh38
GCGTGCATCAAGTCTG-1,23868,265,GRCh38
GCGTGTTAGCAGGTTC-1,8156,51,GRCh38
GCGTTAATCACGTAGC-1,24525,131,GRCh38
GCGTTAATCCCGTGAG-1,7186,70,GRCh38
GCGTTAATCCGGTGTG-1,11258,164,GRCh38
GCGTTAGCAACATTAG-1,6216,64,GRCh38
GCGTTAGCAACCGTAG-1,10096,76,GRCh38
GCGTTATGTAAGCTGA-1,776,64,GRCh38
GCGTTATGTCTGTCGA-1,25532,158,GRCh38
GCGTTATGTGGCGCTT-1,9620,136,GRCh38
GCGTTATGTTAAGCGA-1,15882,162,GRCh38
GCGTTATGTTAGTTGC-1,18258,239,GRCh38
GCGTTATGTTATCCAA-1,4026,55,GRCh38
GCGTTCCTCCTTCCTC-1,87,732,mm10
GCGTTCCTCTAATGGT-1,20134,246,GRCh38
GCGTTCTCAACCTACC-1,15878,128,GRCh38
GCGTTCTCAACGGTCA-1,829,115,GRCh38
GCGTTCTCAATTACGA-1,13235,76,GRCh38
GCGTTCTCATGACGGC-1,1308,127,GRCh38
GCGTTCTCATGATATG-1,11034,124,GRCh38
GCGTTTCCACCTCACG-1,20972,264,GRCh38
GCGTTTGGTAATCAGG-1,1522,923,GRCh38
GCTAAACCAATGCGTG-1,306,8055,mm10
GCTAAACCAGGAGCAG-1,12904,113,GRCh38
GCTAAACCATCCGGTT-1,17815,185,GRCh38
GCTAAAGGTCAAGCGG-1,15018,109,GRCh38
GCTAAAGGTCATTGGT-1,379,10181,mm10
GCTAAAGGTGAAGTTG-1,16594,143,GRCh38
GCTAAAGGTGGGTTGG-1,9116,112,GRCh38
GCTAAAGGTTGAGTGA-1,8565,75,GRCh38
GCTAAAGGTTTCCTAT-1,10292,88,GRCh38
GCTAAATTCACGTGTA-1,5978,39,GRCh38
GCTAACATCCGCGCAA-1,14667,108,GRCh38
GCTAACATCTCATCCG-1,30771,159,GRCh38
GCTAAGTCAACGGTCA-1,2553,423,GRCh38
GCTAAGTCACATGAAC-1,4094,140,GRCh38
GCTAAGTCACTTCGTA-1,13924,153,GRCh38
GCTAAGTCAGGTAACT-1,18148,206,GRCh38
GCTAATGTCCCCAACC-1,7949,83,GRCh38
GCTAATGTCTGTGCCC-1,22562,230,GRCh38
GCTACAGCAATTGCCC-1,42830,287,GRCh38
GCTACCCTCTATCTGC-1,100,1684,mm10
GCTACCCTCTGTCTAC-1,41469,291,GRCh38
GCTACCTCAAAGGACA-1,18481,173,GRCh38
GCTACCTCAACTAAGC-1,9196,111,GRCh38
GCTACCTCAATCCAGG-1,97,2279,mm10
GCTACCTCAGGCATCA-1,205,721,mm10
GCTACCTCATCACGGA-1,3782,72,GRCh38
GCTACCTCATGACGAT-1,13811,189,GRCh38
GCTACTGGTCTGTCCT-1,14167,164,GRCh38
GCTACTGGTGCGAGAT-1,36689,149,GRCh38
GCTACTGGTTGCAGGG-1,26177,138,GRCh38
GCTACTGGTTTGATTG-1,3478,171,GRCh38
GCTACTGGTTTGGAAG-1,1493,44,GRCh38
GCTAGGCCATAAGGCT-1,19028,84,GRCh38
GCTAGGCCATGCAGAT-1,10988,163,GRCh38
GCTAGGCCATTACGGG-1,13285,170,GRCh38
GCTAGGGGTAATGAAC-1,14162,82,GRCh38
GCTAGGGGTCAGCATT-1,26443,139,GRCh38
GCTAGGTTCATATCGG-1,1930,626,GRCh38
GCTAGGTTCCGGTTAA-1,1608,191,GRCh38
GCTAGTCAGCGCCTCT-1,16679,227,GRCh38
GCTAGTCAGGTACAGG-1,32413,208,GRCh38
GCTAGTTGTGCGAGTG-1,8437,74,GRCh38
GCTAGTTGTGGCTCAC-1,10742,239,GRCh38
GCTAGTTGTTTGGATC-1,43566,174,GRCh38
GCTATCCCACTTGCTA-1,90,1555,mm10
GCTATGATCACTTCGT-1,231,5060,mm10
GCTATGATCAGGTCGT-1,22104,184,GRCh38
GCTATGATCCAGCCCT-1,77,437,mm10
GCTATGATCCGTGAAC-1,15824,182,GRCh38
GCTATGATCGAGTGGA-1,6882,75,GRCh38
GCTATTGAGCATCTAG-1,10024,112,GRCh38
GCTATTGAGCATTGAT-1,7171,114,GRCh38
GCTATTGAGCTAGCAC-1,9653,105,GRCh38
GCTATTGAGCTAGTCA-1,12491,150,GRCh38
GCTATTGAGTCGAATT-1,23441,224,GRCh38
GCTATTGAGTTACAGT-1,8710,102,GRCh38
GCTCAAATCAGGATGG-1,22483,177,GRCh38
GCTCAAATCATGCCTT-1,15541,138,GRCh38
GCTCAAATCCAGCCGA-1,2216,130,GRCh38
GCTCAAATCCATAGCA-1,136,2034,mm10
GCTCAAATCCTGGTAA-1,30137,236,GRCh38
GCTCAATGTAACGCGG-1,1387,35,GRCh38
GCTCACCTCGATCAAT-1,4341,127,GRCh38
GCTCACCTCGCGCAAT-1,3608,311,GRCh38
GCTCACCTCGCTCCTA-1,14102,177,GRCh38
GCTCAGGTCACAGACC-1,4004,44,GRCh38
GCTCAGGTCGAATCCA-1,977,382,GRCh38
GCTCAGTAGCGATGGA-1,29135,218,GRCh38
GCTCAGTAGCTAACCA-1,614,1016,mm10
GCTCAGTAGTCATCCT-1,10138,133,GRCh38
GCTCATAAGCCCTTGC-1,14669,181,GRCh38
GCTCATAAGCGAAGGC-1,13043,117,GRCh38
GCTCATAAGGTACCCG-1,13720,137,GRCh38
GCTCATAAGGTACTAT-1,60759,284,GRCh38
GCTCATAAGGTGCTCG-1,9302,81,GRCh38
GCTCATCCAAATCCAA-1,33,477,mm10
GCTCATCCAGGATCTG-1,8150,1038,Multiplet
GCTCATGGTAAGTCCT-1,11295,109,GRCh38
GCTCATGGTGCGGACA-1,18631,253,GRCh38
GCTCATTTCAGTTACG-1,15308,561,Multiplet
GCTCATTTCCATTACC-1,18913,184,GRCh38
GCTCATTTCCGTAATG-1,9873,75,GRCh38
GCTCATTTCTATGCCT-1,13341,162,GRCh38
GCTCCATCAGCACGTA-1,19600,212,GRCh38
GCTCCCACAACCATCC-1,53,548,mm10
GCTCCCACAACTGTCC-1,17736,178,GRCh38
GCTCCCACAAGCTCTC-1,25484,204,GRCh38
GCTCCCACAATGAGTC-1,43,500,mm10
GCTCCCACACTAGCCT-1,896,1245,mm10
GCTCCCACAGCTCGTT-1,7492,98,GRCh38
GCTCCCACATAAGCCG-1,22274,216,GRCh38
GCTCCGTTCTGTGATG-1,186,4032,mm10
GCTCCTGCATGACTAA-1,9962,90,GRCh38
GCTCCTTGTATTGGAG-1,54,555,mm10
GCTCCTTGTTCCAGCA-1,11470,125,GRCh38
GCTCGATAGCGCTTGG-1,11274,114,GRCh38
GCTCGATAGGATGTCC-1,6157,121,GRCh38
GCTCGATAGTTACCAG-1,18315,196,GRCh38
GCTCGCTTCAGCCCAG-1,13102,160,GRCh38
GCTCGCTTCCAGCCCT-1,5292,79,GRCh38
GCTCGCTTCGCGTGTG-1,22799,147,GRCh38
GCTCGTAGTCATCCAG-1,15934,119,GRCh38
GCTCGTAGTTTACCGG-1,1169,91,GRCh38
GCTCGTTCAAATGCGT-1,12421,126,GRCh38
GCTCTATTCAGTACGC-1,15300,212,GRCh38
GCTCTCATCAGGCAGA-1,8370,88,GRCh38
GCTCTCATCCCCTGTA-1,15534,104,GRCh38
GCTCTCATCCTCGACC-1,4502,79,GRCh38
GCTCTCATCGTTCGCC-1,12369,122,GRCh38
GCTCTTGTCAGTTCGA-1,9754,90,GRCh38
GCTCTTGTCCCGCACT-1,13070,133,GRCh38
GCTGACTAGAAGCGAT-1,11940,118,GRCh38
GCTGACTAGTACCAGC-1,75,1307,mm10
GCTGAGAAGGTAGCTC-1,1663,209,GRCh38
GCTGAGAAGTATGACT-1,11425,60,GRCh38
GCTGAGGGTGATCAAG-1,10942,161,GRCh38
GCTGAGGGTGCATCCA-1,14406,164,GRCh38
GCTGATGCAAAGGGTA-1,18044,188,GRCh38
GCTGATGCAAGGGCAG-1,87,1796,mm10
GCTGATGCAAGTATGC-1,766,63,GRCh38
GCTGATTGTGCGAGTG-1,54,1181,mm10
GCTGATTGTTGTGAAG-1,2528,226,GRCh38
GCTGCCTTCCATCACT-1,13619,136,GRCh38
GCTGCCTTCGACTACA-1,227,6228,mm10
GCTGCCTTCGCGCTAG-1,14325,198,GRCh38
GCTGCCTTCGTCTCTG-1,27865,199,GRCh38
GCTGCCTTCGTGAGTC-1,23711,188,GRCh38
GCTGCGATCAGTTAGT-1,13384,98,GRCh38
GCTGCGATCATCACGA-1,1052,1229,mm10
GCTGCGATCCTGCTAT-1,594,59,GRCh38
GCTGCGATCGCGTTAA-1,904,30,GRCh38
GCTGCTAGTGGAGAGA-1,7263,70,GRCh38
GCTGCTGAGCCGATTA-1,28109,204,GRCh38
GCTGCTGAGGAACCAG-1,20183,138,GRCh38
GCTGCTGAGTCGATGC-1,1391,68,GRCh38
GCTGGATTCAGGAAGT-1,15269,92,GRCh38
GCTGGATTCCCAGTCC-1,29197,179,GRCh38
GCTGGCTGTTGCACTG-1,15880,202,GRCh38
GCTGGGTCACTAGGTG-1,18561,99,GRCh38
GCTGGGTCATTAGCGG-1,77,885,mm10
GCTGGTTAGTCGCTCC-1,3912,257,GRCh38
GCTGGTTAGTTGCTTC-1,9100,118,GRCh38
GCTGTATGTAGTGCTT-1,13522,108,GRCh38
GCTGTATGTATTGACC-1,6307,56,GRCh38
GCTGTATGTCTAGGCC-1,23251,190,GRCh38
GCTGTATGTGAAGTTG-1,14296,175,GRCh38
GCTGTTAAGATAGCAA-1,2843,28,GRCh38
GCTGTTAAGCCATCCC-1,1342,1439,mm10
GCTGTTAAGCGGATGA-1,7079,49,GRCh38
GCTGTTAAGGAGGCGT-1,23994,343,GRCh38
GCTGTTAAGTCGACCG-1,46409,278,GRCh38
GCTGTTGGTCATCGGC-1,1752,156,GRCh38
GCTGTTGGTTGCGGTC-1,11120,76,GRCh38
GCTTAACGTAGGTGCG-1,32857,134,GRCh38
GCTTAACGTCAACCTG-1,54,818,mm10
GCTTAACGTCAGTTCG-1,5490,51,GRCh38
GCTTAACGTTATCGGT-1,16841,98,GRCh38
GCTTAACGTTGGCCTA-1,9977,81,GRCh38
GCTTAATAGAATCCTG-1,286,439,mm10
GCTTAATAGCCAATCA-1,57,1213,mm10
GCTTAATAGGGGATAT-1,78,1678,mm10
GCTTACAAGCGGGATA-1,566,68,GRCh38
GCTTACTTCCTTGAGA-1,28690,206,GRCh38
GCTTATAGTTCGCTGA-1,13509,120,GRCh38
GCTTATAGTTGCAGCC-1,6730,142,GRCh38
GCTTATGAGATAGTTC-1,12184,147,GRCh38
GCTTATGAGGGGCATA-1,9435,78,GRCh38
GCTTATGAGGTACCCG-1,21906,149,GRCh38
GCTTCACCAAATTCGA-1,16836,103,GRCh38
GCTTCACCATGACTAA-1,6957,100,GRCh38
GCTTCAGGTAGTCCGC-1,84,727,mm10
GCTTCAGGTCCATTAA-1,2258,293,GRCh38
GCTTCAGGTTTCGGGC-1,6035,109,GRCh38
GCTTCATTCCTCGACC-1,19391,176,GRCh38
GCTTCATTCGATTGCA-1,8136,130,GRCh38
GCTTCATTCTAATCCC-1,10416,165,GRCh38
GCTTCCATCCGCCAGA-1,2425,127,GRCh38
GCTTCCATCCGGATAC-1,894,247,GRCh38
GCTTCCATCGCGTTAA-1,10093,70,GRCh38
GCTTCCATCGCTCTAT-1,12663,111,GRCh38
GCTTCCATCGTTCACT-1,12173,166,GRCh38
GCTTCCGCAATATCCT-1,9521,138,GRCh38
GCTTCCGCACCTAATT-1,871,66,GRCh38
GCTTCCGCACCTCGAT-1,7376,111,GRCh38
GCTTCCGCACTAGTAA-1,14133,225,GRCh38
GCTTCCGCATAATTGG-1,5808,62,GRCh38
GCTTCCTGTAGGTCAA-1,9128,94,GRCh38
GCTTCCTGTCTAGCCA-1,25736,233,GRCh38
GCTTCCTGTGATTCCG-1,26606,252,GRCh38
GCTTCCTGTTCACGAT-1,11665,165,GRCh38
GCTTCCTGTTGGCGTC-1,18610,192,GRCh38
GCTTCGCTCCCTGACC-1,11107,165,GRCh38
GCTTCGCTCCGTGTCC-1,66023,305,GRCh38
GCTTCGCTCGTTAGTG-1,13637,156,GRCh38
GCTTGAATCAATCCCT-1,876,62,GRCh38
GCTTGAATCACTGGGT-1,14751,217,GRCh38
GCTTGAATCCAACCGG-1,24574,256,GRCh38
GCTTGAATCGATCACA-1,14282,75,GRCh38
GCTTGATGTCATCACG-1,86,506,mm10
GCTTGATGTCTAACCG-1,78,516,mm10
GCTTGATGTTAATCCA-1,3793,157,GRCh38
GCTTGATGTTTGGAAG-1,88,1929,mm10
GCTTGCCTCCCAGTAA-1,20016,94,GRCh38
GCTTGCCTCTCACCTG-1,11653,72,GRCh38
GCTTGGACAATCTAAG-1,13343,161,GRCh38
GCTTGGGTCTGGGATC-1,688,900,mm10
GCTTGTAAGGATGGTG-1,62,1197,mm10
GCTTTCACACATTCAT-1,1577,55,GRCh38
GCTTTCACACATTGGG-1,9845,70,GRCh38
GCTTTGAAGTATGGTT-1,12710,102,GRCh38
GCTTTGGGTGATAGGC-1,6341,163,GRCh38
GCTTTGGGTTAGCCTG-1,3861,89,GRCh38
GGAAACTAGCCATAGC-1,743,427,GRCh38
GGAAACTAGGGGATGC-1,9960,62,GRCh38
GGAAAGCCACATAGTA-1,5636,51,GRCh38
GGAAAGCCACTTGACC-1,65,1089,mm10
GGAAAGCCAGGACAGG-1,46,913,mm10
GGAAAGCCAGGCTTGA-1,22268,273,GRCh38
GGAAATGCAGCCATAG-1,873,103,GRCh38
GGAAATGCATGACTCC-1,32087,264,GRCh38
GGAAATTGTTCCATCC-1,15561,146,GRCh38
GGAACATAGGTACTTG-1,9400,157,GRCh38
GGAACATAGTTGGCCG-1,17964,149,GRCh38
GGAACCAAGTTAACGT-1,9927,121,GRCh38
GGAACCAAGTTGCGCG-1,29709,201,GRCh38
GGAACCTTCTAGTTGG-1,1950,69,GRCh38
GGAACTGAGTAATCAC-1,8711,53,GRCh38
GGAACTGAGTTGGACC-1,894,48,GRCh38
GGAAGATTCCGCAGAT-1,17766,237,GRCh38
GGAAGATTCGCTCTGC-1,73,1285,mm10
GGAAGCATCGCATCAA-1,25683,245,GRCh38
GGAAGCCAGTCATCGA-1,92,1196,mm10
GGAAGGCTCCTTCGTG-1,11509,129,GRCh38
GGAAGGCTCGTGCCCT-1,4951,55,GRCh38
GGAAGGTCAGCATGGC-1,8616,113,GRCh38
GGAAGGTCATGGCGTA-1,146,3283,mm10
GGAAGTTAGATAGCGG-1,8717,108,GRCh38
GGAAGTTAGCGCTCTC-1,9730,258,GRCh38
GGAAGTTAGCGCTTAA-1,13427,119,GRCh38
GGAAGTTAGGAACCTC-1,23192,180,GRCh38
GGAAGTTAGGAATCGG-1,957,36,GRCh38
GGAAGTTAGGTGGAAT-1,32730,189,GRCh38
GGAAGTTAGTAGCCAC-1,1437,57,GRCh38
GGAATATGTCATCGTG-1,10801,69,GRCh38
GGAATATGTTATGGAG-1,8585,68,GRCh38
GGAATATGTTCCGGTA-1,2147,17,GRCh38
GGAATCTCAATCCAGG-1,11685,150,GRCh38
GGAATCTCAATCGCAG-1,27359,256,GRCh38
GGAATGGTCACCTGCC-1,25496,185,GRCh38
GGAATGGTCCAGGCCA-1,7617,71,GRCh38
GGAATGGTCCCTGGCT-1,107,2044,mm10
GGAATGGTCGACTTAG-1,76,792,mm10
GGAATGGTCGATATAC-1,1566,92,GRCh38
GGAATGGTCGTTAGAT-1,32,453,mm10
GGAATTAAGAACCAGG-1,13943,136,GRCh38
GGAATTAAGGTGGAGC-1,6028,109,GRCh38
GGAATTGGTTAACGAG-1,11901,152,GRCh38
GGACAATAGCGCTCCT-1,23250,162,GRCh38
GGACAATAGTGACCGT-1,141,1530,mm10
GGACAATAGTGAGAGT-1,66,913,mm10
GGACACAAGCCGCATG-1,1173,56,GRCh38
GGACACAAGTCAGTCA-1,15375,134,GRCh38
GGACACGGTTGACTCG-1,19347,144,GRCh38
GGACAGGCACAATTAG-1,17572,252,GRCh38
GGACAGGCACCTGCCA-1,45944,255,GRCh38
GGACAGGCACTTCGGT-1,4283,107,GRCh38
GGACAGGCACTTGGTC-1,10804,118,GRCh38
GGACAGGCATTCATCG-1,15868,82,GRCh38
GGACATGAGCGAGTGA-1,3740,440,GRCh38
GGACATGAGTGAACCC-1,26491,254,GRCh38
GGACATTCACATTCCA-1,7857,101,GRCh38
GGACATTCACCAATCC-1,20788,149,GRCh38
GGACCTTAGCGCTTCC-1,146,3380,mm10
GGACGAATCATGCTAG-1,9078,215,GRCh38
GGACGAATCTGTCAAG-1,32284,208,GRCh38
GGACGACAGGTTGATT-1,104,2159,mm10
GGACGATGTTCACTCC-1,17910,107,GRCh38
GGACGATGTTCCGCTT-1,11599,82,GRCh38
GGACGATGTTTACTCT-1,80,1698,mm10
GGACGGACAACTGGCA-1,7229,120,GRCh38
GGACGTAAGGATTAGA-1,15533,95,GRCh38
GGACGTAAGGTAGGAT-1,6031,82,GRCh38
GGACGTTTCAATCCCT-1,16487,146,GRCh38
GGACGTTTCACAGCTA-1,10736,78,GRCh38
GGACGTTTCCACCTGC-1,10170,125,GRCh38
GGACGTTTCCGTAAGC-1,12472,142,GRCh38
GGACGTTTCCTGTCGC-1,9555,118,GRCh38
GGACTCACAAGTTCCC-1,15242,288,GRCh38
GGACTCACACCATGTC-1,5290,157,GRCh38
GGACTTATCCAGCAAC-1,477,1142,mm10
GGACTTATCCTCTAGT-1,15861,128,GRCh38
GGACTTATCCTTCGTG-1,13692,127,GRCh38
GGACTTGCAAATCGCG-1,12044,177,GRCh38
GGACTTGCAAGCACCA-1,4234,45,GRCh38
GGACTTGCATTCAGGG-1,2932,93,GRCh38
GGAGAACCACAACCAG-1,23617,261,GRCh38
GGAGAACCATTAGGGT-1,5879,149,GRCh38
GGAGAAGGTCAAGTGA-1,11872,71,GRCh38
GGAGAAGGTGGAAGTC-1,71,824,mm10
GGAGAGTCACAGCGGT-1,12745,81,GRCh38
GGAGAGTCAGCCTACT-1,72306,303,GRCh38
GGAGAGTCATTAGCAA-1,1978,361,GRCh38
GGAGATTAGTAGCGAG-1,18937,165,GRCh38
GGAGATTAGTTGCAGC-1,48,939,mm10
GGAGCAATCATGCAGC-1,12020,160,GRCh38
GGAGCAATCCAATGCA-1,77,1591,mm10
GGAGCAATCCGTGGAT-1,16786,144,GRCh38
GGAGCATGTGCAAGGT-1,8891,104,GRCh38
GGAGCATGTTGGCTGC-1,20417,143,GRCh38
GGAGCCAGTAGCCTGC-1,24844,148,GRCh38
GGAGCTAAGGGGCAAC-1,878,39,GRCh38
GGAGCTGGTAAGCGAC-1,60,866,mm10
GGAGCTGGTCAATCAC-1,3425,318,GRCh38
GGAGCTGGTGAGTGTA-1,9469,121,GRCh38
GGAGCTGGTTATCTGA-1,11417,133,GRCh38
GGAGGTTGTAGTGTGA-1,13278,118,GRCh38
GGAGGTTGTTGTCTGG-1,18251,260,GRCh38
GGAGTAACACTTCATG-1,10079,98,GRCh38
GGAGTAGTCGCGATAC-1,896,38,GRCh38
GGAGTATAGGCGTCTG-1,31,490,mm10
GGAGTCAAGCCTGGAT-1,18109,122,GRCh38
GGAGTCAAGGAACTAA-1,72,1472,mm10
GGAGTTAGTGAGAGCT-1,6532,125,GRCh38
GGAGTTAGTGATAGAT-1,11594,133,GRCh38
GGATAACAGAATCCAT-1,23895,154,GRCh38
GGATAACAGATTCAGT-1,15982,166,GRCh38
GGATAACAGCAAGTAA-1,2392,212,GRCh38
GGATAACAGGTTAATC-1,22345,283,GRCh38
GGATAATGTGAACGAC-1,19106,83,GRCh38
GGATAATGTTGAGTGA-1,7950,125,GRCh38
GGATAATGTTGCGATT-1,1526,184,GRCh38
GGATAGGTCCTTCATA-1,93,1505,mm10
GGATAGGTCCTTCGTG-1,8613,100,GRCh38
GGATAGTAGAAGGGAA-1,19711,214,GRCh38
GGATAGTAGCGCCTCT-1,5251,49,GRCh38
GGATAGTAGTTGCCTT-1,11630,87,GRCh38
GGATATGGTGCAGGCA-1,16037,174,GRCh38
GGATCGCCAAGGTAGA-1,8532,105,GRCh38
GGATCGCCACAAGGTT-1,10930,112,GRCh38
GGATCGCCAGTTGAGT-1,11435,140,GRCh38
GGATCGCCATTAACTC-1,162,4160,mm10
GGATCGTTCAATGTCG-1,11031,81,GRCh38
GGATCGTTCACGTACA-1,1263,46,GRCh38
GGATCGTTCCAGAGCT-1,18030,183,GRCh38
GGATCTATCAGCATAT-1,7890,81,GRCh38
GGATCTATCTAAGCCA-1,20177,323,GRCh38
GGATGCAAGCAAGTGG-1,864,58,GRCh38
GGATGCAAGGGCTCCA-1,22377,159,GRCh38
GGATGCAAGTGGGTAG-1,12829,80,GRCh38
GGATGCTTCATGGTAT-1,7802,106,GRCh38
GGATGCTTCCTGATTC-1,16296,94,GRCh38
GGATGCTTCGTGCATA-1,10783,123,GRCh38
GGATGCTTCTAGTCGA-1,9091,83,GRCh38
GGATGGATCAAGTGCC-1,34749,257,GRCh38
GGATGGATCACGTTAG-1,7010,74,GRCh38
GGATGGATCCAGGCCA-1,25533,141,GRCh38
GGATGGATCTCACTCG-1,9385,75,GRCh38
GGATGGGCAGGGCCAT-1,2504,81,GRCh38
GGATGTGAGCCTGACG-1,13809,153,GRCh38
GGATGTGAGCGCAATC-1,10473,96,GRCh38
GGATGTGAGGGTTGGA-1,19543,148,GRCh38
GGATGTTCAATCCTAT-1,559,845,mm10
GGATGTTCAGGCTACA-1,3137,389,GRCh38
GGATTAAAGTAAGCCC-1,20197,201,GRCh38
GGATTAAAGTAATCAC-1,50746,237,GRCh38
GGATTAAAGTGCAATT-1,8303,101,GRCh38
GGATTAGGTAGCGAGT-1,6237,95,GRCh38
GGATTAGGTTTGACAC-1,20846,192,GRCh38
GGATTCATCACCTTCG-1,1693,132,GRCh38
GGATTCATCCATCTGT-1,29497,181,GRCh38
GGATTCATCGATATAC-1,69,580,mm10
GGATTCGCAATGGGCC-1,30741,156,GRCh38
GGATTCGCACTTGATT-1,24032,261,GRCh38
GGATTGCTCCAATGAT-1,3155,66,GRCh38
GGATTGCTCCACCGGA-1,25536,490,Multiplet
GGATTGCTCGATGAGG-1,100,1585,mm10
GGATTGCTCGCTGGCA-1,15939,221,GRCh38
GGCAAAGTCACGGAAG-1,13103,118,GRCh38
GGCAAAGTCACGGCTG-1,14872,205,GRCh38
GGCAAAGTCCTTAGAG-1,16388,209,GRCh38
GGCAAAGTCTATCAGG-1,1179,49,GRCh38
GGCAACCCAAATGGGA-1,6195,68,GRCh38
GGCAACCCAGTTGACG-1,17689,149,GRCh38
GGCAACTTCAGCATTG-1,20688,238,GRCh38
GGCAACTTCAGGAAGT-1,576,12593,mm10
GGCAACTTCCATGAGC-1,8535,52,GRCh38
GGCAACTTCCTGGGAT-1,6561,339,GRCh38
GGCAAGGCAACTGGGC-1,21883,155,GRCh38
GGCAAGGCACCTGCAT-1,1276,54,GRCh38
GGCAAGGCAGCCATCT-1,11024,152,GRCh38
GGCAAGGCATGCGCTT-1,22246,157,GRCh38
GGCAATGAGCTTACAG-1,31957,179,GRCh38
GGCAATGAGGTACCGT-1,4700,100,GRCh38
GGCAATGAGTATGTGT-1,1679,757,GRCh38
GGCAATGAGTGATGAA-1,58477,306,GRCh38
GGCAATTCACTAACCC-1,9666,67,GRCh38
GGCAATTCATGGATGT-1,6898,64,GRCh38
GGCACACCAATAGAGG-1,12807,119,GRCh38
GGCACACCACCATGCT-1,3124,160,GRCh38
GGCACATTCATCGACA-1,52,638,mm10
GGCACATTCGTTCGTT-1,13016,615,Multiplet
GGCACCATCAGCCACG-1,21560,265,GRCh38
GGCACCTGTTCGTCTC-1,21183,189,GRCh38
GGCACGAGTGCGCAAG-1,52036,533,Multiplet
GGCACGAGTGGCAGCA-1,1624,247,GRCh38
GGCACGAGTTCCTCTA-1,1650,146,GRCh38
GGCATAAGTAGTTACC-1,9648,67,GRCh38
GGCATAAGTCAAGCGG-1,9314,87,GRCh38
GGCATAGAGGATGGTG-1,6009,78,GRCh38
GGCATCACAAACTTAG-1,25778,178,GRCh38
GGCATCACACTCATGC-1,210,4531,mm10
GGCATCACATTAGCTT-1,6288,128,GRCh38
GGCATCCGTAAGCCAA-1,37220,339,GRCh38
GGCATCCGTCATCGCA-1,12397,162,GRCh38
GGCATCCGTGGAGAGA-1,13586,132,GRCh38
GGCATCCGTTCGATAC-1,6689,55,GRCh38
GGCATCCGTTCGGGCT-1,42514,192,GRCh38
GGCATCCGTTCGGTCA-1,11487,156,GRCh38
GGCATGAAGCATTACG-1,19187,170,GRCh38
GGCATGAAGCTGGGTT-1,16366,103,GRCh38
GGCATGAAGGCGCATT-1,53,648,mm10
GGCATGAAGTGCCGTG-1,50,735,mm10
GGCATGGGTGCAAGGT-1,583,143,GRCh38
GGCATGGGTTCCTCAC-1,12564,113,GRCh38
GGCATGGGTTCGTGAT-1,1818,63,GRCh38
GGCATGTTCCCTCTAG-1,62417,293,GRCh38
GGCATTATCACTTCCG-1,25871,147,GRCh38
GGCATTATCCAGCAGT-1,23877,118,GRCh38
GGCATTCAGCTGGCAT-1,109,2249,mm10
GGCATTCAGTCGCACG-1,13450,149,GRCh38
GGCCAACCATGACAGT-1,11303,78,GRCh38
GGCCAACCATGGTTGG-1,20330,275,GRCh38
GGCCAATTCCCGCTAC-1,12900,135,GRCh38
GGCCAATTCGATATAC-1,92,1555,mm10
GGCCAATTCTTGATGG-1,11835,79,GRCh38
GGCCCTAAGAATCACT-1,14646,108,GRCh38
GGCCCTAAGCCGATTA-1,175,3495,mm10
GGCCGATCAACATCGG-1,20355,276,GRCh38
GGCCGTTGTAAGTCGA-1,1152,71,GRCh38
GGCCGTTGTAATCACC-1,170,396,mm10
GGCCGTTGTAGCGCCT-1,9715,152,GRCh38
GGCCGTTGTTCTGGTG-1,28949,368,GRCh38
GGCCTAACACTAACTT-1,21282,136,GRCh38
GGCCTAACATAAGCGT-1,21750,119,GRCh38
GGCCTCAAGCCATCAA-1,8256,125,GRCh38
GGCCTCAAGCTATCAG-1,11602,135,GRCh38
GGCCTCAAGGGGCAAC-1,11624,109,GRCh38
GGCCTCAAGTAGACTT-1,2312,439,GRCh38
GGCCTCAAGTGACCCG-1,13578,170,GRCh38
GGCCTTGAGCTAGAGG-1,19805,129,GRCh38
GGCCTTGAGGTGATGG-1,21992,126,GRCh38
GGCCTTGAGGTGCTGT-1,48,449,mm10
GGCGAACAGATTGCGC-1,19691,166,GRCh38
GGCGAACAGCAATGAA-1,9459,161,GRCh38
GGCGAACAGCCAGCCA-1,20990,193,GRCh38
GGCGAACAGCGGGAAC-1,11854,85,GRCh38
GGCGAATGTTGAATGG-1,13780,70,GRCh38
GGCGAATGTTGCGAGG-1,274,7227,mm10
GGCGAATGTTGGCGTC-1,8494,102,GRCh38
GGCGACTCAATAGAGG-1,9928,115,GRCh38
GGCGACTCAATAGGGA-1,11764,122,GRCh38
GGCGACTCATAGACAC-1,71,797,mm10
GGCGACTCATAGGTCG-1,11311,118,GRCh38
GGCGACTCATTAGCCC-1,4146,68,GRCh38
GGCGAGACACCATGCT-1,19070,281,GRCh38
GGCGATCCACCTAACC-1,51,919,mm10
GGCGATGGTTAAGTCC-1,3074,171,GRCh38
GGCGATTTCACCTATC-1,861,528,GRCh38
GGCGATTTCATATCCC-1,198,5048,mm10
GGCGATTTCGTCTAAG-1,11689,109,GRCh38
GGCGATTTCTGGAAGG-1,14943,227,GRCh38
GGCGCTATCAGCCAAC-1,30446,145,GRCh38
GGCGGATAGAAGGAGA-1,36315,253,GRCh38
GGCGGATAGGTAACTT-1,25439,202,GRCh38
GGCGGTAGTAAGTGCA-1,865,42,GRCh38
GGCGGTAGTCAATGGA-1,17031,174,GRCh38
GGCGGTAGTCCCGAGT-1,8854,61,GRCh38
GGCGGTAGTTGCGTCA-1,11476,139,GRCh38
GGCGGTTCATCCATGC-1,16567,269,GRCh38
GGCGTAAAGGTCCCAG-1,52,434,mm10
GGCGTAAAGGTGACTC-1,8883,54,GRCh38
GGCGTAAAGTACGGAG-1,30938,255,GRCh38
GGCGTAGGTGGCCTAC-1,43922,177,GRCh38
GGCGTAGGTTTCACGG-1,41,794,mm10
GGCGTCTGTGACTCCA-1,14810,163,GRCh38
GGCGTCTGTTGACCCA-1,913,63,GRCh38
GGCGTGAGTAAGCTCT-1,7967,140,GRCh38
GGCGTGAGTTCGGTTG-1,106,2054,mm10
GGCGTGAGTTCGTCAG-1,4061,46,GRCh38
GGCGTTACAATACTAG-1,22593,277,GRCh38
GGCGTTACACTCGCTG-1,49,499,mm10
GGCGTTACATAGAGTC-1,10527,68,GRCh38
GGCGTTACATCATCAT-1,8710,74,GRCh38
GGCGTTACATCCTCGG-1,5500,105,GRCh38
GGCGTTACATCCTGCG-1,29208,211,GRCh38
GGCGTTGTCAGTTAGT-1,8075,98,GRCh38
GGCGTTGTCGCTCCTA-1,417,485,mm10
GGCTAATCAGCAGTAT-1,12042,156,GRCh38
GGCTAATCAGCCTAGA-1,3398,174,GRCh38
GGCTAATCATAACCGG-1,17196,216,GRCh38
GGCTAGAAGGCACTTA-1,18789,189,GRCh38
GGCTAGAAGTGAGCGA-1,11511,92,GRCh38
GGCTATATCACTCTCG-1,4178,347,GRCh38
GGCTATTGTCATCGTG-1,112,511,mm10
GGCTATTGTTCCTCGT-1,16357,221,GRCh38
GGCTCGATCCATGCTT-1,17347,230,GRCh38
GGCTCGATCCGGTTAA-1,40935,379,GRCh38
GGCTGAAAGCAACTAT-1,23223,233,GRCh38
GGCTGAAAGGAGGCAC-1,4924,62,GRCh38
GGCTGAAAGGGGACGT-1,10234,137,GRCh38
GGCTGACCAGCAGGAG-1,11898,132,GRCh38
GGCTGAGGTAGGTCAA-1,14732,145,GRCh38
GGCTGAGGTAGTTGGA-1,22835,192,GRCh38
GGCTGCATCAATCAGT-1,102,1463,mm10
GGCTGCATCATGCCAA-1,14015,171,GRCh38
GGCTGGTCAATACTTC-1,22327,186,GRCh38
GGCTGGTCACCACACT-1,1797,399,GRCh38
GGCTGGTCAGGTAATC-1,5099,122,GRCh38
GGCTGTTAGGGTCCAT-1,13720,146,GRCh38
GGCTGTTAGTGACGAG-1,18640,267,GRCh38
GGCTTAATCCGTGGAT-1,2606,138,GRCh38
GGCTTATGTCAAGTTC-1,4390,516,Multiplet
GGCTTATGTCTAGAGA-1,13593,164,GRCh38
GGCTTATGTTGCGACC-1,5819,88,GRCh38
GGCTTCCTCCCTTGAT-1,9478,106,GRCh38
GGCTTCCTCCTGATAG-1,16112,261,GRCh38
GGCTTCTCACATACTT-1,7090,193,GRCh38
GGCTTCTCATGAGTTA-1,340,4982,mm10
GGCTTTGGTAAGCGCG-1,13534,159,GRCh38
GGCTTTGGTTGAGTGA-1,9159,140,GRCh38
GGCTTTGGTTGTAGGA-1,13151,154,GRCh38
GGCTTTGGTTTGCCCT-1,25136,317,GRCh38
GGGAACATCACTGGCG-1,8481,89,GRCh38
GGGAACATCAGTAGCC-1,12948,119,GRCh38
GGGAACATCCGCTGTC-1,27618,133,GRCh38
GGGAACATCTATGCCT-1,34874,194,GRCh38
GGGAATGTCATCGAGC-1,6917,105,GRCh38
GGGAATGTCCTCTACG-1,12386,109,GRCh38
GGGAATTAGAAGCCTC-1,16617,172,GRCh38
GGGAATTAGGTCACTA-1,7765,57,GRCh38
GGGAATTAGTCAGCGT-1,5917,79,GRCh38
GGGACAATCCACCATT-1,56,1045,mm10
GGGACAATCCGCCTTA-1,120,1957,mm10
GGGACAATCTAGTCCT-1,108,1979,mm10
GGGACACAGATTCGTG-1,1548,94,GRCh38
GGGACCAGTAATGAAC-1,354,9098,mm10
GGGACCTCAACTGTAA-1,12231,97,GRCh38
GGGACCTCACATTGAA-1,50,688,mm10
GGGACGTAGCAACCTA-1,4127,64,GRCh38
GGGACGTAGGATCTAT-1,108,2902,mm10
GGGACGTAGGCACTGT-1,7649,94,GRCh38
GGGACTAAGAATCCGC-1,49991,222,GRCh38
GGGACTAAGCATGCCG-1,8758,110,GRCh38
GGGACTAAGGATGCTC-1,23654,259,GRCh38
GGGACTAAGGTAGTCC-1,16391,278,GRCh38
GGGACTGGTGCGTACC-1,7743,77,GRCh38
GGGACTGGTTGTAGAG-1,8294,94,GRCh38
GGGATAGTCGTTGCCC-1,13831,133,GRCh38
GGGATATAGCATCACA-1,6389,80,GRCh38
GGGATATAGGCACTGT-1,8210,57,GRCh38
GGGATCAAGAATCCTG-1,2411,170,GRCh38
GGGATCAAGGTGACGA-1,10569,105,GRCh38
GGGATTAGTAAGCAGC-1,13002,129,GRCh38
GGGATTAGTATGTACC-1,17908,242,GRCh38
GGGATTAGTTTCCATT-1,15902,300,GRCh38
GGGATTGAGGAGTCGA-1,14913,97,GRCh38
GGGCAAATCACTCGAA-1,16767,90,GRCh38
GGGCAAATCAGTTCGA-1,9165,928,Multiplet
GGGCAAATCCACCGCT-1,7665,109,GRCh38
GGGCAAATCCTCTAAC-1,15352,135,GRCh38
GGGCAAATCGACCAGT-1,6342,87,GRCh38
GGGCAAATCTTGATCC-1,9171,92,GRCh38
GGGCAGACATGGTGCA-1,26148,276,GRCh38
GGGCAGACATTAGTTC-1,8569,105,GRCh38
GGGCATCCACATTGAA-1,6892,623,Multiplet
GGGCATTTCAGTATGT-1,4323,174,GRCh38
GGGCCTATCGACCAGT-1,26007,231,GRCh38
GGGCCTTGTAGTGAGC-1,81,1134,mm10
GGGCCTTGTCAGGATA-1,14595,138,GRCh38
GGGCGATAGCCAGGTT-1,1214,43,GRCh38
GGGCGTAGTAAGCGGT-1,8836,144,GRCh38
GGGCGTAGTAGTGAGC-1,27306,215,GRCh38
GGGCGTAGTAGTTGAG-1,24311,154,GRCh38
GGGCGTAGTTCGATAC-1,11181,83,GRCh38
GGGCTAAAGCATTAGT-1,11746,126,GRCh38
GGGCTAAAGCGAGTTC-1,8922,91,GRCh38
GGGCTAAAGCTAGTCA-1,19956,216,GRCh38
GGGCTAAAGCTGGCTG-1,45620,322,GRCh38
GGGCTCTGTAGCTTAC-1,58,787,mm10
GGGCTCTGTGCAGGCA-1,8585,76,GRCh38
GGGCTCTGTGGACTAA-1,32634,158,GRCh38
GGGCTCTGTTGGTCAT-1,10246,120,GRCh38
GGGCTTACAAGCTAAC-1,58871,377,GRCh38
GGGCTTACAATATACG-1,2014,106,GRCh38
GGGCTTACACCTACCG-1,284,6232,mm10
GGGCTTACATGGTATA-1,7333,67,GRCh38
GGGCTTGTCTTGACAG-1,11063,73,GRCh38
GGGGACTAGGCGATTC-1,87,1427,mm10
GGGGACTAGGTAGTGG-1,3546,127,GRCh38
GGGGACTAGGTCGAGA-1,5711,40,GRCh38
GGGGACTAGTTGCACA-1,10743,105,GRCh38
GGGGATGCAATCTGGG-1,937,88,GRCh38
GGGGATGCAGCTACAG-1,111,401,mm10
GGGGATGCATAGGGTT-1,9795,135,GRCh38
GGGGCAACAATAGAGG-1,13075,174,GRCh38
GGGGCAACAGTTAGAC-1,10623,152,GRCh38
GGGGCTAGTAAGGTAT-1,19356,249,GRCh38
GGGGCTAGTAGGCGAT-1,109,2498,mm10
GGGGCTAGTGAGCCGA-1,12694,169,GRCh38
GGGGCTAGTGCGGTGA-1,17277,172,GRCh38
GGGGTAATCTGGTAAT-1,19018,229,GRCh38
GGGGTCAGTAGTTACC-1,14239,163,GRCh38
GGGGTCAGTCTAGTTA-1,19369,138,GRCh38
GGGGTCAGTTCACGGC-1,29443,135,GRCh38
GGGGTTAAGTAGCTGC-1,74,700,mm10
GGGGTTGGTCATTGCG-1,12250,112,GRCh38
GGGGTTGGTTCTGGTG-1,18408,259,GRCh38
GGGTAACGTTAGGTGA-1,31031,247,GRCh38
GGGTAACGTTGAGCCC-1,24798,233,GRCh38
GGGTAAGTCAGCTGGT-1,9181,112,GRCh38
GGGTAAGTCATGTGGC-1,840,90,GRCh38
GGGTAAGTCGCATCCC-1,73,800,mm10
GGGTAATAGCAGGTCT-1,6486,88,GRCh38
GGGTACTTCCGGATGT-1,87,1338,mm10
GGGTACTTCGTACCTT-1,9880,123,GRCh38
GGGTACTTCTAATGCG-1,4342,67,GRCh38
GGGTATAGTGCAGGCA-1,4927,160,GRCh38
GGGTATAGTGCGCGAA-1,10003,130,GRCh38
GGGTATGAGAAGCTCC-1,28788,171,GRCh38
GGGTATGAGCCTGGTG-1,29683,254,GRCh38
GGGTATGAGGATTAAG-1,25663,176,GRCh38
GGGTATGAGGCACGTT-1,10126,369,GRCh38
GGGTATGAGGTAGCTC-1,35,484,mm10
GGGTATGAGTCAGTCA-1,9994,116,GRCh38
GGGTCAAAGCTATGAT-1,28661,218,GRCh38
GGGTCAAAGCTTAGAT-1,10313,53,GRCh38
GGGTCAAAGGATTCGC-1,11717,140,GRCh38
GGGTCAAAGGCACTCG-1,26637,257,GRCh38
GGGTCAAAGTGCGCTG-1,9856,98,GRCh38
GGGTCAGGTAGTGCCC-1,11227,131,GRCh38
GGGTCCATCACATACG-1,18132,162,GRCh38
GGGTCCATCAGGGATG-1,18132,179,GRCh38
GGGTCCATCCCTCGAC-1,9744,65,GRCh38
GGGTCCATCGCATAGC-1,22064,182,GRCh38
GGGTCCATCTGGCCCT-1,25098,98,GRCh38
GGGTCCATCTGGCCGA-1,100,1118,mm10
GGGTGAATCCCCTGTA-1,2464,113,GRCh38
GGGTGAATCCGCTGGA-1,14310,131,GRCh38
GGGTGTCCAACCAACG-1,10676,165,GRCh38
GGGTGTCCACTAGCAG-1,639,120,GRCh38
GGGTGTCCAGGGACAG-1,24387,215,GRCh38
GGGTGTCCATCCTAAT-1,19498,160,GRCh38
GGGTGTCCATCCTGAC-1,10726,132,GRCh38
GGGTTAAGTAACCACT-1,13827,189,GRCh38
GGGTTAAGTTGCGTAT-1,6458,687,Multiplet
GGGTTAGAGCGGTCCA-1,8586,80,GRCh38
GGGTTAGAGGGGACTA-1,296,1046,mm10
GGGTTAGAGGGTAGTG-1,40,674,mm10
GGGTTAGAGGTAGACG-1,11155,84,GRCh38
GGGTTAGAGTATGGCC-1,10706,123,GRCh38
GGGTTCCGTGAACGAC-1,14324,188,GRCh38
GGGTTCCGTTCCAGCA-1,16025,208,GRCh38
GGGTTCCGTTGACTGT-1,19641,238,GRCh38
GGGTTGAAGTCGAGCT-1,8360,146,GRCh38
GGGTTGGGTAGGCTGG-1,21593,590,Multiplet
GGGTTGGGTCAGGGAT-1,16613,171,GRCh38
GGGTTGGGTTAGTCCG-1,29419,146,GRCh38
GGGTTTCAGCAGGTTC-1,18387,285,GRCh38
GGGTTTGCAACTACTT-1,7320,67,GRCh38
GGGTTTGCAATGCCGA-1,9377,184,GRCh38
GGGTTTGCAGCCAGTA-1,14266,128,GRCh38
GGGTTTGCATCAATTC-1,9772,144,GRCh38
GGGTTTGCATCGCTAC-1,13575,185,GRCh38
GGTAACAGTGACTCCA-1,3141,71,GRCh38
GGTAAGGTCAAGTGCC-1,19329,230,GRCh38
GGTAAGGTCCCCATCA-1,438,837,mm10
GGTAAGGTCCCGCGAA-1,4396,107,GRCh38
GGTAAGGTCCTGTATC-1,2183,50,GRCh38
GGTAAGGTCTGGATCA-1,1516,144,GRCh38
GGTAATCCATCATCAT-1,11736,110,GRCh38
GGTAATGGTCTCACTC-1,11961,71,GRCh38
GGTAATTTCATGTGCA-1,48473,269,GRCh38
GGTAATTTCGAATCAT-1,14977,223,GRCh38
GGTACATCAGGAATCT-1,1156,86,GRCh38
GGTACGAAGAACCAGG-1,11596,132,GRCh38
GGTACGAAGATTCCCT-1,15989,183,GRCh38
GGTACGAAGCTAGAGG-1,7562,115,GRCh38
GGTACGCCACCTGCTG-1,10237,223,GRCh38
GGTACGCCACCTGTCG-1,20384,146,GRCh38
GGTACGCCATCAATTC-1,193,506,mm10
GGTACGGGTTGGTAGA-1,52741,189,GRCh38
GGTACGTTCATCGACA-1,83,1723,mm10
GGTACTTGTTCTGGCA-1,11297,111,GRCh38
GGTAGCAAGCAACCTA-1,11717,128,GRCh38
GGTAGCAAGTCAGGAG-1,1419,99,GRCh38
GGTAGCAAGTGCTGGT-1,51,941,mm10
GGTAGCGGTCATCCAG-1,6262,103,GRCh38
GGTAGCGGTCATCGGC-1,30020,279,GRCh38
GGTAGCGGTGAGTATG-1,965,48,GRCh38
GGTAGCTTCATGATCG-1,25015,323,GRCh38
GGTAGCTTCCCGTAGG-1,1028,142,GRCh38
GGTAGCTTCGAAGCTC-1,12593,133,GRCh38
GGTAGCTTCGAATGGG-1,9078,115,GRCh38
GGTAGCTTCGCATTAG-1,10538,115,GRCh38
GGTAGTAGTGCATTCG-1,1793,64,GRCh38
GGTAGTAGTGCGCAAG-1,12907,125,GRCh38
GGTAGTAGTGCGGACA-1,12785,129,GRCh38
GGTAGTGAGAACGGCA-1,12303,103,GRCh38
GGTATATTCACTCTCG-1,20215,116,GRCh38
GGTATATTCAGCGGAA-1,16152,133,GRCh38
GGTATATTCTTGACTC-1,10120,94,GRCh38
GGTATCTGTCAACCGC-1,18863,255,GRCh38
GGTATCTGTTCGCAAT-1,6492,77,GRCh38
GGTATGAGTAAGCTAG-1,10018,108,GRCh38
GGTATGAGTAGCGACG-1,7125,101,GRCh38
GGTATGAGTCTGTCCT-1,107,455,mm10
GGTATGAGTTCGGTAT-1,9481,98,GRCh38
GGTATGTCAAGTGATC-1,32548,329,GRCh38
GGTATGTCAGGAAGCG-1,10664,72,GRCh38
GGTATGTCATTACCTG-1,161,4315,mm10
GGTATTGTCACCAATG-1,16404,98,GRCh38
GGTATTGTCCTGACCC-1,7887,189,GRCh38
GGTATTGTCCTGCGCT-1,6432,121,GRCh38
GGTATTGTCGACCATA-1,14236,158,GRCh38
GGTATTGTCGATCAGC-1,184,4987,mm10
GGTATTGTCGTTGCCC-1,16352,198,GRCh38
GGTCAATCAACTAGGT-1,5373,79,GRCh38
GGTCACTAGCCAATGC-1,20238,248,GRCh38
GGTCACTAGCCTGCGA-1,9698,113,GRCh38
GGTCACTAGTCATACG-1,19339,213,GRCh38
GGTCAGCCAACTACCC-1,10961,200,GRCh38
GGTCAGCCAAGGTCGC-1,914,50,GRCh38
GGTCAGCCACCTCGAT-1,79,1453,mm10
GGTCATATCACAGCAC-1,14928,150,GRCh38
GGTCATATCCCGTTCA-1,9286,87,GRCh38
GGTCATCAGTAGGAAC-1,19737,209,GRCh38
GGTCATCAGTCTAGGC-1,10176,129,GRCh38
GGTCATCAGTGATGAA-1,21141,156,GRCh38
GGTCATTGTAGCTATC-1,39411,195,GRCh38
GGTCATTGTCATCCCT-1,7058,131,GRCh38
GGTCATTGTTCACGGC-1,8757,120,GRCh38
GGTCGAGGTTTCCGTC-1,16608,169,GRCh38
GGTCGATTCCGGTTAA-1,15136,221,GRCh38
GGTCGCATCGATAGGG-1,13790,103,GRCh38
GGTCGGTCAACGGCTA-1,36120,116,GRCh38
GGTCGGTCATGGAACT-1,6704,84,GRCh38
GGTCGGTCATGGTACG-1,6274,212,GRCh38
GGTCGTTAGCCTGTAA-1,49,610,mm10
GGTCGTTAGTTAGAGA-1,72,807,mm10
GGTCTAATCGATCCAA-1,9771,92,GRCh38
GGTCTAGCAGGGCCAT-1,11761,108,GRCh38
GGTCTAGCAGGTAGTT-1,8871,133,GRCh38
GGTCTATGTAGTAACG-1,10306,122,GRCh38
GGTCTATGTCAGTCAT-1,12062,152,GRCh38
GGTCTATGTGATAGGC-1,1640,57,GRCh38
GGTCTATGTTCCCGAA-1,9984,80,GRCh38
GGTCTCCTCACTCGGG-1,2355,62,GRCh38
GGTCTCCTCCTGGGAT-1,25510,292,GRCh38
GGTCTCCTCTCACTTA-1,14796,200,GRCh38
GGTCTTAAGGCGAGAC-1,11104,132,GRCh38
GGTCTTAAGGGCTACT-1,33474,167,GRCh38
GGTCTTAAGGTCCAAC-1,30850,214,GRCh38
GGTGAACGTTTACAGC-1,18256,249,GRCh38
GGTGAATAGATTCGCA-1,19173,175,GRCh38
GGTGAATAGGTGGCTT-1,4262,240,GRCh38
GGTGACTTCCTGCGAG-1,26471,245,GRCh38
GGTGACTTCGCATTAG-1,3901,72,GRCh38
GGTGACTTCTAGTGTG-1,9990,136,GRCh38
GGTGACTTCTTGATGG-1,6805,52,GRCh38
GGTGAGGCAAGTAGTC-1,12641,113,GRCh38
GGTGAGGCATCGGGTA-1,12797,85,GRCh38
GGTGATAGTGGGTAGT-1,8532,94,GRCh38
GGTGATGAGGAACTAA-1,14981,118,GRCh38
GGTGATGAGTAGTGCC-1,11632,122,GRCh38
GGTGCATTCACTCCGC-1,9702,107,GRCh38
GGTGCATTCAGCGGTT-1,17321,359,GRCh38
GGTGCATTCCAGGTGT-1,13196,162,GRCh38
GGTGCATTCGAAGGGC-1,7339,139,GRCh38
GGTGCATTCTGGTCCC-1,7332,117,GRCh38
GGTGCCTGTCTGGTCA-1,12209,147,GRCh38
GGTGCCTGTGAGGTTA-1,8649,148,GRCh38
GGTGCCTGTTCCGCAA-1,1133,83,GRCh38
GGTGCGAGTCAATGCT-1,24185,224,GRCh38
GGTGCGAGTCAGCTCA-1,882,39,GRCh38
GGTGCTTAGAAGCAAC-1,12511,70,GRCh38
GGTGCTTAGGATGCAG-1,8926,58,GRCh38
GGTGCTTAGGTCCAAC-1,243,5497,mm10
GGTGCTTAGTAATGTC-1,16974,222,GRCh38
GGTGCTTAGTCATCGA-1,16044,166,GRCh38
GGTGGATGTTTCGGCA-1,10617,66,GRCh38
GGTGGCAGTCCATCTC-1,11097,122,GRCh38
GGTGGCAGTGAAGTCA-1,6380,65,GRCh38
GGTGGCAGTGAAGTTG-1,1755,73,GRCh38
GGTGGCTCAAATTCCT-1,21207,194,GRCh38
GGTGGCTCACTTGAGG-1,16777,143,GRCh38
GGTGTAAGTAAGGACC-1,22347,127,GRCh38
GGTGTAAGTGGAGACT-1,14595,98,GRCh38
GGTGTAAGTTCCGTGA-1,21827,416,GRCh38
GGTGTCCGTGAGCAGT-1,96,934,mm10
GGTGTCCGTGCGGATG-1,14322,167,GRCh38
GGTGTGAAGCCTTCCA-1,30715,253,GRCh38
GGTGTGAAGCTGAGTC-1,15325,189,GRCh38
GGTGTGAAGGCGCTCA-1,12075,161,GRCh38
GGTGTTGCATTCATGT-1,8691,115,GRCh38
GGTTAAGGTTGGAAGC-1,56,973,mm10
GGTTAAGGTTTCCGTC-1,12163,139,GRCh38
GGTTAATTCAGCAATT-1,29155,149,GRCh38
GGTTAATTCATCAGGC-1,48,1261,mm10
GGTTAATTCGAATTAC-1,91,1752,mm10
GGTTACATCATAGATC-1,53,577,mm10
GGTTACATCGATTGAT-1,2482,142,GRCh38
GGTTACATCGCGAACT-1,9584,100,GRCh38
GGTTACATCGTGCATA-1,8793,106,GRCh38
GGTTACGCAAATGCCG-1,14478,187,GRCh38
GGTTACGCAAGCACGC-1,17423,157,GRCh38
GGTTAGCTCACCAATG-1,25742,202,GRCh38
GGTTAGCTCACTCGGG-1,58,856,mm10
GGTTAGCTCGACCGTG-1,121,2022,mm10
GGTTAGCTCGCTCTCA-1,134,3157,mm10
GGTTAGGAGGCTTAAT-1,49,763,mm10
GGTTAGGAGTAAGTCT-1,64929,244,GRCh38
GGTTAGGAGTTACGAT-1,11198,76,GRCh38
GGTTAGTCAAAGGCCC-1,11625,106,GRCh38
GGTTAGTCACAAGGAA-1,171,3925,mm10
GGTTAGTCAGCAGGTC-1,9484,105,GRCh38
GGTTAGTCAGCTCTGT-1,104,1704,mm10
GGTTAGTCATGGTCGA-1,27096,124,GRCh38
GGTTATGTCACTTGGA-1,10685,114,GRCh38
GGTTCAATCTCACCTG-1,19005,208,GRCh38
GGTTCAGCAAGTGAGA-1,68699,270,GRCh38
GGTTCAGCAGGATTAC-1,6766,60,GRCh38
GGTTCAGCAGTTGGCA-1,134,973,mm10
GGTTCCTCACTCAGCT-1,1552,250,GRCh38
GGTTGGGGTTCACGAT-1,6677,268,GRCh38
GGTTGGGGTTCTGGGC-1,3624,71,GRCh38
GGTTGGTTCCCGCTGT-1,11403,79,GRCh38
GGTTGTCAGCCGCGTA-1,91,1785,mm10
GGTTGTCAGGGGACGT-1,10066,96,GRCh38
GGTTTACGTGAAGCCG-1,530,73,GRCh38
GGTTTACGTGGCGTTC-1,24523,198,GRCh38
GGTTTAGTCCTGACGG-1,182,3604,mm10
GGTTTAGTCGCGCTGA-1,1444,2399,mm10
GGTTTAGTCGTTACAG-1,21535,151,GRCh38
GGTTTAGTCGTTGCTT-1,11717,102,GRCh38
GGTTTCAAGTAGTTCG-1,14321,222,GRCh38
GGTTTCAAGTGCTTGA-1,51745,234,GRCh38
GGTTTGATCACGCCTC-1,96,1063,mm10
GGTTTGATCATCTAGG-1,10172,278,GRCh38
GGTTTGATCCCGCATC-1,44271,231,GRCh38
GGTTTGATCGCGTTCC-1,16453,151,GRCh38
GTAAACGGTAATGGCA-1,9140,109,GRCh38
GTAAACGGTCAGTTAC-1,5785,113,GRCh38
GTAAACGGTGAGACTA-1,23576,200,GRCh38
GTAAACGGTTATCGAC-1,39552,187,GRCh38
GTAAACTTCACTCGAA-1,62,1066,mm10
GTAAACTTCACTTGCT-1,19244,177,GRCh38
GTAAACTTCCGCGTGA-1,1962,36,GRCh38
GTAAACTTCGCTAGAC-1,11082,79,GRCh38
GTAAAGGCAATTCGGG-1,21917,222,GRCh38
GTAAAGGCAGCTACCT-1,12306,158,GRCh38
GTAAATGAGATTAACC-1,39,439,mm10
GTAACCATCACCTTCG-1,26626,159,GRCh38
GTAACCATCCCATGCC-1,7919,87,GRCh38
GTAACCATCCTCACGC-1,34,458,mm10
GTAACCCAGGCTTCCC-1,175,4218,mm10
GTAACCCAGGGCTCCA-1,13161,122,GRCh38
GTAACCGCAACCTACC-1,182,1584,mm10
GTAACCGCAGGGACAG-1,22036,169,GRCh38
GTAACGGAGTAATGGA-1,25206,238,GRCh38
GTAACGGAGTGAGATA-1,7877,87,GRCh38
GTAAGCCTCAAGTCCA-1,12841,104,GRCh38
GTAAGCCTCGATGTAT-1,10426,109,GRCh38
GTAAGCCTCTCACTCG-1,22917,149,GRCh38
GTAAGCGAGATTAGGA-1,4016,50,GRCh38
GTAAGCGAGTCGAGTC-1,41,443,mm10
GTAAGCTCAAGTAAGG-1,12246,125,GRCh38
GTAAGCTCATGGAACT-1,2024,167,GRCh38
GTAAGGCGTGCAGGTG-1,6256,99,GRCh38
GTAAGGGTCACAGGGA-1,51,770,mm10
GTAAGGTAGGATTACT-1,115,1817,mm10
GTAAGGTAGGTCATCA-1,18529,145,GRCh38
GTAAGGTAGTAGCACC-1,10506,78,GRCh38
GTAAGTAAGGGCTCTG-1,19054,176,GRCh38
GTAAGTTTCATGTCTC-1,5769,107,GRCh38
GTAAGTTTCGTTGCCC-1,14923,182,GRCh38
GTAATAGAGATAGATG-1,25666,158,GRCh38
GTAATAGAGCCCTGTC-1,18770,167,GRCh38
GTAATAGAGCTGGGAA-1,9537,89,GRCh38
GTAATCACAAACTTGA-1,6560,65,GRCh38
GTAATCACAAAGGAAT-1,3552,122,GRCh38
GTAATCACAATCTCCA-1,20196,172,GRCh38
GTAATCCGTATAGCAG-1,20060,115,GRCh38
GTAATCCGTGAGCAGT-1,23833,117,GRCh38
GTAATCCGTTATCGAC-1,1210,55,GRCh38
GTAATCCGTTCCCGTT-1,3262,75,GRCh38
GTAATCCGTTGTGAAG-1,1932,94,GRCh38
GTAATGAAGAAGCAAC-1,17166,157,GRCh38
GTAATGAAGATTCCTC-1,11170,141,GRCh38
GTAATGAAGCGAGCTT-1,52,423,mm10
GTAATGGGTTATGGAG-1,57989,202,GRCh38
GTAATGGGTTTACTAG-1,19035,152,GRCh38
GTAATGGGTTTGCACG-1,9023,66,GRCh38
GTAATGTTCTGTCATC-1,65275,291,GRCh38
GTAATTCAGAAGCGGC-1,14698,203,GRCh38
GTAATTCAGAAGCTAA-1,16412,146,GRCh38
GTAATTCAGCCAATGC-1,1144,149,GRCh38
GTACAACCATAAGCTA-1,20161,174,GRCh38
GTACAACCATGCAGTG-1,35136,320,GRCh38
GTACAAGGTATAGACG-1,54553,309,GRCh38
GTACAAGGTATGTCCG-1,16023,90,GRCh38
GTACACGCACAGCACA-1,2666,113,GRCh38
GTACACGCAGGGCACT-1,3048,368,GRCh38
GTACATTAGAACGAGT-1,11553,107,GRCh38
GTACATTAGCCAGATC-1,3882,63,GRCh38
GTACATTAGCCGAGTT-1,9119,154,GRCh38
GTACATTAGCTTACTC-1,5412,123,GRCh38
GTACATTAGTAACGCC-1,23063,165,GRCh38
GTACATTAGTGAGAGT-1,4959,78,GRCh38
GTACCAATCAATGTAC-1,11765,179,GRCh38
GTACCAATCACTAGGC-1,6536,110,GRCh38
GTACCAATCTCATCAC-1,21373,144,GRCh38
GTACCAGCAAAGGGAC-1,16516,175,GRCh38
GTACCCAGTTCGCTGA-1,5039,156,GRCh38
GTACCCAGTTTGACCG-1,15792,141,GRCh38
GTACCCTCACCTTGCG-1,9762,419,GRCh38
GTACGAAGTTTGACAC-1,949,43,GRCh38
GTACGATCAACTTCAT-1,5659,99,GRCh38
GTACGATCAGCACCTT-1,9310,91,GRCh38
GTACGGGGTAAGTGGC-1,2138,169,GRCh38
GTACGGGGTAGTCAGA-1,50,600,mm10
GTACGGGGTATGTGGA-1,1092,252,GRCh38
GTACGGGGTCATGCCA-1,2082,352,GRCh38
GTACGGGGTGCATTAC-1,17827,179,GRCh38
GTACGGGGTTCATCCC-1,30920,144,GRCh38
GTACGGTTCATGCGTA-1,20588,214,GRCh38
GTACGGTTCGCTCTAT-1,579,73,GRCh38
GTACGGTTCGTTCCTG-1,76,1211,mm10
GTACGGTTCGTTCGTT-1,36388,226,GRCh38
GTACGGTTCTAACCCT-1,9070,64,GRCh38
GTACGTTGTATAGTCC-1,16536,155,GRCh38
GTACGTTGTGATAGGC-1,26109,152,GRCh38
GTACTAACACAACTAA-1,14929,95,GRCh38
GTACTAGTCATGGTCA-1,15827,173,GRCh38
GTACTAGTCGAGTGTC-1,8341,90,GRCh38
GTACTAGTCGATAGTT-1,277,2063,mm10
GTACTAGTCGTAGTGC-1,12092,117,GRCh38
GTACTAGTCGTCTCCA-1,1983,171,GRCh38
GTACTCCCATAAGTCA-1,28798,247,GRCh38
GTAGAATGTCTAGGAA-1,19196,192,GRCh38
GTAGAATGTTGCATTA-1,11449,135,GRCh38
GTAGAATGTTGCTCGA-1,15572,90,GRCh38
GTAGACTCATTACAGA-1,14689,145,GRCh38
GTAGATGGTTTAATCG-1,3682,138,GRCh38
GTAGCAAGTCAGGAAC-1,10047,101,GRCh38
GTAGCATCAAGCTGAT-1,6213,76,GRCh38
GTAGCCACAAGGGTAA-1,11592,162,GRCh38
GTAGCCACAATACTTC-1,643,59,GRCh38
GTAGCCACAATCGGCA-1,697,33,GRCh38
GTAGCCACACCATCTA-1,10947,161,GRCh38
GTAGCCACAGGAACGG-1,95,609,mm10
GTAGCGAAGATTCCCT-1,31471,242,GRCh38
GTAGCGAAGGGTAGTG-1,7823,128,GRCh38
GTAGCGAAGTAATGAG-1,713,1063,mm10
GTAGCGCCAACTTACT-1,13128,232,GRCh38
GTAGCGCCAGTTGAGT-1,25791,325,GRCh38
GTAGCGCCATGGCGTA-1,2463,642,Multiplet
GTAGCGGGTAATGACG-1,41699,245,GRCh38
GTAGCGGGTCAGGCGA-1,8764,66,GRCh38
GTAGCGGGTGAAGCGT-1,21330,140,GRCh38
GTAGCGGGTTAATTCG-1,10104,110,GRCh38
GTAGCGGGTTGGCATT-1,24194,214,GRCh38
GTAGCTATCAAGTATC-1,17561,151,GRCh38
GTAGCTATCGAACGCT-1,954,51,GRCh38
GTAGCTTGTAGCGACG-1,143,1179,mm10
GTAGGAACATGAATTG-1,1740,135,GRCh38
GTAGGAACATGGCAGC-1,1131,56,GRCh38
GTAGGATAGCGCTTCC-1,8204,98,GRCh38
GTAGGCAAGCCATGCG-1,10095,64,GRCh38
GTAGGCAAGTTGGCTA-1,4873,105,GRCh38
GTAGGCGGTAATGAGT-1,1420,46,GRCh38
GTAGGCTTCATGTCTC-1,11710,68,GRCh38
GTAGGCTTCCAGCCCT-1,200,4852,mm10
GTAGGCTTCCCTCAAT-1,13059,582,Multiplet
GTAGGGGCAAACCCAG-1,11464,156,GRCh38
GTAGGGGCACTTGGCT-1,17432,152,GRCh38
GTAGGGGCAGCAGTAT-1,857,202,GRCh38
GTAGGGGCATAAGGAG-1,17300,175,GRCh38
GTAGGGGCATCCTTAG-1,12870,119,GRCh38
GTAGGTAGTAGCGCCT-1,6828,57,GRCh38
GTAGGTAGTTCCCAGA-1,3618,46,GRCh38
GTAGGTAGTTTACATG-1,26138,144,GRCh38
GTAGGTAGTTTGACAC-1,77,1616,mm10
GTAGGTGAGGATAGGT-1,14907,146,GRCh38
GTAGGTGAGTGACCGT-1,12019,154,GRCh38
GTAGGTTCACAACTAA-1,9650,105,GRCh38
GTAGGTTCATGCTGCT-1,8589,79,GRCh38
GTAGTAAAGGTTCGAC-1,2291,67,GRCh38
GTAGTAAAGTGAGAGT-1,123,1026,mm10
GTAGTAAAGTGAGGAT-1,8008,139,GRCh38
GTAGTAGGTAGGTTGA-1,1155,321,GRCh38
GTAGTAGGTCAGGATA-1,693,109,GRCh38
GTAGTAGGTCTCACGA-1,23412,159,GRCh38
GTAGTAGGTTTAGCCG-1,1966,49,GRCh38
GTAGTCATCACAGCTA-1,14134,160,GRCh38
GTAGTCATCATCACAG-1,103,2247,mm10
GTAGTCATCCCTCACA-1,18917,160,GRCh38
GTAGTCATCCGCACTC-1,2248,48,GRCh38
GTAGTCGCACAACCGA-1,56,1002,mm10
GTAGTCGCACCATCCG-1,12537,134,GRCh38
GTAGTCGCATAGAGGA-1,99,2398,mm10
GTAGTCGCATCGCTTA-1,9672,265,GRCh38
GTAGTCTGTATGTCCG-1,56,601,mm10
GTAGTCTGTTTACGCG-1,62,760,mm10
GTAGTGAGTAGTAGAT-1,10234,87,GRCh38
GTAGTGAGTGCACCGT-1,16537,88,GRCh38
GTAGTGAGTTCGCAAT-1,8035,95,GRCh38
GTAGTTACAACCTGGA-1,11397,123,GRCh38
GTAGTTACAGGCAGAG-1,19162,285,GRCh38
GTATAGAAGCCAGGTT-1,8862,74,GRCh38
GTATAGCCAATAGTTG-1,17837,152,GRCh38
GTATAGCCACCAGCTT-1,17153,171,GRCh38
GTATAGCCATTACGCC-1,98,1898,mm10
GTATAGCCATTAGCCC-1,14596,124,GRCh38
GTATATCAGGGGTAGC-1,13793,78,GRCh38
GTATCCGGTAAGCAGC-1,3650,58,GRCh38
GTATCCTTCATCATCC-1,15046,188,GRCh38
GTATCCTTCCATGACA-1,21928,248,GRCh38
GTATCCTTCCCTCTAG-1,69,1072,mm10
GTATCCTTCCGGAACT-1,11230,123,GRCh38
GTATCGATCATGCGTA-1,18955,125,GRCh38
GTATCGATCCTGCTGC-1,975,83,GRCh38
GTATCGATCCTGTGCC-1,12192,89,GRCh38
GTATCGATCTAACCGA-1,14211,114,GRCh38
GTATCTTCAACGTTAA-1,14824,118,GRCh38
GTATCTTCAATATCGA-1,44,524,mm10
GTATCTTCACTAGGTG-1,9293,124,GRCh38
GTATGAAAGTACGGAG-1,26678,193,GRCh38
GTATGAAAGTCAATCG-1,19059,114,GRCh38
GTATGAAAGTGAGAGT-1,7622,59,GRCh38
GTATGAGGTAGTGTCT-1,12461,155,GRCh38
GTATGCATCACATAGT-1,13183,199,GRCh38
GTATGCATCCCGCGTT-1,3723,186,GRCh38
GTATGCATCGTAATGT-1,30877,123,GRCh38
GTATGGCTCCATGTCT-1,7270,66,GRCh38
GTATGGCTCCCTCAAT-1,10345,578,Multiplet
GTATGGCTCTGGGCTG-1,30398,280,GRCh38
GTATGGGAGCCATCCC-1,18407,219,GRCh38
GTATGGGAGCGAGGTA-1,19259,146,GRCh38
GTATGGGAGTGCTTAG-1,62715,177,GRCh38
GTATGTTAGTATGACT-1,55,521,mm10
GTATGTTAGTCAGGCT-1,2900,91,GRCh38
GTATTAGCACCAGCTT-1,17957,260,GRCh38
GTATTAGCACCTTCGG-1,30466,249,GRCh38
GTATTAGCAGCAGGAG-1,28954,300,GRCh38
GTATTCAGTCTAGTTA-1,4906,63,GRCh38
GTATTCAGTTTCGTCC-1,20747,247,GRCh38
GTATTCCTCAGGTTGC-1,2628,50,GRCh38
GTATTCCTCAGTTCCT-1,1301,1863,mm10
GTATTCCTCCATCTAC-1,29276,240,GRCh38
GTATTCCTCCCGCACT-1,9093,174,GRCh38
GTCAAACCACATACTT-1,725,420,GRCh38
GTCAAACCACATATAG-1,195,4694,mm10
GTCAAACCAGTTAGGT-1,7919,67,GRCh38
GTCAAACCATAGATTG-1,11802,73,GRCh38
GTCAAACCATTCCTCT-1,23750,127,GRCh38
GTCAAAGGTTGTCCCT-1,14699,87,GRCh38
GTCAAATTCCCTCAGC-1,13667,74,GRCh38
GTCAAATTCCGTGATA-1,10332,80,GRCh38
GTCAAGCTCGATATGT-1,50,478,mm10
GTCAAGCTCGATCGCG-1,665,71,GRCh38
GTCAAGCTCGATGCGT-1,36214,276,GRCh38
GTCAAGCTCGTCTAAG-1,203,1471,mm10
GTCAAGCTCTATCCGT-1,11444,85,GRCh38
GTCAAGCTCTCATCCG-1,12716,99,GRCh38
GTCAATGTCACTCACT-1,11493,127,GRCh38
GTCAATTAGCGATGGA-1,13152,140,GRCh38
GTCAATTAGGCGAGAC-1,53,817,mm10
GTCACCCTCACCTAGA-1,10223,80,GRCh38
GTCACCCTCCAGATGC-1,11962,228,GRCh38
GTCACCCTCGATGACC-1,22503,246,GRCh38
GTCACCTCAACCTTGC-1,1101,41,GRCh38
GTCACCTCAACTAATG-1,2449,96,GRCh38
GTCATAACAACCTGAG-1,23425,188,GRCh38
GTCATAACACAACCTC-1,18483,151,GRCh38
GTCATAACATAACGCG-1,161,964,mm10
GTCATAGTCAATTCCC-1,8067,191,GRCh38
GTCATAGTCCGTCACC-1,203,3741,mm10
GTCATCAAGATTCAAC-1,9895,148,GRCh38
GTCATCAAGGGTGAAT-1,8826,106,GRCh38
GTCATCAAGTGATAGA-1,1271,263,GRCh38
GTCATCAAGTGATCGC-1,6576,121,GRCh38
GTCATTAGTCCCGTAA-1,31176,267,GRCh38
GTCATTAGTCTCACCT-1,245,5830,mm10
GTCATTAGTTCGGCTA-1,16294,164,GRCh38
GTCATTTCAAGCTCCT-1,3008,166,GRCh38
GTCATTTCATTGGCGA-1,1113,45,GRCh38
GTCCAAATCGACTATG-1,9547,65,GRCh38
GTCCAAATCTCACACT-1,15051,107,GRCh38
GTCCAACAGGCACATC-1,17133,151,GRCh38
GTCCAACAGTCAGCGT-1,18745,157,GRCh38
GTCCAATGTCAAGTCT-1,13641,172,GRCh38
GTCCAATGTGAGCCAG-1,16091,128,GRCh38
GTCCACCTCATAGGAA-1,14223,80,GRCh38
GTCCACCTCGCTCTGC-1,10758,98,GRCh38
GTCCAGGTCAGCGACT-1,106,2556,mm10
GTCCAGTAGCCAGTGT-1,12385,153,GRCh38
GTCCAGTAGCCTACCC-1,15613,150,GRCh38
GTCCAGTAGTAGCCAC-1,43,426,mm10
GTCCATAAGGAACCAG-1,10558,178,GRCh38
GTCCATAAGGTACTTG-1,13160,177,GRCh38
GTCCATCCAATGAGCT-1,1063,125,GRCh38
GTCCATCCAATTACGA-1,8163,87,GRCh38
GTCCATCCACCTCGAT-1,1288,441,GRCh38
GTCCATCCAGGAAGGT-1,27689,138,GRCh38
GTCCATCCATCCAGAG-1,16921,146,GRCh38
GTCCATGGTCATCCAG-1,24244,210,GRCh38
GTCCATGGTCTGTGGC-1,15286,120,GRCh38
GTCCATGGTGAGACCG-1,12669,130,GRCh38
GTCCATGGTTTCCTCA-1,12046,135,GRCh38
GTCCATTTCATCGAAT-1,8362,70,GRCh38
GTCCATTTCCACCATT-1,20858,747,Multiplet
GTCCATTTCCGTCATT-1,36178,184,GRCh38
GTCCATTTCGCGCTGA-1,30925,170,GRCh38
GTCCATTTCTGTGGCG-1,112,2522,mm10
GTCCCAAGTTTGCGAT-1,19225,292,GRCh38
GTCCCATCAAGCCTGA-1,19445,159,GRCh38
GTCCCGAAGCCCGTAG-1,93,815,mm10
GTCCCGAAGCTATGTG-1,10757,84,GRCh38
GTCCCGTTCCCCAGAG-1,11333,122,GRCh38
GTCCCGTTCCCCTTAG-1,5531,320,GRCh38
GTCCCGTTCGATAGGG-1,543,571,mm10
GTCCCGTTCGTACCTT-1,31637,129,GRCh38
GTCCCTCAGCAGGGTA-1,7354,118,GRCh38
GTCCCTCAGGCACTTA-1,6950,193,GRCh38
GTCCCTCAGTTAGGAA-1,56950,275,GRCh38
GTCCGAACAAATGAGG-1,13925,113,GRCh38
GTCCGAACACCTATGC-1,8640,115,GRCh38
GTCCGAACATTCAGCC-1,14833,213,GRCh38
GTCCGATAGCAGGTTC-1,15852,151,GRCh38
GTCCGATAGCGGCATT-1,22505,148,GRCh38
GTCCGATAGTATGGTT-1,9346,572,Multiplet
GTCCGCAAGCCACTCC-1,27203,171,GRCh38
GTCCGCTTCTATGAGT-1,11450,129,GRCh38
GTCCGTAGTGCACGCT-1,10198,142,GRCh38
GTCCGTGAGTATCTGG-1,7828,117,GRCh38
GTCCGTTCACCTATGC-1,12410,137,GRCh38
GTCCGTTCATTCGTAT-1,7477,97,GRCh38
GTCCTAAAGCATCGAC-1,7237,102,GRCh38
GTCCTAAAGCGGACTT-1,5045,214,GRCh38
GTCCTAAAGGCGCTCA-1,51,605,mm10
GTCCTAAAGTGAGATA-1,1369,109,GRCh38
GTCCTAAAGTGCAAGG-1,19705,185,GRCh38
GTCCTATTCAGCAGAG-1,8350,101,GRCh38
GTCCTCATCCCTCTGA-1,10553,160,GRCh38
GTCCTCATCCGTATAG-1,2831,208,GRCh38
GTCCTCTGTGCACGTC-1,875,407,GRCh38
GTCCTGCTCACACTAG-1,11838,143,GRCh38
GTCCTGCTCCAGAGCT-1,64,834,mm10
GTCCTGCTCCCGGCTT-1,12446,199,GRCh38
GTCCTTTAGGCATGGA-1,6516,105,GRCh38
GTCCTTTAGTTAGGTT-1,5686,66,GRCh38
GTCGACTAGCAATCCA-1,4444,36,GRCh38
GTCGACTAGGAACCAG-1,9259,131,GRCh38
GTCGATGCAGTAAGTC-1,8622,134,GRCh38
GTCGATGCAGTTGGTG-1,7737,196,GRCh38
GTCGATGCATCGCTAC-1,6191,263,GRCh38
GTCGATGCATGCTCGT-1,13187,102,GRCh38
GTCGATTGTGCGTGAG-1,8910,114,GRCh38
GTCGCAACAATATGCA-1,5647,77,GRCh38
GTCGCCAAGCGCTTCC-1,1018,216,GRCh38
GTCGCCAAGGGGTACA-1,22193,121,GRCh38
GTCGCCAAGTGCGGAA-1,21992,151,GRCh38
GTCGCTAGTCAACTGT-1,7376,81,GRCh38
GTCGCTAGTGGCCTAC-1,19086,170,GRCh38
GTCGGATTCACAGCAC-1,11857,165,GRCh38
GTCGGATTCAGGTCGT-1,6145,144,GRCh38
GTCGGCTGTCATCAGT-1,12298,176,GRCh38
GTCGGCTGTTCGCACA-1,33188,236,GRCh38
GTCGGTTAGCCGATTA-1,5928,59,GRCh38
GTCGGTTAGTATGGTT-1,14506,163,GRCh38
GTCGGTTAGTCGAGCT-1,7905,70,GRCh38
GTCGGTTAGTGGCTCG-1,42,449,mm10
GTCGGTTAGTTGGATT-1,18511,81,GRCh38
GTCGTAATCACCAAGC-1,2405,192,GRCh38
GTCGTAATCACCTTCG-1,11222,121,GRCh38
GTCGTAATCTCACCTG-1,1186,5,GRCh38
GTCTAACGTCTGGTGC-1,36445,246,GRCh38
GTCTAACGTGAAGGTC-1,3792,169,GRCh38
GTCTAACGTGAGGAGA-1,23441,131,GRCh38
GTCTAACGTTGTCCGA-1,1855,169,GRCh38
GTCTAAGTCAAGTCCA-1,22380,249,GRCh38
GTCTAAGTCACCTTCG-1,20650,246,GRCh38
GTCTAAGTCCGCATCC-1,8702,148,GRCh38
GTCTACCCAATCTCTG-1,26236,193,GRCh38
GTCTACCCACCATGTC-1,9384,78,GRCh38
GTCTACCCATCACTTG-1,14517,172,GRCh38
GTCTACTTCACATACG-1,11114,98,GRCh38
GTCTACTTCAGCGACT-1,5904,64,GRCh38
GTCTATGAGCAACTGC-1,1038,149,GRCh38
GTCTATGAGCATTCGA-1,1302,48,GRCh38
GTCTCAAAGATAGACA-1,747,1080,mm10
GTCTCAAAGGGTCCTG-1,13946,121,GRCh38
GTCTCAAAGGTAGTGG-1,15023,158,GRCh38
GTCTCAAAGTAGCGTC-1,7210,80,GRCh38
GTCTCAAAGTTGCAGC-1,2130,44,GRCh38
GTCTCACCAACCTTCA-1,9686,61,GRCh38
GTCTCCGCAAGCTACG-1,29812,273,GRCh38
GTCTCCGCATTACGTT-1,2869,164,GRCh38
GTCTCGCTCATCACGA-1,566,833,mm10
GTCTCGCTCCCCATTG-1,32197,162,GRCh38
GTCTCGCTCGCATAGC-1,6762,89,GRCh38
GTCTGCCTCACAGACC-1,3728,68,GRCh38
GTCTGCCTCATCGTCT-1,29288,225,GRCh38
GTCTGCCTCATGTGCA-1,11013,104,GRCh38
GTCTGCCTCCTTCAGT-1,11556,86,GRCh38
GTCTGCCTCGACTTGA-1,10000,151,GRCh38
GTCTGGACAATATACG-1,4344,113,GRCh38
GTCTGGACACAGCAAT-1,22394,220,GRCh38
GTCTGGGTCGTGATTG-1,5191,62,GRCh38
GTCTTAAGTCATGTGT-1,6411,58,GRCh38
GTCTTAAGTTCGCACA-1,10795,106,GRCh38
GTCTTAAGTTTAGCGT-1,16872,141,GRCh38
GTCTTCACACAACGAT-1,11546,97,GRCh38
GTCTTCACACTAGGCA-1,11594,130,GRCh38
GTCTTCACATAGACGT-1,1396,40,GRCh38
GTGAAATGTAATGAGT-1,7189,95,GRCh38
GTGAAATGTCATGAAG-1,8248,76,GRCh38
GTGAACAGTTGACTGT-1,30745,219,GRCh38
GTGAAGGTCAGCTACA-1,681,501,GRCh38
GTGAAGGTCCTTCGTG-1,11586,134,GRCh38
GTGAATCCAGGGCATC-1,62,751,mm10
GTGACGAAGAACCTTG-1,11569,108,GRCh38
GTGACGAAGCTAAGGG-1,12675,78,GRCh38
GTGACGAAGTGAGTAA-1,10083,59,GRCh38
GTGACGTTCAAGTGAA-1,5062,131,GRCh38
GTGACTATCAGGACGA-1,879,675,GRCh38
GTGACTATCCTTCACG-1,69,620,mm10
GTGAGCAAGCTTACCT-1,983,74,GRCh38
GTGAGCAAGGAGCTAG-1,12436,144,GRCh38
GTGAGCAAGGCACAGA-1,14953,107,GRCh38
GTGAGCAAGTAATCAC-1,10813,106,GRCh38
GTGAGCAAGTACGCAC-1,39662,181,GRCh38
GTGAGCAAGTGCTGAC-1,13815,92,GRCh38
GTGAGCAAGTTACGAT-1,9583,95,GRCh38
GTGAGCGGTGCGATCC-1,36540,271,GRCh38
GTGAGCGGTTGTGATC-1,15385,114,GRCh38
GTGAGGATCCAGGTCG-1,13138,160,GRCh38
GTGAGGATCTATGCGA-1,993,40,GRCh38
GTGAGGATCTTGAGTG-1,8078,98,GRCh38
GTGAGTAGTAGCTTCG-1,10229,141,GRCh38
GTGAGTAGTGCGGTAG-1,5036,107,GRCh38
GTGAGTAGTTTAGGCT-1,238,6267,mm10
GTGAGTGAGTTACGGC-1,9442,98,GRCh38
GTGATAGGTCCATCGA-1,9331,192,GRCh38
GTGATATTCGTGCTCC-1,2427,132,GRCh38
GTGATGCTCCGTATGA-1,24686,296,GRCh38
GTGATGCTCCTGATCT-1,5319,101,GRCh38
GTGATGGAGCCAGATC-1,1052,29,GRCh38
GTGATTGTCACGCGAT-1,122,2827,mm10
GTGATTGTCAGCACCG-1,9672,113,GRCh38
GTGATTGTCTAGCTCT-1,15269,174,GRCh38
GTGATTTAGCAGTTCA-1,3345,258,GRCh38
GTGCAATCAGGACAGG-1,18031,106,GRCh38
GTGCACTAGTGAACTT-1,26710,188,GRCh38
GTGCAGCCAATAGGGA-1,10072,60,GRCh38
GTGCAGCCAGCCAATG-1,6881,91,GRCh38
GTGCATATCACCATAG-1,15232,170,GRCh38
GTGCATATCACGCAAC-1,19663,177,GRCh38
GTGCATATCACTCATC-1,7288,74,GRCh38
GTGCATATCAGGTCGT-1,10986,89,GRCh38
GTGCATTGTGCAGTCC-1,15867,218,GRCh38
GTGCATTGTTGTAGGA-1,7795,173,GRCh38
GTGCCATAGCCCTACC-1,7428,72,GRCh38
GTGCCATAGCGATTGC-1,13369,119,GRCh38
GTGCCCAAGCGATTCA-1,1085,42,GRCh38
GTGCCTAGTGATAGAT-1,17712,97,GRCh38
GTGCCTAGTTTCGGGC-1,1925,265,GRCh38
GTGCGAAAGCGAGGTA-1,55,420,mm10
GTGCGAAAGGGGTAGC-1,5933,140,GRCh38
GTGCGAAAGGTCGTTA-1,18561,305,GRCh38
GTGCGAAAGTAGGGCA-1,26596,296,GRCh38
GTGCGAAAGTTACCGA-1,3394,115,GRCh38
GTGCGAGGTAGGTGCG-1,12477,72,GRCh38
GTGCGAGGTTCGTGTG-1,10137,213,GRCh38
GTGCGATTCGCATAGC-1,57966,243,GRCh38
GTGCGCATCAAGTCGC-1,7891,173,GRCh38
GTGCGCATCGAACCGT-1,15724,167,GRCh38
GTGCGCATCGATATGT-1,10738,127,GRCh38
GTGCGCATCGTACACA-1,11869,144,GRCh38
GTGCGGTCAAGCGATT-1,13260,95,GRCh38
GTGCGGTCACCTAACC-1,16776,104,GRCh38
GTGCTAATCCGGTGTG-1,101,2089,mm10
GTGCTATGTCAGCGAG-1,10866,114,GRCh38
GTGCTATGTTGCGTAT-1,23333,253,GRCh38
GTGCTCAGTAGGTTAG-1,10459,105,GRCh38
GTGCTCAGTCATTAGC-1,3826,46,GRCh38
GTGCTCAGTGCGTGCT-1,14182,190,GRCh38
GTGCTTGGTCCCGATA-1,251,3431,mm10
GTGCTTGGTCTAGGCC-1,23917,237,GRCh38
GTGGACAAGATTCACG-1,8393,49,GRCh38
GTGGACCCAAGTCCAG-1,3011,209,GRCh38
GTGGACCCAATTCAGA-1,8434,124,GRCh38
GTGGACCCACTATGCC-1,8394,133,GRCh38
GTGGACCCAGCAGTAT-1,8904,83,GRCh38
GTGGACCCATCCATAT-1,19431,142,GRCh38
GTGGACCCATCGATCC-1,35287,165,GRCh38
GTGGAGGCAACTATGA-1,64,1083,mm10
GTGGAGGCAAGCACTG-1,9357,78,GRCh38
GTGGAGGCATAACGTA-1,14316,131,GRCh38
GTGGATAGTAATCGGA-1,5102,121,GRCh38
GTGGATAGTCAGCCAC-1,24095,330,GRCh38
GTGGATTCAGCCAGTA-1,797,444,GRCh38
GTGGCAAAGCCATACA-1,1509,59,GRCh38
GTGGCAAAGGGGATCA-1,165,4005,mm10
GTGGCAAAGGGTCACT-1,12415,116,GRCh38
GTGGCAAAGGTAAGGT-1,11188,91,GRCh38
GTGGCAGGTAAGTAAC-1,10864,128,GRCh38
GTGGCCATCAATTCCC-1,11224,143,GRCh38
GTGGCGAGTCAACTAC-1,11085,110,GRCh38
GTGGGATGTCAAGGCG-1,10622,129,GRCh38
GTGGGATGTGATGGCG-1,26880,300,GRCh38
GTGGGCAGTAGTGCGG-1,13473,119,GRCh38
GTGGGCAGTTGGAGAC-1,13661,99,GRCh38
GTGGGCAGTTTGACGT-1,9581,72,GRCh38
GTGGGTAAGTTAGTCG-1,13966,149,GRCh38
GTGGGTTTCAGGAGCA-1,7901,116,GRCh38
GTGGGTTTCCACCGCT-1,15018,133,GRCh38
GTGGGTTTCCCCATGC-1,9883,90,GRCh38
GTGGGTTTCTGGGACT-1,12488,92,GRCh38
GTGGTCACAACGGTGC-1,26528,206,GRCh38
GTGGTCACACAGCACA-1,20059,126,GRCh38
GTGGTCACATCAATTC-1,13126,105,GRCh38
GTGGTCACATTACCAT-1,3340,83,GRCh38
GTGGTCACATTAGGTA-1,9323,79,GRCh38
GTGGTCCGTGAACGCG-1,871,121,GRCh38
GTGGTGAAGCATAGGG-1,57,614,mm10
GTGGTGAAGCGCATCG-1,32965,251,GRCh38
GTGGTGAAGGTAATTC-1,5408,59,GRCh38
GTGGTTATCCTTGACT-1,973,102,GRCh38
GTGGTTATCGAATGAA-1,6209,71,GRCh38
GTGGTTGCAAGGTGAA-1,12132,90,GRCh38
GTGGTTGCAGCATGTG-1,40587,191,GRCh38
GTGTAACCATAAGCAC-1,13152,157,GRCh38
GTGTAAGGTAGCTCCA-1,13993,199,GRCh38
GTGTAAGGTCATCAAC-1,10769,122,GRCh38
GTGTAAGGTTCCAGAT-1,11776,129,GRCh38
GTGTAGTCACAATCGG-1,6822,80,GRCh38
GTGTAGTCAGGGCTTA-1,6685,55,GRCh38
GTGTCCCTCCGCACGA-1,10692,294,GRCh38
GTGTCCTCAATAGGCT-1,12392,126,GRCh38
GTGTCCTCATGACAGT-1,81,1147,mm10
GTGTGAGAGAAGCCCT-1,47264,237,GRCh38
GTGTGGCCACAGGGCT-1,7186,84,GRCh38
GTGTGGCCACCATCGT-1,12410,115,GRCh38
GTGTGGCCATCACTAT-1,5590,191,GRCh38
GTGTGGCCATCCGCAT-1,11223,148,GRCh38
GTGTGGCCATGGAGCC-1,10976,84,GRCh38
GTGTGGTTCACATGCA-1,28174,270,GRCh38
GTGTGGTTCGCTTGGG-1,10707,154,GRCh38
GTGTGTTGTAGTTGCT-1,9040,145,GRCh38
GTGTGTTGTCATGAAG-1,9109,77,GRCh38
GTGTGTTGTGATCCAT-1,72,590,mm10
GTGTGTTGTTGAGTTC-1,22092,231,GRCh38
GTGTGTTGTTTGGTAC-1,35617,171,GRCh38
GTGTTATAGAACGGCA-1,11041,83,GRCh38
GTGTTATAGGAATGCG-1,758,54,GRCh38
GTGTTATAGGCACTGT-1,7778,69,GRCh38
GTGTTATAGGCTCAGT-1,16018,164,GRCh38
GTGTTATAGGTTGGAG-1,82,1772,mm10
GTGTTATAGTCTAGCA-1,7552,82,GRCh38
GTGTTCAAGCTAGCAC-1,9035,53,GRCh38
GTGTTCAAGGTATCGC-1,842,64,GRCh38
GTGTTCAAGGTGGCTT-1,419,415,GRCh38
GTTAACTAGCCAGTCG-1,52962,246,GRCh38
GTTAAGGGTGCAAGGT-1,29006,159,GRCh38
GTTAAGGGTGCGAGCA-1,7621,140,GRCh38
GTTAAGGGTTGCGACC-1,164,2567,mm10
GTTAATGCATAACTGA-1,13711,149,GRCh38
GTTAATGCATCCATTG-1,18003,181,GRCh38
GTTAATGCATTCAGGG-1,13832,511,Multiplet
GTTACCAAGCATCACA-1,13377,117,GRCh38
GTTACCAAGTAGGCTC-1,90,1878,mm10
GTTACCAAGTTACCGA-1,90,696,mm10
GTTACCCCAATGAAGG-1,8004,94,GRCh38
GTTACCCCACTACCCG-1,9740,102,GRCh38
GTTACCCCATCACACC-1,4604,61,GRCh38
GTTACCTTCGACCGTG-1,90,436,mm10
GTTACCTTCGATGATT-1,7121,200,GRCh38
GTTACCTTCGCGCCTT-1,3464,122,GRCh38
GTTACTTCAACCTGAG-1,899,55,GRCh38
GTTACTTCAAGTCGGC-1,1125,161,GRCh38
GTTACTTCATAGGTAC-1,1082,101,GRCh38
GTTACTTCATTGCGCT-1,5970,88,GRCh38
GTTAGAGGTAACTGTC-1,4703,76,GRCh38
GTTAGAGGTCATGTCG-1,12275,84,GRCh38
GTTAGAGGTGACTCGC-1,1539,52,GRCh38
GTTAGAGGTTTAGTGC-1,1869,98,GRCh38
GTTAGATTCACGCTAA-1,16461,101,GRCh38
GTTAGATTCCTCAACT-1,12072,102,GRCh38
GTTAGCATCGACTGGT-1,10150,99,GRCh38
GTTAGCCAGCTACTTC-1,12531,98,GRCh38
GTTAGCCAGGTACATT-1,8861,72,GRCh38
GTTAGCCAGTAGAGCG-1,10032,152,GRCh38
GTTAGCCAGTCATGTG-1,76,1663,mm10
GTTAGCGCAAGTGAGA-1,44,947,mm10
GTTAGCGCATAACGAC-1,646,83,GRCh38
GTTAGCTGTAATGCCT-1,8068,86,GRCh38
GTTAGCTGTGGACACG-1,14934,243,GRCh38
GTTAGGCTCCCTGTCA-1,8329,118,GRCh38
GTTAGGCTCCTGCCGT-1,7937,126,GRCh38
GTTAGGGAGGAGGTAT-1,3807,137,GRCh38
GTTAGGGAGGCTATAT-1,8162,121,GRCh38
GTTAGGGAGGCTTAAT-1,68,549,mm10
GTTAGGGAGGTAGACG-1,17256,451,GRCh38
GTTAGGGAGTAAGGCG-1,13345,101,GRCh38
GTTAGGGAGTGAGACG-1,17041,202,GRCh38
GTTAGGTCAATCAAGC-1,17307,111,GRCh38
GTTAGGTCAATTAACG-1,24,556,mm10
GTTAGGTCACAACCAG-1,44,432,mm10
GTTAGTTAGGAGGCAC-1,11571,97,GRCh38
GTTAGTTAGGTAACTT-1,955,109,GRCh38
GTTATCAGTAAGGTCA-1,8161,60,GRCh38
GTTATCCTCAGGAGCA-1,28941,281,GRCh38
GTTATCCTCGACCTAA-1,9982,308,GRCh38
GTTATCCTCGAGTGGA-1,15297,153,GRCh38
GTTATCCTCTATCGCT-1,4394,54,GRCh38
GTTATCTCAAGCACCA-1,12732,169,GRCh38
GTTATGGTCCGTAGCG-1,8730,80,GRCh38
GTTCAATAGCCTATCT-1,82,2122,mm10
GTTCAATAGGGGTACA-1,5560,138,GRCh38
GTTCACAAGCAAGGAT-1,10109,122,GRCh38
GTTCACCCAAGGGTAA-1,102,2262,mm10
GTTCACTTCCACGGCA-1,13624,199,GRCh38
GTTCACTTCGACCTAA-1,14340,181,GRCh38
GTTCAGGCATGGTAGT-1,19465,177,GRCh38
GTTCATTCACCACATC-1,707,3352,mm10
GTTCATTCATGGATGT-1,15925,187,GRCh38
GTTCCAAAGATTCGCA-1,16883,133,GRCh38
GTTCCACCATAGGTAC-1,12175,162,GRCh38
GTTCCACCATTCGCCG-1,12667,111,GRCh38
GTTCCAGGTTAAGTGG-1,1064,54,GRCh38
GTTCCCGCACAGCCAA-1,13062,169,GRCh38
GTTCCCGCATCACTGC-1,20751,159,GRCh38
GTTCCCTGTATAGCGA-1,24660,239,GRCh38
GTTCCCTGTGAACCGG-1,1125,87,GRCh38
GTTCCGGAGCGATGTC-1,79,1809,mm10
GTTCCGGAGGGTCTAC-1,7705,55,GRCh38
GTTCCTTAGTACGGAG-1,17010,124,GRCh38
GTTCGAATCACCTACT-1,28703,268,GRCh38
GTTCGATGTAAGGTAT-1,14646,108,GRCh38
GTTCGATGTCAGGAAC-1,12535,117,GRCh38
GTTCGATGTCCCGATA-1,6388,85,GRCh38
GTTCGATGTGATAGCA-1,37408,248,GRCh38
GTTCGATGTGGACAGT-1,26079,156,GRCh38
GTTCGATGTTCCAGCA-1,5253,114,GRCh38
GTTCGATGTTTAGCCG-1,15804,154,GRCh38
GTTCGCCTCACAGCCG-1,15323,147,GRCh38
GTTCGCCTCAGGATGG-1,14322,90,GRCh38
GTTCGCCTCCCAGAGT-1,11278,87,GRCh38
GTTCGCCTCCCGCAAG-1,18524,218,GRCh38
GTTCGTCCAGCATGTG-1,17156,309,GRCh38
GTTCGTTTCCTGTATC-1,54362,227,GRCh38
GTTCGTTTCTAATGAC-1,5687,119,GRCh38
GTTCGTTTCTAGTCCT-1,13808,177,GRCh38
GTTCTAAGTAGTGATG-1,33060,268,GRCh38
GTTCTAAGTAGTTAGG-1,24647,139,GRCh38
GTTCTAAGTCATCATA-1,4204,44,GRCh38
GTTCTCACACAGCCAA-1,20477,148,GRCh38
GTTCTCACACTTGGTC-1,30334,288,GRCh38
GTTGAAGGTCTAGCAT-1,24361,148,GRCh38
GTTGATTAGCAAGGAT-1,9964,76,GRCh38
GTTGATTAGCGCTCTC-1,47845,261,GRCh38
GTTGATTAGTACCATG-1,45459,254,GRCh38
GTTGATTAGTGAGAGT-1,7657,116,GRCh38
GTTGCAATCCCATTAC-1,5240,214,GRCh38
GTTGCAATCCCGCTGT-1,3432,222,GRCh38
GTTGCATGTATAGTCC-1,20901,182,GRCh38
GTTGCATGTCCCGAGT-1,8047,112,GRCh38
GTTGCCAGTAAGTAGT-1,12969,119,GRCh38
GTTGCCAGTTCCGGTA-1,29416,201,GRCh38
GTTGCCCTCACGCGCA-1,8440,86,GRCh38
GTTGCCCTCGTACCGG-1,5886,131,GRCh38
GTTGCCTCAGTTGCTC-1,4068,369,GRCh38
GTTGCGCGTAACGCGG-1,30494,259,GRCh38
GTTGCGCGTGGAGCCA-1,10084,157,GRCh38
GTTGCTGGTAACGCAA-1,34980,211,GRCh38
GTTGCTGGTGCAGGCA-1,9797,74,GRCh38
GTTGCTGGTTCCGCTT-1,29366,330,GRCh38
GTTGCTGGTTCGAGTT-1,17260,122,GRCh38
GTTGCTGGTTTAGGTC-1,9220,118,GRCh38
GTTGGGTTCAGCCACG-1,8979,73,GRCh38
GTTGGGTTCAGGTTGC-1,95,1550,mm10
GTTGGGTTCCGTATAG-1,12403,148,GRCh38
GTTGGGTTCCGTATGA-1,10806,152,GRCh38
GTTGGGTTCGTAATCG-1,39046,200,GRCh38
GTTGGTCAGATAGTAG-1,3139,142,GRCh38
GTTGGTTGTCTAATCA-1,8662,109,GRCh38
GTTGGTTGTTATATCG-1,933,56,GRCh38
GTTGGTTGTTGTCCAG-1,18938,113,GRCh38
GTTGGTTGTTTGATTG-1,36453,242,GRCh38
GTTGTACGTAATCCCG-1,17789,222,GRCh38
GTTGTACGTTAGCAGA-1,10728,126,GRCh38
GTTGTGATCCACCGGA-1,1769,61,GRCh38
GTTGTGATCCACCTAT-1,30576,239,GRCh38
GTTGTGATCCGCTGAG-1,6566,133,GRCh38
GTTGTGATCGATCATG-1,14629,246,GRCh38
GTTGTGATCGCTCCAC-1,1552,92,GRCh38
TAAACCACACAGCCAA-1,18381,144,GRCh38
TAAACCACAGGGCTTA-1,32713,419,GRCh38
TAAACCACATAGAGGA-1,33569,193,GRCh38
TAAACGAAGCGCTGTG-1,12242,145,GRCh38
TAAACGGGTAGCAGCG-1,10345,75,GRCh38
TAAACGGGTAGCTTCG-1,8644,123,GRCh38
TAAACGGGTTTCGACG-1,23029,207,GRCh38
TAAACGTTCCCGTTGC-1,17939,216,GRCh38
TAAACGTTCCTTCAAC-1,6324,79,GRCh38
TAAACGTTCGATTGGC-1,29910,168,GRCh38
TAAATCGCAACTGTGG-1,1215,73,GRCh38
TAAATCGCAATCGAGT-1,11266,88,GRCh38
TAAATGCTCGTTCCTG-1,12417,93,GRCh38
TAACACTAGCCACAGT-1,10431,83,GRCh38
TAACACTAGGCAATCC-1,11678,71,GRCh38
TAACACTAGGTTCATG-1,19226,101,GRCh38
TAACACTAGTATGAAG-1,9071,55,GRCh38
TAACAGCCAAACTCAA-1,11237,166,GRCh38
TAACAGCCAAGCCACA-1,5647,66,GRCh38
TAACAGCCACTTCGTA-1,7192,68,GRCh38
TAACAGCCATGCGTTC-1,9824,173,GRCh38
TAACCAACAATCGGTG-1,466,935,mm10
TAACCAACAGCTCTAC-1,13572,192,GRCh38
TAACCAACATCGAAGT-1,17661,189,GRCh38
TAACCATAGCTTACGA-1,7787,60,GRCh38
TAACCATAGGCAACCT-1,6574,62,GRCh38
TAACCATAGTAGTCCA-1,1356,43,GRCh38
TAACCCTTCAGCATAT-1,19208,181,GRCh38
TAACCCTTCGTTCGTT-1,7321,69,GRCh38
TAACCGATCACTCATC-1,1095,70,GRCh38
TAACCGATCACTTGAG-1,35,485,mm10
TAACCGATCCGCACAG-1,14276,145,GRCh38
TAACCGATCCGGTGAT-1,17705,95,GRCh38
TAACCTAGTCATTGGT-1,17838,182,GRCh38
TAACCTAGTCTAGGCC-1,73,587,mm10
TAACCTAGTGCATTCG-1,27157,128,GRCh38
TAACGAAAGATTCCTC-1,7608,49,GRCh38
TAACGAGGTGCAATTC-1,7873,77,GRCh38
TAACGAGGTTGCAATC-1,19841,261,GRCh38
TAACGAGGTTGCGACC-1,53,547,mm10
TAACGATTCCTCATTA-1,5164,145,GRCh38
TAACGCGCAGGGATGG-1,9624,187,GRCh38
TAACGGCTCCTTCAGT-1,16991,102,GRCh38
TAACGGCTCCTTGACT-1,10070,83,GRCh38
TAACGGCTCGCGTGAT-1,4382,110,GRCh38
TAACGGCTCGTTACTC-1,10000,167,GRCh38
TAACGGCTCTGGGCTG-1,19678,133,GRCh38
TAACGGTCAAACTATG-1,5363,46,GRCh38
TAACGGTCACATGAAC-1,4241,35,GRCh38
TAACGGTCATTCAACT-1,84,1517,mm10
TAACTAGCAACCGCTT-1,5112,557,Multiplet
TAACTAGCAACCTACC-1,158,3038,mm10
TAACTAGCAAGTCGAT-1,28769,198,GRCh38
TAACTAGCACCATCTA-1,10329,59,GRCh38
TAACTCCTCGACCAGT-1,8183,88,GRCh38
TAACTGACAAGCTAAC-1,11672,180,GRCh38
TAACTGACAATACCAA-1,49,800,mm10
TAACTGACAATTCAAG-1,13315,111,GRCh38
TAACTGGTCACTTCGT-1,26161,174,GRCh38
TAACTGGTCGCATGAC-1,15046,154,GRCh38
TAAGCAAAGCGAGGAC-1,47510,320,GRCh38
TAAGCAAAGTAGAGGT-1,8033,82,GRCh38
TAAGCAAAGTCATCCT-1,17209,165,GRCh38
TAAGCACCAATACTGA-1,24157,207,GRCh38
TAAGCAGGTGATTCCG-1,1090,160,GRCh38
TAAGCAGGTTCGAGCC-1,15418,146,GRCh38
TAAGCCATCACCCTTG-1,10419,89,GRCh38
TAAGCCATCCCTCGGT-1,37156,360,GRCh38
TAAGCCATCCTCACTG-1,53,911,mm10
TAAGCCTGTAAGCTAG-1,6243,138,GRCh38
TAAGCCTGTAGCGCGA-1,15509,214,GRCh38
TAAGCCTGTCTTGCGA-1,11603,107,GRCh38
TAAGCCTGTGGCCATC-1,13791,164,GRCh38
TAAGCGAGTATGGCTT-1,16000,125,GRCh38
TAAGCGAGTCAGTTCG-1,31877,273,GRCh38
TAAGCGAGTGCAGCGA-1,7576,68,GRCh38
TAAGCGAGTTGCCTGA-1,7497,128,GRCh38
TAAGCGCTCCTCAATC-1,186,4630,mm10
TAAGCGGAGCCAGGAA-1,19673,121,GRCh38
TAAGCGGAGCCATACA-1,29499,368,GRCh38
TAAGCGGAGCGCAATC-1,7949,282,GRCh38
TAAGGATGTATTGCGT-1,39,436,mm10
TAAGGATGTGATGGTA-1,12082,77,GRCh38
TAAGGCGAGCCGAGTT-1,11537,94,GRCh38
TAAGGCGAGCGAGGAC-1,10497,152,GRCh38
TAAGGCGAGCTGAGAG-1,112,2560,mm10
TAAGGCTCAAACTTGA-1,4546,96,GRCh38
TAAGGCTCAAATCGAC-1,24056,212,GRCh38
TAAGGCTCAATCAGCG-1,18939,243,GRCh38
TAAGGCTCATTCGTGC-1,20236,323,GRCh38
TAAGGGGTCGCATACA-1,14920,136,GRCh38
TAAGGGTAGGATCCGT-1,10211,125,GRCh38
TAAGGGTAGTCGCTGG-1,47,677,mm10
TAAGTCACAAGGGATA-1,87,1586,mm10
TAAGTCACAATCCCTA-1,8425,97,GRCh38
TAAGTCACATCCTGAC-1,901,70,GRCh38
TAAGTCCGTTATGTGC-1,16491,165,GRCh38
TAAGTGAAGCATCCTT-1,9119,140,GRCh38
TAAGTGAAGCCGATAC-1,4762,79,GRCh38
TAAGTGAAGTCAAGGG-1,888,48,GRCh38
TAAGTGAAGTGGGTTC-1,20079,141,GRCh38
TAAGTGAAGTTGGCCG-1,2735,56,GRCh38
TAATAGCTCACTCGCC-1,7725,79,GRCh38
TAATAGCTCAGGCTAC-1,9751,136,GRCh38
TAATAGCTCCTCTACG-1,11213,135,GRCh38
TAATAGCTCGATAGCC-1,12185,72,GRCh38
TAATAGCTCGCGCATG-1,10158,100,GRCh38
TAATCACAGATTCAGT-1,2203,50,GRCh38
TAATCACAGGCGTTCG-1,26041,162,GRCh38
TAATCACAGGCTTCGG-1,908,29,GRCh38
TAATCAGCAAAGGTTC-1,14237,97,GRCh38
TAATCAGCAATCCGCT-1,3777,34,GRCh38
TAATCAGCACTACCTA-1,23897,111,GRCh38
TAATCAGCATTCAACT-1,11510,133,GRCh38
TAATCCCTCACTTGGA-1,27341,212,GRCh38
TAATCCCTCATACTCC-1,14570,121,GRCh38
TAATCCCTCGTTCCTG-1,5028,35,GRCh38
TAATCCTCAGGTAGCC-1,42,516,mm10
TAATCCTCATTAATCC-1,4685,130,GRCh38
TAATGAGAGCAGGCTT-1,7214,148,GRCh38
TAATGAGAGCATCGGT-1,8712,148,GRCh38
TAATGAGAGGATCCCG-1,39040,171,GRCh38
TAATGGGGTCTGGTAT-1,29061,179,GRCh38
TAATGGGGTGAGTTAG-1,7762,97,GRCh38
TAATGGGGTTAGTTCA-1,19935,138,GRCh38
TAATGGTTCCATCAGA-1,31347,159,GRCh38
TAATGGTTCCTGTATC-1,15945,111,GRCh38
TAATGTCAGCCCTGTC-1,2111,63,GRCh38
TAATGTCAGGAGGCTA-1,15869,103,GRCh38
TAATGTCAGGTTCACA-1,2241,73,GRCh38
TAATTCCCAACTACTT-1,1088,172,GRCh38
TAATTCCCATCGGGAC-1,10655,91,GRCh38
TACAACTAGGCGTAAG-1,13353,83,GRCh38
TACAACTAGTTACACG-1,12733,96,GRCh38
TACAAGCCAAATGCTA-1,8836,77,GRCh38
TACAAGCCAACGTGGC-1,8918,102,GRCh38
TACAAGGGTGGGTTAA-1,15319,267,GRCh38
TACAAGGGTTGAGTGA-1,11896,365,GRCh38
TACAAGGGTTGGCATT-1,10351,105,GRCh38
TACAAGGGTTTAGGCT-1,7903,77,GRCh38
TACAATGCAACGTGGC-1,11466,102,GRCh38
TACAATGCAAGCCTCT-1,79,1276,mm10
TACAATGCAAGGTCTG-1,1255,84,GRCh38
TACACAACAGTACCAG-1,17348,177,GRCh38
TACACAACATGACGGC-1,25508,221,GRCh38
TACACCGGTAGTCCTG-1,12783,111,GRCh38
TACACCGGTCTAGTTA-1,16468,173,GRCh38
TACACCGGTGGCCATC-1,17134,200,GRCh38
TACACCGGTTATGGCT-1,8325,82,GRCh38
TACACCGGTTCGTTGG-1,1360,174,GRCh38
TACACCGGTTGCTTCC-1,73,760,mm10
TACACCTTCAATCACG-1,32286,310,GRCh38
TACACCTTCACGTACA-1,6024,79,GRCh38
TACACCTTCAGGAACG-1,13924,153,GRCh38
TACACCTTCATACTGG-1,8216,138,GRCh38
TACACCTTCCCGCTGT-1,130,2227,mm10
TACACTAGTCTTGCGA-1,14401,234,GRCh38
TACACTAGTGAACTAG-1,46767,281,GRCh38
TACACTAGTGAAGCCG-1,13508,85,GRCh38
TACACTAGTGGCCATC-1,8379,172,GRCh38
TACACTAGTGGCGTTC-1,148,2749,mm10
TACACTAGTGGGTAGT-1,34393,228,GRCh38
TACACTTCAAGCTGCA-1,50,979,mm10
TACACTTCAAGTGCCA-1,10875,178,GRCh38
TACAGCCAGGCATCGT-1,8619,94,GRCh38
TACAGCCAGGGCTGAA-1,145,3205,mm10
TACAGCGCAATCGGCA-1,23784,172,GRCh38
TACAGGCTCACGTAGC-1,8205,142,GRCh38
TACAGGCTCGATCAGC-1,12100,175,GRCh38
TACAGGCTCGCTCATT-1,110,782,mm10
TACAGGCTCTGTGAGC-1,11768,171,GRCh38
TACAGGGAGATAGAGC-1,12961,84,GRCh38
TACAGGGAGCCCGTGA-1,78,1008,mm10
TACAGGGAGCGAGCAA-1,31752,201,GRCh38
TACAGGGAGCTAGGTC-1,630,40,GRCh38
TACAGGGAGGGCAGGT-1,1228,24,GRCh38
TACAGGGAGGGGCAGT-1,17227,107,GRCh38
TACAGGGAGGTTCACA-1,21424,137,GRCh38
TACAGGTCAAATCGCG-1,3632,111,GRCh38
TACAGTTAGATTGATC-1,4728,78,GRCh38
TACAGTTAGGATTCGC-1,17848,154,GRCh38
TACAGTTAGTGATAGA-1,187,4400,mm10
TACATAGCAAGGGACG-1,12030,115,GRCh38
TACATAGCAGTTGGTG-1,14478,97,GRCh38
TACATAGCATCAATTC-1,60,688,mm10
TACATCAGTTTAGTCA-1,7172,71,GRCh38
TACATCAGTTTGGACT-1,1161,185,GRCh38
TACATCCTCACGTAAT-1,4340,133,GRCh38
TACATCCTCCATGCCC-1,11656,158,GRCh38
TACATTCCATCACTCA-1,12858,183,GRCh38
TACCAAGTCTGGTAGC-1,5065,41,GRCh38
TACCAATAGCAACCGT-1,80,1415,mm10
TACCACAAGATTGGCC-1,12059,73,GRCh38
TACCACAAGCTACTCT-1,18770,167,GRCh38
TACCACGGTAGGTACA-1,1060,98,GRCh38
TACCACGGTTGAGCCC-1,12862,253,GRCh38
TACCACGGTTGGTTAC-1,9773,130,GRCh38
TACCATAGTATGTGAG-1,11382,154,GRCh38
TACCATAGTCATGGCC-1,8157,113,GRCh38
TACCATAGTCTAACTA-1,11240,92,GRCh38
TACCATAGTCTCCATC-1,14969,123,GRCh38
TACCATGAGCGCAATC-1,926,33,GRCh38
TACCATGAGGCACAGA-1,19756,347,GRCh38
TACCATGAGTGCTGTA-1,15463,189,GRCh38
TACCATTCACTCAAGG-1,24735,413,GRCh38
TACCATTCAGCTACGA-1,6528,178,GRCh38
TACCATTCATAACTTC-1,143,392,mm10
TACCCAGGTTCACCAG-1,51,404,mm10
TACCCATTCGAGTGGA-1,8951,139,GRCh38
TACCCATTCGTACCGG-1,14922,189,GRCh38
TACCCATTCGTACGGT-1,39661,224,GRCh38
TACCCCATCAGTTCCT-1,13227,144,GRCh38
TACCCCATCCCATTAC-1,1501,17,GRCh38
TACCCCTGTGGCTGCT-1,16757,140,GRCh38
TACCCGCTCAATGGAA-1,71,943,mm10
TACCCGCTCCAGGCCA-1,14203,216,GRCh38
TACCCGCTCGAACGGA-1,1295,534,GRCh38
TACCCGCTCGAATCAT-1,5893,65,GRCh38
TACCCGCTCGAATCTG-1,14600,151,GRCh38
TACCCTTAGCCTGTCC-1,1238,106,GRCh38
TACCCTTAGTAACGCC-1,8831,65,GRCh38
TACCGACAGATTAGCT-1,13648,237,GRCh38
TACCGCCTCAGCCAAC-1,2220,420,GRCh38
TACCGCCTCCGTGGCA-1,21979,154,GRCh38
TACCGCCTCGACTAAT-1,25212,261,GRCh38
TACCGCCTCGCTATGA-1,11502,148,GRCh38
TACCGGACAAACCAGT-1,27533,184,GRCh38
TACCGGACAATTACTC-1,13424,128,GRCh38
TACCGGACATGGCCTT-1,36206,343,GRCh38
TACCGTCCAGGATCGC-1,8639,96,GRCh38
TACCTAAGTAGCTAAG-1,15588,124,GRCh38
TACCTAAGTTATCACA-1,23061,162,GRCh38
TACCTAGAGCATCGAC-1,576,427,GRCh38
TACCTAGAGCTAGTGC-1,6110,57,GRCh38
TACCTAGAGGCGTCTG-1,9863,106,GRCh38
TACCTAGAGGTGCAAG-1,18171,150,GRCh38
TACCTCACAGCACGGT-1,21169,174,GRCh38
TACCTCACATTCGTTG-1,27592,297,GRCh38
TACCTGAAGCAGGGTA-1,5939,69,GRCh38
TACCTGAAGGTTGGAG-1,8492,98,GRCh38
TACCTGAAGTAAGTGA-1,125,3399,mm10
TACCTGTTCAATCAGT-1,11794,107,GRCh38
TACCTGTTCCAACTTC-1,7320,45,GRCh38
TACCTGTTCTCACCTG-1,26720,98,GRCh38
TACCTGTTCTCATCTA-1,10292,128,GRCh38
TACCTGTTCTTGACTC-1,13520,134,GRCh38
TACCTTGCAACTGTAA-1,9957,120,GRCh38
TACCTTGCACTTGGTC-1,10858,94,GRCh38
TACCTTGCATGAGCCA-1,14254,144,GRCh38
TACCTTGCATTAGCTT-1,13661,97,GRCh38
TACGAACCAATGAAGG-1,66,751,mm10
TACGAAGGTGGACCTC-1,34059,190,GRCh38
TACGAAGGTGGGTCTC-1,68,1031,mm10
TACGAAGGTTGAGCCC-1,15304,159,GRCh38
TACGAGGAGCGAGGTA-1,8033,67,GRCh38
TACGAGGAGGATCCGT-1,28219,252,GRCh38
TACGAGGAGGTGAGTG-1,27415,203,GRCh38
TACGAGGAGTAGAGGT-1,11906,115,GRCh38
TACGAGTCAGGATCTG-1,109,2402,mm10
TACGAGTCAGTTGCCT-1,91,1371,mm10
TACGAGTCATCCTATG-1,118,2749,mm10
TACGAGTCATGGTAAC-1,15634,145,GRCh38
TACGATTAGCCACACG-1,145,3359,mm10
TACGCAATCATGAACT-1,1130,43,GRCh38
TACGCAATCCCATGAA-1,10007,97,GRCh38
TACGCAATCCGCCAGA-1,7923,68,GRCh38
TACGCAATCGTTCGTT-1,40632,325,GRCh38
TACGCAATCTATCTCA-1,896,86,GRCh38
TACGCAATCTGGCACG-1,14217,160,GRCh38
TACGCCCTCACTTGGA-1,70,940,mm10
TACGCCCTCGTGCATA-1,7613,64,GRCh38
TACGCCTCACAGCGTA-1,39,411,mm10
TACGCTAAGCAACTAT-1,15031,157,GRCh38
TACGCTAAGCGCTTGG-1,12734,183,GRCh38
TACGCTAAGTTACGCA-1,1804,53,GRCh38
TACGCTGGTTACACGT-1,17600,191,GRCh38
TACGCTGGTTGGGTAA-1,14272,201,GRCh38
TACGGGCCATCGTTGC-1,7137,47,GRCh38
TACGGTCAGATAGAGC-1,2514,70,GRCh38
TACGGTCAGCAGGTCT-1,9385,109,GRCh38
TACGGTTGTAATGTCC-1,12269,150,GRCh38
TACGGTTGTTTGAGGA-1,1323,409,GRCh38
TACGTAGTCAGCTATG-1,10261,131,GRCh38
TACGTAGTCCACCATT-1,8683,74,GRCh38
TACGTAGTCGCATAGC-1,14326,150,GRCh38
TACGTAGTCGTGCCCT-1,56,1019,mm10
TACGTCAAGCGAACCT-1,2681,51,GRCh38
TACGTCAAGCGCATCG-1,22244,203,GRCh38
TACGTCAAGTTGCGAC-1,18899,227,GRCh38
TACGTTGAGCCAATCA-1,14435,173,GRCh38
TACGTTGAGGCGAGTA-1,22149,130,GRCh38
TACGTTGAGGGGATTG-1,18984,123,GRCh38
TACGTTGAGTGAGGAT-1,5437,431,GRCh38
TACGTTGAGTTGGCTA-1,1352,129,GRCh38
TACTACCTCCGCTACC-1,16072,132,GRCh38
TACTACCTCCTCTCGA-1,17566,239,GRCh38
TACTACCTCGCGTGAT-1,13313,187,GRCh38
TACTACTCACTAGGTG-1,571,38,GRCh38
TACTACTCACTATCGC-1,15982,133,GRCh38
TACTACTCACTTACAT-1,838,45,GRCh38
TACTACTCATCATACT-1,32553,194,GRCh38
TACTATGGTCATTCCC-1,230,5585,mm10
TACTATGGTTAAGTCC-1,10130,121,GRCh38
TACTATGGTTCCGTCT-1,13784,157,GRCh38
TACTCATCAAATCAGC-1,23999,205,GRCh38
TACTCATCAATTAGTG-1,23779,190,GRCh38
TACTCCACAAACCATA-1,35943,174,GRCh38
TACTCCACACAAGCAT-1,14508,97,GRCh38
TACTCCACAGCATGAT-1,18023,208,GRCh38
TACTCGCCAAAGGAGC-1,9600,119,GRCh38
TACTCGCCAAATGACC-1,6292,136,GRCh38
TACTCGCCAACGGTGC-1,30482,215,GRCh38
TACTCGCCAGCATGGC-1,12049,139,GRCh38
TACTCGCCATTACTCG-1,8906,132,GRCh38
TACTGATAGTGCCATA-1,13058,211,GRCh38
TACTGCAAGCCCTGGA-1,9791,104,GRCh38
TACTGCAAGGGTGAGC-1,16684,168,GRCh38
TACTGCAAGTGCAATT-1,14406,152,GRCh38
TACTGGATCACTTGAG-1,9022,91,GRCh38
TACTGGATCATGCTTC-1,12381,170,GRCh38
TACTGTTCAAGCATCG-1,60,603,mm10
TACTGTTCATGGAATC-1,510,65,GRCh38
TACTTAGGTTCACCGA-1,9902,160,GRCh38
TACTTCATCAGTTCGA-1,19305,155,GRCh38
TACTTGCTCAAGTCTG-1,47,485,mm10
TAGCACGCACTTGCAC-1,10897,141,GRCh38
TAGCAGTCAACCATCC-1,21812,200,GRCh38
TAGCCAATCAGTAGCC-1,10910,120,GRCh38
TAGCCAATCCTCTCAG-1,13090,157,GRCh38
TAGCCAATCGTACTAG-1,739,1215,mm10
TAGCCAATCTAAGTGT-1,7819,72,GRCh38
TAGCCACAGGTGGACA-1,11588,151,GRCh38
TAGCCCAGTGAAGGTC-1,10792,140,GRCh38
TAGCCCAGTGGGTCTC-1,9672,110,GRCh38
TAGCCCAGTTAGAGAT-1,652,36,GRCh38
TAGCCCAGTTGTCAGT-1,1120,304,GRCh38
TAGCCCTCACCTCGCA-1,7212,120,GRCh38
TAGCGAAGTAATGGAT-1,10637,114,GRCh38
TAGCGGTTCCTCATGT-1,1405,207,GRCh38
TAGCGGTTCGAACGGA-1,1416,91,GRCh38
TAGCTAGTCACTAGCA-1,267,3857,mm10
TAGCTAGTCCCATAGA-1,11009,95,GRCh38
TAGCTCAAGGTCCATA-1,101,540,mm10
TAGCTCCCAGGTAGTT-1,28062,117,GRCh38
TAGCTCCCATAGATGC-1,1131,62,GRCh38
TAGCTCCCATGGCTGA-1,10300,171,GRCh38
TAGCTGATCAGCTATG-1,30709,307,GRCh38
TAGCTTGAGTAAGGCG-1,11149,83,GRCh38
TAGCTTGAGTAGCAGG-1,137,1260,mm10
TAGCTTGAGTCATCTC-1,5108,97,GRCh38
TAGGACTCAACGGGTC-1,18572,342,GRCh38
TAGGACTCACAGGCTA-1,15797,102,GRCh38
TAGGACTCACCTATGC-1,24034,235,GRCh38
TAGGACTCATAAGCAC-1,991,71,GRCh38
TAGGAGTAGCTAGCGT-1,13531,100,GRCh38
TAGGAGTAGTAGTCTG-1,10272,153,GRCh38
TAGGATGGTCAAGGCG-1,9967,138,GRCh38
TAGGATGGTTGCGGAG-1,8364,107,GRCh38
TAGGCAAGTTGGTTCG-1,68,724,mm10
TAGGCCACAATCTCCA-1,11849,167,GRCh38
TAGGCCACATAGGCCA-1,74,717,mm10
TAGGCCACATCAAGTA-1,19833,175,GRCh38
TAGGCGAAGAAGCGCA-1,31443,350,GRCh38
TAGGCGAAGCAAGTCC-1,11314,151,GRCh38
TAGGCGAAGCGGTGAA-1,18780,275,GRCh38
TAGGCGAAGCTACCGG-1,4324,200,GRCh38
TAGGCTGCAAACCGAT-1,96,864,mm10
TAGGCTGCAAACTCGG-1,19644,196,GRCh38
TAGGCTGCAACATCAA-1,12640,128,GRCh38
TAGGCTGCACCTGCAT-1,8804,109,GRCh38
TAGGCTGCATAACGGT-1,1938,109,GRCh38
TAGGCTGCATCCTCGG-1,68636,279,GRCh38
TAGGCTTGTAGCTAGA-1,12583,155,GRCh38
TAGGCTTGTCTTGGGC-1,71,490,mm10
TAGGGGATCACGCCAG-1,28926,167,GRCh38
TAGGGGATCAGTAATC-1,987,52,GRCh38
TAGGGGATCCTGCACC-1,12089,118,GRCh38
TAGGGGATCGTTCGTT-1,22546,109,GRCh38
TAGGGTAGTAGGTGTA-1,64,414,mm10
TAGGGTAGTCTAGCCA-1,5874,108,GRCh38
TAGGGTGAGTGGCTCG-1,5673,99,GRCh38
TAGGGTTCAATATGCA-1,23429,185,GRCh38
TAGGTAGGTTCCTTCA-1,12525,164,GRCh38
TAGGTCATCACCCTGC-1,105,2050,mm10
TAGGTCATCACCTACT-1,58,1006,mm10
TAGGTCATCTGTCATC-1,1575,280,GRCh38
TAGGTGAGTGAAGGTC-1,7774,57,GRCh38
TAGGTGAGTGATCCGC-1,77,1295,mm10
TAGGTGAGTTTGGAAG-1,3163,60,GRCh38
TAGGTGGAGGGGATCA-1,15094,145,GRCh38
TAGGTTACAACATACA-1,19002,153,GRCh38
TAGGTTACAGGACTTG-1,11358,454,GRCh38
TAGGTTACATAAGTTG-1,22820,177,GRCh38
TAGGTTTAGATTCAGT-1,13749,116,GRCh38
TAGGTTTAGGATCAGG-1,11593,89,GRCh38
TAGGTTTAGGTATAGA-1,17293,127,GRCh38
TAGGTTTAGGTATATC-1,12776,165,GRCh38
TAGGTTTAGTAGGCTC-1,27177,207,GRCh38
TAGTACCGTCCATCTC-1,20536,137,GRCh38
TAGTACCGTTAGCGAA-1,3871,127,GRCh38
TAGTAGCCACAACGGC-1,8596,132,GRCh38
TAGTCAACACAGCAGC-1,17147,181,GRCh38
TAGTCCCCACCAATCC-1,16388,165,GRCh38
TAGTCCCCATTAGGAC-1,7352,90,GRCh38
TAGTCCTTCCATGACA-1,1162,2045,mm10
TAGTCCTTCTATGCGA-1,30295,235,GRCh38
TAGTGAGGTAATCGTC-1,13522,139,GRCh38
TAGTGAGGTCAGTGCC-1,16371,181,GRCh38
TAGTGAGGTTCGGTCA-1,12693,174,GRCh38
TAGTGCATCCGTGTAA-1,15707,151,GRCh38
TAGTGGCTCAGGAGAT-1,8504,127,GRCh38
TAGTGGGAGGGGCAGT-1,1098,95,GRCh38
TAGTGTTAGCAAGGTG-1,63,1637,mm10
TAGTGTTAGCCGACAT-1,92,2297,mm10
TAGTGTTAGCGCATGT-1,14684,97,GRCh38
TAGTGTTAGGTTGGAG-1,22355,120,GRCh38
TAGTTAGCATCATACT-1,3558,56,GRCh38
TAGTTCCTCGAACGGA-1,24489,223,GRCh38
TAGTTCTCAAATCGTA-1,34893,152,GRCh38
TAGTTCTCAATAGTTG-1,56351,259,GRCh38
TAGTTCTCACAATCAA-1,682,258,GRCh38
TAGTTTCCAATATCTC-1,6212,261,GRCh38
TAGTTTCCAGCAGGTC-1,1308,53,GRCh38
TATACAGCAAATGGAG-1,8865,82,GRCh38
TATACAGCACCATTCA-1,33884,266,GRCh38
TATACAGCACTATCTG-1,1721,224,GRCh38
TATACAGCAGGCAGAG-1,28500,458,GRCh38
TATACCCTCCGGAGTT-1,5935,403,GRCh38
TATACCCTCCTGCACC-1,15847,96,GRCh38
TATACCCTCTAGTCCT-1,13983,155,GRCh38
TATACCTCAAGTGCGC-1,14131,157,GRCh38
TATACCTCAATTGGAC-1,1914,148,GRCh38
TATACCTCAATTGGCG-1,9435,110,GRCh38
TATACCTCATGAGCTG-1,1459,67,GRCh38
TATACGTAGAACGACG-1,797,46,GRCh38
TATACTGGTTAGCCCA-1,14988,70,GRCh38
TATACTGGTTGAGGCG-1,8638,100,GRCh38
TATAGGCCAAATGGCT-1,17625,196,GRCh38
TATAGGCCACTAGGCA-1,1319,43,GRCh38
TATAGGGGTTATCACA-1,9391,107,GRCh38
TATAGGTTCAATGTGT-1,71,1232,mm10
TATAGGTTCAGCAGAG-1,33806,180,GRCh38
TATAGGTTCCAGCAGT-1,10194,116,GRCh38
TATAGGTTCTTGACGA-1,24479,204,GRCh38
TATAGTCAGCATTAAC-1,96,1748,mm10
TATAGTCAGTTACCCT-1,6781,96,GRCh38
TATCACCTCCACCGTC-1,13045,182,GRCh38
TATCACCTCGCTCCGT-1,8707,65,GRCh38
TATCACCTCGTTCGGG-1,12067,114,GRCh38
TATCAGGTCACCTGGG-1,10758,113,GRCh38
TATCAGGTCATGTGCA-1,16534,165,GRCh38
TATCAGGTCCGTTGGG-1,21811,105,GRCh38
TATCAGTAGCATCGGT-1,11019,166,GRCh38
TATCAGTAGCGGTTCG-1,20133,194,GRCh38
TATCAGTAGGTCATGC-1,714,46,GRCh38
TATCAGTAGTAGAGCG-1,5029,54,GRCh38
TATCAGTAGTCATGGC-1,18857,197,GRCh38
TATCAGTAGTTGGTTG-1,19314,151,GRCh38
TATCATCCACATGCGA-1,4517,202,GRCh38
TATCATCCATAATCCT-1,13024,133,GRCh38
TATCATGGTAGGTCAA-1,37716,320,GRCh38
TATCATGGTGGCAGTG-1,2814,1478,Multiplet
TATCCAAGTCATTCAA-1,20344,157,GRCh38
TATCCATCAAAGGAAT-1,14852,186,GRCh38
TATCCATCATAAGGGA-1,7275,102,GRCh38
TATCCCACAACCTCTA-1,10951,124,GRCh38
TATCCCACAACTGTCC-1,11463,682,Multiplet
TATCCCACATCCGCAT-1,10377,146,GRCh38
TATCCGCCAAGTTAGC-1,11434,74,GRCh38
TATCCGCCATAAGCCG-1,14961,189,GRCh38
TATCCGGGTAGCGCGA-1,77,1329,mm10
TATCCGGGTCTTGGGC-1,18400,199,GRCh38
TATCCGTTCCGTCAGG-1,14325,192,GRCh38
TATCCTTGTTGCAATC-1,11012,153,GRCh38
TATCCTTGTTTGGACT-1,31443,10898,Multiplet
TATCGAACACTATACT-1,9768,82,GRCh38
TATCGAACATAGAGCT-1,34893,221,GRCh38
TATCGCTTCAGCCCAG-1,17871,157,GRCh38
TATCGCTTCTCACTGT-1,4761,32,GRCh38
TATCGCTTCTGTCATC-1,49320,201,GRCh38
TATCGGGCACAATCAA-1,10482,82,GRCh38
TATCGGGCACCTCACG-1,12075,157,GRCh38
TATCGGGCAGTTAATG-1,921,62,GRCh38
TATCGGGCATGTCGTC-1,5605,101,GRCh38
TATCGTTCACAACTAA-1,10479,117,GRCh38
TATCTCATCAATCGCA-1,12886,160,GRCh38
TATCTCATCGAAGTCC-1,19081,138,GRCh38
TATCTCATCGACCAAC-1,12940,124,GRCh38
TATCTCATCTAGTTCC-1,12184,235,GRCh38
TATCTGCTCACGCAAC-1,13346,252,GRCh38
TATCTGCTCACGGAAG-1,43812,171,GRCh38
TATCTGCTCGCTAGGT-1,3474,86,GRCh38
TATCTTGTCAGCACTA-1,6956,1236,Multiplet
TATCTTGTCATGCCGG-1,100,2011,mm10
TATCTTGTCGAGTCCG-1,21484,266,GRCh38
TATCTTGTCGTTAGTG-1,20244,117,GRCh38
TATGAGAAGCAATGAA-1,12628,335,GRCh38
TATGAGAAGCAATTAC-1,9296,86,GRCh38
TATGAGAAGCGAGCTT-1,8615,122,GRCh38
TATGAGGGTGCGGAAT-1,6079,65,GRCh38
TATGAGGGTTATGCAC-1,37398,208,GRCh38
TATGAGGGTTTGCATA-1,53,1002,mm10
TATGATGCAACATGGT-1,78,1429,mm10
TATGCAACAATTCAGA-1,19060,233,GRCh38
TATGCCCCAACTAGCG-1,1622,7,GRCh38
TATGCCCCATCCGCTG-1,6005,109,GRCh38
TATGCTAGTAGTCCTG-1,959,54,GRCh38
TATGGCCAGTGACCTA-1,16105,174,GRCh38
TATGGCGCAAACCATA-1,44915,289,GRCh38
TATGGCGCAGCACTTC-1,1802,255,GRCh38
TATGGCGCAGGAACTT-1,9519,112,GRCh38
TATGGCTGTCTAGTTA-1,7184,60,GRCh38
TATGGCTGTTAGCAAG-1,36619,219,GRCh38
TATGGGTCAGGACTTG-1,9294,127,GRCh38
TATGGTTAGCTTCCAT-1,14679,207,GRCh38
TATGTCAGTAAGCGAC-1,13767,135,GRCh38
TATGTCAGTCAACCCA-1,18850,156,GRCh38
TATGTCAGTGCGAGTG-1,137,3287,mm10
TATGTCAGTGGCCAAG-1,16464,175,GRCh38
TATGTCAGTTATCAGC-1,78,1298,mm10
TCAAACTAGGGTTGAG-1,76,1823,mm10
TCAAAGCCAAGTGATC-1,21307,155,GRCh38
TCAAAGCCACAATCCC-1,76,1599,mm10
TCAAAGGGTTCCGTTC-1,8292,114,GRCh38
TCAAATGCAAATGCAC-1,24326,131,GRCh38
TCAACATAGGGCCATT-1,12821,104,GRCh38
TCAACCAAGTAATGCT-1,190,4893,mm10
TCAACCTTCATGACGC-1,37071,686,Multiplet
TCAACCTTCCGTGCTC-1,72,903,mm10
TCAACTGAGGTCCATA-1,13416,171,GRCh38
TCAACTGAGTAATCGT-1,49799,243,GRCh38
TCAATCCTCACCCTAT-1,543,498,GRCh38
TCAATCCTCCAGGTTA-1,3366,66,GRCh38
TCAATCTCATCACGGA-1,12327,139,GRCh38
TCAATGGTCTAGCCTT-1,4295,61,GRCh38
TCAATGGTCTTGACGA-1,10222,141,GRCh38
TCAATTGGTTTCCTGC-1,12414,197,GRCh38
TCACAATAGCTACTGA-1,623,39,GRCh38
TCACAATAGGATTAAG-1,49,687,mm10
TCACACAAGCGATACC-1,7410,143,GRCh38
TCACACCCATCGCTCG-1,14751,104,GRCh38
TCACACCCATGCTCCG-1,8852,107,GRCh38
TCACACGGTAGTGTGA-1,9423,90,GRCh38
TCACACGGTCTTACGG-1,150,3422,mm10
TCACACGGTGGCTAGG-1,31233,262,GRCh38
TCACACGGTTGAGTCT-1,1033,98,GRCh38
TCACAGGCAATTACTC-1,1118,421,GRCh38
TCACAGGCACTTCAAT-1,8535,88,GRCh38
TCACAGGCATCGAACG-1,8137,110,GRCh38
TCACATAGTAGCTCAT-1,10702,99,GRCh38
TCACATAGTGATGCAA-1,33359,161,GRCh38
TCACATGAGCTAGTAT-1,14246,148,GRCh38
TCACATGAGGGGCAGT-1,10616,139,GRCh38
TCACATGAGGGTCATC-1,9896,148,GRCh38
TCACATGAGGTGGACA-1,15439,113,GRCh38
TCACATGAGTGATACT-1,27978,248,GRCh38
TCACATTCACATTACT-1,23471,221,GRCh38
TCACATTCACCTGTCG-1,3766,82,GRCh38
TCACATTCATTAACTC-1,1313,51,GRCh38
TCACATTCATTCGGAG-1,11787,114,GRCh38
TCACCAAAGGCAAGTG-1,53361,246,GRCh38
TCACCAAAGGGGCTAA-1,14141,162,GRCh38
TCACCAAAGTGAGTGG-1,130,2806,mm10
TCACCATTCATGCGCG-1,8248,91,GRCh38
TCACCATTCCGTATGA-1,18617,196,GRCh38
TCACCATTCCGTGAGT-1,17576,117,GRCh38
TCACCATTCGAGGTCT-1,10634,121,GRCh38
TCACCATTCGATCGTA-1,5061,81,GRCh38
TCACCATTCTAAGCCA-1,896,24443,mm10
TCACCCGCAAGCGGAG-1,1151,319,GRCh38
TCACCCGCATCCAACC-1,14893,164,GRCh38
TCACCCTGTAGCAGGT-1,67340,255,GRCh38
TCACCCTGTTAAGCGA-1,21744,252,GRCh38
TCACCCTGTTCGTCAG-1,7111,101,GRCh38
TCACCGCTCAGTATCG-1,5804,95,GRCh38
TCACCGCTCCGGGTAT-1,25428,171,GRCh38
TCACGAATCACCAATG-1,18797,117,GRCh38
TCACGAATCACCATTC-1,11694,80,GRCh38
TCACGACAGGTTGCGT-1,11657,107,GRCh38
TCACGATGTTCCGGGT-1,47,441,mm10
TCACGCCTCACCATAG-1,8062,64,GRCh38
TCACGCCTCAGGGACA-1,17135,168,GRCh38
TCACGCCTCCATGAAT-1,4992,240,GRCh38
TCACGCCTCCCATATC-1,2674,132,GRCh38
TCACGCCTCCTGAGTA-1,20350,206,GRCh38
TCACGGACACAGCATG-1,46953,299,GRCh38
TCACGGACACATGCCT-1,15845,111,GRCh38
TCACGGACATTCATAC-1,4432,45,GRCh38
TCACGGGTCATCGAGC-1,27950,208,GRCh38
TCACGGGTCCAATTCC-1,667,459,GRCh38
TCACGGGTCCACGGAT-1,31513,198,GRCh38
TCACGGGTCGCGCCAA-1,145,2900,mm10
TCACGTAAGCTGGTCG-1,12374,134,GRCh38
TCACGTCCACAAGCCA-1,6510,164,GRCh38
TCACGTCCACATACGG-1,2317,44,GRCh38
TCACGTTTCGTCTATC-1,3803,74,GRCh38
TCACTCACATTAGCAA-1,214,5333,mm10
TCACTCCGTAGCGCAG-1,15897,232,GRCh38
TCACTCCGTCAACTAC-1,31637,328,GRCh38
TCACTCCGTCTGGCGT-1,17388,238,GRCh38
TCACTGTTCGAATGGG-1,96,2004,mm10
TCACTTATCACCTGCC-1,23928,188,GRCh38
TCACTTATCCATTCGT-1,23447,207,GRCh38
TCACTTATCCGCGCAA-1,96,1465,mm10
TCACTTATCGAGTTGC-1,21864,174,GRCh38
TCACTTATCGTAATGT-1,10626,61,GRCh38
TCAGAGGAGGATTGCC-1,60,491,mm10
TCAGCAATCAGGAGCA-1,9978,108,GRCh38
TCAGCATGTAGTGTGA-1,17355,165,GRCh38
TCAGCCAGTCCATAGT-1,976,87,GRCh38
TCAGCCAGTGAGAGGA-1,40608,282,GRCh38
TCAGCCAGTTGACCAT-1,15740,130,GRCh38
TCAGCGCGTATGGTTC-1,49436,299,GRCh38
TCAGCGCGTTGACCAT-1,28874,223,GRCh38
TCAGCGCGTTGCACTG-1,11404,92,GRCh38
TCAGCTGGTTATCACA-1,13763,148,GRCh38
TCAGCTGGTTTAGTGC-1,28995,415,GRCh38
TCAGGTTGTGGCAGTG-1,28878,158,GRCh38
TCAGTAACATGAGCAT-1,10041,219,GRCh38
TCAGTATAGCCAGGAA-1,26217,215,GRCh38
TCAGTATAGGATCCAC-1,13456,290,GRCh38
TCAGTCAAGCGGATGA-1,17933,119,GRCh38
TCAGTTGAGAAGCGCA-1,22664,100,GRCh38
TCAGTTGAGGGGCAGT-1,6593,72,GRCh38
TCATAACAGCCCGTCT-1,6969,125,GRCh38
TCATAACAGGTAGCAG-1,14393,104,GRCh38
TCATAACAGTGTCAAT-1,56851,336,GRCh38
TCATAGGTCATAGATC-1,2933,108,GRCh38
TCATAGGTCGCTGAAC-1,14765,160,GRCh38
TCATAGTAGCGCATGT-1,25852,225,GRCh38
TCATAGTAGCTACGAC-1,10676,107,GRCh38
TCATATGGTAAGCAGC-1,5098,51,GRCh38
TCATATGGTGAGAGGA-1,9017,142,GRCh38
TCATATGGTGATGATG-1,3861,55,GRCh38
TCATATGGTTAGCTTA-1,24606,339,GRCh38
TCATCAAGTAGCTAGA-1,3906,132,GRCh38
TCATCAAGTATTGAGG-1,5384,101,GRCh38
TCATCAAGTGGAGCAT-1,6910,69,GRCh38
TCATCAAGTTGACGCC-1,10322,177,GRCh38
TCATCATCAACTGTGG-1,1234,374,GRCh38
TCATCATCAGGGCTGT-1,20683,185,GRCh38
TCATCATCAGGTAGCC-1,37862,185,GRCh38
TCATCGAAGCATCTCT-1,73,1536,mm10
TCATCGAAGCTGGTTA-1,4041,184,GRCh38
TCATCGAAGGGGCATA-1,6060,106,GRCh38
TCATCGCCAAACTCGG-1,7473,85,GRCh38
TCATCGCCAACTATGA-1,1703,117,GRCh38
TCATCGTTCACCATGA-1,10876,112,GRCh38
TCATCGTTCCGTCATT-1,24023,195,GRCh38
TCATCGTTCGCATCAA-1,20264,115,GRCh38
TCATCGTTCGTAATCG-1,108,481,mm10
TCATCGTTCGTCTCTG-1,14688,149,GRCh38
TCATGCAAGATAGGTA-1,19392,218,GRCh38
TCATGCAAGCAAGCTC-1,11544,89,GRCh38
TCATGCTTCATGCGAC-1,9983,120,GRCh38
TCATGCTTCCCTCGTA-1,6034,145,GRCh38
TCATGGATCGTGCTCC-1,857,409,GRCh38
TCATGGGCAAGTTCAA-1,10700,96,GRCh38
TCATGGGCAATGAGCT-1,24494,123,GRCh38
TCATGGGCACTTCGTA-1,8227,64,GRCh38
TCATGGGCATTCGCAC-1,13745,230,GRCh38
TCATGTGAGCGGTCCA-1,918,31,GRCh38
TCATGTGAGTGACCAC-1,13338,166,GRCh38
TCATGTGAGTGATCCA-1,8520,121,GRCh38
TCATTCATCAGCTATG-1,10244,105,GRCh38
TCATTCATCCCATGAA-1,19443,98,GRCh38
TCATTCGCACTATCTG-1,16598,256,GRCh38
TCATTCGCATCACAGG-1,17844,156,GRCh38
TCATTGCTCCAGCGAT-1,24741,215,GRCh38
TCATTGCTCTGGATGC-1,5077,113,GRCh38
TCCAAAGTCACAGGGA-1,43094,223,GRCh38
TCCAAAGTCATCGTAG-1,16760,157,GRCh38
TCCAAAGTCATGCTGA-1,7637,141,GRCh38
TCCAAAGTCGCGTAAC-1,1933,1456,GRCh38
TCCAACTTCCAGCGAT-1,13831,218,GRCh38
TCCAACTTCCGGTACG-1,12646,195,GRCh38
TCCAACTTCCTGCCGT-1,17408,218,GRCh38
TCCAAGGCAAGCTGCA-1,16690,211,GRCh38
TCCAAGGCAAGGTCTG-1,8414,108,GRCh38
TCCAAGGCACTATATC-1,10604,66,GRCh38
TCCAATAGTCTTGGAT-1,11684,120,GRCh38
TCCAATGAGAAGGAGA-1,14602,158,GRCh38
TCCAATGAGCAGTCTA-1,1733,184,GRCh38
TCCAATGAGTGCCTAA-1,41,400,mm10
TCCAATTCAATTCAGA-1,5171,52,GRCh38
TCCAATTCACTATCAT-1,874,45,GRCh38
TCCAATTCAGCACTGA-1,38841,234,GRCh38
TCCAATTCAGTACTCC-1,20267,207,GRCh38
TCCAATTCATGACACG-1,17790,92,GRCh38
TCCACACCACAGGGCT-1,24986,162,GRCh38
TCCACACCACTATATC-1,59,714,mm10
TCCACACCATCCTATG-1,22010,177,GRCh38
TCCACATTCACGTGTA-1,22847,196,GRCh38
TCCACATTCCGCAGTG-1,15892,179,GRCh38
TCCACCATCGCTCTCA-1,12279,179,GRCh38
TCCACCATCTAATGGT-1,14445,128,GRCh38
TCCACCATCTGTGCCC-1,5161,2178,Multiplet
TCCACCGCAATCCCGT-1,8987,105,GRCh38
TCCACCTGTAGTGATG-1,27162,190,GRCh38
TCCACCTGTCAAGTGA-1,12103,216,GRCh38
TCCACCTGTCATTACA-1,26128,247,GRCh38
TCCACCTGTGATCAGA-1,11984,149,GRCh38
TCCACCTGTTAGGTTC-1,12981,179,GRCh38
TCCACTTAGCATCCGG-1,12441,166,GRCh38
TCCACTTAGCTAGAGG-1,14311,110,GRCh38
TCCACTTAGGAACTGG-1,23235,166,GRCh38
TCCACTTAGGTAGGGC-1,21595,173,GRCh38
TCCACTTAGTTAGACT-1,136,2780,mm10
TCCAGCTCAAGCCTGA-1,6082,96,GRCh38
TCCAGCTCAATTCAGA-1,46071,276,GRCh38
TCCAGCTCACCACAGA-1,24777,130,GRCh38
TCCAGCTCAGCAGGTC-1,13980,82,GRCh38
TCCAGCTCAGGTAGCC-1,12406,110,GRCh38
TCCAGGTAGTGGCAGA-1,20934,143,GRCh38
TCCAGTAAGCGACTAC-1,6516,76,GRCh38
TCCAGTAAGGGGCTAA-1,147,3268,mm10
TCCAGTTTCCAACCAA-1,9106,127,GRCh38
TCCAGTTTCCCAGTCC-1,13055,181,GRCh38
TCCAGTTTCGATGATT-1,6744,73,GRCh38
TCCATAAGTCATGGTT-1,30273,228,GRCh38
TCCATAAGTGATGCGG-1,27350,245,GRCh38
TCCATAAGTTCCGCAA-1,16842,275,GRCh38
TCCATAGAGGGGCTAA-1,24132,146,GRCh38
TCCATCACACCATCTA-1,2544,225,GRCh38
TCCATCACATCAATCT-1,95,1828,mm10
TCCATCCGTAGCTCAT-1,24627,237,GRCh38
TCCATCCGTGGCTCAC-1,12733,147,GRCh38
TCCATGAAGGTCCAGT-1,60526,237,GRCh38
TCCATGAAGGTTGAGG-1,13627,161,GRCh38
TCCATGAAGTCGATTG-1,1673,371,GRCh38
TCCATGGGTAACGACA-1,10791,72,GRCh38
TCCATGGGTAACGGGT-1,11374,112,GRCh38
TCCATGGGTAATGGGC-1,153,3302,mm10
TCCATGGGTCTTGAAC-1,17071,198,GRCh38
TCCATGGGTGGCTTCA-1,76,386,mm10
TCCATGGGTTCGCAGC-1,22577,162,GRCh38
TCCATGGGTTGAAGGC-1,9696,107,GRCh38
TCCATGGGTTTCAGGT-1,266,6588,mm10
TCCATTATCAATCACG-1,13178,184,GRCh38
TCCATTATCCATTCGT-1,23951,308,GRCh38
TCCATTCAGCAGGCAA-1,10378,109,GRCh38
TCCATTCAGCGATGGA-1,863,880,mm10
TCCCAACCAGCACTGA-1,35819,237,GRCh38
TCCCAACCAGTACTAA-1,12559,91,GRCh38
TCCCAAGGTAGCAGCG-1,11733,100,GRCh38
TCCCAAGGTAGCTATC-1,15589,164,GRCh38
TCCCAAGGTTGACTCG-1,18718,337,GRCh38
TCCCAATTCGCGCGTA-1,13806,202,GRCh38
TCCCAATTCGTGCTGG-1,98,2206,mm10
TCCCACGCAAATGCGT-1,886,63,GRCh38
TCCCACGCAATGTCGG-1,14258,101,GRCh38
TCCCCAGCAAGTGGTT-1,18728,187,GRCh38
TCCCCAGCAATAGGGA-1,24852,879,Multiplet
TCCCCTAAGCGATCAC-1,21072,237,GRCh38
TCCCCTGGTCCCGATA-1,12982,178,GRCh38
TCCCGAAGTAATTGCC-1,29931,341,GRCh38
TCCCGAAGTTCGAGTT-1,57,435,mm10
TCCCGTTGTATGTGAG-1,2627,133,GRCh38
TCCCTAACACTAACGG-1,79,830,mm10
TCCCTAACATAGATTG-1,22221,160,GRCh38
TCCCTAACATGAATTG-1,4013,93,GRCh38
TCCCTAACATGAGTTA-1,16240,121,GRCh38
TCCCTAACATGCTCGT-1,18326,208,GRCh38
TCCCTAACATGTCGTC-1,6012,76,GRCh38
TCCCTAGTCGTGAACC-1,10335,79,GRCh38
TCCCTAGTCGTGAATT-1,75,1420,mm10
TCCCTAGTCTCACTCG-1,89,1332,mm10
TCCCTCAAGCATGACC-1,1544,68,GRCh38
TCCCTCAAGCGAGTAG-1,12124,101,GRCh38
TCCCTCAAGCTAGTCA-1,23665,196,GRCh38
TCCCTCAAGGTATCGC-1,88,1507,mm10
TCCCTCAAGTAAGCAA-1,9482,103,GRCh38
TCCCTGATCACACTTC-1,23047,311,GRCh38
TCCCTGATCATGCAAT-1,7841,151,GRCh38
TCCCTGATCCGTAGTA-1,22945,237,GRCh38
TCCCTGATCGCATCGG-1,90,1790,mm10
TCCCTTAGTGACCGAG-1,37,414,mm10
TCCCTTAGTTAGTGCT-1,6579,70,GRCh38
TCCCTTGAGCCAGCCA-1,21494,2173,Multiplet
TCCCTTGAGCCATCGG-1,2144,242,GRCh38
TCCCTTGAGTCAGCGT-1,9042,114,GRCh38
TCCCTTGAGTCGATCA-1,16174,212,GRCh38
TCCTAGAAGCTACTGA-1,20052,230,GRCh38
TCCTATATCACAGCTA-1,88,1697,mm10
TCCTATATCAGTGCGT-1,10166,158,GRCh38
TCCTATATCCGCCAAG-1,4683,61,GRCh38
TCCTATATCCGGGCTA-1,21716,530,Multiplet
TCCTATATCCTTCGCA-1,28827,228,GRCh38
TCCTATTGTAACGGCG-1,11088,146,GRCh38
TCCTATTGTTTCCGCT-1,19525,139,GRCh38
TCCTATTGTTTGGCAT-1,10315,64,GRCh38
TCCTATTGTTTGGTAC-1,16582,231,GRCh38
TCCTCGATCACTAGGC-1,8477,115,GRCh38
TCCTCGATCCAATTCC-1,4722,103,GRCh38
TCCTCGATCCCGTGCT-1,19178,361,GRCh38
TCCTCGATCTGTGAGC-1,2267,178,GRCh38
TCCTCTTCAAAGGTGA-1,11581,118,GRCh38
TCCTCTTCAAGCTCTC-1,37350,322,GRCh38
TCCTGACCAACATTGA-1,1139,127,GRCh38
TCCTGACCACCTGGAA-1,20673,236,GRCh38
TCCTGACCACTTCGCG-1,25237,474,GRCh38
TCCTGACCAGCAGGGA-1,6569,65,GRCh38
TCCTGACCATGCTGCT-1,9595,128,GRCh38
TCCTGACCATGGCAGC-1,18933,237,GRCh38
TCCTGCATCACATACG-1,20761,117,GRCh38
TCCTGCATCATACAGT-1,22919,386,GRCh38
TCCTGCATCTAAGCGC-1,8724,5338,Multiplet
TCCTGGTCAGCAGTCA-1,111,2556,mm10
TCCTGTTAGCGCCACA-1,9459,85,GRCh38
TCCTGTTAGCGGATAG-1,11684,94,GRCh38
TCCTGTTAGTTAGTAC-1,15350,141,GRCh38
TCCTTAATCACTTCCG-1,7157,86,GRCh38
TCCTTAATCTATCGGA-1,11030,102,GRCh38
TCCTTATGTCTGGTAT-1,720,40,GRCh38
TCCTTCCTCGTAGTTG-1,12928,131,GRCh38
TCCTTCCTCTAAGCCA-1,646,37,GRCh38
TCCTTCCTCTGTCACT-1,11963,151,GRCh38
TCCTTCTCAAAGGATG-1,9024,75,GRCh38
TCCTTCTCATAACCGG-1,4148,178,GRCh38
TCCTTGGTCACCAAGC-1,1125,45,GRCh38
TCCTTGGTCCAGCGTG-1,46,434,mm10
TCCTTGGTCTGGTCCC-1,10872,235,GRCh38
TCCTTTGGTTCCGTCT-1,12597,192,GRCh38
TCCTTTGGTTGAATGG-1,21532,191,GRCh38
TCGAATGTCCCTCTGA-1,1030,72,GRCh38
TCGAATGTCCTCACCA-1,20940,229,GRCh38
TCGAATGTCCTGCTCA-1,11459,141,GRCh38
TCGAATTAGGCACTCG-1,113,1259,mm10
TCGACACAGCAACCAC-1,8578,86,GRCh38
TCGACACAGGTGGCTT-1,19344,119,GRCh38
TCGACCAGTGAGGAGA-1,23503,171,GRCh38
TCGACCAGTTTGCGTG-1,9945,152,GRCh38
TCGACCTCACAACCGA-1,36277,280,GRCh38
TCGACCTCATAAGTCA-1,134,2903,mm10
TCGACCTCATGGTGTG-1,17482,157,GRCh38
TCGACGTAGAAGCAAC-1,17510,152,GRCh38
TCGACGTAGAAGCCTC-1,8987,98,GRCh38
TCGACGTAGATAGACA-1,15128,88,GRCh38
TCGACGTAGTGATTAC-1,4714,422,GRCh38
TCGACTAAGCATGCCG-1,13479,199,GRCh38
TCGACTAAGCCATTGA-1,12605,121,GRCh38
TCGACTAAGGGTCACT-1,3008,36,GRCh38
TCGACTAAGTGATCTG-1,10215,145,GRCh38
TCGACTGGTGCGGTAG-1,4207,55,GRCh38
TCGACTGGTTAAGCGA-1,42,538,mm10
TCGAGGTTCCGCAAGT-1,1393,79,GRCh38
TCGAGGTTCGATTGGC-1,15152,186,GRCh38
TCGATAGTCCTGCATT-1,98,2508,mm10
TCGATATAGAAGGGCC-1,10127,124,GRCh38
TCGATATAGCATAGCC-1,32288,202,GRCh38
TCGATATAGGATTGGG-1,5313,86,GRCh38
TCGATATAGGTTAGCC-1,18890,180,GRCh38
TCGATCAAGCATCAAT-1,4403,109,GRCh38
TCGATCAAGGCAAGGC-1,10231,208,GRCh38
TCGATCAAGGCTCAGT-1,42,396,mm10
TCGATCAAGGTATGGG-1,14708,82,GRCh38
TCGATCAAGTCAAGTT-1,28634,147,GRCh38
TCGATCAAGTGAGGTG-1,14637,81,GRCh38
TCGATTAGTAGGTACA-1,14039,91,GRCh38
TCGATTAGTTAACGAG-1,12592,147,GRCh38
TCGATTGAGCTTACTC-1,36207,147,GRCh38
TCGATTGAGTGAACGG-1,19799,275,GRCh38
TCGCAAATCTCACCTG-1,13579,104,GRCh38
TCGCAAATCTGTGATG-1,1406,45,GRCh38
TCGCAACAGCAATCCA-1,11880,123,GRCh38
TCGCAACAGGAACCGA-1,9674,129,GRCh38
TCGCAACAGTAGAGAC-1,22992,209,GRCh38
TCGCAATGTTGTGATC-1,16662,202,GRCh38
TCGCACCTCCGTGCGA-1,76,462,mm10
TCGCATAAGATTGATC-1,7508,93,GRCh38
TCGCATAAGCATCCTT-1,9873,249,GRCh38
TCGCATCCAATCCATT-1,10645,335,GRCh38
TCGCATCCAGTTGCTC-1,440,11168,mm10
TCGCATCCATCCGTAC-1,6945,103,GRCh38
TCGCATTTCGATATGT-1,25677,244,GRCh38
TCGCATTTCGATGTAT-1,8058,62,GRCh38
TCGCATTTCTGGCACG-1,12372,99,GRCh38
TCGCCAAGTGCGCCAT-1,58555,251,GRCh38
TCGCCAAGTTGCGGCT-1,12750,200,GRCh38
TCGCCATCAGTAAGGA-1,15952,143,GRCh38
TCGCCTATCACTGGCG-1,17347,114,GRCh38
TCGCCTGCAAATGGGA-1,19312,227,GRCh38
TCGCCTGCAATACCGG-1,7631,77,GRCh38
TCGCCTGCACCATCGT-1,7644,135,GRCh38
TCGCCTGCACCTTCAA-1,14636,189,GRCh38
TCGCCTGCACCTTCCC-1,73972,280,GRCh38
TCGCGATAGCTAAGTT-1,25746,198,GRCh38
TCGCGCAAGCTTCCGC-1,69,1452,mm10
TCGCGCAAGGGTTAGG-1,7362,46,GRCh38
TCGCGCAAGTGCGGAA-1,7502,85,GRCh38
TCGCGGATCACAGATT-1,127,3370,mm10
TCGCGGATCGCTCATT-1,10355,122,GRCh38
TCGCGGATCTGTCACT-1,13713,167,GRCh38
TCGCTAAAGGTATCCA-1,62,603,mm10
TCGCTAAAGTGAGTAA-1,26160,155,GRCh38
TCGCTAAAGTTACGTG-1,8996,108,GRCh38
TCGCTAGGTTCACGCA-1,85,1279,mm10
TCGCTCGCAACATGAC-1,1012,59,GRCh38
TCGCTCGCACTTGGGA-1,5443,77,GRCh38
TCGCTCGCAGGCTACA-1,13801,164,GRCh38
TCGCTCGCATGCTCAC-1,6304,197,GRCh38
TCGCTCTGTGATCAGA-1,11106,91,GRCh38
TCGCTGCTCCCAGAGT-1,10167,167,GRCh38
TCGCTGCTCCGCAGTG-1,12048,98,GRCh38
TCGCTGCTCGCGATTA-1,13143,151,GRCh38
TCGCTTACAAATGCGT-1,2348,545,GRCh38
TCGGCTAGTCAAGTTC-1,9832,73,GRCh38
TCGGCTAGTCATTCGG-1,7724,83,GRCh38
TCGGCTAGTGCAACGG-1,38680,205,GRCh38
TCGGCTAGTTATGTCA-1,52909,265,GRCh38
TCGGCTAGTTGCAGGG-1,24342,219,GRCh38
TCGGCTGAGGTGAGCA-1,10060,114,GRCh38
TCGGGCATCCTCTCCT-1,9729,116,GRCh38
TCGGGGTCACTAATTC-1,10879,79,GRCh38
TCGGGGTCAGTTAATG-1,2296,156,GRCh38
TCGGGTTAGGCGAATG-1,13180,91,GRCh38
TCGGGTTAGGTTGGTC-1,21870,172,GRCh38
TCGGGTTAGTTAGTAC-1,9732,107,GRCh38
TCGGGTTAGTTGGACC-1,15704,507,Multiplet
TCGGTAATCCTGTCGC-1,15220,238,GRCh38
TCGGTATGTGAAGCAC-1,4816,221,GRCh38
TCGGTCAGTGAGCCCT-1,119,2233,mm10
TCGGTCAGTTAGGCCC-1,12148,88,GRCh38
TCGGTCAGTTCCCAAG-1,13189,141,GRCh38
TCGGTCAGTTGGAGTA-1,20842,167,GRCh38
TCGGTTAAGAACCTAT-1,49,697,mm10
TCGGTTAAGTAAGTTC-1,20213,159,GRCh38
TCGGTTAAGTTAGATC-1,10817,112,GRCh38
TCGTAATAGATAGTGA-1,17247,167,GRCh38
TCGTAATAGGATTCGC-1,27059,227,GRCh38
TCGTAATAGTAAGCGG-1,422,588,mm10
TCGTAATAGTCGAGCT-1,40,505,mm10
TCGTACCCAATTACAG-1,10884,68,GRCh38
TCGTACCCACATGAAC-1,2868,67,GRCh38
TCGTACGGTGACGAGT-1,8107,125,GRCh38
TCGTACGGTGCATTAC-1,13388,98,GRCh38
TCGTACGGTTAACCAC-1,16734,168,GRCh38
TCGTACGGTTAAGGTG-1,23260,464,GRCh38
TCGTACGGTTACACTA-1,14818,139,GRCh38
TCGTACTTCCCGCAGA-1,19995,172,GRCh38
TCGTCAAAGCAAGGGC-1,15041,136,GRCh38
TCGTCAAAGCATGATT-1,9028,93,GRCh38
TCGTCAAAGCGAACTC-1,5919,142,GRCh38
TCGTCAAAGGTTCAAT-1,20921,257,GRCh38
TCGTCAAAGTACCATG-1,8700,108,GRCh38
TCGTCAAAGTTGCGTA-1,41928,259,GRCh38
TCGTCACCAGCACTCT-1,9484,110,GRCh38
TCGTCACCATGACGTG-1,3558,585,Multiplet
TCGTCACCATGCGTCT-1,33097,220,GRCh38
TCGTCATTCTGTGCTT-1,4376,117,GRCh38
TCGTCCATCCCTCACA-1,16537,80,GRCh38
TCGTGAATCAGCCATA-1,5042,57,GRCh38
TCGTGATGTAACTGCT-1,21226,92,GRCh38
TCGTGATGTAGCAGGT-1,7221,76,GRCh38
TCGTGATGTGATCCGC-1,19502,156,GRCh38
TCGTGATGTTAGTTCA-1,9460,131,GRCh38
TCGTGATGTTCACCAG-1,20382,233,GRCh38
TCGTGATGTTTCCTGC-1,5322,72,GRCh38
TCGTGCCTCCCGCAGA-1,13642,106,GRCh38
TCGTGCCTCGTTCCTG-1,1940,174,GRCh38
TCGTGGACATCGGGTA-1,9865,248,GRCh38
TCGTTAAGTTAACGAG-1,9491,121,GRCh38
TCGTTAAGTTGTCATA-1,28737,123,GRCh38
TCGTTAGAGCCCGTGA-1,10077,265,GRCh38
TCGTTCCGTATTGGCT-1,592,82,GRCh38
TCGTTCCGTCAACTTA-1,3685,114,GRCh38
TCGTTGAAGCATTCGA-1,11199,158,GRCh38
TCGTTGAAGCCTGAAC-1,14280,63,GRCh38
TCGTTGAAGGTTCGAC-1,38347,153,GRCh38
TCGTTGGGTTATATCG-1,8941,65,GRCh38
TCGTTGGGTTCCGGTA-1,849,588,GRCh38
TCGTTGGGTTTAGTCA-1,18085,164,GRCh38
TCGTTTCAGGCGCTAT-1,1112,117,GRCh38
TCGTTTCAGGTGAGAT-1,12363,149,GRCh38
TCGTTTCAGTAATCGT-1,1308,39,GRCh38
TCTAACCTCCAGCTAA-1,17933,232,GRCh38
TCTAAGGTCCCATACT-1,24654,219,GRCh38
TCTAAGGTCCTCAGCC-1,27370,277,GRCh38
TCTAAGGTCCTCGTCA-1,11549,116,GRCh38
TCTAAGGTCGACCATA-1,6011,70,GRCh38
TCTAATCCAACCGCTT-1,11111,127,GRCh38
TCTAATCCAGGCAAGG-1,24666,145,GRCh38
TCTAATGGTGATGCTT-1,9306,77,GRCh38
TCTAATGGTTATGACC-1,7219,83,GRCh38
TCTACAAGTCTTGCAG-1,63,533,mm10
TCTACAAGTGACGATA-1,43000,223,GRCh38
TCTACATCAAGCTATA-1,26215,429,GRCh38
TCTACATCAATTGGAC-1,1688,83,GRCh38
TCTACATCAGGCTATG-1,1575,61,GRCh38
TCTACATCATCCATCA-1,12871,133,GRCh38
TCTACATCATGGTCGA-1,12038,143,GRCh38
TCTACATCATTAACCT-1,63679,292,GRCh38
TCTACATCATTAGAGC-1,1096,864,GRCh38
TCTACATCATTAGTCT-1,12915,152,GRCh38
TCTACGAAGCAAGGAT-1,24908,153,GRCh38
TCTACGAAGGCTCTCC-1,13195,221,GRCh38
TCTACGCCAACATTGA-1,26497,259,GRCh38
TCTACGCCAAGTGTAC-1,27385,225,GRCh38
TCTACGCCACCTGTCG-1,23487,297,GRCh38
TCTACGCCAGGACACC-1,17803,162,GRCh38
TCTACGCCATCCGGTT-1,67,989,mm10
TCTACGGGTCTCAGCA-1,18065,145,GRCh38
TCTACGGGTGCGGTTC-1,12845,95,GRCh38
TCTACGTTCATCACGA-1,12251,117,GRCh38
TCTACGTTCCAGCCTC-1,592,61,GRCh38
TCTACGTTCCATCTAC-1,22343,176,GRCh38
TCTACGTTCTAGCTGA-1,22183,134,GRCh38
TCTACTGCATCCCAGT-1,1301,46,GRCh38
TCTACTTGTTAACGAG-1,2159,386,GRCh38
TCTAGCGGTCTAGTCG-1,4577,159,GRCh38
TCTAGCGGTGAAGCGT-1,2248,20,GRCh38
TCTAGCTTCCATCGAA-1,19018,129,GRCh38
TCTAGCTTCGTTCCGC-1,17323,167,GRCh38
TCTAGTGAGGCATCAC-1,11573,142,GRCh38
TCTAGTGAGTGCCAGT-1,67,822,mm10
TCTAGTGAGTGCTGAC-1,19944,134,GRCh38
TCTATCGCAACCAGCA-1,28200,211,GRCh38
TCTATCGCAACGGCAC-1,4809,60,GRCh38
TCTATCGCAAGTAGAG-1,40229,244,GRCh38
TCTATCGCACATACTT-1,10192,133,GRCh38
TCTATCTGTTGAGTAG-1,86,1543,mm10
TCTATGAGTAGTGTCT-1,95,1751,mm10
TCTATGAGTTGGACGG-1,75,1394,mm10
TCTATGCTCAGGTTCA-1,74,1139,mm10
TCTATGGAGGCGAGGT-1,14951,157,GRCh38
TCTATGGAGGGCAGGT-1,7598,114,GRCh38
TCTATGGAGTAGGAGT-1,9432,143,GRCh38
TCTATGGAGTCAGCTA-1,17765,101,GRCh38
TCTATTGTCGTAGTTG-1,5267,47,GRCh38
TCTATTGTCTAAGCGC-1,9995,113,GRCh38
TCTATTGTCTAGATAC-1,13614,152,GRCh38
TCTCAATCAACCGGAC-1,9719,158,GRCh38
TCTCAATCACATGAAC-1,10012,99,GRCh38
TCTCACTAGTGAAGTA-1,961,170,GRCh38
TCTCACTAGTTGGGTC-1,9976,84,GRCh38
TCTCAGCCAACATGCG-1,85,1164,mm10
TCTCAGCCAAGCTGAT-1,20182,256,GRCh38
TCTCAGCCAAGGTCCA-1,9712,153,GRCh38
TCTCAGCCACAAGCAT-1,14450,144,GRCh38
TCTCAGCCAGTTGGTG-1,183,541,mm10
TCTCAGCCATCACTCA-1,11917,68,GRCh38
TCTCAGCCATTACGTT-1,9950,174,GRCh38
TCTCATATCAGGCAGA-1,9494,73,GRCh38
TCTCATATCGTGCATA-1,10471,132,GRCh38
TCTCATATCTTGATCC-1,9190,157,GRCh38
TCTCATCAGCAACCTA-1,1035,1005,GRCh38
TCTCATCAGGCACATC-1,9311,87,GRCh38
TCTCATCAGGGTTGGA-1,12284,159,GRCh38
TCTCATCAGTAATGAG-1,9517,88,GRCh38
TCTCATTGTCAGTTAC-1,24425,305,GRCh38
TCTCATTGTGAGGTAC-1,1140,47,GRCh38
TCTCATTGTGCGCAAG-1,83,2301,mm10
TCTCATTGTGGGTCGA-1,10351,91,GRCh38
TCTCATTGTTGCGTCA-1,3815,39,GRCh38
TCTCATTGTTTGAGCT-1,21391,178,GRCh38
TCTCCAACAGGCAACC-1,38,617,mm10
TCTCCAACATTGGCGA-1,1014,640,GRCh38
TCTCCCAAGCATGGCT-1,32855,132,GRCh38
TCTCCCAAGCCTGTAA-1,22723,238,GRCh38
TCTCCCAAGTCGACCG-1,5833,226,GRCh38
TCTCCCAAGTGCCTGG-1,6367,89,GRCh38
TCTCCCAAGTTGCTTC-1,13543,187,GRCh38
TCTCGAGGTATGTGCT-1,2060,105,GRCh38
TCTCGAGGTGAACCAA-1,81,749,mm10
TCTCGATTCGCATCGG-1,5269,61,GRCh38
TCTCGCGCAGTTAAGC-1,11252,97,GRCh38
TCTCGCGCATAGACCG-1,11232,119,GRCh38
TCTCGCGCATAGAGAG-1,854,37,GRCh38
TCTCGCGCATTACCGC-1,10323,54,GRCh38
TCTCGGCTCCCTGTCA-1,7109,85,GRCh38
TCTCTAATCATCGTGA-1,7353,98,GRCh38
TCTCTAATCGACTGGT-1,1141,41,GRCh38
TCTCTAATCTGTCTAC-1,91,1100,mm10
TCTCTAGCATTCGTAT-1,52,930,mm10
TCTCTATGTAGGCCAG-1,1101,268,GRCh38
TCTCTATGTTTGGTAC-1,250,5787,mm10
TCTCTCCTCCATCGTT-1,2632,680,Multiplet
TCTCTGGTCCCAGACG-1,21794,221,GRCh38
TCTCTGGTCCGGATAC-1,12372,184,GRCh38
TCTCTGGTCGCTCTGC-1,11220,167,GRCh38
TCTCTGGTCGTCTCTG-1,822,57,GRCh38
TCTGACAAGCCGACAT-1,20455,198,GRCh38
TCTGACAAGCGAAGGC-1,1001,511,GRCh38
TCTGACAAGGGTCTCG-1,15688,177,GRCh38
TCTGACAAGTAGGTAA-1,5542,162,GRCh38
TCTGACCCAGGGCTGT-1,53802,285,GRCh38
TCTGACTTCCCGTGTC-1,19401,197,GRCh38
TCTGACTTCGATGATT-1,8051,71,GRCh38
TCTGACTTCGTGCTCC-1,15611,177,GRCh38
TCTGAGGCAAGCTTCC-1,16071,121,GRCh38
TCTGAGGCATGACCGA-1,124,2815,mm10
TCTGATAGTCTAAGTC-1,6674,74,GRCh38
TCTGATAGTGACTCGC-1,10181,132,GRCh38
TCTGATAGTTGCGGAG-1,20917,190,GRCh38
TCTGATGAGGTGCGTT-1,147,3060,mm10
TCTGATGAGGTGGCTT-1,19013,203,GRCh38
TCTGCAAAGCATAGCC-1,9481,51,GRCh38
TCTGCAAAGCGAGAGC-1,14004,127,GRCh38
TCTGCACCACATTACT-1,10092,73,GRCh38
TCTGCACCATGCGTAG-1,16796,160,GRCh38
TCTGCAGGTTCCAGCA-1,26817,123,GRCh38
TCTGCAGGTTCTGGCA-1,9384,71,GRCh38
TCTGCATTCATGGTAT-1,13981,147,GRCh38
TCTGCCATCAGCCAAC-1,76,1198,mm10
TCTGCCATCCAGAGGA-1,12017,127,GRCh38
TCTGCCTGTATTGAGG-1,6541,85,GRCh38
TCTGCCTGTGAGTCCC-1,8644,78,GRCh38
TCTGCCTGTTAGTGGA-1,17087,193,GRCh38
TCTGCCTGTTCCTCGT-1,11638,235,GRCh38
TCTGCCTGTTTGCGAT-1,15102,271,GRCh38
TCTGCGGAGATTACCG-1,7715,199,GRCh38
TCTGCGGAGCCATCCC-1,3010,414,GRCh38
TCTGCGGAGCTAGACC-1,20604,223,GRCh38
TCTGCGGAGGGTAGCA-1,6029,55,GRCh38
TCTGCGGAGTTGGTCA-1,11683,106,GRCh38
TCTGGATGTGAGTGTA-1,5652,63,GRCh38
TCTGGCCTCCTCATGT-1,614,134,GRCh38
TCTGGCCTCTAACTCC-1,19496,105,GRCh38
TCTGGCCTCTTGAGGC-1,13958,106,GRCh38
TCTGGCGAGCGCTTAA-1,15567,151,GRCh38
TCTGGCTCACCTTGGT-1,6504,263,GRCh38
TCTGGGACATGAATGC-1,20764,308,GRCh38
TCTGGGACATGGAGCC-1,7127,343,GRCh38
TCTGGGGTCATATCCC-1,10181,97,GRCh38
TCTGGGGTCCGTGCGA-1,14340,111,GRCh38
TCTGGGTAGCAACCAC-1,14756,137,GRCh38
TCTGGGTAGCTATGGC-1,19068,174,GRCh38
TCTGGGTAGGAGTATA-1,14949,112,GRCh38
TCTGGGTAGGATGACG-1,8041,67,GRCh38
TCTGGGTAGGTTCGAC-1,8055,105,GRCh38
TCTGGTAAGATTCCGA-1,11003,90,GRCh38
TCTGTAAGTAAGTGGC-1,3727,56,GRCh38
TCTGTAAGTAGGTCAA-1,199,450,mm10
TCTGTAAGTCCATAGT-1,93,1178,mm10
TCTGTAAGTTAGACGA-1,9259,132,GRCh38
TCTGTAAGTTGTCCTC-1,10151,94,GRCh38
TCTGTGAAGTGCGGAA-1,8350,62,GRCh38
TCTGTGAAGTGGGTAG-1,1253,27,GRCh38
TCTGTGTTCTGGCCTC-1,5187,98,GRCh38
TCTGTTGCAAGTCGCA-1,72,890,mm10
TCTGTTGCAATTGGAC-1,93,777,mm10
TCTGTTGCATAATCTC-1,11724,84,GRCh38
TGAAACCCACTAGTCC-1,80,1288,mm10
TGAAACGGTCCATATA-1,16883,209,GRCh38
TGAAACGGTCCATCTC-1,10671,700,Multiplet
TGAAACGGTCTAATCA-1,11007,113,GRCh38
TGAAACGGTCTAGTCG-1,16434,190,GRCh38
TGAAACGGTGCAACCC-1,17508,158,GRCh38
TGAAACGGTTGGAGCG-1,52225,202,GRCh38
TGAACAGGTGAACTAG-1,8778,89,GRCh38
TGAACATTCACCATTC-1,18077,236,GRCh38
TGAACATTCACCCTTG-1,15351,161,GRCh38
TGAACATTCCACGGAT-1,20504,145,GRCh38
TGAACATTCGATGTGC-1,21891,217,GRCh38
TGAACATTCGTTCGGG-1,8688,104,GRCh38
TGAACCATCATGTGTG-1,19800,211,GRCh38
TGAACCATCCTGATAG-1,29502,181,GRCh38
TGAACCCAGCGGTAGA-1,32975,434,GRCh38
TGAACCTGTAACGTAG-1,12425,198,GRCh38
TGAACCTGTAGTAACG-1,19420,226,GRCh38
TGAACCTGTATAGCTC-1,84,1180,mm10
TGAACCTGTGCAGGCA-1,11035,87,GRCh38
TGAACTTAGTAAGCAA-1,21271,196,GRCh38
TGAATAGAGTCAATGT-1,5626,75,GRCh38
TGAATCCGTCATCATA-1,82,1052,mm10
TGAATCCGTGAGAGCT-1,14444,131,GRCh38
TGAATCCGTTGAGCTT-1,1503,283,GRCh38
TGAATGAAGGCATCAC-1,16688,139,GRCh38
TGAATGAAGTACGGGA-1,1940,133,GRCh38
TGAATGGGTCAACCAT-1,11734,143,GRCh38
TGAATGTTCCGCATCC-1,22901,237,GRCh38
TGAATGTTCCGTTAGA-1,12841,139,GRCh38
TGAATGTTCGTGAGGA-1,17655,163,GRCh38
TGAATGTTCTAGCTTC-1,21899,236,GRCh38
TGAATGTTCTCACCTG-1,51456,287,GRCh38
TGAATGTTCTGTCTAC-1,16160,189,GRCh38
TGAATTGCAAACCACG-1,54,627,mm10
TGAATTGCAAACTAGC-1,9972,114,GRCh38
TGAATTGCAAATCGGT-1,27323,194,GRCh38
TGAATTGCAAGTCCAG-1,21690,158,GRCh38
TGAATTGCATAGGTGT-1,11447,69,GRCh38
TGAATTGCATCCATGC-1,34519,251,GRCh38
TGAATTGCATCCTGTA-1,20284,176,GRCh38
TGACACGCAAATGGTC-1,25922,262,GRCh38
TGACACGCAGTTGGAT-1,8935,182,GRCh38
TGACACGCATAAGCCG-1,13546,170,GRCh38
TGACACGCATAAGTGC-1,5917,53,GRCh38
TGACACGCATCACACC-1,143,3018,mm10
TGACACGCATGCGTCT-1,33367,201,GRCh38
TGACATTAGATTAACC-1,12679,85,GRCh38
TGACATTAGCAATGAA-1,611,686,mm10
TGACCAGCAACATTGA-1,15713,198,GRCh38
TGACCAGCAGCACCAA-1,13391,140,GRCh38
TGACCCAGTTGCTCAG-1,15838,140,GRCh38
TGACCCTCATTCGTAT-1,15136,79,GRCh38
TGACCTAAGAACGAGT-1,18052,122,GRCh38
TGACCTAAGGAATCGG-1,5168,61,GRCh38
TGACCTAAGGTAGTCC-1,11725,124,GRCh38
TGACCTAAGTGAATCT-1,96,469,mm10
TGACGAAGTAGGCGAT-1,41,422,mm10
TGACGAAGTCAATTCA-1,18607,138,GRCh38
TGACGAAGTCTGGCAC-1,7186,59,GRCh38
TGACGAAGTGGGAATC-1,7101,119,GRCh38
TGACGGGGTTTACTCT-1,9923,56,GRCh38
TGACGGTTCCGTTGGG-1,955,220,GRCh38
TGACGGTTCGCTGACG-1,1868,208,GRCh38
TGACGGTTCGTGCAAC-1,7842,99,GRCh38
TGACGTTGTCTAACTA-1,11053,60,GRCh38
TGACTAACAAGGTCTG-1,8868,66,GRCh38
TGACTAACAGGGCTTA-1,16133,171,GRCh38
TGACTCCCAATTGCTT-1,11925,154,GRCh38
TGACTCCCACTTCAAT-1,24122,162,GRCh38
TGACTCCCAGTACCCT-1,12287,139,GRCh38
TGACTGATCCATAGGC-1,7250,224,GRCh38
TGACTGATCCCAGTCC-1,10864,124,GRCh38
TGACTGATCCCATACT-1,930,59,GRCh38
TGACTGATCCCCTGGT-1,15822,111,GRCh38
TGACTGATCCCTGTGC-1,5723,139,GRCh38
TGAGAACAGCCTTGGG-1,7064,75,GRCh38
TGAGAACAGGATGCGA-1,12000,82,GRCh38
TGAGAATGTAGTGCCC-1,16674,267,GRCh38
TGAGAATGTGGAAGGA-1,15153,201,GRCh38
TGAGAATGTTGACCCA-1,7233,115,GRCh38
TGAGATGGTAGGTCAA-1,10678,109,GRCh38
TGAGATGGTGGGTAGT-1,78,1390,mm10
TGAGATGGTTGTGGTT-1,7752,79,GRCh38
TGAGCAAGTAGCTATC-1,57,636,mm10
TGAGCAAGTTGCGGTC-1,7999,129,GRCh38
TGAGCATCAATCCCGT-1,1631,77,GRCh38
TGAGCATCATAACGGT-1,8616,108,GRCh38
TGAGCCACACCAACGA-1,62,756,mm10
TGAGCCACAGGTATCG-1,3981,60,GRCh38
TGAGCCACATCACTGC-1,10637,246,GRCh38
TGAGCCACATCGTACC-1,11990,65,GRCh38
TGAGCCCGTAGTGCGG-1,10687,87,GRCh38
TGAGCGAAGCGAGTGA-1,9888,128,GRCh38
TGAGCGAAGCTATCTC-1,6033,79,GRCh38
TGAGCGAAGGTTGACC-1,9546,101,GRCh38
TGAGCGAAGTGCTGCG-1,21624,236,GRCh38
TGAGCGAAGTTGCGTA-1,49701,272,GRCh38
TGAGCGCCAACATTAG-1,106,702,mm10
TGAGCGGGTGGCAGCA-1,7493,58,GRCh38
TGAGCGGGTTCGAGCC-1,16418,96,GRCh38
TGAGCTATCACGCTAA-1,15520,98,GRCh38
TGAGCTATCCATCCAT-1,47233,257,GRCh38
TGAGCTGCATCGGTTC-1,16640,163,GRCh38
TGAGCTTGTTGAGCCC-1,44,492,mm10
TGAGGAACACCTCATA-1,1501,102,GRCh38
TGAGGAACATCCCAGT-1,58,961,mm10
TGAGGAACATCCTCAA-1,21476,499,Multiplet
TGAGGATAGATTGCAT-1,160,4229,mm10
TGAGGATAGGATGCTC-1,8240,78,GRCh38
TGAGGATAGTGGCGAA-1,11806,72,GRCh38
TGAGGCGGTCAAGGGT-1,10384,102,GRCh38
TGAGGCGGTGCGTGCT-1,47907,241,GRCh38
TGAGGCGGTTCCGGGT-1,6566,109,GRCh38
TGAGGCGGTTGACTGT-1,17512,155,GRCh38
TGAGGCGGTTGGGTAA-1,16734,210,GRCh38
TGAGGCTTCACCCTTG-1,26359,297,GRCh38
TGAGGCTTCACTCAAG-1,14453,72,GRCh38
TGAGGCTTCCCTCATG-1,7621,54,GRCh38
TGAGGCTTCCTGTCGC-1,20101,510,Multiplet
TGAGGCTTCGATCAAT-1,7293,45,GRCh38
TGAGGGATCCAATTCC-1,24160,195,GRCh38
TGAGGGATCCACCTTG-1,17255,114,GRCh38
TGAGGGATCGATCGTA-1,3720,94,GRCh38
TGAGGTAGTAATTGGG-1,11770,101,GRCh38
TGAGGTAGTAGTGCCC-1,14800,467,GRCh38
TGAGGTAGTTATCGCG-1,46,481,mm10
TGAGGTGAGGAATGTA-1,22103,253,GRCh38
TGAGGTGAGGATCCAC-1,1099,725,GRCh38
TGAGGTGAGTCATCCT-1,33987,335,GRCh38
TGAGGTTCAACATTAG-1,185,5014,mm10
TGAGGTTCAAGTGTAC-1,71,388,mm10
TGAGGTTCATCGGTCT-1,88,1441,mm10
TGAGTAAAGCGAGTGA-1,1722,193,GRCh38
TGAGTAAAGGATGTAA-1,14466,129,GRCh38
TGAGTAAAGTAGACTT-1,10275,87,GRCh38
TGAGTAAAGTCGAACC-1,152,2938,mm10
TGAGTAGGTCTTGGTG-1,9994,93,GRCh38
TGAGTAGGTTGAGTGA-1,4218,63,GRCh38
TGAGTCGCAACTATGA-1,38406,315,GRCh38
TGAGTCGCAGCAGGGA-1,19780,149,GRCh38
TGAGTCGCATGCGGAC-1,32229,280,GRCh38
TGAGTGAGTCTGTGCA-1,12279,77,GRCh38
TGAGTGAGTGAGCGCA-1,7796,182,GRCh38
TGAGTGAGTGCGGCTT-1,31688,222,GRCh38
TGAGTGAGTTCAATGC-1,11175,123,GRCh38
TGAGTTACACTCGGAA-1,47,691,mm10
TGAGTTACATAAGGCT-1,1293,140,GRCh38
TGAGTTGTCATGCAAT-1,14198,143,GRCh38
TGAGTTGTCGATAGGG-1,2970,46,GRCh38
TGAGTTGTCGCTCCAC-1,20692,236,GRCh38
TGAGTTGTCGTGATTG-1,18515,142,GRCh38
TGATAGAAGGTTCGTA-1,3999,52,GRCh38
TGATAGCCAATCGGTG-1,13391,193,GRCh38
TGATCATAGCTAGGGA-1,1362,99,GRCh38
TGATCATAGGATGAGT-1,22032,278,GRCh38
TGATCCCCACAGCGAC-1,8209,66,GRCh38
TGATCCGGTAAGTAAC-1,10664,111,GRCh38
TGATCCGGTAAGTAGT-1,85,2113,mm10
TGATCCGGTATGGCAA-1,14681,119,GRCh38
TGATCCGGTGATGACA-1,174,3985,mm10
TGATCCTTCAGCCACG-1,1328,692,GRCh38
TGATCCTTCGTTACTC-1,11287,101,GRCh38
TGATGAAAGCTACGGT-1,846,54,GRCh38
TGATGAGGTTCATCCC-1,1357,80,GRCh38
TGATGAGGTTGGCTTG-1,3292,73,GRCh38
TGATGCCAGCGAAGCA-1,13141,159,GRCh38
TGATGCCAGTCAGGGA-1,13552,373,GRCh38
TGATGCCAGTGAATCT-1,7605,104,GRCh38
TGATGGCTCAGGGCAA-1,55,502,mm10
TGATGGCTCCCGCAAG-1,975,91,GRCh38
TGATGGCTCCTGATAG-1,16226,98,GRCh38
TGATGGTCATGGCTTC-1,16975,180,GRCh38
TGATGTTAGTGTCCTT-1,19743,123,GRCh38
TGATTAGCAAGGTGCC-1,1549,114,GRCh38
TGATTCCTCCAGGGTT-1,13491,114,GRCh38
TGATTCCTCCATGTCT-1,829,55,GRCh38
TGATTGGTCAGCCACG-1,9057,117,GRCh38
TGATTGGTCAGTTAGT-1,19324,132,GRCh38
TGATTGGTCCTCTCAG-1,7541,60,GRCh38
TGATTGGTCGATACAT-1,25061,218,GRCh38
TGATTTCCAATTAGCA-1,16110,73,GRCh38
TGATTTCCACCTCGTG-1,11119,155,GRCh38
TGATTTCCATCCTAAT-1,6389,41,GRCh38
TGATTTGGTGCGCAAG-1,17934,155,GRCh38
TGCAAACCACATGCGA-1,14323,115,GRCh38
TGCAAACCAGGATTCG-1,26231,208,GRCh38
TGCAAAGGTCCATCAG-1,10058,73,GRCh38
TGCAAAGGTGCAGCCT-1,8494,64,GRCh38
TGCAAAGGTGCAGGCA-1,9507,203,GRCh38
TGCAAATTCGATCACA-1,10024,74,GRCh38
TGCAAATTCTGTAAGT-1,11972,149,GRCh38
TGCAATGTCACTCTCG-1,43777,277,GRCh38
TGCACAATCAGGTTCA-1,30936,252,GRCh38
TGCACAATCCATCGCC-1,13730,187,GRCh38
TGCACAATCTTGATGG-1,12908,126,GRCh38
TGCACACAGCATGATT-1,54863,274,GRCh38
TGCACACAGCCGCATG-1,35372,370,GRCh38
TGCACACAGGAGCCTT-1,113,2789,mm10
TGCACACAGGCACTTA-1,8089,192,GRCh38
TGCACCCTCAGTGCTA-1,43859,232,GRCh38
TGCACCCTCATAGGAA-1,2609,142,GRCh38
TGCACCCTCATGCAAT-1,2023,121,GRCh38
TGCACCCTCCATATCC-1,9844,666,Multiplet
TGCACCTCAACTGTAA-1,13131,78,GRCh38
TGCACCTCACATTCCA-1,26853,161,GRCh38
TGCACGTAGCGGTACT-1,16962,138,GRCh38
TGCACTAAGAATCAGA-1,15178,85,GRCh38
TGCACTAAGCTAGTCA-1,6720,72,GRCh38
TGCACTAAGGTCATTG-1,29688,157,GRCh38
TGCAGGCCAACGGTAT-1,5230,58,GRCh38
TGCAGGCCAAGTGGTT-1,16912,117,GRCh38
TGCAGGCCATCCACTA-1,12413,125,GRCh38
TGCAGGTTCATCACAG-1,22846,215,GRCh38
TGCAGGTTCCTGCTCA-1,9368,123,GRCh38
TGCAGGTTCTGTAACG-1,6775,64,GRCh38
TGCAGTCAGCATTACG-1,27663,258,GRCh38
TGCAGTCAGCCCTGCT-1,4636,113,GRCh38
TGCATAACAGGCAGCT-1,18014,112,GRCh38
TGCATATAGGCACGAA-1,7898,97,GRCh38
TGCATCAAGATTAAGG-1,26301,236,GRCh38
TGCATCAAGCATCGCG-1,9955,182,GRCh38
TGCATCAAGCCTTCGC-1,12512,199,GRCh38
TGCATCCCACAAGCAT-1,10507,130,GRCh38
TGCATTAGTAAGGGTC-1,16788,160,GRCh38
TGCATTAGTCAATTCA-1,2663,45,GRCh38
TGCATTAGTCTGGTAT-1,20674,396,GRCh38
TGCATTAGTTCGCAAT-1,22291,196,GRCh38
TGCATTGAGGCGTAAG-1,13739,179,GRCh38
TGCATTTCATGGTCGA-1,46,573,mm10
TGCCACCTCAATCAGT-1,18638,179,GRCh38
TGCCACCTCATGCACA-1,16557,101,GRCh38
TGCCACCTCCCAATGA-1,20252,135,GRCh38
TGCCACCTCCGGGTTG-1,7974,91,GRCh38
TGCCACCTCGACCTAA-1,5994,83,GRCh38
TGCCAGACAATACCTT-1,11797,146,GRCh38
TGCCAGACATAATCGA-1,637,45,GRCh38
TGCCAGGTCGTTACAG-1,12574,133,GRCh38
TGCCAGTAGATAGCGG-1,37989,291,GRCh38
TGCCAGTAGGTTCAAT-1,2877,67,GRCh38
TGCCATAAGCGGTTAC-1,12275,149,GRCh38
TGCCATCCACAACCCT-1,18047,176,GRCh38
TGCCATCCACATGCGA-1,108,2075,mm10
TGCCATGGTCATTGGT-1,7075,67,GRCh38
TGCCATGGTCTAATGC-1,4055,98,GRCh38
TGCCATGGTGACGATA-1,1391,63,GRCh38
TGCCATTTCACTCCGC-1,113,2859,mm10
TGCCATTTCAGCAACC-1,70966,175,GRCh38
TGCCATTTCCATCGTT-1,13708,212,GRCh38
TGCCATTTCCCATATC-1,17819,125,GRCh38
TGCCATTTCCTGAGTA-1,101,2118,mm10
TGCCCAAGTTTAATCG-1,9592,104,GRCh38
TGCCCATCACCAACTC-1,12806,126,GRCh38
TGCCCATCACTTGCAC-1,110,2327,mm10
TGCCCGAAGATTCGTG-1,42963,255,GRCh38
TGCCCGAAGTAGGAGT-1,49,706,mm10
TGCCCGTTCCGGGTCA-1,8886,130,GRCh38
TGCCCGTTCCTGATCT-1,11616,82,GRCh38
TGCCCTCAGCCAGCCA-1,16287,117,GRCh38
TGCCCTCAGTTGCTCT-1,24459,187,GRCh38
TGCCCTTGTGGAGCAT-1,10960,107,GRCh38
TGCCCTTGTTATCCAA-1,71,1758,mm10
TGCCCTTGTTCCGTAG-1,10053,227,GRCh38
TGCCGAACAAACTATG-1,67,892,mm10
TGCCGAACAAGTCCTC-1,11485,132,GRCh38
TGCCGAACAGCTAGAT-1,10149,166,GRCh38
TGCCGAACATAATCTC-1,15970,225,GRCh38
TGCCGAACATCATACT-1,4442,116,GRCh38
TGCCGAACATTAGCTT-1,12529,131,GRCh38
TGCCGATAGCGCTTAA-1,44562,372,GRCh38
TGCCGATAGGCTCCAG-1,5920,135,GRCh38
TGCCGCTTCACTCCGC-1,106,2006,mm10
TGCCGCTTCGACCAGT-1,96,1841,mm10
TGCCGCTTCTAACCAG-1,18894,169,GRCh38
TGCCGCTTCTGGCACG-1,20932,199,GRCh38
TGCCGTAGTAGTGCCC-1,4940,161,GRCh38
TGCCGTAGTATGTACC-1,1206,52,GRCh38
TGCCGTAGTTCCAGCA-1,12813,130,GRCh38
TGCCGTGAGCTGGAAG-1,34,478,mm10
TGCCGTTCACCTCATA-1,80,1161,mm10
TGCCGTTCAGCCAAGC-1,7912,84,GRCh38
TGCCGTTCAGGACTGC-1,1141,81,GRCh38
TGCCTAAAGCATGACC-1,45512,324,GRCh38
TGCCTAAAGCTATGCA-1,87,878,mm10
TGCCTAAAGGTAATTC-1,21914,898,Multiplet
TGCCTAAAGGTGCGTT-1,1018,46,GRCh38
TGCCTAAAGTAACCCA-1,16776,147,GRCh38
TGCCTAAAGTAGAGCG-1,20832,183,GRCh38
TGCCTAGGTAATGCGA-1,11363,123,GRCh38
TGCCTAGGTGCAGCCT-1,12014,125,GRCh38
TGCCTCATCACATACG-1,83,1879,mm10
TGCCTCATCTAGTGCA-1,11823,135,GRCh38
TGCCTCGCAATAGCCG-1,7944,73,GRCh38
TGCCTCGCATAGACCG-1,19361,254,GRCh38
TGCCTCGCATCACTTG-1,1756,230,GRCh38
TGCCTCTGTAACCCAT-1,2536,146,GRCh38
TGCCTCTGTCCCGTAA-1,20226,199,GRCh38
TGCCTCTGTCTAGCAT-1,4169,131,GRCh38
TGCCTCTGTTGGTAGA-1,15209,108,GRCh38
TGCCTGCTCCATCGCC-1,1881,77,GRCh38
TGCCTTTAGCATGTAT-1,3559,84,GRCh38
TGCGAAAGTGGGTAAC-1,10911,127,GRCh38
TGCGAAAGTTAACCAC-1,54721,252,GRCh38
TGCGACCGTCCATTAA-1,10430,163,GRCh38
TGCGACCGTGCAGCTC-1,11438,98,GRCh38
TGCGACTAGCATATCG-1,9487,94,GRCh38
TGCGACTAGGATCAGG-1,1521,75,GRCh38
TGCGACTAGGGTCCAT-1,8141,209,GRCh38
TGCGACTAGTGATACT-1,20916,264,GRCh38
TGCGACTAGTTACCAG-1,16270,198,GRCh38
TGCGAGGGTTAGGGAC-1,24786,271,GRCh38
TGCGAGGGTTATATCG-1,10481,127,GRCh38
TGCGATTGTTGAGCCC-1,33201,255,GRCh38
TGCGGCTGTGACTTCG-1,11129,127,GRCh38
TGCGGCTGTGATCCCA-1,9743,113,GRCh38
TGCGGGTCACAGGATT-1,10728,75,GRCh38
TGCGGGTCAGTACCCT-1,14341,92,GRCh38
TGCGGTTAGCCCTTCA-1,16282,88,GRCh38
TGCGGTTAGCTGGCAT-1,2991,260,GRCh38
TGCGTAATCACCTTAC-1,28227,254,GRCh38
TGCTAACGTCAGGCAG-1,177,3566,mm10
TGCTAACGTTATGCAC-1,14533,154,GRCh38
TGCTAAGTCAATGGCC-1,9997,189,GRCh38
TGCTAAGTCCAGGGAA-1,6450,26,GRCh38
TGCTAAGTCCATCCCA-1,20565,131,GRCh38
TGCTAAGTCCATCCGC-1,47321,347,GRCh38
TGCTAAGTCCCGTGTC-1,12644,73,GRCh38
TGCTAAGTCGAATCAT-1,22093,213,GRCh38
TGCTAAGTCGCGAACT-1,20511,101,GRCh38
TGCTAAGTCTATGCGA-1,17206,187,GRCh38
TGCTAAGTCTGGGACT-1,196,4719,mm10
TGCTACAAGCCGATAC-1,25256,202,GRCh38
TGCTACAAGGGGTAAT-1,23777,282,GRCh38
TGCTACCCAACATCCC-1,24207,220,GRCh38
TGCTACCCAACTCGCT-1,92,600,mm10
TGCTACCCAATTCGTT-1,13572,137,GRCh38
TGCTACCCATTACTCG-1,90,1146,mm10
TGCTACTTCAGGCTCG-1,28671,382,GRCh38
TGCTACTTCTTGACTC-1,12579,86,GRCh38
TGCTATAGTAAGGTCA-1,9201,103,GRCh38
TGCTATGAGGAGCTTC-1,21196,186,GRCh38
TGCTATGAGTAGGAGT-1,2265,337,GRCh38
TGCTCACCATGGCAGC-1,7127,109,GRCh38
TGCTCCATCACCAATG-1,13429,138,GRCh38
TGCTCCATCCCAGTCC-1,92,1278,mm10
TGCTCCATCGATGGGA-1,16171,95,GRCh38
TGCTCCGCAAATCCAA-1,4069,192,GRCh38
TGCTCCGCACCATCAC-1,6775,59,GRCh38
TGCTCGCTCCGTGCAG-1,609,934,mm10
TGCTGATGTTGGGTAA-1,12230,116,GRCh38
TGCTGCCTCCACCGCT-1,185,4632,mm10
TGCTGGACAAAGGACA-1,14709,194,GRCh38
TGCTGGACACCATGCT-1,12280,84,GRCh38
TGCTGGACATCATATC-1,108,2446,mm10
TGCTGGACATTAGCAA-1,32426,175,GRCh38
TGCTGGGTCCGTTAGA-1,14001,94,GRCh38
TGCTGGGTCGCTTCAT-1,8352,65,GRCh38
TGCTGTCCAGGCTTGA-1,17624,192,GRCh38
TGCTTAGAGCCTGAAC-1,12859,157,GRCh38
TGCTTAGAGGAGTCGA-1,18414,139,GRCh38
TGCTTAGAGGATGGAT-1,23870,176,GRCh38
TGCTTCACAAGTTCCC-1,22421,143,GRCh38
TGGAACCTCACCAGTA-1,10377,109,GRCh38
TGGAACCTCGATGTCA-1,38157,314,GRCh38
TGGAATGGTGCGCAGA-1,12016,83,GRCh38
TGGAATGGTGCGCGTT-1,3018,356,GRCh38
TGGACGAAGCCATCAA-1,1394,73,GRCh38
TGGACGAAGCGCATCG-1,7719,88,GRCh38
TGGACGAAGGGGCAGT-1,11840,73,GRCh38
TGGACGAAGGTAATCT-1,1018,535,GRCh38
TGGACGAAGTGATGAA-1,38615,279,GRCh38
TGGACGTTCAAGTTAC-1,8260,98,GRCh38
TGGACGTTCAATCCGA-1,17881,169,GRCh38
TGGACGTTCCACCGCT-1,43888,145,GRCh38
TGGACTATCAGCCCAG-1,31174,296,GRCh38
TGGACTATCCGCTGAG-1,42775,326,GRCh38
TGGAGCAAGCTACCAA-1,8872,106,GRCh38
TGGAGCAAGGCACTTA-1,7240,49,GRCh38
TGGAGCAAGTGGGTCT-1,7910,67,GRCh38
TGGAGCGGTGAACGTA-1,9059,97,GRCh38
TGGAGCGGTTCCGTCT-1,25765,305,GRCh38
TGGAGCGGTTTCGGGC-1,25042,251,GRCh38
TGGAGGATCAGTACCA-1,28780,186,GRCh38
TGGAGTAGTAAGCTAG-1,63,1166,mm10
TGGAGTAGTCAACCCA-1,4975,101,GRCh38
TGGAGTAGTCTAGTAC-1,12967,144,GRCh38
TGGAGTAGTTGACCAT-1,11771,137,GRCh38
TGGATATTCACACTTC-1,121,2385,mm10
TGGATATTCCGCCAAG-1,9763,112,GRCh38
TGGATATTCGACTGGT-1,11516,148,GRCh38
TGGATATTCGTGATGC-1,2698,213,GRCh38
TGGATATTCGTGCCAG-1,12759,152,GRCh38
TGGATGCTCAATTCCC-1,5628,109,GRCh38
TGGATGCTCCCTCATG-1,5763,472,GRCh38
TGGATGGAGCCAATGC-1,8783,122,GRCh38
TGGATGGAGGCTTCGG-1,13818,159,GRCh38
TGGATTGTCACAGGAG-1,15234,103,GRCh38
TGGATTGTCATAGGCC-1,18019,223,GRCh38
TGGATTGTCCCTGACC-1,124,1316,mm10
TGGATTGTCGATGGAG-1,24370,222,GRCh38
TGGATTGTCTGGATAT-1,1039,85,GRCh38
TGGATTTAGATTGCCA-1,5037,40,GRCh38
TGGATTTAGCATGTAT-1,793,138,GRCh38
TGGATTTAGCTGGTAC-1,20770,122,GRCh38
TGGCACTAGGTTCAGC-1,30457,289,GRCh38
TGGCACTAGTAACGCC-1,30196,182,GRCh38
TGGCATATCAATCAGT-1,15391,131,GRCh38
TGGCATATCAATGGCC-1,1432,280,GRCh38
TGGCATATCACGCCTC-1,21059,128,GRCh38
TGGCATATCATGCCGG-1,7471,37,GRCh38
TGGCATGCAATACCGG-1,6370,58,GRCh38
TGGCATGCATCCTTGA-1,3225,120,GRCh38
TGGCCATAGAAGCAAC-1,1819,236,GRCh38
TGGCCATAGCTAGCGT-1,2581,148,GRCh38
TGGCCATAGGATTGAA-1,5501,107,GRCh38
TGGCCATAGGTGGATG-1,15251,164,GRCh38
TGGCCATAGTGAGACG-1,19376,189,GRCh38
TGGCCTGAGAATCCAT-1,107,1313,mm10
TGGCCTGAGTCTCTGT-1,75,533,mm10
TGGCGAGGTCTAGTGT-1,11621,144,GRCh38
TGGCGATTCACAGAGG-1,1105,77,GRCh38
TGGCGATTCAGGGCTT-1,158,3839,mm10
TGGCGATTCGACATGC-1,25211,220,GRCh38
TGGCGCATCAGCAGAG-1,33818,258,GRCh38
TGGCGCATCAGTACCA-1,11337,128,GRCh38
TGGCGCATCATGCAGC-1,10770,112,GRCh38
TGGCGCATCCGGGCTA-1,5872,151,GRCh38
TGGCGCATCGACTGGT-1,12479,2502,Multiplet
TGGCGCATCGTTGCCC-1,3623,80,GRCh38
TGGCGGTCACTTCGCG-1,15751,151,GRCh38
TGGCGGTCATGACTAA-1,39994,204,GRCh38
TGGCGGTCATTACTCG-1,11908,138,GRCh38
TGGCTAATCACATTCC-1,9032,58,GRCh38
TGGCTATGTAAGCGGT-1,1141,215,GRCh38
TGGCTCAGTGGGTTGG-1,14034,205,GRCh38
TGGCTCTCACATGCAG-1,11960,206,GRCh38
TGGCTGACAAGCGGAG-1,8234,120,GRCh38
TGGCTGACAATACCGG-1,7611,89,GRCh38
TGGCTTGGTGAGGAAG-1,12213,76,GRCh38
TGGCTTGGTGATCAAG-1,14861,134,GRCh38
TGGGAACGTAAGTCGA-1,14343,147,GRCh38
TGGGAACGTAATTGCC-1,4727,38,GRCh38
TGGGAACGTGCGAGTG-1,44124,239,GRCh38
TGGGACAAGCGCTTGG-1,10196,117,GRCh38
TGGGACAAGCGGTCAT-1,855,37,GRCh38
TGGGACAAGGCATCGT-1,13399,107,GRCh38
TGGGATTCACCACATC-1,23820,261,GRCh38
TGGGATTCAGTTAATG-1,17230,108,GRCh38
TGGGCAAAGCAGGCTT-1,5759,241,GRCh38
TGGGCAAAGCGAGACA-1,5655,58,GRCh38
TGGGCAAAGGTTAGCC-1,11591,93,GRCh38
TGGGCACCAGCTAACG-1,48961,293,GRCh38
TGGGCACCATCGGTCT-1,23304,206,GRCh38
TGGGCACCATGAATGC-1,5010,145,GRCh38
TGGGCACCATGCGTCT-1,33712,350,GRCh38
TGGGCGAGTAACGTGA-1,27318,186,GRCh38
TGGGCGAGTATTGGCT-1,596,468,GRCh38
TGGGCGAGTGCGCGAA-1,7627,81,GRCh38
TGGGCGAGTTTCCTTG-1,5688,187,GRCh38
TGGGCTTAGATAGCTT-1,10383,52,GRCh38
TGGGCTTAGCGCCTGA-1,2480,204,GRCh38
TGGGCTTAGTCATACG-1,4576,49,GRCh38
TGGGGCAGTAACGGGT-1,3913,110,GRCh38
TGGGGCAGTAACTGTC-1,8559,70,GRCh38
TGGGGCTCAACCGGAC-1,9636,103,GRCh38
TGGGGCTCAACTGGTG-1,19583,108,GRCh38
TGGGGCTCACAGGACC-1,9968,146,GRCh38
TGGGGCTCATGGTTAA-1,2151,64,GRCh38
TGGGGTAAGCCTGTGG-1,1727,136,GRCh38
TGGGGTAAGCGAACCT-1,6166,94,GRCh38
TGGGGTAAGGTTGACC-1,10657,98,GRCh38
TGGGGTAAGTATCTGG-1,17175,171,GRCh38
TGGGGTAAGTGAGAGT-1,11543,141,GRCh38
TGGGGTTTCGTAACTG-1,1259,17,GRCh38
TGGGGTTTCGTGAGTC-1,9125,87,GRCh38
TGGGGTTTCGTGCGTG-1,7395,82,GRCh38
TGGGTCACAGGGCTAC-1,8969,81,GRCh38
TGGGTTATCACGCATA-1,2916,362,GRCh38
TGGGTTATCCCCAGGA-1,16797,107,GRCh38
TGGGTTATCGATTCCT-1,2191,306,GRCh38
TGGGTTGCAACGTTCC-1,3239,205,GRCh38
TGGGTTGCAAGCTGCA-1,35600,242,GRCh38
TGGGTTGCACAAGGTT-1,124,3126,mm10
TGGGTTGCAGCCATCT-1,9071,102,GRCh38
TGGTAAGGTCATGCCA-1,31563,170,GRCh38
TGGTAAGGTTAAGCAG-1,17256,188,GRCh38
TGGTAAGGTTGGGTAA-1,17002,107,GRCh38
TGGTACGCACAGGCGT-1,12336,96,GRCh38
TGGTACGCACTTCGGT-1,148,2254,mm10
TGGTACGCATAAGCTA-1,10086,190,GRCh38
TGGTAGGAGCATAGCC-1,11070,122,GRCh38
TGGTAGGAGTAGCAGG-1,8764,135,GRCh38
TGGTAGTCAACATACA-1,9891,82,GRCh38
TGGTAGTCACCAATCC-1,14315,292,GRCh38
TGGTAGTCACTAGCTC-1,4717,161,GRCh38
TGGTAGTCAGCTACAG-1,9899,110,GRCh38
TGGTATTAGCGATACC-1,19403,210,GRCh38
TGGTATTAGGCTATAT-1,20280,98,GRCh38
TGGTCAATCCAATGAT-1,10657,116,GRCh38
TGGTCAATCCGCCATC-1,10877,178,GRCh38
TGGTCAATCCGCTGTC-1,294,5379,mm10
TGGTCACAGGCAATGG-1,10718,101,GRCh38
TGGTCCCTCACCACTT-1,88,1018,mm10
TGGTCCCTCGTTACTC-1,4023,91,GRCh38
TGGTCCCTCTAGCCGG-1,1613,78,GRCh38
TGGTCCTCAAACTCAA-1,38467,224,GRCh38
TGGTCTAAGAAGGATC-1,12995,85,GRCh38
TGGTCTAAGGTCAAGG-1,17235,186,GRCh38
TGGTCTAAGTGAACGG-1,1890,199,GRCh38
TGGTCTAAGTTACAGT-1,39119,195,GRCh38
TGGTGAGAGGCGAGTA-1,24107,197,GRCh38
TGGTGGTTCAATGGCC-1,17677,143,GRCh38
TGGTGGTTCCTTCGCA-1,18993,176,GRCh38
TGGTGGTTCTGTGCAA-1,20454,173,GRCh38
TGGTGGTTCTTGATGG-1,599,11,GRCh38
TGGTGTTGTCTAGTAC-1,6495,101,GRCh38
TGGTGTTGTGAGCCAG-1,36042,157,GRCh38
TGGTTAACAGCACGTA-1,6518,102,GRCh38
TGGTTAACATAACTCT-1,9335,65,GRCh38
TGGTTAACATGACCTC-1,17577,213,GRCh38
TGGTTAACATTACATC-1,626,32,GRCh38
TGGTTAACATTCGTTG-1,17178,143,GRCh38
TGGTTACGTAAGTGTG-1,94,2055,mm10
TGGTTACGTAGTGCAA-1,15267,140,GRCh38
TGGTTACGTCAGCCGT-1,13247,130,GRCh38
TGGTTACGTTATGTCA-1,33924,187,GRCh38
TGGTTACGTTGCCTAG-1,100,1536,mm10
TGGTTACGTTGCGTAT-1,9364,103,GRCh38
TGGTTATAGCCTGCCT-1,29291,249,GRCh38
TGGTTATAGGATATAG-1,9855,110,GRCh38
TGGTTCAAGGTGATCC-1,12885,104,GRCh38
TGGTTCAAGTCATCCT-1,4860,52,GRCh38
TGGTTCCCAAGCGGTC-1,11190,101,GRCh38
TGGTTCCCAAGCTTAA-1,11142,116,GRCh38
TGGTTTAGTCTAAGCT-1,2995,71,GRCh38
TGGTTTGAGAAGCGGC-1,12753,91,GRCh38
TGGTTTGAGCAACCAC-1,48155,221,GRCh38
TGGTTTGAGTGATCCA-1,9065,121,GRCh38
TGTAACCGTGATTCCG-1,10329,143,GRCh38
TGTAACCGTTCGCTTC-1,25390,182,GRCh38
TGTAACTAGTACCAGC-1,84,571,mm10
TGTAAGCCACCTCGTG-1,851,63,GRCh38
TGTAATGCACTAACCC-1,3134,112,GRCh38
TGTAATGCACTAGTAA-1,19913,198,GRCh38
TGTAATGCACTTGGGA-1,1587,260,GRCh38
TGTAATGCATCCAACC-1,13460,122,GRCh38
TGTAATGCATGGTCGA-1,17899,88,GRCh38
TGTACCCCAAATCGCG-1,6222,70,GRCh38
TGTACCCCAACCAGGC-1,8063,91,GRCh38
TGTACCCCAAGTGGCC-1,10935,139,GRCh38
TGTACCGGTTGGGATA-1,12970,179,GRCh38
TGTACCTTCTAACCGA-1,20066,116,GRCh38
TGTACGATCGCATACA-1,10535,95,GRCh38
TGTACGATCGTGCTGG-1,10215,108,GRCh38
TGTACTGAGAATCACT-1,269,7614,mm10
TGTACTGAGGCACGAA-1,17483,145,GRCh38
TGTACTTCAATACATG-1,21470,165,GRCh38
TGTACTTCAGGCATTG-1,30234,271,GRCh38
TGTACTTCATTACGCC-1,21980,228,GRCh38
TGTAGAGGTGGGTCTC-1,1141,185,GRCh38
TGTAGCATCCGTCATT-1,7443,90,GRCh38
TGTAGCGCAGGCTTGA-1,9474,99,GRCh38
TGTAGCGCAGGGCTAC-1,13125,108,GRCh38
TGTAGCGCATCCCTAA-1,9498,77,GRCh38
TGTAGCTGTCAAGTCT-1,22373,228,GRCh38
TGTAGCTGTTTAAGCC-1,76,1571,mm10
TGTAGGTCAACGGTCA-1,1858,30,GRCh38
TGTAGGTCAAGCCGTA-1,1258,85,GRCh38
TGTAGTTAGCCATAGC-1,3277,73,GRCh38
TGTAGTTAGGTTAGGG-1,11085,88,GRCh38
TGTATAGCAATACGCG-1,115,3064,mm10
TGTATAGCAGCAGGTC-1,25845,278,GRCh38
TGTATCAGTGATTCCG-1,7528,106,GRCh38
TGTATCAGTTAAGCTC-1,8535,60,GRCh38
TGTATCCTCTAGCTGA-1,15136,133,GRCh38
TGTATGACAGCCATTC-1,14047,176,GRCh38
TGTATGACAGGATCAT-1,4036,45,GRCh38
TGTATGACATCCTCAA-1,11849,135,GRCh38
TGTATGGTCCCTCAAT-1,12503,132,GRCh38
TGTATGGTCCTCTCTC-1,39,564,mm10
TGTATGGTCGATGGAG-1,1079,54,GRCh38
TGTATGGTCTCATCGT-1,9183,155,GRCh38
TGTATGGTCTGGGATC-1,7246,96,GRCh38
TGTATTCCAAGGTTCG-1,34423,226,GRCh38
TGTATTCCACCATGTC-1,9861,93,GRCh38
TGTATTCCATAGGTAC-1,8712,81,GRCh38
TGTATTCCATTCAGTT-1,2200,75,GRCh38
TGTATTGGTCTAGCGC-1,11557,117,GRCh38
TGTCACCCAATCAATG-1,5207,52,GRCh38
TGTCACCCATAAGGGA-1,8171,69,GRCh38
TGTCACCCATCCTCGG-1,3298,348,GRCh38
TGTCACTTCACGGCTG-1,10233,132,GRCh38
TGTCACTTCAGGTAGG-1,11444,309,GRCh38
TGTCATGAGTGTCCTT-1,987,122,GRCh38
TGTCATTCATAATTGG-1,13786,225,GRCh38
TGTCATTCATCCCAAC-1,8229,85,GRCh38
TGTCATTCATCGCTTA-1,9429,162,GRCh38
TGTCCAAAGTGGCTTA-1,18026,190,GRCh38
TGTCCACCAAAGGTTC-1,5751,115,GRCh38
TGTCCACCAACTCGTC-1,8044,124,GRCh38
TGTCCACCAATCTCGC-1,11073,128,GRCh38
TGTCCACCATGGTCCT-1,10916,78,GRCh38
TGTCCCATCCACGGCA-1,37518,202,GRCh38
TGTCCCATCGTTCGCC-1,10499,111,GRCh38
TGTCCCGCATAACGTA-1,809,41,GRCh38
TGTCCCGCATTAACCT-1,60,642,mm10
TGTCCCGCATTAGATG-1,20008,320,GRCh38
TGTCCCGCATTAGTTC-1,13859,193,GRCh38
TGTCCCTGTCAAGGCG-1,46,747,mm10
TGTCCGCTCCCAGACG-1,24206,221,GRCh38
TGTCCGCTCCGGACAT-1,8371,93,GRCh38
TGTCCGCTCCTGCGAG-1,112,2359,mm10
TGTCCGGAGCATCCAA-1,11068,133,GRCh38
TGTCCGGAGTTGGACC-1,20337,185,GRCh38
TGTCCTTAGCGAAGCA-1,17219,648,Multiplet
TGTCCTTAGTGATCCA-1,15470,202,GRCh38
TGTCGAATCACGCAAC-1,9364,104,GRCh38
TGTCGATGTTCCATCC-1,9379,124,GRCh38
TGTCGTCCAACCTGGA-1,47590,183,GRCh38
TGTCGTCCAATAGCGT-1,11188,124,GRCh38
TGTCGTCCATGGCGAC-1,24489,269,GRCh38
TGTCGTCCATTAGGGT-1,17188,149,GRCh38
TGTCGTTTCAAGTAGA-1,4569,45,GRCh38
TGTCGTTTCATGCAGC-1,10876,97,GRCh38
TGTCGTTTCATGCTCT-1,1210,20,GRCh38
TGTCTAAGTTGTGGAA-1,56574,154,GRCh38
TGTCTCACAACTGGCA-1,28354,143,GRCh38
TGTCTCACACTTGATT-1,54926,292,GRCh38
TGTCTCACATAATCCT-1,8272,117,GRCh38
TGTCTGTTCACAGGCT-1,18935,206,GRCh38
TGTCTGTTCACTCTCG-1,11548,139,GRCh38
TGTCTGTTCACTTCGT-1,70,863,mm10
TGTCTGTTCCATGAGC-1,6346,98,GRCh38
TGTCTGTTCGACCCGA-1,22507,179,GRCh38
TGTCTTGCATAGATTG-1,54258,263,GRCh38
TGTGAACCACAGGCGT-1,944,591,GRCh38
TGTGAACCAGTTGCTC-1,15030,92,GRCh38
TGTGAACCATCCAGCT-1,9430,76,GRCh38
TGTGAAGGTCATGGTT-1,10712,119,GRCh38
TGTGAGGAGCTTAGGC-1,19092,141,GRCh38
TGTGAGGAGGATTAAG-1,8192,101,GRCh38
TGTGAGGAGGTCCACG-1,11331,137,GRCh38
TGTGATTAGGTAGCTC-1,15255,127,GRCh38
TGTGATTAGGTCACAC-1,2267,282,GRCh38
TGTGATTAGTTAGCCA-1,16985,182,GRCh38
TGTGCAATCACTAGGC-1,4843,85,GRCh38
TGTGCAATCCTCTCGA-1,11646,110,GRCh38
TGTGCAATCCTTGACT-1,73,1089,mm10
TGTGCATGTATTGGGA-1,20625,236,GRCh38
TGTGCATGTTCCAGCA-1,21096,209,GRCh38
TGTGCCAGTCAGTATC-1,9945,99,GRCh38
TGTGCCCTCTCATGTC-1,7191,140,GRCh38
TGTGCCTCAATCAGGT-1,10384,80,GRCh38
TGTGCCTCAATCCCTA-1,10841,123,GRCh38
TGTGCCTCAATTCACT-1,1217,77,GRCh38
TGTGCCTCACAGCGGT-1,2144,48,GRCh38
TGTGCCTCATCGGGTA-1,6200,50,GRCh38
TGTGCGCGTCTAATCA-1,16924,163,GRCh38
TGTGCGCGTTAGCAAG-1,23422,228,GRCh38
TGTGCGCGTTTACCGG-1,9212,91,GRCh38
TGTGCTGGTATTAGGG-1,7152,126,GRCh38
TGTGCTGGTCAACCGC-1,8783,76,GRCh38
TGTGCTGGTCCATATA-1,10614,105,GRCh38
TGTGCTGGTGCAGGTG-1,1021,53,GRCh38
TGTGCTGGTTTAAGCC-1,10495,67,GRCh38
TGTGGTCAGCAAGGCA-1,19422,172,GRCh38
TGTGGTTGTAGTTGAG-1,951,45,GRCh38
TGTGGTTGTTCATCGG-1,74,1678,mm10
TGTGTACGTATGGACA-1,8759,78,GRCh38
TGTGTACGTCATCGGC-1,1313,661,GRCh38
TGTGTACGTGATGACA-1,16664,147,GRCh38
TGTGTACGTTCGCTTC-1,35802,686,Multiplet
TGTGTACGTTGCGATT-1,19632,231,GRCh38
TGTGTACGTTGCGCGT-1,136,2743,mm10
TGTGTTAGTCAATGGA-1,85,715,mm10
TGTGTTAGTGAAGGCT-1,15456,140,GRCh38
TGTGTTAGTGGCCAGA-1,72,1192,mm10
TGTGTTGAGCCGCATG-1,13835,190,GRCh38
TGTGTTGAGGCACAGA-1,25556,132,GRCh38
TGTGTTGAGTAGCTTG-1,1299,61,GRCh38
TGTGTTGAGTCATAGT-1,7091,136,GRCh38
