barcode,GRCh38,mm10,call
AAACCAAAGCTAGTTG-1,86,274,mm10
AAACCAAAGGGGTTGA-1,45822,493,Multiplet
AAACCATTCTAGCCGG-1,758,22,GRCh38
AAACCATTCTGGGCAT-1,5424,458,Multiplet
AAACCCGCAACGTTAA-1,3482,130,GRCh38
AAACCCGCATTCGGAG-1,15035,303,Multiplet
AAACCCTGTCATCCTC-1,618,128,GRCh38
AAACCCTGTTAGTACC-1,71771,383,Multiplet
AAACCGCTCACCCTGC-1,11418,205,Multiplet
AAACCGCTCGCGATAC-1,27523,279,Multiplet
AAACGAATCCGTGCTC-1,1045,42,GRCh38
AAACGAATCGAGTGGA-1,47746,413,Multiplet
AAACGATGTAGCAGGT-1,1478,45,GRCh38
AAACGATGTTGTGACT-1,21778,186,Multiplet
AAACGCCTCATGCGTA-1,22948,229,Multiplet
AAACGCCTCTAGTTCC-1,17806,156,Multiplet
AAACGGACAACGGGCT-1,23013,315,Multiplet
AAACGGACACAATGAC-1,36614,351,Multiplet
AAACGGGTCACAGCGT-1,9218,240,Multiplet
AAACGGGTCACATGGC-1,4946,125,GRCh38
AAACGGGTCAGCACCG-1,1509,176,Multiplet
AAACGGGTCAGCTAAT-1,11972,204,Multiplet
AAACGGGTCTAGCCTT-1,12291,265,Multiplet
AAACGTAAGTCGATTG-1,14134,175,Multiplet
AAACTCACAAGGTGCC-1,25937,380,Multiplet
AAACTCACATAATCTC-1,9542,156,Multiplet
AAACTCACATTACTCG-1,10720,718,Multiplet
AAACTCCGTAGCCTCA-1,16403,250,Multiplet
AAACTCCGTTTCGTCC-1,11082,177,Multiplet
AAAGCAATCAAGTTAC-1,1124,18,GRCh38
AAAGCAATCGCTGAAC-1,33708,326,Multiplet
AAAGCATGTTTGGCGC-1,32383,283,Multiplet
AAAGCCAGTGAGAGGA-1,80,173,mm10
AAAGCCAGTTGCGGAG-1,21270,281,Multiplet
AAAGCCTCAGGATCGC-1,2030,361,Multiplet
AAAGCTAAGAACGGAT-1,1320,193,GRCh38
AAAGCTAAGTGAATGA-1,12777,109,GRCh38
AAAGCTAAGTTGCCTT-1,26154,118,GRCh38
AAAGCTGGTAAGTGTG-1,57068,331,Multiplet
AAAGCTGGTCCATTAA-1,744,239,GRCh38
AAAGCTGGTTACTGCG-1,44847,153,Multiplet
AAAGGTCAGGGGCAGT-1,42647,532,Multiplet
AAAGGTCAGTCAGGTC-1,8128,414,Multiplet
AAAGGTCAGTTACGGC-1,24563,341,Multiplet
AAAGGTTGTGAACGTA-1,14105,554,Multiplet
AAAGGTTGTGCAACTT-1,24132,242,Multiplet
AAAGGTTGTTTCCTAT-1,20024,194,Multiplet
AAAGTAGTCACAGATT-1,1072,30,GRCh38
AAAGTAGTCCGTGTGG-1,64886,178,Multiplet
AAAGTCAAGGTAACGG-1,7445,155,Multiplet
AAAGTCAAGGTTCGTA-1,21467,227,Multiplet
AAAGTTGAGCCTGGAT-1,14490,113,GRCh38
AAATGAGTCATGCGGT-1,26344,240,Multiplet
AAATGAGTCCCAGGAT-1,560,21,GRCh38
AAATGCAAGGTCGATC-1,8348,388,Multiplet
AAATGCAAGGTTAGCC-1,13763,150,Multiplet
AAATGCAAGTAGCGGA-1,15001,117,GRCh38
AAATGCAAGTCGACAC-1,31900,345,Multiplet
AAATGCAAGTGAAGCG-1,694,13,GRCh38
AAATGCTTCACAGCTA-1,28100,1157,Multiplet
AAATGTGAGGGCTATC-1,66066,382,Multiplet
AAATGTGAGTCATGCA-1,1822,122,GRCh38
AAATTCGCAAGCACCA-1,36036,351,Multiplet
AAATTCGCACTTGGTC-1,5701,634,Multiplet
AAATTGCTCCACGGAT-1,61538,326,Multiplet
AAATTGCTCGAATCAT-1,15079,166,Multiplet
AAATTGCTCGTGAGGA-1,20520,197,Multiplet
AACACACCAAGCGTTG-1,1195,745,GRCh38
AACACACCACTAGTCC-1,34005,335,Multiplet
AACACACCATTACTGT-1,4424,95,GRCh38
AACACATTCACGGAGA-1,18489,179,Multiplet
AACACATTCATGCTCT-1,4580,169,Multiplet
AACACATTCCCTCTAG-1,40524,368,Multiplet
AACACATTCGTGCAAC-1,42450,327,Multiplet
AACACCATCCCCTTGA-1,20620,293,Multiplet
AACACGAGTCATTGCG-1,29555,286,Multiplet
AACACTTAGGCTACCG-1,918,44,GRCh38
AACAGCTCAATACGCG-1,20017,213,Multiplet
AACAGCTCAGGGCACT-1,89547,253,Multiplet
AACAGCTCAGTTAGCG-1,13224,322,Multiplet
AACAGGCGTTCCAGAT-1,8985,164,Multiplet
AACAGGTAGATTCAGT-1,14697,355,Multiplet
AACAGGTAGCCAGCCA-1,16521,117,GRCh38
AACAGTAAGCATAGCC-1,39293,311,Multiplet
AACATAGAGGATGCGA-1,248,188,GRCh38
AACATAGAGGGGACGT-1,2834,267,Multiplet
AACATCACAACCAACG-1,9674,360,Multiplet
AACATCACACTTGCTA-1,19157,191,Multiplet
AACATCCGTCATGCGC-1,921,51,GRCh38
AACATCCGTGGAGCTG-1,18386,522,Multiplet
AACATGAAGATACTAC-1,14477,145,Multiplet
AACATGAAGTAATGTC-1,27117,338,Multiplet
AACATTCAGCAAGGCA-1,31510,309,Multiplet
AACATTCAGGGCTCCA-1,14041,297,Multiplet
AACATTGCAAAGGATG-1,21619,222,Multiplet
AACATTGCAAGCTAGT-1,65953,311,Multiplet
AACATTGCATCAATCT-1,1369,46,GRCh38
AACCAACCAAACTGCG-1,12021,342,Multiplet
AACCAACCAGGTTCAG-1,10161,269,Multiplet
AACCAACCATCATAGA-1,58,548,mm10
AACCAACCATCCAAGG-1,37955,324,Multiplet
AACCAAGGTGGCTCAC-1,23757,145,Multiplet
AACCAAGGTTTAGTGC-1,21569,212,Multiplet
AACCAATTCAGTAGTT-1,2518,1625,Multiplet
AACCAATTCCAGCCCT-1,12635,196,Multiplet
AACCAATTCGATGCGT-1,30833,646,Multiplet
AACCACGCAAACTGCG-1,28076,352,Multiplet
AACCACGCACCTACCG-1,23023,283,Multiplet
AACCACGCAGGACAGG-1,41941,311,Multiplet
AACCACGCATTCGGCT-1,13869,282,Multiplet
AACCAGCTCATCAGTG-1,55149,1010,Multiplet
AACCAGGAGCGAGACA-1,42935,912,Multiplet
AACCATTAGGCACTCG-1,2635,131,GRCh38
AACCCAATCATGCGGT-1,24313,228,Multiplet
AACCCAATCATGTCTC-1,7608,300,Multiplet
AACCCAATCCTCTAAC-1,12363,147,Multiplet
AACCCACAGGTAATCT-1,17162,510,Multiplet
AACCCAGCAGCCTAGA-1,25806,292,Multiplet
AACCCAGCATCAAGGT-1,3688,32,GRCh38
AACCCTAAGCATAGCC-1,13247,65,GRCh38
AACCCTAAGCCCTGGA-1,1795,392,Multiplet
AACCCTAAGGAGTATA-1,1502,101,GRCh38
AACCCTAAGTAGCCAC-1,1450,2063,Multiplet
AACCCTAAGTGACGAG-1,46981,398,Multiplet
AACCCTGGTATGGTAG-1,34269,288,Multiplet
AACCCTGGTTCTGTAA-1,19370,157,Multiplet
AACCCTGGTTGTGGAA-1,16354,171,Multiplet
AACCGAAGTAAGCGTA-1,15717,250,Multiplet
AACCGAAGTGGCCAGA-1,15463,147,Multiplet
AACCGATCAACGTGGC-1,745,55,GRCh38
AACCGATCAGCCATTC-1,14314,197,Multiplet
AACCGGGGTAATGTGG-1,29341,254,Multiplet
AACCGGGGTAGCGATA-1,470,226,GRCh38
AACCGGGGTTAGCCTG-1,17073,153,Multiplet
AACCTAACAACCAAGT-1,1413,43,GRCh38
AACCTAACAGGTTCAG-1,1038,48,GRCh38
AACCTAGTCACTCACT-1,16176,217,Multiplet
AACCTAGTCGCATCGG-1,10032,239,Multiplet
AACCTCAAGGATCACC-1,2242,56,GRCh38
AACCTCAAGGATTGGG-1,7053,267,Multiplet
AACCTCAAGTACGGTC-1,12805,133,Multiplet
AACCTGATCACTCTCG-1,9681,451,Multiplet
AACCTGATCCATCGTT-1,752,104,GRCh38
AACCTGATCGACTAAT-1,29341,279,Multiplet
AACCTGATCGCGACTG-1,25514,209,Multiplet
AACCTTAGTAAGTACG-1,10085,181,Multiplet
AACCTTAGTGGCTAGG-1,5861,258,Multiplet
AACCTTAGTTCACGGC-1,293,694,mm10
AACGAACAGATAGGTA-1,1204,894,GRCh38
AACGAACAGCGCCTCT-1,2128,270,Multiplet
AACGAATGTGACGAAC-1,32840,428,Multiplet
AACGAATGTGAGGATC-1,11521,259,Multiplet
AACGACTCAGTTAGGT-1,2343,79,GRCh38
AACGACTCATTCAACT-1,14385,222,Multiplet
AACGATCCAACTCGGA-1,555,192,GRCh38
AACGATCCAAGCGTAT-1,218,323,mm10
AACGATCCAAGTGTGT-1,23451,237,Multiplet
AACGATCCACAAGCTG-1,10719,209,Multiplet
AACGATCCACTAACCC-1,6357,275,Multiplet
AACGATCCACTCATGC-1,6943,348,Multiplet
AACGATCCATCACGCT-1,5889,96,GRCh38
AACGATGGTTCGGTTG-1,254,235,GRCh38
AACGATTTCGCTCATT-1,14385,244,Multiplet
AACGCAAGTAATCGTC-1,10027,1123,Multiplet
AACGCAAGTCAAGTTC-1,7904,95,GRCh38
AACGCCACACTAAGGT-1,3250,72,GRCh38
AACGCGAAGCATCCAA-1,355,622,mm10
AACGCGAAGGATGCGA-1,10466,134,Multiplet
AACGCGCCAAATGCGT-1,4508,162,Multiplet
AACGCTATCAGCACTA-1,3278,53,GRCh38
AACGCTATCCCTCGAC-1,13980,327,Multiplet
AACGCTATCCTCGTCA-1,1502,161,Multiplet
AACGCTATCGCTTGAA-1,16281,160,Multiplet
AACGCTATCTGGTGTA-1,8692,132,Multiplet
AACGCTCAGTAAGTGA-1,17095,207,Multiplet
AACGCTTGTTAGCAGA-1,11006,86,GRCh38
AACGCTTGTTGCATAC-1,636,1516,mm10
AACGGCAAGCGATACC-1,13186,182,Multiplet
AACGGCAAGGCACTAC-1,11175,158,Multiplet
AACGGCGGTCAAGTTC-1,17672,174,Multiplet
AACGGCGGTCAGCCGT-1,5439,361,Multiplet
AACGGGGCAATACCAA-1,13544,175,Multiplet
AACGGGGCATCCTATG-1,423,1192,mm10
AACGGTGAGATTCGAT-1,4201,291,Multiplet
AACGGTGAGTGATACT-1,342,238,GRCh38
AACGTAAAGCCAGTGT-1,3197,63,GRCh38
AACGTAAAGTAGCGGA-1,10660,378,Multiplet
AACGTAAAGTGCTTGA-1,9412,154,Multiplet
AACGTAGGTAAGGTCA-1,4311,34,GRCh38
AACGTAGGTGAGTTGA-1,1625,38,GRCh38
AACGTTGTCACTAACG-1,13876,1071,Multiplet
AACGTTGTCCGTCCTA-1,45671,169,Multiplet
AACGTTGTCGACTAAT-1,62947,489,Multiplet
AACTAGAAGCAAGTCC-1,2137,48,GRCh38
AACTAGAAGGTATATC-1,9247,421,Multiplet
AACTAGCCACTTAGCC-1,23871,245,Multiplet
AACTAGCCAGGAATCT-1,10546,207,Multiplet
AACTAGCCAGTTAATG-1,5430,390,Multiplet
AACTAGCCATGGAGCC-1,1305,22,GRCh38
AACTCAACACAACTAA-1,1555,62,GRCh38
AACTCAACATCACGTC-1,28983,439,Multiplet
AACTGAAAGTGAGCGA-1,6878,95,GRCh38
AACTGACCACTACCTA-1,1443,186,Multiplet
AACTGACCACTCGCCA-1,6992,165,Multiplet
AACTGACCATCAAGCG-1,11226,259,Multiplet
AACTGACCATCCCAAC-1,9721,116,GRCh38
AACTGACCATCCCTAA-1,22303,293,Multiplet
AACTGACCATCGGGAC-1,661,174,GRCh38
AACTGAGGTGAGGTCG-1,31137,203,Multiplet
AACTGAGGTTTACGCG-1,3892,61,GRCh38
AACTGCATCCAGCCCT-1,15536,587,Multiplet
AACTGCATCCAGCGCA-1,17971,235,Multiplet
AACTGCATCCATAGTG-1,11570,256,Multiplet
AACTGCATCCGCAGAT-1,3079,143,Multiplet
AACTTCCTCCGTAGAC-1,761,43,GRCh38
AACTTCCTCCTCATCG-1,63122,403,Multiplet
AACTTCTCAAAGGAAT-1,735,707,GRCh38
AACTTCTCACAATGGT-1,53580,349,Multiplet
AACTTGGTCACATTCC-1,1166,101,GRCh38
AACTTTGGTCATCACG-1,9570,191,Multiplet
AACTTTGGTGATCCGC-1,7889,228,Multiplet
AAGCAAATCATGTGTG-1,21056,264,Multiplet
AAGCAAATCCGCTGGA-1,42703,288,Multiplet
AAGCAAATCCGGGTCA-1,1570,519,Multiplet
AAGCAAATCCTGATAG-1,68625,385,Multiplet
AAGCAACAGGCACAGA-1,10072,190,Multiplet
AAGCAACAGGTAGACG-1,3083,51,GRCh38
AAGCAACAGTCGCTGG-1,4522,418,Multiplet
AAGCAATGTAAGTAAC-1,22091,203,Multiplet
AAGCAATGTCTTACGG-1,15310,316,Multiplet
AAGCAATGTGAGGCCA-1,38158,288,Multiplet
AAGCAATGTTCCATCC-1,25549,531,Multiplet
AAGCACCTCAGCGAAG-1,177,175,GRCh38
AAGCACCTCATCATCC-1,8916,86,GRCh38
AAGCACCTCCTGTGAA-1,28203,252,Multiplet
AAGCACCTCCTTAGTC-1,18996,221,Multiplet
AAGCACCTCGACTGGT-1,57645,415,Multiplet
AAGCACCTCTAAGTGT-1,1420,903,Multiplet
AAGCATCCAAGGTACT-1,17625,152,Multiplet
AAGCATGGTAACCGGG-1,6697,125,GRCh38
AAGCATGGTCAGTATC-1,8645,100,GRCh38
AAGCATTTCACACACA-1,28484,354,Multiplet
AAGCATTTCGCTCACC-1,19560,703,Multiplet
AAGCCAAGTCTCACAG-1,5540,124,GRCh38
AAGCCATCAGCCTAAG-1,1286,46,GRCh38
AAGCCATCAGGACATT-1,1245,45,GRCh38
AAGCCATCAGGTAGGG-1,2115,34,GRCh38
AAGCCATCAGTTGGGC-1,10076,221,Multiplet
AAGCCCCGTTCGAGTT-1,410,126,GRCh38
AAGCCCCGTTGACCGC-1,52120,295,Multiplet
AAGCCCCGTTTGGCGC-1,18499,200,Multiplet
AAGCCGCCAAGGTCCA-1,24950,394,Multiplet
AAGCCGCCAATCTAAG-1,57089,365,Multiplet
AAGCCGCCACTAATGA-1,1721,32,GRCh38
AAGCCGCCAGTTGGAT-1,19267,176,Multiplet
AAGCCGCCATCGGTCT-1,3626,72,GRCh38
AAGCCGCCATGGCTCT-1,18209,302,Multiplet
AAGCCGGGTAACGACA-1,11450,18,GRCh38
AAGCCGGGTAACTCGT-1,558,307,GRCh38
AAGCCGGGTGATCCTG-1,5460,83,GRCh38
AAGCCGGGTGCGGATG-1,5930,73,GRCh38
AAGCCGGGTGGCCTAC-1,5289,714,Multiplet
AAGCCTATCACCATTC-1,38714,329,Multiplet
AAGCCTATCGATGTGC-1,14228,239,Multiplet
AAGCCTATCGTAGTGC-1,12175,153,Multiplet
AAGCCTATCTGGATTG-1,11193,285,Multiplet
AAGCCTGCAGCATGAT-1,5214,611,Multiplet
AAGCCTGCATTGGAAC-1,1454,91,GRCh38
AAGCGATAGAACGGAT-1,9740,448,Multiplet
AAGCGATAGTAGGCAG-1,6973,134,Multiplet
AAGCGATAGTTAATGC-1,14223,182,Multiplet
AAGCGCAAGCGAAGTG-1,25300,269,Multiplet
AAGCGCAAGTGATCTG-1,10447,134,Multiplet
AAGCGGATCCGCCACT-1,24487,252,Multiplet
AAGCGGGCAAAGGAGC-1,3590,60,GRCh38
AAGCGGGCAAGTAGTC-1,40536,164,Multiplet
AAGCGGGCACAGGATT-1,4320,87,GRCh38
AAGCTAAAGCCACACG-1,14737,154,Multiplet
AAGCTAGGTGAGCCGA-1,16217,233,Multiplet
AAGCTCTGTCCATCGA-1,18174,108,GRCh38
AAGCTCTGTGAGTATG-1,13350,148,Multiplet
AAGCTCTGTGGGTATA-1,3914,101,GRCh38
AAGCTCTGTTGGCTAT-1,5637,469,Multiplet
AAGCTCTGTTTAGCGT-1,12520,100,GRCh38
AAGCTTGTCGTTAGTG-1,15966,268,Multiplet
AAGGAAAGTAATGGCA-1,76434,162,Multiplet
AAGGAAAGTGGACATA-1,4900,63,GRCh38
AAGGACTAGCATGTAT-1,35179,178,Multiplet
AAGGACTAGGGCTTAC-1,3867,229,Multiplet
AAGGACTAGTACCAGC-1,3483,278,Multiplet
AAGGATGCACTACCAC-1,13536,431,Multiplet
AAGGCAACACATAGTA-1,32174,355,Multiplet
AAGGCAACATTACCAT-1,28022,549,Multiplet
AAGGCCAAGCGGCATT-1,10320,120,GRCh38
AAGGCCAAGCTAATCG-1,13346,186,Multiplet
AAGGCCAAGGCGTCTG-1,5222,246,Multiplet
AAGGCCAAGGGTATCC-1,861,339,GRCh38
AAGGCCCCAAGTAACC-1,20916,188,Multiplet
AAGGCTAGTGAGCCCT-1,36746,395,Multiplet
AAGGGCATCATGGATT-1,15924,240,Multiplet
AAGGGCCAGCTGGCAT-1,1998,121,GRCh38
AAGGGGTCAGGCAACC-1,19678,306,Multiplet
AAGGGGTCATCCAATT-1,16685,126,GRCh38
AAGGGTTAGTGAATGA-1,9066,331,Multiplet
AAGGGTTAGTTAGTCG-1,18709,299,Multiplet
AAGGTAATCGCTCACC-1,12760,327,Multiplet
AAGGTATGTTGTCCTC-1,16458,179,Multiplet
AAGGTCAGTAGCTGGG-1,43634,548,Multiplet
AAGGTCAGTTCCTCGT-1,556,46,GRCh38
AAGGTCAGTTCGTTAA-1,38735,332,Multiplet
AAGGTTAAGAACCTTG-1,11549,263,Multiplet
AAGGTTAAGCGATCAC-1,93857,147,Multiplet
AAGGTTAAGGCGTAAG-1,5244,585,Multiplet
AAGGTTAAGGTCCATA-1,2623,34,GRCh38
AAGGTTGGTAACTGTC-1,20385,208,Multiplet
AAGGTTGGTAGCTCAT-1,1086,151,GRCh38
AAGGTTGGTATGTCCG-1,1371,149,Multiplet
AAGTAACGTGGGTTGG-1,8847,635,Multiplet
AAGTAACGTTACACGT-1,9382,289,Multiplet
AAGTAAGTCAGCATCA-1,13040,246,Multiplet
AAGTAAGTCATCGAAT-1,4248,37,GRCh38
AAGTAAGTCCTCATGT-1,4588,85,GRCh38
AAGTAAGTCTAACCTC-1,21483,211,Multiplet
AAGTACCCAAGGGTCC-1,22774,155,Multiplet
AAGTACCCAAGTGCCA-1,10203,260,Multiplet
AAGTACCCAATGGAAG-1,2234,42,GRCh38
AAGTACCCACCAACTC-1,13247,236,Multiplet
AAGTACGGTAACGCAA-1,17958,213,Multiplet
AAGTACGGTGAGCACG-1,15674,230,Multiplet
AAGTATGAGATTAGAG-1,18978,198,Multiplet
AAGTATGAGTAGCGGA-1,54482,304,Multiplet
AAGTCAAAGAATCAAG-1,20536,135,Multiplet
AAGTCAAAGCGAGTGA-1,65146,417,Multiplet
AAGTCACCAAGCTCCT-1,9091,675,Multiplet
AAGTCACCAATTGGAC-1,4728,319,Multiplet
AAGTCAGGTAAGCGGT-1,48511,400,Multiplet
AAGTCAGGTCCCGATA-1,3999,285,Multiplet
AAGTCAGGTTATCTGA-1,7577,85,GRCh38
AAGTCATTCAGCCTAA-1,860,161,GRCh38
AAGTCATTCAGTAGTT-1,17625,105,GRCh38
AAGTCATTCCGGTAAC-1,11565,116,GRCh38
AAGTCATTCCTCACTG-1,33341,352,Multiplet
AAGTCATTCTGGAAGG-1,24404,253,Multiplet
AAGTCCATCCCAATTC-1,1019,44,GRCh38
AAGTCCATCCTTCGTG-1,5170,221,Multiplet
AAGTCCATCGATTCCT-1,32220,287,Multiplet
AAGTCGCTCCGGGTAT-1,17555,289,Multiplet
AAGTCGCTCGAACCCG-1,2536,75,GRCh38
AAGTCGCTCGCTTCAT-1,21646,242,Multiplet
AAGTGCCTCATAGGTT-1,12289,160,Multiplet
AAGTGCCTCGTCTCTG-1,59994,255,Multiplet
AAGTGGACAACCAGCA-1,22384,188,Multiplet
AAGTGGACATTACTCG-1,17212,139,Multiplet
AAGTGGGTCACGCATA-1,3201,90,GRCh38
AAGTGGGTCGATTACG-1,25152,266,Multiplet
AAGTGTCCAACCGCTT-1,6999,109,GRCh38
AAGTTCCGTCTTGATA-1,13882,214,Multiplet
AAGTTCCGTTTACTGA-1,12133,321,Multiplet
AAGTTGAAGCAGGTAG-1,15872,211,Multiplet
AAGTTGAAGCCACGCA-1,4385,183,Multiplet
AAGTTGAAGTAGTAGA-1,31564,633,Multiplet
AAGTTGAAGTCGCATA-1,34479,221,Multiplet
AAGTTGGGTCTCCACT-1,7821,164,Multiplet
AAGTTTCAGCAGGCTT-1,14569,203,Multiplet
AAGTTTCAGCGCATAC-1,41482,502,Multiplet
AAGTTTCAGGCTCTGG-1,18580,306,Multiplet
AAGTTTCAGGGTAGAT-1,11458,138,Multiplet
AAGTTTCAGTCGACGT-1,5171,209,Multiplet
AAGTTTCAGTCGCACG-1,18070,285,Multiplet
AAGTTTGCAAGGTCTG-1,6975,154,Multiplet
AAGTTTGCAATCTCGC-1,22978,172,Multiplet
AAGTTTGCAGGATGGG-1,232,245,mm10
AATACGAAGGATCTAT-1,11332,124,GRCh38
AATACGAAGGATTGAA-1,1446,344,Multiplet
AATACGAAGGCACAGA-1,83191,269,Multiplet
AATACGCCATCCTGGT-1,39568,273,Multiplet
AATACGGGTGAACCAA-1,55069,318,Multiplet
AATACGTTCACACAGC-1,10248,145,Multiplet
AATACGTTCAGCCCAG-1,607,62,GRCh38
AATACGTTCCAGCCCT-1,5600,326,Multiplet
AATACGTTCCTGATAG-1,15213,213,Multiplet
AATATCGCAATCTAAG-1,15305,180,Multiplet
AATATCGCAGGCAGCT-1,21464,198,Multiplet
AATATCGCATGCGTAG-1,46113,327,Multiplet
AATATCGCATTACACT-1,24214,204,Multiplet
AATATGCTCACCTTCG-1,28488,324,Multiplet
AATATGCTCAGGAGAT-1,38617,196,Multiplet
AATATGCTCCAACTGA-1,1813,179,Multiplet
AATATGCTCCTCGATT-1,2952,244,Multiplet
AATATGCTCTGGTCCC-1,12144,206,Multiplet
AATATGGAGATTAGCT-1,8226,129,GRCh38
AATATGGAGGTAGTAA-1,491,641,mm10
AATCACTAGCGCGATT-1,37627,313,Multiplet
AATCACTAGGCTCTGG-1,12861,139,Multiplet
AATCAGCCAAAGGGTA-1,32542,189,Multiplet
AATCAGCCACAAGCTG-1,21847,173,Multiplet
AATCATCAGGGGCTAA-1,29960,299,Multiplet
AATCCAACACCACATC-1,8819,235,Multiplet
AATCCAACACTACCAC-1,68482,463,Multiplet
AATCCAACAGGAGCAG-1,22980,200,Multiplet
AATCCAACAGTTAGAC-1,29221,267,Multiplet
AATCCATAGTAATTGC-1,22467,221,Multiplet
AATCCCAAGTCATGGC-1,9588,259,Multiplet
AATCGAGGTTCGAGTT-1,22408,286,Multiplet
AATCGAGGTTGAGTCT-1,9474,153,Multiplet
AATCGAGGTTGCACTG-1,9530,108,GRCh38
AATCGCATCCAGAGAG-1,1071,27,GRCh38
AATCGCATCCCGGCAA-1,1670,1488,Multiplet
AATCGCGCACTTAGCC-1,7590,713,Multiplet
AATCGGCTCAGGAGCA-1,4444,82,GRCh38
AATCGGCTCGTTAGTG-1,21696,95,GRCh38
AATCGGTCAAATGGTC-1,13993,199,Multiplet
AATCGGTCAGGGCAGA-1,31861,275,Multiplet
AATCTCCTCCATGACA-1,25692,354,Multiplet
AATCTGGTCCGCACCT-1,13121,209,Multiplet
AATCTGGTCTAAGTCG-1,23308,256,Multiplet
AATGAACGTAACCGAA-1,33364,247,Multiplet
AATGAACGTATAGACG-1,59,243,mm10
AATGAACGTTAGAGAT-1,17040,393,Multiplet
AATGAACGTTCGTAAC-1,13315,252,Multiplet
AATGAACGTTGAGGAC-1,10605,397,Multiplet
AATGAACGTTGGATGA-1,14007,135,Multiplet
AATGAACGTTGGTAGA-1,1589,123,GRCh38
AATGACAAGGCACTTA-1,9424,212,Multiplet
AATGACAAGGGGTTGA-1,5061,278,Multiplet
AATGACAAGTGACCGT-1,21830,886,Multiplet
AATGACCCAGCAGGCT-1,1955,45,GRCh38
AATGACCCATTCATGT-1,9820,173,Multiplet
AATGACTTCCCTCATG-1,183,136,GRCh38
AATGACTTCTTGACTC-1,16552,123,GRCh38
AATGAGGCAGGGCATC-1,955,144,GRCh38
AATGAGGCAGGTAGTT-1,2754,238,Multiplet
AATGATGAGGCGATTC-1,11652,293,Multiplet
AATGATGAGGTTACAT-1,18087,177,Multiplet
AATGCAAAGAAGCTAA-1,1436,45,GRCh38
AATGCAAAGCATCGAC-1,2045,43,GRCh38
AATGCAAAGTAGCTCA-1,10067,107,GRCh38
AATGCAAAGTAGTTCG-1,11520,237,Multiplet
AATGCAAAGTCATGGC-1,91,126,mm10
AATGCACCAATCGCCT-1,14088,204,Multiplet
AATGCACCAATTGAGC-1,21812,330,Multiplet
AATGCACCAGGGCACT-1,10831,239,Multiplet
AATGCACCATTACGGG-1,13541,144,Multiplet
AATGCACCATTCGCCG-1,9069,160,Multiplet
AATGCAGGTGATGAGC-1,1412,72,GRCh38
AATGCAGGTTGGCATT-1,62211,269,Multiplet
AATGCCTGTAAGGTAT-1,10650,103,GRCh38
AATGCCTGTAAGTCGA-1,5026,130,GRCh38
AATGCGAGTAAGTCGA-1,10581,160,Multiplet
AATGCGAGTCTAACTA-1,6292,106,GRCh38
AATGCGAGTCTAATCA-1,17769,292,Multiplet
AATGCGAGTTCAAGTC-1,9164,138,Multiplet
AATGCGGAGCGAATCC-1,2117,176,Multiplet
AATGCGGAGTGGGTCT-1,26822,254,Multiplet
AATGGATGTGAACTGA-1,69287,445,Multiplet
AATGGATGTGATGACA-1,20530,449,Multiplet
AATGGATGTTAGGGAC-1,1110,49,GRCh38
AATGGATGTTGGTCTG-1,54479,390,Multiplet
AATGGCAGTGAGAGCT-1,4745,266,Multiplet
AATGGCCTCAGCGACT-1,2312,202,Multiplet
AATGGCCTCCGCGAAT-1,10640,124,GRCh38
AATGGCCTCTAGTCTC-1,38189,266,Multiplet
AATGGCTCAACGTTCC-1,18691,511,Multiplet
AATGGCTCAGCCATGA-1,6426,82,GRCh38
AATGGCTCATCCTTAG-1,19935,213,Multiplet
AATGGGACACATGATA-1,71171,531,Multiplet
AATGGGCGTGGAAGCT-1,1832,184,Multiplet
AATGGGCGTTGCGGAG-1,14273,978,Multiplet
AATGGGGTCACTGGCG-1,1069,86,GRCh38
AATGGGTAGGTCCCGA-1,47431,387,Multiplet
AATGGGTAGTAGAGCG-1,4961,299,Multiplet
AATGTCCGTGATTGAG-1,9205,117,GRCh38
AATGTCCGTTATAGCC-1,24079,233,Multiplet
AATGTGAAGATTCCCT-1,23969,241,Multiplet
AATGTTGCAAATGCTA-1,216,319,mm10
AATGTTGCAGGAACTT-1,22878,288,Multiplet
AATTACGCACAACGAT-1,54165,584,Multiplet
AATTACGCACTCGCCA-1,99,147,mm10
AATTCAGCAAACCCAG-1,1283,365,GRCh38
AATTCCTCATTCAGTT-1,10120,187,Multiplet
AATTGGGGTGCAAGTA-1,12588,133,Multiplet
AATTGGTTCCCTCATG-1,5817,174,Multiplet
AATTGGTTCGTGCTCC-1,36177,379,Multiplet
AATTGTCAGTGTCCGG-1,7052,224,Multiplet
ACAACAGGTCAAGCCC-1,26970,215,Multiplet
ACAACAGGTTGCCTAG-1,1909,184,Multiplet
ACAACAGGTTGCCTGA-1,42866,426,Multiplet
ACAACATTCAATCTCC-1,24634,438,Multiplet
ACAACCATCATGCGGT-1,8655,176,Multiplet
ACAACCATCCTTCGGC-1,10834,1225,Multiplet
ACAACCGCACAACCGA-1,24422,269,Multiplet
ACAACCGCACCATCTA-1,51698,303,Multiplet
ACAACCGCAGGAATCT-1,9158,133,Multiplet
ACAACTTAGAAGCAAC-1,8460,147,Multiplet
ACAACTTAGCAAGTGG-1,5259,72,GRCh38
ACAACTTAGTTGCCTT-1,11643,396,Multiplet
ACAAGCCTCCCATATC-1,41202,290,Multiplet
ACAAGCCTCCGCAACG-1,17855,134,Multiplet
ACAAGCCTCGCTCGCT-1,13185,239,Multiplet
ACAAGCCTCGTGATTG-1,20507,161,Multiplet
ACAAGCTCAAATCCGG-1,60431,415,Multiplet
ACAAGCTCACCAGGAC-1,9431,120,GRCh38
ACAAGCTCACTCAGGA-1,225,122,GRCh38
ACAAGCTCACTCATAT-1,3905,153,Multiplet
ACAAGCTCATAAGCGT-1,35523,345,Multiplet
ACAAGCTCATCGGTTC-1,30674,326,Multiplet
ACAAGGCGTATAGCCT-1,12466,598,Multiplet
ACAAGGGTCACACAGC-1,42716,333,Multiplet
ACAAGGGTCACCTCTG-1,7765,252,Multiplet
ACAAGGGTCACGCTCC-1,24093,128,GRCh38
ACAAGGTAGTAAGTCT-1,4068,37,GRCh38
ACAAGGTAGTGAGTAA-1,14827,122,GRCh38
ACAAGTAAGAAGCTGG-1,974,128,GRCh38
ACAAGTAAGGCGAGAC-1,28760,267,Multiplet
ACAAGTAAGGGTCAAG-1,15463,187,Multiplet
ACAAGTAAGGTACTGC-1,1511,23,GRCh38
ACAAGTTTCACTCCGC-1,8133,274,Multiplet
ACAAGTTTCATCGTGA-1,8342,164,Multiplet
ACAAGTTTCCCCAGCT-1,8718,267,Multiplet
ACAAGTTTCGACCATA-1,2818,115,GRCh38
ACAATAGAGGATTAAG-1,9404,347,Multiplet
ACAATAGAGGGTCTCG-1,50791,514,Multiplet
ACAATCACAAATCCAA-1,9357,142,Multiplet
ACAATCACAAGTATGC-1,2300,1556,Multiplet
ACAATCACAGGACATT-1,2775,88,GRCh38
ACAATCACATAATCCT-1,4511,130,GRCh38
ACAATCCGTGCAGGCA-1,53570,414,Multiplet
ACAATCCGTTCACTGG-1,1043,57,GRCh38
ACAATGAAGCTACCAA-1,660,225,GRCh38
ACAATGAAGTATGAAG-1,888,13,GRCh38
ACAATGAAGTTACCAG-1,17695,343,Multiplet
ACAATGAAGTTGCATG-1,6677,112,GRCh38
ACAATGGGTGAGGACT-1,918,467,GRCh38
ACAATGGGTTCCATCC-1,1287,280,GRCh38
ACAATGGGTTGCTCGA-1,23262,455,Multiplet
ACAATTCAGTCAGCAC-1,13146,70,GRCh38
ACAATTCAGTCGCGTG-1,12913,247,Multiplet
ACACAACCAAGGGCAG-1,15464,291,Multiplet
ACACAACCAATACGCG-1,28940,471,Multiplet
ACACAAGGTCAAGGCG-1,21409,338,Multiplet
ACACAAGGTCTGGCAC-1,5452,491,Multiplet
ACACAAGGTTCCAGGC-1,1171,38,GRCh38
ACACACGCAATTACTC-1,9014,163,Multiplet
ACACACGCAGGAATCT-1,11075,176,Multiplet
ACACACGCAGGATTAC-1,7691,130,GRCh38
ACACACGCATAAGGAG-1,11222,320,Multiplet
ACACAGTCAAGGTCAT-1,1412,62,GRCh38
ACACATTAGCGATTGC-1,2052,143,Multiplet
ACACATTAGCGGGATA-1,13468,263,Multiplet
ACACATTAGTACGGAG-1,15213,194,Multiplet
ACACCAATCATATGGT-1,5309,313,Multiplet
ACACCAATCGCTCGCT-1,5322,48,GRCh38
ACACCAATCGTAATGT-1,21764,331,Multiplet
ACACCAGCAATATCTC-1,69627,448,Multiplet
ACACCAGCAGGGCAGA-1,10428,153,Multiplet
ACACCAGCATTAAGCA-1,11267,146,Multiplet
ACACCCAGTAATGACG-1,5515,227,Multiplet
ACACCCTCAACCTGTC-1,2673,92,GRCh38
ACACCCTCACTTCATG-1,3590,197,Multiplet
ACACCCTCATTCCTGA-1,11567,249,Multiplet
ACACGATCAAGTGCCA-1,29480,343,Multiplet
ACACGATCACAATCAA-1,119,269,mm10
ACACGATCAGGGCACT-1,8284,181,Multiplet
ACACGATCATAACTAG-1,25153,216,Multiplet
ACACGGGGTCATCCGA-1,11779,138,Multiplet
ACACGGGGTGCAACCC-1,28322,490,Multiplet
ACACGGTTCCCAGTCC-1,593,60,GRCh38
ACACGGTTCGACCAAC-1,9195,326,Multiplet
ACACGTTGTAATGACG-1,758,21,GRCh38
ACACGTTGTCATTACA-1,665,391,GRCh38
ACACGTTGTTTCGGAT-1,25124,174,Multiplet
ACACTAGTCGACCTGG-1,16379,178,Multiplet
ACAGAACAGCAGGTTC-1,24935,398,Multiplet
ACAGAACAGTCGCATA-1,1023,29,GRCh38
ACAGAACAGTGAGGCA-1,23607,229,Multiplet
ACAGAATGTCAGGCTC-1,7435,295,Multiplet
ACAGAATGTCATTCCC-1,28611,229,Multiplet
ACAGAATGTGAAGCGT-1,53082,400,Multiplet
ACAGACAGTCCATTAA-1,12003,252,Multiplet
ACAGACTCAATATGGC-1,26793,240,Multiplet
ACAGACTCAGTACCCT-1,18459,183,Multiplet
ACAGACTCATGCGTAG-1,27691,440,Multiplet
ACAGACTCATTGGCAG-1,394,201,GRCh38
ACAGATGGTAGCGCGA-1,1965,397,Multiplet
ACAGATGGTAGCTAGA-1,12940,197,Multiplet
ACAGATGGTGAGTGTA-1,5880,208,Multiplet
ACAGATGGTTGGGACG-1,6940,97,GRCh38
ACAGCAAGTCAAGTGA-1,9705,178,Multiplet
ACAGCCCGTCTAGCGC-1,1613,136,Multiplet
ACAGCCCGTTAGTCCG-1,21362,206,Multiplet
ACAGCCCGTTGCTTGG-1,16263,190,Multiplet
ACAGCGAAGCCTGTGG-1,69055,285,Multiplet
ACAGCGAAGGTAGCAG-1,8711,789,Multiplet
ACAGCGGGTAAGGTTG-1,29080,278,Multiplet
ACAGCGGGTAGTAGAT-1,11128,169,Multiplet
ACAGCGGGTATGGCAA-1,16086,516,Multiplet
ACAGCTATCCCGCTTA-1,10870,508,Multiplet
ACAGCTATCCGTGTCC-1,7379,282,Multiplet
ACAGCTCAGCATATCG-1,61445,346,Multiplet
ACAGCTCAGTCATACG-1,2558,111,GRCh38
ACAGGAACATTCGGAG-1,25996,211,Multiplet
ACAGGATAGCCTGAGT-1,18675,183,Multiplet
ACAGGATAGCGGAGTA-1,11468,186,Multiplet
ACAGGATAGTGCGCTG-1,13137,237,Multiplet
ACAGGCAAGCATTAGT-1,10826,139,Multiplet
ACAGGCGGTAGGCGCA-1,9727,254,Multiplet
ACAGGCGGTCAACTGT-1,2052,649,Multiplet
ACAGGCGGTTTCCTTG-1,4035,95,GRCh38
ACAGGCTTCCTGAAGC-1,10389,129,GRCh38
ACAGGCTTCTGGCCGA-1,1027,46,GRCh38
ACAGGGATCCAGGTGT-1,1493,50,GRCh38
ACAGGGATCGCTCCTA-1,15844,907,Multiplet
ACAGGGGCAATCCAGG-1,22406,192,Multiplet
ACAGGTAGTTTCGGAT-1,35262,267,Multiplet
ACAGGTGAGCATCCGG-1,1324,60,GRCh38
ACAGGTGAGGTAGAGT-1,16256,202,Multiplet
ACAGGTGAGTAAGGGT-1,2018,210,Multiplet
ACAGGTTCACAGGCAC-1,2871,858,Multiplet
ACAGGTTCATTCCTAG-1,5562,118,GRCh38
ACAGTCATCGCATTGA-1,856,133,GRCh38
ACAGTCATCGCGCCAA-1,3392,255,Multiplet
ACAGTCGCAAGCTAAC-1,7234,273,Multiplet
ACAGTGAGTCATTCAA-1,8002,189,Multiplet
ACAGTGAGTGCACGTC-1,286,153,GRCh38
ACAGTGAGTTCCGTGA-1,9026,321,Multiplet
ACAGTGAGTTGAGTGA-1,12221,147,Multiplet
ACAGTGAGTTGGTTAC-1,28087,297,Multiplet
ACAGTGAGTTTGACCG-1,12571,536,Multiplet
ACAGTTACAACCATCC-1,54209,525,Multiplet
ACAGTTACACCTACCG-1,1321,102,GRCh38
ACAGTTACAGGGACAG-1,10857,130,GRCh38
ACAGTTGTCCGGTGAT-1,17589,204,Multiplet
ACAGTTTAGGATGCGA-1,2277,173,Multiplet
ACATAGAAGCGAACTC-1,6071,250,Multiplet
ACATAGAAGGTCCCGA-1,14578,181,Multiplet
ACATAGAAGTTGGTCA-1,42893,231,Multiplet
ACATAGCCAAAGGGTA-1,49168,286,Multiplet
ACATAGCCACAATCCC-1,21955,394,Multiplet
ACATAGCCATTACTCG-1,19296,230,Multiplet
ACATATCAGATTGAGA-1,57119,251,Multiplet
ACATATCAGCAGGGAC-1,8384,135,Multiplet
ACATATCAGCCACACG-1,26890,385,Multiplet
ACATCATAGATTGCGC-1,33115,276,Multiplet
ACATCCCCAGTTAATG-1,14605,111,GRCh38
ACATCCCCATCGTAGG-1,32528,205,Multiplet
ACATCCGGTGATGAGC-1,22398,301,Multiplet
ACATCCGGTGCGATGG-1,15752,209,Multiplet
ACATCCGGTGGCAGTG-1,33295,446,Multiplet
ACATCCGGTTCCCAGA-1,22844,195,Multiplet
ACATCCGGTTGGATAG-1,24326,241,Multiplet
ACATCCTTCACAGACC-1,287,246,GRCh38
ACATCCTTCCCAGGTG-1,16679,171,Multiplet
ACATCTTCAAGCTGTG-1,735,20,GRCh38
ACATCTTCAATATGTG-1,5912,71,GRCh38
ACATCTTCATGGTAAC-1,945,84,GRCh38
ACATGAGGTTATCTCT-1,7712,369,Multiplet
ACATGCATCACCTGAA-1,32249,281,Multiplet
ACATGCCAGCATGACC-1,574,157,GRCh38
ACATGCCAGTGGCTAC-1,9511,92,GRCh38
ACATGGCTCCGCGACA-1,12996,156,Multiplet
ACATGGCTCGTAGTTG-1,1742,695,Multiplet
ACATGGTCACTTGGAG-1,25807,345,Multiplet
ACATGGTCATAGACAC-1,323,127,GRCh38
ACATGGTCATGACCCT-1,7463,107,GRCh38
ACATGTTAGGTAATCT-1,87516,134,Multiplet
ACATGTTAGGTAGATA-1,8234,162,Multiplet
ACATTAGCACAACGGC-1,19361,170,Multiplet
ACATTAGCACCTATAT-1,9957,130,GRCh38
ACATTAGCAGGATTAC-1,39576,275,Multiplet
ACATTCAGTCATCGGC-1,6502,253,Multiplet
ACATTCAGTGAAGCCG-1,86,325,mm10
ACATTCAGTGCAAGGT-1,16874,252,Multiplet
ACATTCAGTTAGCACT-1,28471,291,Multiplet
ACATTCAGTTAGCCCA-1,18523,169,Multiplet
ACATTCCTCAAGTCTG-1,33157,347,Multiplet
ACATTCCTCCGTGGCA-1,15675,254,Multiplet
ACATTCCTCCTTGGAA-1,16498,222,Multiplet
ACATTCCTCGAAGCTC-1,2052,255,Multiplet
ACATTGGTCACGCCTC-1,1714,74,GRCh38
ACATTGGTCCGGTTAA-1,2333,225,Multiplet
ACATTGGTCCTGCGAG-1,35104,203,Multiplet
ACATTGGTCGCGATAC-1,6606,395,Multiplet
ACATTTCCATAGACGT-1,52450,314,Multiplet
ACATTTGGTAGCGCGA-1,7037,278,Multiplet
ACATTTGGTATGGTTC-1,4031,150,Multiplet
ACATTTGGTGACTCCA-1,32211,304,Multiplet
ACCAAACCAATCATAG-1,10349,217,Multiplet
ACCAAACCACCTTGGT-1,10284,343,Multiplet
ACCAAACCATGCGTCT-1,1196,56,GRCh38
ACCAAAGGTAAGCGGT-1,21701,173,Multiplet
ACCAAAGGTCAACTCG-1,11126,143,Multiplet
ACCAAAGGTGGACAGT-1,1161,342,GRCh38
ACCAACATCACTAGCA-1,8873,209,Multiplet
ACCAACATCCGCTACC-1,4018,62,GRCh38
ACCAAGTCATCATCAT-1,32713,305,Multiplet
ACCAAGTCATTAACTC-1,6742,203,Multiplet
ACCAATGTCCGTGGCA-1,2822,77,GRCh38
ACCAATGTCGTTCGCC-1,22188,165,Multiplet
ACCAATGTCTGTCACT-1,44716,396,Multiplet
ACCAATTAGCCCGTAG-1,46327,502,Multiplet
ACCAATTAGGCTTGGT-1,2131,149,Multiplet
ACCACAATCACATGAT-1,16842,137,Multiplet
ACCACAATCATAGGCC-1,25538,244,Multiplet
ACCACACAGAAGCTGG-1,4614,201,Multiplet
ACCACACAGAAGGTAC-1,19851,336,Multiplet
ACCACACAGCGGTCCA-1,4534,79,GRCh38
ACCACACAGGCAAGGC-1,7747,176,Multiplet
ACCACACAGGCTACCG-1,7242,94,GRCh38
ACCACCTCAACCCTAC-1,3941,421,Multiplet
ACCACCTCACTATCTG-1,19300,590,Multiplet
ACCACGTAGCAACCAC-1,20579,232,Multiplet
ACCACGTAGCTGGTCG-1,2804,80,GRCh38
ACCACTAAGATAGAGC-1,16821,98,GRCh38
ACCACTAAGATTGCTG-1,5033,141,Multiplet
ACCAGGCCAACTAGCG-1,19090,166,Multiplet
ACCAGGCCAAGGGCAG-1,11526,442,Multiplet
ACCAGGCCATAGACAC-1,455,256,GRCh38
ACCATAACAAACCTGG-1,13090,227,Multiplet
ACCATAACATTAGTGA-1,19221,202,Multiplet
ACCATAGTCAGGCTCG-1,21810,174,Multiplet
ACCATAGTCATCGTAG-1,17464,218,Multiplet
ACCATATAGAACGGAT-1,4435,1622,Multiplet
ACCATATAGGAGGATT-1,14711,189,Multiplet
ACCATATAGTGAACCC-1,18087,174,Multiplet
ACCATATAGTTGCTCT-1,22955,456,Multiplet
ACCATCAAGCGGAGTA-1,25609,215,Multiplet
ACCATCAAGGAACCTC-1,9502,172,Multiplet
ACCATCAAGGGTAGGC-1,27224,218,Multiplet
ACCATCAAGTCATTGG-1,5972,184,Multiplet
ACCATTAGTGGCGATG-1,2861,63,GRCh38
ACCATTAGTTACTGCG-1,18823,168,Multiplet
ACCATTGAGTTGGATT-1,17667,123,GRCh38
ACCATTTCAGCTAGAT-1,1737,18,GRCh38
ACCCAACAGGTTCCTT-1,22163,206,Multiplet
ACCCAACAGTAACGAA-1,17454,283,Multiplet
ACCCAACAGTAGCGAG-1,17960,219,Multiplet
ACCCAATGTAAGGTTG-1,23243,223,Multiplet
ACCCAGACAATACTTC-1,6871,1051,Multiplet
ACCCAGACACTTGGAG-1,259,206,GRCh38
ACCCAGACAGTTAAGC-1,30910,239,Multiplet
ACCCAGGTCAGCTACA-1,20725,200,Multiplet
ACCCAGGTCTCATCGT-1,6989,134,Multiplet
ACCCATCCACCTGTAC-1,20621,235,Multiplet
ACCCATCCACTAGCTC-1,237,211,GRCh38
ACCCATCCATTGCCAC-1,406,139,GRCh38
ACCCATGGTGCAATCT-1,35713,312,Multiplet
ACCCATGGTTCCTCAC-1,2246,232,Multiplet
ACCCATGGTTGAGGCG-1,11578,93,GRCh38
ACCCATGGTTTGACAC-1,13689,1134,Multiplet
ACCCATTTCACAGACC-1,9446,380,Multiplet
ACCCATTTCCAGCATA-1,24692,337,Multiplet
ACCCCAAGTCAATGGA-1,2401,72,GRCh38
ACCCCAAGTGAGCAAC-1,786,16,GRCh38
ACCCCAAGTTAGCGAA-1,14320,128,GRCh38
ACCCCAAGTTCGTCCT-1,5399,126,GRCh38
ACCCCATCAGGGCTGT-1,38588,275,Multiplet
ACCCCGAAGGTGACGA-1,3682,39,GRCh38
ACCCCGAAGTTGGCTA-1,5446,131,GRCh38
ACCCCGTTCAGGTCAC-1,41745,210,Multiplet
ACCCCGTTCCGCCTAC-1,13552,365,Multiplet
ACCCCGTTCGATGGCT-1,13610,214,Multiplet
ACCCCTGCATCCCTAA-1,7075,281,Multiplet
ACCCCTTGTAAGCAGC-1,656,341,GRCh38
ACCCGAACATAATCAG-1,18420,190,Multiplet
ACCCGATAGATTCGAT-1,8897,735,Multiplet
ACCCGATAGCTACCAA-1,31924,245,Multiplet
ACCCGCAAGGTCAAGG-1,1080,132,GRCh38
ACCCGCAAGGTCGTTA-1,641,135,GRCh38
ACCCGCAAGTCAGCGT-1,24871,194,Multiplet
ACCCGCAAGTCAGTAT-1,32270,342,Multiplet
ACCCGCTTCCTGCATT-1,9402,452,Multiplet
ACCCGTAGTCTAGTTA-1,23418,280,Multiplet
ACCCGTGAGCGCGATT-1,6366,178,Multiplet
ACCCGTGAGTTGGGCT-1,23478,231,Multiplet
ACCCGTTCACATTGCC-1,33310,169,Multiplet
ACCCGTTCACTATGAA-1,239,233,GRCh38
ACCCGTTCAGCTCAAG-1,7275,127,GRCh38
ACCCTAGGTGCATCAT-1,32964,261,Multiplet
ACCCTATTCCTCTCTC-1,3086,246,Multiplet
ACCCTCTGTAGCGGCA-1,1095,177,GRCh38
ACCCTCTGTCCATAGT-1,17675,486,Multiplet
ACCCTCTGTCTCAGGC-1,2335,919,Multiplet
ACCCTCTGTGATAGGC-1,16699,178,Multiplet
ACCCTCTGTGGCTGAG-1,78509,317,Multiplet
ACCCTCTGTTAGTTCA-1,2487,66,GRCh38
ACCCTCTGTTGGCATT-1,6237,370,Multiplet
ACCCTCTGTTGTGCAT-1,69,332,mm10
ACCCTGCTCCCAGGCA-1,8739,69,GRCh38
ACCCTTTAGCAATCCA-1,8133,267,Multiplet
ACCCTTTAGCCATCCC-1,16100,218,Multiplet
ACCCTTTAGGGGACTA-1,15797,174,Multiplet
ACCGAAAGTCAAGGTA-1,20473,189,Multiplet
ACCGAAAGTCAGCTAT-1,5769,778,Multiplet
ACCGAAAGTCCATACG-1,35467,239,Multiplet
ACCGAAAGTTAGCTCG-1,36682,275,Multiplet
ACCGAAAGTTTGCAGT-1,22926,298,Multiplet
ACCGACCGTAATGTGG-1,6050,173,Multiplet
ACCGACCGTGAAGGCT-1,132,309,mm10
ACCGACCGTGATCAAG-1,84,858,mm10
ACCGACCGTGATGATG-1,19503,192,Multiplet
ACCGACCGTTGTCCCT-1,558,292,GRCh38
ACCGACCGTTTCAGGT-1,13932,190,Multiplet
ACCGAGGGTAGCGCCT-1,16711,233,Multiplet
ACCGAGGGTCAGGATA-1,23230,303,Multiplet
ACCGAGGGTGAGACCG-1,23831,1105,Multiplet
ACCGAGGGTTGCTCGA-1,55553,257,Multiplet
ACCGAGGGTTGGTGCC-1,3368,77,GRCh38
ACCGATGCAACCGCTT-1,2234,41,GRCh38
ACCGATGCAATATACG-1,35508,196,Multiplet
ACCGATGCAATCCTAT-1,11705,390,Multiplet
ACCGATGCACAGGGTC-1,18672,205,Multiplet
ACCGATGCATTCGCGT-1,656,164,GRCh38
ACCGATTGTGGACATA-1,10051,372,Multiplet
ACCGATTGTTCCCAAG-1,2170,95,GRCh38
ACCGATTGTTGGGCCT-1,98,175,mm10
ACCGCAACAATTCAGA-1,31081,234,Multiplet
ACCGCAACATTCGGAG-1,64,364,mm10
ACCGCTAGTGAGTGTA-1,2081,87,GRCh38
ACCGCTAGTGCATTAC-1,4390,523,Multiplet
ACCGCTAGTTTCAGCG-1,18682,203,Multiplet
ACCGGATTCAATCAAC-1,53029,339,Multiplet
ACCGGATTCCTTGACT-1,13075,208,Multiplet
ACCGGATTCGCTCGTC-1,8951,148,Multiplet
ACCGGATTCTATGACG-1,11131,139,Multiplet
ACCGGCTGTTAGCTTA-1,4986,80,GRCh38
ACCGGTTAGGGGTCAA-1,25917,245,Multiplet
ACCGGTTAGTGCGGAA-1,11477,184,Multiplet
ACCGTTGGTTGACTGT-1,29131,259,Multiplet
ACCTAACGTCATCCCT-1,23413,230,Multiplet
ACCTAACGTTTGGACT-1,8616,557,Multiplet
ACCTAAGTCGAATCAT-1,1796,195,Multiplet
ACCTACCCACTACCCG-1,9829,247,Multiplet
ACCTACCCATGGCCTT-1,478,130,GRCh38
ACCTATGAGAAGGTAC-1,422,319,GRCh38
ACCTATGAGGATGTCC-1,15214,232,Multiplet
ACCTATGAGTGGCGTT-1,1239,427,GRCh38
ACCTCACCACATGACG-1,3741,73,GRCh38
ACCTCACCATCCGTTA-1,2364,42,GRCh38
ACCTCCATCCGCATCC-1,12376,151,Multiplet
ACCTCCGCAAACTATG-1,7749,108,GRCh38
ACCTCCGCAAGCTCGA-1,1802,31,GRCh38
ACCTCCGCATTCAGCC-1,23405,238,Multiplet
ACCTCGCTCACGCATA-1,14695,178,Multiplet
ACCTCGCTCCCGCGTT-1,4906,92,GRCh38
ACCTCGCTCCTTGAGA-1,56647,252,Multiplet
ACCTCGCTCGCTTGGG-1,1171,62,GRCh38
ACCTCGCTCTTGAGGC-1,35769,312,Multiplet
ACCTCTTAGGTGCTCG-1,4358,157,Multiplet
ACCTCTTAGTGTCCGG-1,42,188,mm10
ACCTGAATCCGGTGAT-1,7012,119,GRCh38
ACCTGAATCTAGTACG-1,9283,93,GRCh38
ACCTGATGTGAGAGCT-1,37064,232,Multiplet
ACCTGATGTGCACCAC-1,18319,493,Multiplet
ACCTGATGTTCATCGG-1,9768,254,Multiplet
ACCTGATGTTGGCGAG-1,21979,272,Multiplet
ACCTGCCTCGCTCGTC-1,8752,217,Multiplet
ACCTGGACAACGTGCA-1,4587,208,Multiplet
ACCTGGACATGGTCTC-1,71269,360,Multiplet
ACCTGGGTCAAGTGAA-1,23388,212,Multiplet
ACCTGTCCAGGGATGG-1,2250,129,GRCh38
ACCTGTCCATTGCACC-1,28724,279,Multiplet
ACCTTAAGTGCAAGGT-1,383,152,GRCh38
ACCTTAAGTGCGAGTG-1,971,23,GRCh38
ACCTTAAGTTTACCTT-1,17597,139,Multiplet
ACCTTCACAACTGCCT-1,450,142,GRCh38
ACCTTCACACCATAGG-1,24803,283,Multiplet
ACCTTCACACTTCGTA-1,6884,166,Multiplet
ACGAAATGTTCGCGTA-1,16232,198,Multiplet
ACGAAATGTTGTAGTC-1,15608,561,Multiplet
ACGAACCTCATGCGTA-1,15488,254,Multiplet
ACGAACCTCGCGCCTT-1,115,250,mm10
ACGAAGGTCACTCGCC-1,8081,332,Multiplet
ACGAAGGTCAGCCCAG-1,447,135,GRCh38
ACGAATCCATCGAACG-1,19187,202,Multiplet
ACGAATGGTTGCCCTT-1,57967,675,Multiplet
ACGACAAGTGAAGTGC-1,3596,311,Multiplet
ACGACAAGTTCGCATG-1,11953,153,Multiplet
ACGACATCAAATCGCG-1,800,42,GRCh38
ACGACATCAAGTAGCT-1,17850,181,Multiplet
ACGACATCACCTTCAA-1,69016,424,Multiplet
ACGACATCAGCACCAA-1,14941,364,Multiplet
ACGACATCATGGTAGT-1,22140,297,Multiplet
ACGAGCAAGCAGGCTT-1,8037,161,Multiplet
ACGAGCAAGTAATCCG-1,775,17,GRCh38
ACGAGCAAGTAATGGA-1,314,917,mm10
ACGAGCAAGTCAGCGT-1,19836,248,Multiplet
ACGAGTAGTATGTGTC-1,22172,172,Multiplet
ACGAGTAGTTATCCTT-1,18413,227,Multiplet
ACGAGTAGTTCCTGCT-1,12148,216,Multiplet
ACGAGTGAGCCTGACG-1,4880,72,GRCh38
ACGATAGGTAAGCTAG-1,31390,317,Multiplet
ACGATAGGTAATTGCC-1,25287,284,Multiplet
ACGATAGGTGCAGGCA-1,1948,46,GRCh38
ACGATAGGTTGGTTCG-1,24473,206,Multiplet
ACGATATTCCGTGAGT-1,9505,148,Multiplet
ACGATTGTCCTTCCTC-1,26715,483,Multiplet
ACGATTTAGATTCAGT-1,149,556,mm10
ACGATTTAGTAAGTAG-1,7070,281,Multiplet
ACGCAATCATCCAGCT-1,12539,180,Multiplet
ACGCACTAGCCATGCG-1,74815,338,Multiplet
ACGCAGCCAATTAACG-1,20756,244,Multiplet
ACGCAGCCATAAGCAC-1,14761,207,Multiplet
ACGCATATCACGGAAG-1,48912,236,Multiplet
ACGCATATCTATGCAG-1,4551,95,GRCh38
ACGCATTGTCTAACGT-1,730,130,GRCh38
ACGCATTGTTGACGGG-1,19413,240,Multiplet
ACGCATTGTTGCGAGG-1,5187,184,Multiplet
ACGCCAACATGGTAAC-1,16488,158,Multiplet
ACGCCATAGCATTACG-1,6649,149,Multiplet
ACGCCCAAGCGCCTGA-1,43837,381,Multiplet
ACGCCCAAGGCTATAT-1,1393,558,Multiplet
ACGCCCAAGGTGCGTT-1,12311,188,Multiplet
ACGCCCAAGTACCACA-1,8902,263,Multiplet
ACGCCCAAGTCATGCA-1,26051,174,Multiplet
ACGCCTAGTGATCCAT-1,9622,713,Multiplet
ACGCCTAGTGGCAGCA-1,27474,442,Multiplet
ACGCCTAGTTGCGGCT-1,11416,255,Multiplet
ACGCCTAGTTGGGACG-1,1025,144,GRCh38
ACGCGAAAGGCTACTA-1,6951,220,Multiplet
ACGCGAGGTAGGCCAG-1,5857,189,Multiplet
ACGCGATTCCCGCAGA-1,14579,166,Multiplet
ACGCGATTCCGCCTAC-1,2381,60,GRCh38
ACGCGATTCGATGTCA-1,9155,211,Multiplet
ACGCGATTCTCACCTG-1,817,60,GRCh38
ACGCGCATCACATAGT-1,329,628,mm10
ACGCGGTCAATTGCCC-1,24460,215,Multiplet
ACGCGGTCAGGGCCAT-1,64989,437,Multiplet
ACGCTAATCACTGGCG-1,1196,31,GRCh38
ACGCTAATCGATAGGG-1,1630,44,GRCh38
ACGCTAATCGATTCCT-1,16829,376,Multiplet
ACGCTATGTAATGGTG-1,7206,301,Multiplet
ACGCTATGTTGTCTAA-1,177,210,mm10
ACGCTCAGTAGCTGGG-1,12463,227,Multiplet
ACGCTCAGTATTGCGT-1,12731,442,Multiplet
ACGCTGACACCATTGC-1,13919,283,Multiplet
ACGCTGACATCGCTCG-1,14395,187,Multiplet
ACGCTTGGTCATGCGC-1,1075,27,GRCh38
ACGCTTGGTTGCGCTA-1,21311,279,Multiplet
ACGCTTGGTTTGGGTT-1,33287,371,Multiplet
ACGGAACGTTAATCGC-1,11150,194,Multiplet
ACGGACAAGCGGTGAA-1,18622,1390,Multiplet
ACGGACAAGGCACGAA-1,21053,269,Multiplet
ACGGACAAGGCATCGT-1,26209,375,Multiplet
ACGGACAAGTTGGTTG-1,29563,210,Multiplet
ACGGACCCAAGCATGT-1,316,150,GRCh38
ACGGACCCAAGCTGTG-1,55167,316,Multiplet
ACGGACCCAATTACCT-1,36079,275,Multiplet
ACGGACCCATCCGCAT-1,7199,468,Multiplet
ACGGAGGCACAACGAT-1,5336,84,GRCh38
ACGGAGGCACATGCAG-1,2595,749,Multiplet
ACGGAGGCAGGCTACA-1,690,17,GRCh38
ACGGATAGTCATGTGT-1,3013,91,GRCh38
ACGGATAGTTAAGGGC-1,11291,515,Multiplet
ACGGATTCAACGGTGC-1,13513,153,Multiplet
ACGGATTCATGAGCTG-1,22118,203,Multiplet
ACGGATTCATTAAGCA-1,1172,27,GRCh38
ACGGCAAAGTGGGTCT-1,4201,42,GRCh38
ACGGCAAAGTTAACGT-1,10920,168,Multiplet
ACGGCAGGTAGCGCCT-1,12962,137,Multiplet
ACGGCAGGTAGCTCCA-1,41672,273,Multiplet
ACGGCAGGTCCATCGA-1,39614,229,Multiplet
ACGGCAGGTTCATCGG-1,49221,271,Multiplet
ACGGCCATCAAGTAGA-1,14854,226,Multiplet
ACGGCCATCCCTCGTA-1,4456,229,Multiplet
ACGGCTTAGCAAGGTG-1,9553,146,Multiplet
ACGGCTTAGGTGGATG-1,6953,159,Multiplet
ACGGGATGTGGCTACC-1,23114,287,Multiplet
ACGGGCAGTAACGATG-1,6981,153,Multiplet
ACGGGCAGTCTAATTG-1,18722,337,Multiplet
ACGGGCAGTGAAGCTA-1,23764,233,Multiplet
ACGGGCAGTTGTGGCC-1,12801,183,Multiplet
ACGGGCTCAAACTTGA-1,18657,108,GRCh38
ACGGGCTCAAGTGCAT-1,13853,163,Multiplet
ACGGGCTCACTATCTG-1,25091,599,Multiplet
ACGGGGTAGAACGGCA-1,7284,221,Multiplet
ACGGGGTAGAAGCACG-1,12773,163,Multiplet
ACGGGGTAGGTGAAGT-1,2011,511,Multiplet
ACGGGGTAGGTTCACA-1,4519,216,Multiplet
ACGGGGTAGTGCCAGT-1,17550,258,Multiplet
ACGGGGTAGTGTCAAT-1,15176,262,Multiplet
ACGGGGTAGTTGGATT-1,36385,331,Multiplet
ACGGGTAAGGAGGTAT-1,7964,313,Multiplet
ACGGGTAAGTCATGTG-1,7097,159,Multiplet
ACGGGTAAGTTGCCGG-1,15948,123,GRCh38
ACGGGTTTCACTCACT-1,3737,130,GRCh38
ACGGGTTTCGTAGTGC-1,83352,379,Multiplet
ACGGTCACACTTACCA-1,105,126,mm10
ACGGTCACAGGCTTGA-1,25804,207,Multiplet
ACGGTCACATGGCTGA-1,35444,250,Multiplet
ACGGTCACATGGTGAT-1,11045,137,Multiplet
ACGGTGAAGTTGGCGT-1,19651,95,GRCh38
ACGGTTATCACGTGCG-1,26570,244,Multiplet
ACGGTTATCGTTAGCA-1,6140,547,Multiplet
ACGGTTGCAAGCGACC-1,915,40,GRCh38
ACGGTTGCAAGCGAGG-1,4769,164,Multiplet
ACGGTTGCATGGATTA-1,3849,79,GRCh38
ACGTAACCAACATCGG-1,4494,39,GRCh38
ACGTAACCAGCCTATC-1,11469,248,Multiplet
ACGTAACCATTAGTTC-1,7092,163,Multiplet
ACGTAAGGTAAGTTGG-1,9091,152,Multiplet
ACGTATTAGCTGAGAG-1,48263,247,Multiplet
ACGTATTAGGAGGTCA-1,14637,290,Multiplet
ACGTATTAGTCGAATT-1,63061,196,Multiplet
ACGTCAATCACACCTT-1,13929,265,Multiplet
ACGTCAATCATGGATT-1,36051,272,Multiplet
ACGTCAATCCACCTCA-1,9052,227,Multiplet
ACGTCACAGCGCCTGA-1,30262,194,Multiplet
ACGTCACAGGATTGGG-1,14429,110,GRCh38
ACGTCCTCAATGAGTC-1,15288,125,GRCh38
ACGTCCTCAGTTGGTG-1,47247,284,Multiplet
ACGTCCTCATGCTACC-1,17274,150,Multiplet
ACGTCTAAGAAGGGTT-1,916,14,GRCh38
ACGTCTAAGATTGCAT-1,35027,342,Multiplet
ACGTCTAAGTAACGAA-1,23148,283,Multiplet
ACGTCTAAGTCAACCA-1,1145,33,GRCh38
ACGTCTAAGTGCAAGG-1,2474,350,Multiplet
ACGTCTAAGTTAGCGC-1,19976,352,Multiplet
ACGTGAGAGCGATACC-1,18938,385,Multiplet
ACGTGAGAGGGGTTAG-1,14522,219,Multiplet
ACGTGAGAGTGCTGTA-1,1388,725,Multiplet
ACGTGGTTCCAGCAAC-1,6245,520,Multiplet
ACGTGTTGTGGCTGCT-1,10497,160,Multiplet
ACGTGTTGTTCACGGC-1,16647,80,GRCh38
ACGTTAACAAGTGCGC-1,1585,145,Multiplet
ACGTTAACATGACACG-1,1281,30,GRCh38
ACGTTAGTCCGCGGTA-1,12819,150,Multiplet
ACGTTAGTCGACTTAG-1,103,181,mm10
ACGTTATAGCATGATT-1,19118,178,Multiplet
ACGTTATAGGTAGACG-1,24134,451,Multiplet
ACGTTCAAGATACTAC-1,11456,894,Multiplet
ACGTTCAAGGGCAGTA-1,57573,299,Multiplet
ACGTTCAAGTGTCCTT-1,21248,172,Multiplet
ACGTTCCCATGGAGCC-1,6812,161,Multiplet
ACGTTTAGTAAGTGTG-1,4913,113,GRCh38
ACGTTTAGTGAGAGTC-1,18342,149,Multiplet
ACGTTTAGTGCAGCGA-1,590,1264,mm10
ACGTTTAGTTGGCCTA-1,2167,34,GRCh38
ACGTTTGAGCTAGTAT-1,4728,221,Multiplet
ACGTTTGAGCTTACGA-1,8088,87,GRCh38
ACTAACTAGATACTAC-1,3708,74,GRCh38
ACTAACTAGCTGGCTG-1,5167,608,Multiplet
ACTAACTAGGTACGAG-1,7940,348,Multiplet
ACTAAGCCACAGCCTT-1,699,45,GRCh38
ACTAAGCCATCCATGC-1,11984,714,Multiplet
ACTAAGGGTTCGGTTG-1,14740,146,Multiplet
ACTAAGGGTTCGTGAT-1,2895,218,Multiplet
ACTAATGCAAATGACC-1,19183,185,Multiplet
ACTAATGCATCCAGCT-1,22743,276,Multiplet
ACTAATGCATCCGCAT-1,2366,54,GRCh38
ACTACAACAAGCATGT-1,8258,240,Multiplet
ACTACAACAGCTAGGC-1,365,126,GRCh38
ACTACAACATCGACCT-1,22595,185,Multiplet
ACTACAACATGCTGAG-1,36730,210,Multiplet
ACTACATAGAAGGTCG-1,14320,230,Multiplet
ACTACATAGTCAGCTA-1,3598,909,Multiplet
ACTACCCCAAATCCTT-1,1060,707,GRCh38
ACTACCCCAGGTATGT-1,3637,95,GRCh38
ACTACCCCATCCGCTG-1,26964,122,GRCh38
ACTACCCCATTCAGGG-1,10589,116,GRCh38
ACTACCTTCGCTAATG-1,7296,505,Multiplet
ACTACTTCAGGATTAC-1,276,127,GRCh38
ACTATCAGTAAGCTGA-1,8024,281,Multiplet
ACTATCAGTGATCCAT-1,14266,197,Multiplet
ACTATCAGTGGCCTGT-1,8620,284,Multiplet
ACTATCCTCCCCAGTC-1,41188,177,Multiplet
ACTATCCTCCTGAAGC-1,14155,314,Multiplet
ACTATCTCAACCTCAC-1,19061,567,Multiplet
ACTATCTCAAGGTCCA-1,2915,32,GRCh38
ACTATCTCAATCTCTG-1,1214,129,GRCh38
ACTATTCCAAGTAACC-1,41144,280,Multiplet
ACTATTCCAATCAAGC-1,211,146,GRCh38
ACTATTCCACTTAATC-1,1095,27,GRCh38
ACTATTGGTCCATCAG-1,864,12,GRCh38
ACTCAATAGGTAACGG-1,23052,206,Multiplet
ACTCACAAGGATAGGT-1,7396,197,Multiplet
ACTCACAAGGGCTTAC-1,25579,301,Multiplet
ACTCACAAGTGCAACC-1,2310,72,GRCh38
ACTCACCCACCTCAAC-1,238,156,GRCh38
ACTCACCCATAAGTGC-1,20116,367,Multiplet
ACTCACCCATCATACT-1,53819,541,Multiplet
ACTCACTTCCCAGACG-1,26216,164,Multiplet
ACTCAGGCACCAGGAC-1,4557,214,Multiplet
ACTCAGGCAGCTCGTT-1,21260,244,Multiplet
ACTCAGGCAGGCTATG-1,27236,255,Multiplet
ACTCATTCAACCCTAC-1,2033,199,Multiplet
ACTCCAAAGCAAGGCA-1,11847,190,Multiplet
ACTCCAAAGTAGCGAG-1,1708,60,GRCh38
ACTCCACCAGCCTATC-1,5919,64,GRCh38
ACTCCACCAGTTGACG-1,14069,173,Multiplet
ACTCCCATCAGGTCTA-1,8976,96,GRCh38
ACTCCCATCTATGGGC-1,19017,218,Multiplet
ACTCCCGCAGCTAAGT-1,21579,279,Multiplet
ACTCCCTGTATGTGGA-1,12444,170,Multiplet
ACTCCGCTCCAGCAAC-1,16003,120,GRCh38
ACTCCGCTCCTGCCAC-1,1735,51,GRCh38
ACTCCTTAGCCGATAC-1,1784,32,GRCh38
ACTCCTTAGTTACGTG-1,8120,335,Multiplet
ACTCGAATCCTTGAGA-1,20511,227,Multiplet
ACTCGATGTAGCTCCA-1,6282,108,GRCh38
ACTCGCCTCACAGCGT-1,20813,317,Multiplet
ACTCGCCTCCTGTCCA-1,6349,411,Multiplet
ACTCGTCCAACTGTGG-1,17580,220,Multiplet
ACTCGTCCAAGCCGGT-1,874,55,GRCh38
ACTCGTCCAGGATCGC-1,22716,264,Multiplet
ACTCGTCCATGACCTC-1,17896,188,Multiplet
ACTCGTTTCCCATAGA-1,7847,281,Multiplet
ACTCGTTTCGACATAT-1,16241,491,Multiplet
ACTCTAAGTAAGTAGT-1,1902,35,GRCh38
ACTCTCACAGGTTAGT-1,10873,197,Multiplet
ACTCTCACATAATCTC-1,549,23,GRCh38
ACTCTCACATCACGCT-1,24977,229,Multiplet
ACTCTCACATCATCGC-1,14650,131,GRCh38
ACTCTGTTCACTATCC-1,18829,172,Multiplet
ACTCTGTTCCTTGAGA-1,30728,295,Multiplet
ACTCTGTTCTCACACT-1,13341,125,GRCh38
ACTCTTGCAGGCAGGA-1,24410,245,Multiplet
ACTCTTGCATTAGTTC-1,1599,216,Multiplet
ACTGAACCACAACCAG-1,557,362,GRCh38
ACTGAAGGTTAGTCAC-1,952,1059,mm10
ACTGAAGGTTTCCTAT-1,18656,224,Multiplet
ACTGAGGAGCCCGTAG-1,42347,286,Multiplet
ACTGAGGAGCCTGCTC-1,5969,128,GRCh38
ACTGAGGAGTTGGCCG-1,6169,99,GRCh38
ACTGATTAGCCGCAAT-1,16418,143,Multiplet
ACTGATTAGGATGTAA-1,27795,265,Multiplet
ACTGATTAGTGCGGAA-1,8766,148,Multiplet
ACTGCAATCCCTCTAG-1,16627,186,Multiplet
ACTGCATGTCATTGCG-1,56279,225,Multiplet
ACTGCCCTCAGCCAAC-1,31814,527,Multiplet
ACTGCCCTCGATGTGC-1,46762,451,Multiplet
ACTGCCCTCGTACACA-1,19552,290,Multiplet
ACTGCCCTCTAAGCCA-1,29811,259,Multiplet
ACTGCCCTCTGTGCAA-1,2169,80,GRCh38
ACTGCCTCATAGATCA-1,58818,415,Multiplet
ACTGCCTCATGCGTTC-1,14427,516,Multiplet
ACTGCGCGTAGCCCGT-1,37327,389,Multiplet
ACTGCGCGTGATCCCA-1,11322,161,Multiplet
ACTGCGCGTTAACTGC-1,15405,156,Multiplet
ACTGCGCGTTCCTCTA-1,407,133,GRCh38
ACTGCTAAGATTAGCT-1,34242,261,Multiplet
ACTGCTAAGCATGGTC-1,10949,105,GRCh38
ACTGCTAAGGTTCGGT-1,10023,199,Multiplet
ACTGCTGGTTGCATAC-1,257,151,GRCh38
ACTGGTCAGGTACGAG-1,33693,496,Multiplet
ACTGTCAAGGTCCAGT-1,5102,107,GRCh38
ACTGTGATCCCCATGC-1,1734,166,Multiplet
ACTGTGATCCTGATTC-1,33969,180,Multiplet
ACTGTTAGTGATGACA-1,13236,244,Multiplet
ACTGTTAGTTCCCTGT-1,29330,134,Multiplet
ACTGTTAGTTTGACTA-1,237,243,mm10
ACTGTTGAGGAACTAA-1,837,30,GRCh38
ACTGTTGAGGTACCGT-1,1433,18,GRCh38
ACTTAACAGCATATAC-1,2442,314,Multiplet
ACTTAACAGGAATTGA-1,35770,350,Multiplet
ACTTAACAGGATGATA-1,30661,199,Multiplet
ACTTACCTCACCATGA-1,19067,230,Multiplet
ACTTACCTCATCGAAT-1,14458,843,Multiplet
ACTTACCTCCTCTAGT-1,4069,117,GRCh38
ACTTACTCAACGTTCC-1,25670,305,Multiplet
ACTTACTCAAGCCACA-1,758,123,GRCh38
ACTTACTCAATGGGCC-1,68101,377,Multiplet
ACTTACTCATGACTCC-1,2257,524,Multiplet
ACTTATGGTCCATATA-1,14328,170,Multiplet
ACTTATGGTGAGGAGA-1,22331,193,Multiplet
ACTTATGGTGAGTGAC-1,9015,193,Multiplet
ACTTATGGTGAGTTAG-1,14509,143,Multiplet
ACTTCATCATCGACCT-1,17912,300,Multiplet
ACTTCGCCACAGGGTC-1,8537,123,GRCh38
ACTTCGCCAGTTGAGT-1,40774,416,Multiplet
ACTTCGTTCCAGAGCT-1,7827,165,Multiplet
ACTTCGTTCCCAGACG-1,11099,160,Multiplet
ACTTCTATCCAACTCT-1,15140,162,Multiplet
ACTTCTATCCATCATC-1,12637,209,Multiplet
ACTTCTATCCGGTTCC-1,26034,306,Multiplet
ACTTCTATCCTTGGTT-1,8294,122,GRCh38
ACTTCTATCGCGACTG-1,11890,166,Multiplet
ACTTGAGTCCTGCCAC-1,13370,388,Multiplet
ACTTGAGTCGTAACCA-1,704,257,GRCh38
ACTTGCTTCGCGCATG-1,2168,41,GRCh38
ACTTGGATCCTTAGTC-1,4741,140,Multiplet
ACTTGGATCTAGTGAT-1,11324,100,GRCh38
ACTTGGGCAATCGGTG-1,23322,378,Multiplet
ACTTTAGGTCAGGGCA-1,18616,185,Multiplet
ACTTTAGGTGGGTCCT-1,850,23,GRCh38
ACTTTCATCCACCGGA-1,20570,155,Multiplet
ACTTTCATCCTCTCTC-1,24410,237,Multiplet
ACTTTCGCAAGCGACC-1,6161,165,Multiplet
ACTTTGAGTCATGGCC-1,8331,106,GRCh38
ACTTTGCTCGTTAGAT-1,35408,156,Multiplet
ACTTTGGAGGAGTCAG-1,49937,318,Multiplet
ACTTTGGAGGGTAGAT-1,24914,302,Multiplet
AGAAGGGGTCTAGCTG-1,26977,267,Multiplet
AGAAGGTTCACAGGGA-1,9113,125,GRCh38
AGAAGGTTCACCAATG-1,28453,402,Multiplet
AGAAGGTTCCAGGGTT-1,1152,54,GRCh38
AGAAGGTTCCGTCATT-1,5880,234,Multiplet
AGAAGTCAGCATGGTC-1,420,128,GRCh38
AGAAGTCAGCGAGCTT-1,52,232,mm10
AGAAGTTGTAGGCTGG-1,39739,263,Multiplet
AGAAGTTGTCCCGAAC-1,392,577,mm10
AGAAGTTGTGGACTGG-1,33807,526,Multiplet
AGAAGTTGTTAGAGAT-1,30768,301,Multiplet
AGAATAGTCCCCAAGG-1,13815,168,Multiplet
AGAATAGTCCTCTAGT-1,10518,158,Multiplet
AGAATAGTCGCGAACT-1,17844,234,Multiplet
AGAATTGAGCATGGTC-1,9616,236,Multiplet
AGAATTGAGCCACGCA-1,17787,244,Multiplet
AGAATTGAGTTAACCG-1,15075,132,Multiplet
AGAATTGAGTTGGATT-1,10961,151,Multiplet
AGACAGACAATAGTCA-1,26601,289,Multiplet
AGACATCCAACTGGGC-1,5959,77,GRCh38
AGACATCCATCACTCA-1,16945,157,Multiplet
AGACATGGTTAGGTCT-1,1823,201,Multiplet
AGACGAACACTTACCA-1,1707,35,GRCh38
AGACGAACATGGTTAA-1,9408,1320,Multiplet
AGACGCAAGCCGACAT-1,20509,248,Multiplet
AGACGCAAGCGAGTTC-1,11236,137,Multiplet
AGACGCAAGTCTCTGT-1,8701,294,Multiplet
AGACGCGGTGGCCATC-1,29344,225,Multiplet
AGACGCGGTGGCGTCT-1,7593,103,GRCh38
AGACGCGGTTCCATCC-1,2114,35,GRCh38
AGACGCGGTTTGACGT-1,16265,197,Multiplet
AGACGGATCCGCGCTT-1,20403,313,Multiplet
AGACGGGCAAGCGACC-1,34561,242,Multiplet
AGACGGGCACTATGGG-1,21393,242,Multiplet
AGACGTAGTTAACTGC-1,30473,428,Multiplet
AGACGTTCAGCTCGTT-1,27845,241,Multiplet
AGACGTTCATAGGCGC-1,16563,384,Multiplet
AGACGTTCATGCAGGC-1,38879,299,Multiplet
AGACGTTCATTCAGCC-1,59719,583,Multiplet
AGACTCGCATGCTCGT-1,39424,544,Multiplet
AGACTGCTCGATCATG-1,14024,236,Multiplet
AGACTTACACTTCATG-1,15762,621,Multiplet
AGAGAATCACAACGAT-1,19020,192,Multiplet
AGAGAATCACCTGCAT-1,7664,646,Multiplet
AGAGAATCATTAGGAC-1,16505,247,Multiplet
AGAGACCGTTCCGCTT-1,25260,226,Multiplet
AGAGACCGTTGCGGAG-1,1055,106,GRCh38
AGAGACTAGAAGGGAA-1,5004,451,Multiplet
AGAGACTAGATAGTCT-1,33059,301,Multiplet
AGAGACTAGCCTGATA-1,6351,100,GRCh38
AGAGACTAGTAAGCAA-1,12878,276,Multiplet
AGAGACTAGTGAAGGT-1,3913,53,GRCh38
AGAGACTAGTTGGATT-1,22907,236,Multiplet
AGAGAGAAGGTAGTAA-1,11738,210,Multiplet
AGAGAGAAGTATGTAC-1,10654,633,Multiplet
AGAGATGCAACTTAGA-1,11064,203,Multiplet
AGAGATGCAAGCTCTC-1,19621,192,Multiplet
AGAGATGCAAGCTGCA-1,9152,308,Multiplet
AGAGGAGGTAGTTGGA-1,45081,361,Multiplet
AGAGGAGGTCTCAGTG-1,12845,173,Multiplet
AGAGGCATCCAGCCGA-1,22258,197,Multiplet
AGAGGCATCCATGAGC-1,10405,86,GRCh38
AGAGGCATCCGCGCAA-1,2240,106,GRCh38
AGAGGCATCCGTGCTC-1,41107,322,Multiplet
AGAGGCATCGCTAGAC-1,22911,182,Multiplet
AGAGGCATCGCTCGCT-1,2292,321,Multiplet
AGAGGCATCGTCTCGC-1,2333,144,Multiplet
AGAGGCGCACCTCACG-1,1711,422,Multiplet
AGAGGCGCACTATACT-1,16976,216,Multiplet
AGAGGCGCATGCTTGC-1,15623,280,Multiplet
AGAGGCTGTGAACCTT-1,86462,233,Multiplet
AGAGGCTGTGCGATCC-1,2045,129,GRCh38
AGAGGCTGTTGACCCA-1,1931,75,GRCh38
AGAGGGTCAATTGGAC-1,15006,165,Multiplet
AGAGGGTCACATAGGT-1,8175,1363,Multiplet
AGAGGTTAGGTTCGGT-1,11616,215,Multiplet
AGAGGTTAGTGCCCGA-1,19696,305,Multiplet
AGAGGTTAGTTACGCA-1,16961,147,Multiplet
AGAGTAATCACCAGTA-1,17371,638,Multiplet
AGAGTAATCATCAGGC-1,14193,151,Multiplet
AGAGTAATCGTAGTTG-1,741,35,GRCh38
AGAGTATGTAATCCTA-1,926,1633,mm10
AGAGTATGTCAGGCAG-1,6878,262,Multiplet
AGAGTCAGTCTGGCGT-1,5064,138,Multiplet
AGAGTCCTCATAGAGA-1,14089,154,Multiplet
AGAGTCCTCCCAGACG-1,34292,370,Multiplet
AGAGTCCTCTGGTCCC-1,3129,146,Multiplet
AGCAAATGTCAATGCT-1,11323,158,Multiplet
AGCAAATGTGAGTTGA-1,23387,263,Multiplet
AGCAAATGTTGCATGT-1,8252,271,Multiplet
AGCAACCTCACTGGCG-1,3465,259,Multiplet
AGCAAGGTCGCTTGGG-1,6264,174,Multiplet
AGCAATTTCGTGAGAG-1,2492,138,Multiplet
AGCACCACACTCATCA-1,809,628,GRCh38
AGCACCACATCAAGTA-1,2805,158,Multiplet
AGCACGCCACTCAGGA-1,4485,182,Multiplet
AGCACGTTCAGGTCCG-1,8869,233,Multiplet
AGCACGTTCGAACCTA-1,6606,340,Multiplet
AGCACGTTCGACTGCG-1,12518,709,Multiplet
AGCACGTTCTATCTCA-1,1404,128,GRCh38
AGCACTATCGATTAGT-1,10933,219,Multiplet
AGCACTATCTGTGGAC-1,5006,628,Multiplet
AGCACTTGTAAGCGGT-1,6389,116,GRCh38
AGCACTTGTCTAGTCG-1,17721,172,Multiplet
AGCACTTGTGCAATCT-1,6912,93,GRCh38
AGCACTTGTTGAATGG-1,3347,333,Multiplet
AGCACTTGTTGTGGTT-1,18788,159,Multiplet
AGCAGCAAGTACGGTC-1,20869,204,Multiplet
AGCAGGATCAATCACG-1,5206,238,Multiplet
AGCAGGATCATGACTG-1,30821,290,Multiplet
AGCATATTCCCCTGGT-1,15814,211,Multiplet
AGCATCATCACTCGAA-1,11140,129,GRCh38
AGCATCATCACTCGTT-1,363,123,GRCh38
AGCATCATCCCATACT-1,14771,131,GRCh38
AGCATCATCGTGAGAG-1,29191,247,Multiplet
AGCATCATCTGTAAGT-1,55001,269,Multiplet
AGCATCGCAACTATCT-1,20479,205,Multiplet
AGCATCGCAGGGCTAC-1,10334,188,Multiplet
AGCATCGCATCATCTG-1,17020,239,Multiplet
AGCATCTGTCAGGAGT-1,9904,206,Multiplet
AGCATCTGTGGCTTGC-1,14887,161,Multiplet
AGCATCTGTTAACGCT-1,38549,346,Multiplet
AGCATGAGTAGTCCAT-1,15573,149,Multiplet
AGCATGAGTGCAGTAA-1,5829,101,GRCh38
AGCATGGAGCATGATT-1,28028,255,Multiplet
AGCATGGAGCGATTCA-1,1499,339,Multiplet
AGCATGGAGGCGATGA-1,4927,257,Multiplet
AGCATGGAGTTGCGCG-1,62331,244,Multiplet
AGCATTGTCTAAGCTG-1,3956,44,GRCh38
AGCATTTAGAAGCTGG-1,947,26,GRCh38
AGCCAAAGTAGCTCAT-1,2072,63,GRCh38
AGCCAAAGTGAAGTCA-1,49012,296,Multiplet
AGCCAGCCAATCCGCT-1,40371,286,Multiplet
AGCCAGCCACAACTAA-1,4484,112,GRCh38
AGCCAGCCACTTAGCC-1,70639,257,Multiplet
AGCCAGCCAGTAAGCT-1,52898,416,Multiplet
AGCCATCAGCGCTCTC-1,22852,369,Multiplet
AGCCATTGTGCGCGTT-1,3077,75,GRCh38
AGCCATTGTTTACAGC-1,52404,350,Multiplet
AGCCATTGTTTCGGGC-1,7743,253,Multiplet
AGCCCAACAACTACCC-1,12478,258,Multiplet
AGCCCATAGAAGGAGA-1,31118,542,Multiplet
AGCCCATAGGTCGAGA-1,18461,261,Multiplet
AGCCCATAGGTTCAAT-1,35301,477,Multiplet
AGCCCATAGGTTGACC-1,5566,235,Multiplet
AGCCCATAGTAGTAAG-1,28155,274,Multiplet
AGCCCCAAGCATGCAC-1,13274,233,Multiplet
AGCCCCAAGTGAGTAA-1,11722,127,GRCh38
AGCCCCTTCACAGCAC-1,23627,206,Multiplet
AGCCCCTTCATGATCG-1,22963,154,Multiplet
AGCCCCTTCCGCCTTA-1,21477,249,Multiplet
AGCCCGATCGTAGTTG-1,11504,127,GRCh38
AGCCCTAGTGCAACTT-1,54942,247,Multiplet
AGCCGAAAGCAAGTCC-1,1239,196,GRCh38
AGCCGAAAGTCATTGG-1,2103,30,GRCh38
AGCCGATTCAGGGAAT-1,47366,427,Multiplet
AGCCTCAGTCCATTAA-1,10518,149,Multiplet
AGCCTCCTCACCAGTA-1,8404,184,Multiplet
AGCCTCCTCCTTCAGT-1,31577,308,Multiplet
AGCCTCTCATGAGCCA-1,8740,224,Multiplet
AGCCTGACAATAGGAG-1,15370,193,Multiplet
AGCCTGACACTAACCC-1,5159,88,GRCh38
AGCCTGACACTACCGT-1,924,137,GRCh38
AGCCTGACATGCGGAC-1,1077,162,GRCh38
AGCCTGACATTCCTTC-1,8202,368,Multiplet
AGCCTGACATTCGTAT-1,4828,202,Multiplet
AGCCTGGTCCACCTGC-1,550,67,GRCh38
AGCCTGGTCCATAGAT-1,18073,135,Multiplet
AGCCTGGTCGTTAAGT-1,9744,100,GRCh38
AGCCTTGGTGAGGTGT-1,21176,199,Multiplet
AGCCTTGGTGCAATTC-1,12283,257,Multiplet
AGCGAACGTATAGACG-1,7066,74,GRCh38
AGCGAACGTGATAGAT-1,15090,242,Multiplet
AGCGAACGTGGCGCTT-1,1354,69,GRCh38
AGCGAACGTTGGATGA-1,5659,615,Multiplet
AGCGACAAGCAACCCG-1,25106,491,Multiplet
AGCGACAAGGCGAATG-1,16390,262,Multiplet
AGCGACAAGTAATCGT-1,17798,236,Multiplet
AGCGACCCAAACTATG-1,8600,257,Multiplet
AGCGACCCATGCGTTC-1,723,120,GRCh38
AGCGAGGCAAGTGCAT-1,638,19,GRCh38
AGCGAGGCAGGCAACC-1,14016,179,Multiplet
AGCGATAGTTCCTCGT-1,9904,199,Multiplet
AGCGATGAGGGCTAAG-1,868,51,GRCh38
AGCGATGAGGGTTGCT-1,54158,404,Multiplet
AGCGATGAGGTAATCT-1,6216,99,GRCh38
AGCGATGAGGTACCGT-1,23827,491,Multiplet
AGCGATTCAAGTGCTG-1,38234,380,Multiplet
AGCGATTCAATCCTTG-1,10886,239,Multiplet
AGCGATTCACCTTCCC-1,9683,95,GRCh38
AGCGATTCACTTGCAC-1,20958,576,Multiplet
AGCGCACCAAGGGCAG-1,66745,393,Multiplet
AGCGCACCAATCAGAC-1,20384,198,Multiplet
AGCGCACCACCTCACG-1,90841,102,GRCh38
AGCGCACCACCTTCCC-1,66494,161,Multiplet
AGCGCACCATGGCAGC-1,27277,156,Multiplet
AGCGCAGGTGAGACAC-1,2403,512,Multiplet
AGCGCAGGTTGTCATA-1,16076,226,Multiplet
AGCGCATTCGCGTAAC-1,17514,149,Multiplet
AGCGCCATCCATTAGG-1,3533,243,Multiplet
AGCGCCTGTCATGAAG-1,15509,206,Multiplet
AGCGGATGTTGTGGTT-1,28578,220,Multiplet
AGCGGATGTTTCAGTA-1,33834,252,Multiplet
AGCGGGACACAGCCAA-1,24131,292,Multiplet
AGCGGGACAGGAAGTA-1,18706,208,Multiplet
AGCGGTTTCACAGGAG-1,17974,319,Multiplet
AGCGGTTTCGCGACAT-1,7936,232,Multiplet
AGCGTAAGTTCGCCTT-1,29590,291,Multiplet
AGCGTAAGTTCTGTGG-1,4763,86,GRCh38
AGCGTCCGTAGTGAGC-1,1727,40,GRCh38
AGCGTCCGTCTAAGCT-1,16220,137,Multiplet
AGCGTCCGTTCGCGGT-1,13439,135,Multiplet
AGCGTTATCAGGTTCA-1,42869,294,Multiplet
AGCGTTATCCAATGAT-1,1383,136,Multiplet
AGCGTTGCAATTGAGC-1,5227,185,Multiplet
AGCGTTGCACAATCCC-1,20102,173,Multiplet
AGCGTTGCATGACTCC-1,21225,252,Multiplet
AGCTAACCAAATCCGG-1,19039,290,Multiplet
AGCTAACCAAGCGTGC-1,15219,272,Multiplet
AGCTAACCATAAGCCG-1,10550,88,GRCh38
AGCTAACCATCGTTCA-1,35546,390,Multiplet
AGCTAAGGTTAAGGAT-1,12831,278,Multiplet
AGCTAAGGTTGACGAA-1,10519,173,Multiplet
AGCTAATTCCCTCTCT-1,14634,148,Multiplet
AGCTAATTCCTCGTTG-1,50206,404,Multiplet
AGCTAATTCGTGATTG-1,22973,220,Multiplet
AGCTACGCAATATCAG-1,11764,145,Multiplet
AGCTACGCATTCGGCT-1,41658,317,Multiplet
AGCTGAGAGATTCAAC-1,17251,187,Multiplet
AGCTGAGAGTAGACTT-1,21166,152,Multiplet
AGCTGAGAGTAGGACG-1,5224,136,Multiplet
AGCTGGTTCAGGTAGG-1,12893,200,Multiplet
AGCTGGTTCATGCGAC-1,16405,180,Multiplet
AGCTGTTGTTGTAAGG-1,1371,40,GRCh38
AGCTTAACAGCCTATC-1,4120,73,GRCh38
AGCTTAACAGTTAGGT-1,9809,122,GRCh38
AGCTTACGTCATGGAA-1,962,30,GRCh38
AGCTTAGTCACGTGTA-1,36527,369,Multiplet
AGCTTAGTCCATTGCT-1,703,144,GRCh38
AGCTTAGTCGCTCCGT-1,18856,163,Multiplet
AGCTTATAGAAGGTAC-1,1253,431,GRCh38
AGCTTATAGTAGAGGT-1,16576,169,Multiplet
AGCTTATAGTGCCGTG-1,14231,147,Multiplet
AGCTTTAGTCTTGCAG-1,14719,101,GRCh38
AGGAAATCAAGCCTAG-1,331,178,GRCh38
AGGAAATCAGGTAATC-1,4100,145,Multiplet
AGGAAATCATCGGTAG-1,47749,233,Multiplet
AGGAACTAGCCCGTGA-1,843,190,GRCh38
AGGAACTAGTTACCGA-1,8379,253,Multiplet
AGGAATATCGACCAGT-1,3579,215,Multiplet
AGGAATGCAAATCGGT-1,12418,191,Multiplet
AGGAATGCAGCTCAAG-1,12909,161,Multiplet
AGGACCAAGATTCGGC-1,3120,153,Multiplet
AGGACCCCAATTCGTT-1,354,259,GRCh38
AGGACTAGTAGCCAGG-1,1102,14,GRCh38
AGGACTAGTATTGCCG-1,1082,2489,mm10
AGGACTAGTCTAGTTA-1,19685,276,Multiplet
AGGACTAGTTTACTGA-1,1207,1804,mm10
AGGAGATTCAGCGGTT-1,2002,48,GRCh38
AGGAGATTCTAACTGG-1,11741,119,GRCh38
AGGAGCCAGCTAGCAC-1,2992,69,GRCh38
AGGAGCCAGGAGCTTC-1,5240,165,Multiplet
AGGAGTTAGCCAGGTT-1,13157,156,Multiplet
AGGAGTTAGCCGCGTA-1,69761,263,Multiplet
AGGAGTTAGGGCTAAG-1,23883,194,Multiplet
AGGATCAGTAACGCTT-1,12242,151,Multiplet
AGGATTAAGAATCAGA-1,48069,323,Multiplet
AGGATTAAGCAAGCCT-1,53435,239,Multiplet
AGGATTGGTTAGGCCC-1,18214,152,Multiplet
AGGCAAGTCCCGCATC-1,16664,168,Multiplet
AGGCAAGTCTAAGTCG-1,66037,312,Multiplet
AGGCAATAGGCTCCGA-1,1195,289,GRCh38
AGGCACGGTTGCAGCC-1,632,203,GRCh38
AGGCATAGTAATGTCC-1,34556,519,Multiplet
AGGCATGAGGTGCGTT-1,10444,208,Multiplet
AGGCATGAGTGACCTA-1,15704,179,Multiplet
AGGCATTCAGGCAGCT-1,8583,103,GRCh38
AGGCATTCAGTAATCA-1,35851,264,Multiplet
AGGCATTCATGCAGTG-1,4203,160,Multiplet
AGGCATTCATTGGAAC-1,93160,189,Multiplet
AGGCCAAAGCGAAGGC-1,19343,184,Multiplet
AGGCCAAAGGATCCAC-1,5365,1013,Multiplet
AGGCCAAAGTACGGAG-1,15346,177,Multiplet
AGGCCAAAGTTAGCCA-1,4505,198,Multiplet
AGGCCAGGTGCATCTG-1,18472,226,Multiplet
AGGCCATTCCTTCCTC-1,21931,291,Multiplet
AGGCCATTCGACCATA-1,10023,369,Multiplet
AGGCCATTCGCTCCAC-1,1961,70,GRCh38
AGGCCCATCCATTAGG-1,32815,209,Multiplet
AGGCCCATCCCTCGAC-1,16413,309,Multiplet
AGGCCCATCGATGTAT-1,3616,124,GRCh38
AGGCCCATCGCATGGT-1,20882,289,Multiplet
AGGCGAATCAATTGCG-1,18055,173,Multiplet
AGGCGAATCCGGTTGG-1,967,80,GRCh38
AGGCGCAGTGGGTACG-1,891,158,GRCh38
AGGCGCAGTTGCGTAT-1,3404,70,GRCh38
AGGCGGACACAATCAA-1,9590,105,GRCh38
AGGCGGACATCACAGG-1,2567,261,Multiplet
AGGCGTTTCGCATTGA-1,13367,694,Multiplet
AGGCTCCGTTATCTCT-1,34350,578,Multiplet
AGGCTTATCAGGTAGG-1,16105,270,Multiplet
AGGCTTATCGTTCACT-1,618,125,GRCh38
AGGCTTGCAAACCGGC-1,19805,163,Multiplet
AGGCTTGCACTATCGC-1,1944,697,Multiplet
AGGGAACCACCTTGAC-1,20466,299,Multiplet
AGGGAAGGTGATAGGC-1,31493,353,Multiplet
AGGGAAGGTTATCTGA-1,28891,235,Multiplet
AGGGAGTCACTCAATT-1,14585,149,Multiplet
AGGGATTAGCCTGACG-1,14649,135,Multiplet
AGGGATTAGCTATGGC-1,11244,134,Multiplet
AGGGATTAGTAATTGC-1,13894,181,Multiplet
AGGGATTAGTAGCCAC-1,19962,180,Multiplet
AGGGCAATCACTTCGT-1,5749,171,Multiplet
AGGGCAATCCTCTATA-1,5360,185,Multiplet
AGGGCATGTTGTGCCA-1,9274,204,Multiplet
AGGGCTAAGCAAGCCT-1,22673,338,Multiplet
AGGGCTAAGCCGACAT-1,14737,175,Multiplet
AGGGCTAAGCTGAGAG-1,4300,149,Multiplet
AGGGCTAAGGATTCAT-1,2104,58,GRCh38
AGGGCTAAGTGAAGGT-1,19108,157,Multiplet
AGGGCTGGTAGGTATG-1,13139,138,Multiplet
AGGGCTGGTTGCGTAT-1,21477,178,Multiplet
AGGGGTTGTGGCTAGG-1,10633,143,Multiplet
AGGGGTTGTTTACGAC-1,524,35,GRCh38
AGGGTACGTGCGTGGA-1,918,21,GRCh38
AGGGTCAAGAAGCTCC-1,805,30,GRCh38
AGGGTCAAGGATATGA-1,13591,201,Multiplet
AGGGTCAAGGTAATCT-1,28388,301,Multiplet
AGGGTCAAGGTCCAGT-1,2180,54,GRCh38
AGGGTTAGTCTAATGC-1,46160,371,Multiplet
AGGGTTAGTGCGGTAG-1,11939,132,Multiplet
AGGGTTGAGCTAGCGT-1,6444,241,Multiplet
AGGTAAATCAGTAGGG-1,26603,238,Multiplet
AGGTAAATCCTCATCG-1,56034,343,Multiplet
AGGTAACAGGCACAGA-1,15700,168,Multiplet
AGGTAACAGTCATGGC-1,195,496,mm10
AGGTAATGTAGGTTGA-1,9899,260,Multiplet
AGGTAATGTGGCGTGA-1,20999,195,Multiplet
AGGTAGTAGATTGGTT-1,3869,81,GRCh38
AGGTAGTAGGGGATTG-1,7249,170,Multiplet
AGGTATGGTAAGTTGG-1,48361,426,Multiplet
AGGTATGGTAGTGTCT-1,11306,143,Multiplet
AGGTGATAGCGAAGTG-1,28292,256,Multiplet
AGGTGATAGTCGCAGT-1,2813,62,GRCh38
AGGTGCAAGCCGCATG-1,944,2127,mm10
AGGTGTGAGTATCTCC-1,9733,251,Multiplet
AGGTTAAAGCTTACGA-1,13765,794,Multiplet
AGGTTAAAGGCGAAGC-1,2080,426,Multiplet
AGGTTAAAGGCTCCTC-1,588,25,GRCh38
AGGTTAGGTCAAGCGG-1,5701,182,Multiplet
AGGTTAGGTGGCGACA-1,28425,255,Multiplet
AGGTTCATCGCTGGCA-1,8982,116,GRCh38
AGGTTCATCGTGCCCT-1,19299,161,Multiplet
AGGTTCATCTAGTGCA-1,17946,594,Multiplet
AGGTTCGCAGGCAGAG-1,2149,17,GRCh38
AGGTTCGCAGGCTACA-1,10033,122,GRCh38
AGGTTCGCATTCGGGA-1,140,519,mm10
AGGTTGAGTCTAAGTC-1,16827,223,Multiplet
AGGTTGAGTCTTGCCT-1,12836,342,Multiplet
AGGTTGAGTTCGTCCT-1,27049,273,Multiplet
AGGTTGGAGCTACAGC-1,20079,163,Multiplet
AGTAACCCAAGTCGGC-1,24664,279,Multiplet
AGTAACCCACTAATCT-1,13681,132,Multiplet
AGTAACCCATAACCGG-1,283,142,GRCh38
AGTAACGGTGAAGCAC-1,11812,330,Multiplet
AGTAACGGTTTAGCGT-1,18203,266,Multiplet
AGTAATGAGCATGTCA-1,19101,202,Multiplet
AGTAATGAGTGCGCCA-1,8235,360,Multiplet
AGTACACCAACCTGCT-1,20961,337,Multiplet
AGTACACCAGGTATCG-1,715,55,GRCh38
AGTACAGGTATGGCCC-1,11349,176,Multiplet
AGTACAGGTATGGCTT-1,4301,220,Multiplet
AGTACAGGTATGTAGG-1,97664,178,Multiplet
AGTACAGGTGAGTGTA-1,4037,302,Multiplet
AGTACAGGTTTGCGGC-1,16082,151,Multiplet
AGTACCGCAAGCGAGG-1,19626,112,GRCh38
AGTACCGCATAACGTA-1,1073,40,GRCh38
AGTACCGCATGCTACC-1,18766,155,Multiplet
AGTACCTGTTAGTGTC-1,1496,126,GRCh38
AGTACCTGTTTGCCTC-1,4345,64,GRCh38
AGTACTTAGCAAGCCT-1,35071,231,Multiplet
AGTACTTAGGGTTGGA-1,5634,77,GRCh38
AGTACTTAGGTAAGCG-1,11535,127,GRCh38
AGTATAGAGGGTTGGA-1,1573,32,GRCh38
AGTATAGAGGTGACAG-1,4983,282,Multiplet
AGTATAGAGTCATAGT-1,1150,37,GRCh38
AGTATCACAAGCGACC-1,30405,223,Multiplet
AGTATCACATCATACT-1,17462,244,Multiplet
AGTATCACATCCTGAC-1,29236,320,Multiplet
AGTATCCGTATGTCCG-1,13926,148,Multiplet
AGTATCCGTCTTGAAC-1,10644,160,Multiplet
AGTATGAAGGCATCCG-1,351,176,GRCh38
AGTATGGGTAGTCAAG-1,825,36,GRCh38
AGTATGGGTTCTGGCA-1,12883,148,Multiplet
AGTATGGGTTGGCTGC-1,7478,150,Multiplet
AGTATGGGTTTACAGC-1,50793,246,Multiplet
AGTATTCAGAAGCGGC-1,857,155,GRCh38
AGTATTCAGCGAGCTT-1,27001,171,Multiplet
AGTATTCAGGATCATT-1,34670,234,Multiplet
AGTATTCAGTAACGGG-1,5324,218,Multiplet
AGTCAACCAACCTGCT-1,1234,136,GRCh38
AGTCAACCACTATCTG-1,16494,194,Multiplet
AGTCAACCAGGTATGT-1,16710,781,Multiplet
AGTCAACCATCCTTAG-1,15639,194,Multiplet
AGTCAAGGTTATCGGT-1,2800,165,Multiplet
AGTCAAGGTTGACGTT-1,10617,233,Multiplet
AGTCAATTCAGTAGCC-1,1404,827,Multiplet
AGTCAATTCGTTGCGG-1,15416,145,Multiplet
AGTCACGCAGGCAATT-1,3020,42,GRCh38
AGTCAGCTCACTCAGA-1,6204,340,Multiplet
AGTCAGCTCTCACCAT-1,18190,166,Multiplet
AGTCAGGAGGGTATCC-1,6139,664,Multiplet
AGTCAGTCACTAGCGA-1,11689,112,GRCh38
AGTCAGTCACTAGTCC-1,18483,173,Multiplet
AGTCAGTCATGGTCTC-1,47485,272,Multiplet
AGTCATTAGCCGCGTA-1,7903,183,Multiplet
AGTCCAGCATCGTTCA-1,747,1259,mm10
AGTCCCAGTAAGCAGC-1,22091,1162,Multiplet
AGTCCCAGTGAAGTGC-1,9287,143,Multiplet
AGTCCCAGTGGGTCAG-1,17545,738,Multiplet
AGTCCCTCATTACTGT-1,4900,36,GRCh38
AGTCCTAAGGTTCAAT-1,482,191,GRCh38
AGTCCTAAGTAACGGG-1,30219,287,Multiplet
AGTCCTAAGTGAGGAT-1,54454,347,Multiplet
AGTCCTGGTAAGGACC-1,27748,227,Multiplet
AGTCCTGGTAGTTACC-1,4173,122,GRCh38
AGTCGAAGTCCATACG-1,6572,67,GRCh38
AGTCGAAGTCTCCATC-1,7172,161,Multiplet
AGTCGAAGTGAGGACT-1,10773,90,GRCh38
AGTCGAAGTTGTGCAT-1,35642,310,Multiplet
AGTCGATCATAGGTGT-1,10989,284,Multiplet
AGTCGGGGTAGTGCCC-1,11769,339,Multiplet
AGTCGGGGTGCGGACA-1,16672,318,Multiplet
AGTCGGGGTTATCCGG-1,4023,1081,Multiplet
AGTCGGGGTTGTCAGT-1,30673,249,Multiplet
AGTCGGTTCACTTGGA-1,5065,124,GRCh38
AGTCGGTTCATGCTAG-1,33732,208,Multiplet
AGTCGGTTCCATCAAG-1,12568,105,GRCh38
AGTCGGTTCGACCTGG-1,19446,138,Multiplet
AGTCTCAAGGGCTCTG-1,13498,167,Multiplet
AGTCTTAGTCAGCCGT-1,25195,207,Multiplet
AGTCTTGAGCGGTCTG-1,13660,176,Multiplet
AGTGAACAGATAGAGC-1,30882,3205,Multiplet
AGTGAACAGCGATGTC-1,3203,72,GRCh38
AGTGAACAGGTGAAGT-1,15766,139,Multiplet
AGTGAATGTCTCACAG-1,26088,205,Multiplet
AGTGAATGTGATAGAT-1,45934,246,Multiplet
AGTGAATGTTAGCGAA-1,1125,1429,mm10
AGTGAATGTTGGGACG-1,5951,111,GRCh38
AGTGACAGTTAGCCGC-1,732,41,GRCh38
AGTGAGGTCAGCACTA-1,681,28,GRCh38
AGTGAGGTCCCATAGA-1,24663,167,Multiplet
AGTGAGTAGCTACTCT-1,8899,975,Multiplet
AGTGATGGTAATCACC-1,14782,221,Multiplet
AGTGATGGTCAATCAC-1,5866,124,GRCh38
AGTGATTTCAGTGCCG-1,4796,64,GRCh38
AGTGATTTCCGTGTGG-1,37813,365,Multiplet
AGTGATTTCTTGATCC-1,9564,42,GRCh38
AGTGCAAGTAATGGTG-1,3857,81,GRCh38
AGTGCAAGTATGGTAG-1,17851,197,Multiplet
AGTGCAAGTTCCGTAG-1,36694,304,Multiplet
AGTGCATCAACCTGGA-1,6512,255,Multiplet
AGTGCATCACATAGGT-1,23278,165,Multiplet
AGTGCATCATTCCTGA-1,29426,447,Multiplet
AGTGCCCGTTATAGCC-1,3455,724,Multiplet
AGTGCGGGTCAACGGG-1,32425,436,Multiplet
AGTGCTCAGAAGCGGC-1,5964,123,GRCh38
AGTGCTCAGGATGATA-1,9984,201,Multiplet
AGTGCTTGTAAGCGGT-1,7899,102,GRCh38
AGTGCTTGTAATGGTG-1,16853,177,Multiplet
AGTGCTTGTTGTCTAA-1,9004,137,Multiplet
AGTGGAACAATGGAAG-1,16769,233,Multiplet
AGTGGAACAGGCTTGA-1,8420,123,GRCh38
AGTGGATAGCGCCATG-1,7911,79,GRCh38
AGTGGATAGTAGCGTC-1,1988,39,GRCh38
AGTGGCGGTTCCGCTT-1,5655,203,Multiplet
AGTGGCGGTTTACAGC-1,19062,189,Multiplet
AGTGGCTTCAGCTCAA-1,23951,237,Multiplet
AGTGGCTTCCGCCAAG-1,44381,309,Multiplet
AGTGGCTTCGACCATA-1,20685,217,Multiplet
AGTGGCTTCGTACGGT-1,31288,278,Multiplet
AGTGGTGAGATTGGCC-1,13359,257,Multiplet
AGTGGTGAGCGAACTC-1,11801,78,GRCh38
AGTGGTGAGTACGCCG-1,18770,144,Multiplet
AGTGTAAAGGCGATAG-1,755,198,GRCh38
AGTGTAAAGTAACCAT-1,9755,258,Multiplet
AGTGTAAAGTGGCTCG-1,18970,292,Multiplet
AGTGTCATCATGAACT-1,9665,311,Multiplet
AGTGTCATCCAATGAT-1,51903,294,Multiplet
AGTGTCATCGAGTTGC-1,12893,269,Multiplet
AGTGTCATCGCGCACA-1,663,147,GRCh38
AGTGTCGCAACCAACG-1,6186,225,Multiplet
AGTGTCGCAACCCGAA-1,19422,248,Multiplet
AGTGTCGCAGCCATAG-1,3002,616,Multiplet
AGTGTGAGTAACGACA-1,988,17,GRCh38
AGTGTGAGTATGTAGG-1,4600,58,GRCh38
AGTGTGGAGCTATGGC-1,12435,151,Multiplet
AGTTAGCCAACATCAA-1,2083,53,GRCh38
AGTTAGCCAATATACG-1,3703,301,Multiplet
AGTTATCAGCGAACTC-1,879,28,GRCh38
AGTTATCAGCGAGCTT-1,23502,229,Multiplet
AGTTATCAGGCACACT-1,40251,221,Multiplet
AGTTATCAGTAGGCGA-1,29981,185,Multiplet
AGTTATCAGTTAGGAA-1,16360,119,GRCh38
AGTTGAAAGCATGACC-1,17376,206,Multiplet
AGTTGAAAGCTAGAGG-1,3058,358,Multiplet
AGTTGAAAGGTACAGG-1,8237,166,Multiplet
AGTTGAGGTCAATGCT-1,5162,328,Multiplet
AGTTGAGGTGGCAGTG-1,27354,272,Multiplet
AGTTGCATCACACTAG-1,9302,135,Multiplet
AGTTGCATCCGTGCTC-1,14539,272,Multiplet
AGTTGCATCGCGTGTG-1,39786,374,Multiplet
AGTTGGGAGCCGACCA-1,17304,232,Multiplet
AGTTGGGAGCGAATGG-1,4947,89,GRCh38
AGTTGGGAGCGCATCG-1,16690,157,Multiplet
AGTTGGGAGGGGTAAT-1,3028,44,GRCh38
AGTTGGTCAAGCACAT-1,4961,183,Multiplet
AGTTGGTCAAGTGAGA-1,6830,210,Multiplet
AGTTGGTCACATAGTA-1,5672,295,Multiplet
AGTTGGTCATAACCAA-1,1605,434,Multiplet
AGTTGGTCATGGTCAG-1,8967,576,Multiplet
AGTTTAGCACATGATA-1,1484,797,Multiplet
AGTTTAGCAGGGCAGA-1,10887,177,Multiplet
AGTTTCAGTCAGCGGA-1,13087,205,Multiplet
AGTTTCAGTGGCGTAG-1,1463,62,GRCh38
AGTTTCAGTTTCGCTC-1,4059,258,Multiplet
AGTTTCCTCCGGATGT-1,10204,144,Multiplet
AGTTTCCTCTGTAACG-1,22277,234,Multiplet
AGTTTGGTCCGCATGG-1,12636,150,Multiplet
AGTTTGGTCCGGTATA-1,14559,138,Multiplet
AGTTTGGTCCTGACTT-1,6963,71,GRCh38
ATAACCACACAAGCCA-1,5932,123,GRCh38
ATAACCACACCTGGAA-1,76435,360,Multiplet
ATAACGAAGATTGACT-1,11852,203,Multiplet
ATAACGAAGGGTTAGG-1,9655,1076,Multiplet
ATAACGGGTAAGCTCT-1,36483,295,Multiplet
ATAACGTTCCCGCGTT-1,19472,234,Multiplet
ATAAGCAAGATTCAGT-1,949,47,GRCh38
ATAAGCAAGCCTTGGG-1,1440,76,GRCh38
ATAAGCAAGCTAACCA-1,15271,178,Multiplet
ATAAGCAAGGTCCCGA-1,39061,300,Multiplet
ATAAGCTTCCAATGAT-1,1207,36,GRCh38
ATAAGCTTCCCATTCG-1,9808,168,Multiplet
ATAAGCTTCGCTCCGT-1,11118,633,Multiplet
ATAAGCTTCGCTCTGC-1,28277,222,Multiplet
ATAAGCTTCTAAGTGT-1,13532,121,GRCh38
ATAAGGATCTAGCTTC-1,25986,223,Multiplet
ATAAGGATCTTGATCC-1,6771,153,Multiplet
ATAAGTGAGATTCCAG-1,21708,266,Multiplet
ATAATCGCAATGCCAG-1,33592,401,Multiplet
ATAATCGCATTACATC-1,2306,394,Multiplet
ATAATCGCATTCGTTG-1,10183,794,Multiplet
ATAATGCTCTCACACT-1,16795,174,Multiplet
ATACACTAGATTCCTC-1,6741,254,Multiplet
ATACACTAGCGACTGT-1,1589,50,GRCh38
ATACACTAGTATGACT-1,11675,196,Multiplet
ATACAGCCAAATCATG-1,47752,367,Multiplet
ATACAGCCAATCTAAG-1,4667,117,GRCh38
ATACCATAGCTGGATC-1,5130,284,Multiplet
ATACCATAGGTAAGGT-1,9895,176,Multiplet
ATACCATAGTTAGCGC-1,21329,403,Multiplet
ATACCTAGTAACGACA-1,17045,479,Multiplet
ATACCTAGTAAGCAAT-1,7318,435,Multiplet
ATACCTAGTAAGTACG-1,23363,208,Multiplet
ATACGAAAGATTCCTC-1,29729,527,Multiplet
ATACGAAAGGAGTCGA-1,9947,310,Multiplet
ATACGATTCATGCCTT-1,26794,1035,Multiplet
ATACGATTCATGTCTC-1,10969,231,Multiplet
ATACGATTCCCATATC-1,4938,1364,Multiplet
ATACGATTCCGTGGAT-1,33674,224,Multiplet
ATACGCGCATCATAGA-1,27687,319,Multiplet
ATACGGTCAACGTGAT-1,12113,173,Multiplet
ATACGGTCAATTGCTT-1,4233,477,Multiplet
ATACGGTCACATACCC-1,5830,111,GRCh38
ATACGGTCACCAGCAA-1,67751,292,Multiplet
ATACGGTCATTAGTTC-1,1076,30,GRCh38
ATACGTTAGCGATGTC-1,31545,226,Multiplet
ATACTCCTCCTCACTG-1,12592,208,Multiplet
ATACTCCTCGTTACAG-1,14107,300,Multiplet
ATACTGACAGTTGCGA-1,22446,206,Multiplet
ATACTGGTCCAGAGAG-1,3589,244,Multiplet
ATACTGGTCCTCTAAC-1,2666,443,Multiplet
ATACTTGGTAGGTATG-1,1144,19,GRCh38
ATACTTGGTGAGTCGG-1,1924,316,Multiplet
ATACTTGGTTGCTGAT-1,21456,194,Multiplet
ATAGCAAAGCAACTAT-1,4923,139,Multiplet
ATAGCAAAGGTACGAG-1,50473,339,Multiplet
ATAGCAAAGGTCCAAC-1,2934,375,Multiplet
ATAGCAGGTCTCCATC-1,20957,172,Multiplet
ATAGCAGGTTCGTTAA-1,63386,347,Multiplet
ATAGCCATCCAACTAG-1,10858,180,Multiplet
ATAGCCTGTTAACCGT-1,18120,201,Multiplet
ATAGCCTGTTATCCTT-1,7917,304,Multiplet
ATAGCCTGTTCACCGA-1,5671,1266,Multiplet
ATAGCCTGTTGCAATC-1,849,506,GRCh38
ATAGCGAGTTAACCCG-1,9097,145,Multiplet
ATAGCGCTCACTTGGA-1,2521,86,GRCh38
ATAGCGCTCTAGCTGA-1,29842,221,Multiplet
ATAGCGCTCTATGCCT-1,16416,108,GRCh38
ATAGCGCTCTGTGCGG-1,8817,139,Multiplet
ATAGCGGAGAAGGGCC-1,19169,912,Multiplet
ATAGCGGAGCTATCCT-1,25729,320,Multiplet
ATAGGATGTGAGGTTA-1,17892,152,Multiplet
ATAGGATGTTAGAGGC-1,15236,147,Multiplet
ATAGGATGTTAGCGAA-1,10697,170,Multiplet
ATAGGCCTCACTCACT-1,12064,216,Multiplet
ATAGGCCTCAGGAGTG-1,3647,56,GRCh38
ATAGGCCTCATGTGAT-1,35356,706,Multiplet
ATAGGCGAGTAAGGAC-1,3132,54,GRCh38
ATAGGCTCACAGGGTC-1,17529,409,Multiplet
ATAGGCTCAGCTACCT-1,7381,205,Multiplet
ATAGGCTCATGCGTAG-1,19227,169,Multiplet
ATAGGGCGTGATCCCA-1,4256,115,GRCh38
ATAGGGCGTTGGAGTA-1,6058,215,Multiplet
ATAGGGGTCCGCTACC-1,550,221,GRCh38
ATAGGGTAGCATATCG-1,7186,108,GRCh38
ATAGGGTAGTTGCGGT-1,12178,202,Multiplet
ATAGTCACACATTACT-1,14878,215,Multiplet
ATAGTCACATCCTGGT-1,5768,118,GRCh38
ATAGTCCGTCAGCACC-1,40738,307,Multiplet
ATAGTCCGTCTAGCAT-1,17613,248,Multiplet
ATAGTCCGTGGCAGTG-1,8077,140,Multiplet
ATAGTGAAGCCATGAC-1,1218,2013,mm10
ATAGTGAAGGATAGGT-1,47865,280,Multiplet
ATAGTGAAGTATGTGT-1,30309,196,Multiplet
ATAGTGAAGTGGCTAC-1,3924,130,GRCh38
ATATCACAGCGGTTCG-1,9365,136,Multiplet
ATATCAGCAACTTACT-1,2432,14,GRCh38
ATATCAGCAATAGCCG-1,2882,1337,Multiplet
ATATCAGCACAATCGG-1,5170,83,GRCh38
ATATCCTCACAACGAT-1,9076,241,Multiplet
ATATCCTCATCACGCT-1,3301,687,Multiplet
ATATGGCCAAATGCAC-1,23664,364,Multiplet
ATATGGCCAAGCATAC-1,6420,104,GRCh38
ATATGGCCAAGCTCCT-1,3704,90,GRCh38
ATATGGCCACAACGTG-1,15312,129,GRCh38
ATATGGCCATCCCATA-1,11061,255,Multiplet
ATATGGGGTTGTGGAA-1,8375,280,Multiplet
ATATGGTTCCCTGGAG-1,99701,271,Multiplet
ATATGGTTCGTCTCCA-1,3120,28,GRCh38
ATATGTCAGTTAGTGT-1,53003,267,Multiplet
ATATTCCCAATAGCGT-1,53549,377,Multiplet
ATCAACTAGGCACATC-1,85701,306,Multiplet
ATCAAGCCAACCAAGT-1,3507,88,GRCh38
ATCAAGCCAACTACTT-1,2034,371,Multiplet
ATCAAGCCATGCTCTA-1,19283,184,Multiplet
ATCAAGCCATGTCGGA-1,1455,55,GRCh38
ATCAAGGGTTAGTTGC-1,20038,334,Multiplet
ATCAAGGGTTCATCCC-1,16050,236,Multiplet
ATCACAACATTGCCAC-1,12765,237,Multiplet
ATCACATAGGTCCATA-1,1149,28,GRCh38
ATCACCTTCCCGCACT-1,647,146,GRCh38
ATCACCTTCCCTCGGT-1,5725,174,Multiplet
ATCACCTTCCTCGTCA-1,34412,323,Multiplet
ATCACCTTCGCGCTTC-1,36517,442,Multiplet
ATCACGATCTGGTGAC-1,2075,1193,Multiplet
ATCACTTCAGCCTACT-1,14646,243,Multiplet
ATCAGCCAGAATCCTG-1,17784,162,Multiplet
ATCAGCCAGATTACGT-1,26371,344,Multiplet
ATCAGCCAGCGGAGAC-1,4615,733,Multiplet
ATCAGCCAGGCGAATG-1,6512,225,Multiplet
ATCAGCCAGGTTGACC-1,19731,218,Multiplet
ATCAGCCAGTACCATG-1,34585,297,Multiplet
ATCAGCCAGTCGCGTG-1,18841,202,Multiplet
ATCAGGCTCGCATTGA-1,3659,155,Multiplet
ATCAGGGAGGTTCGTA-1,21300,214,Multiplet
ATCAGGTCAACGGCTA-1,14736,156,Multiplet
ATCAGGTCAATATCCT-1,30728,204,Multiplet
ATCAGTTAGAAGCGGC-1,13958,192,Multiplet
ATCAGTTAGTCAAGTT-1,40256,330,Multiplet
ATCATCAGTTGCGCGT-1,17348,160,Multiplet
ATCATCAGTTGTAGAG-1,16253,203,Multiplet
ATCATCCTCATGGCCG-1,1346,326,Multiplet
ATCATCTCAACGGTCA-1,16102,233,Multiplet
ATCATCTCACATACCC-1,48454,325,Multiplet
ATCATCTCACCTGCTG-1,1983,46,GRCh38
ATCATCTCACTAGCGA-1,4221,48,GRCh38
ATCATCTCAGCCATAG-1,23158,229,Multiplet
ATCATCTCATTACTCG-1,1092,417,GRCh38
ATCATTCCACTATACT-1,106,123,mm10
ATCATTCCATTCAGGG-1,13307,192,Multiplet
ATCCAAGTCCACCGTC-1,10140,55,GRCh38
ATCCAATAGCATCTAG-1,1318,16,GRCh38
ATCCAATAGGGTAGCA-1,5476,160,Multiplet
ATCCAATAGGTTGCAC-1,835,26,GRCh38
ATCCACAAGGATTAAG-1,27684,427,Multiplet
ATCCACGGTAGCTTAC-1,22389,264,Multiplet
ATCCACGGTTATGCAC-1,12354,173,Multiplet
ATCCACGGTTCGCCTT-1,269,134,GRCh38
ATCCACTTCGACTGGT-1,853,25,GRCh38
ATCCACTTCGTGCTAA-1,499,123,GRCh38
ATCCATAGTGGCGTTC-1,2821,308,Multiplet
ATCCATAGTTGAAGTG-1,802,22,GRCh38
ATCCATGAGCCTAAGC-1,10621,185,Multiplet
ATCCATGAGGATCTGC-1,7969,227,Multiplet
ATCCATGAGTAGACTT-1,4281,58,GRCh38
ATCCATGAGTCGCACG-1,20382,230,Multiplet
ATCCCAAAGCAAGCGA-1,9687,214,Multiplet
ATCCCAAAGCCTCTAT-1,6610,99,GRCh38
ATCCCAAAGCTTACGA-1,10721,688,Multiplet
ATCCCAGGTGAGGACT-1,54676,306,Multiplet
ATCCCAGGTTGAGGTA-1,933,60,GRCh38
ATCCCAGGTTTCCATT-1,5009,189,Multiplet
ATCCCATTCAATCACG-1,40437,458,Multiplet
ATCCCATTCCCTCGAC-1,28154,321,Multiplet
ATCCCATTCGCGTAAC-1,28292,295,Multiplet
ATCCCCATCTGGGAAG-1,17763,221,Multiplet
ATCCCCTGTGACTCTG-1,2146,3126,Multiplet
ATCCCCTGTGATCCAT-1,6233,173,Multiplet
ATCCCGCTCTATCCTA-1,1105,50,GRCh38
ATCCCTTAGTGGCTAC-1,16722,378,Multiplet
ATCCGACAGTCGATCA-1,48744,437,Multiplet
ATCCGACAGTTGGCGT-1,20400,185,Multiplet
ATCCGCCTCAGGCACT-1,4387,1306,Multiplet
ATCCGCCTCTGGCTCC-1,54004,373,Multiplet
ATCCGGGTCGTACCAA-1,1132,161,GRCh38
ATCCGTAAGGTGCTCG-1,6928,296,Multiplet
ATCCGTAAGTAACCCA-1,1993,63,GRCh38
ATCCGTAAGTTGGGCT-1,18888,266,Multiplet
ATCCGTCCACAAGGTT-1,32195,260,Multiplet
ATCCGTCCATCCATGC-1,35802,268,Multiplet
ATCCTAAGTCATGCTG-1,2210,24,GRCh38
ATCCTAAGTCTAATTG-1,5300,190,Multiplet
ATCCTAAGTTAGTCAC-1,23366,265,Multiplet
ATCCTAAGTTTAGTTG-1,16136,603,Multiplet
ATCCTAGAGGTTGGAG-1,29132,337,Multiplet
ATCCTCACACATGATA-1,13242,244,Multiplet
ATCCTCACAGCACCAA-1,7385,147,Multiplet
ATCCTCCGTAGTTAGG-1,1084,45,GRCh38
ATCCTCCGTGAGACCG-1,21750,161,Multiplet
ATCCTGAAGATAGTTC-1,7144,149,Multiplet
ATCCTGAAGCATCAAT-1,42465,371,Multiplet
ATCCTGAAGCATGGTC-1,71390,238,Multiplet
ATCCTGTTCAGGGATG-1,21584,160,Multiplet
ATCCTGTTCAGGTCAC-1,827,33,GRCh38
ATCCTGTTCAGTGCGT-1,53366,144,Multiplet
ATCCTGTTCCCATTAC-1,34542,295,Multiplet
ATCCTGTTCCGGATAC-1,25205,218,Multiplet
ATCCTGTTCTCACCAT-1,1157,33,GRCh38
ATCGAACCAACCTCTA-1,647,45,GRCh38
ATCGAACCAATATCGA-1,8485,262,Multiplet
ATCGAACCAGGTATCG-1,7357,198,Multiplet
ATCGAACCAGTTGCCT-1,7688,52,GRCh38
ATCGAAGGTCATGAAG-1,21902,207,Multiplet
ATCGAAGGTGGCAGCA-1,14931,187,Multiplet
ATCGAGGAGCCAATGC-1,872,166,GRCh38
ATCGAGGAGTAGCCGT-1,24105,260,Multiplet
ATCGAGGAGTCGAGAG-1,45617,376,Multiplet
ATCGATTAGCAGGTCT-1,4815,125,GRCh38
ATCGCATGTGAGCACG-1,915,35,GRCh38
ATCGCATGTTTGACCG-1,337,754,mm10
ATCGCCCTCACTGGCG-1,4037,164,Multiplet
ATCGCCCTCGACTTAG-1,1856,98,GRCh38
ATCGCCTCAAATGGGA-1,8812,262,Multiplet
ATCGCCTCAATGGAGA-1,26975,233,Multiplet
ATCGCCTCACATTCAT-1,12002,218,Multiplet
ATCGCCTCACCTCGTG-1,16237,192,Multiplet
ATCGCCTCACTCATGC-1,2387,358,Multiplet
ATCGCCTCATAACCGG-1,15908,149,Multiplet
ATCGCGCGTGATTGCT-1,2721,281,Multiplet
ATCGGTCAGGAGGATT-1,18084,178,Multiplet
ATCGTAGTCAGGACAG-1,2116,621,Multiplet
ATCGTAGTCCTGCTGC-1,19496,217,Multiplet
ATCGTCAAGGATCTAT-1,13229,71,GRCh38
ATCGTCAAGGTAGGTG-1,7007,170,Multiplet
ATCGTCAAGTCATTGG-1,6140,299,Multiplet
ATCGTTAGTAGTGTGA-1,23035,203,Multiplet
ATCGTTAGTGAAGGAG-1,10262,161,Multiplet
ATCGTTAGTGGGTAGT-1,22221,244,Multiplet
ATCTACCTCACTCACT-1,26841,1391,Multiplet
ATCTACCTCATAGGCC-1,8972,192,Multiplet
ATCTACCTCGATACAT-1,15957,274,Multiplet
ATCTACTCATAGATCA-1,12862,242,Multiplet
ATCTATGGTAAGCAAT-1,2733,93,GRCh38
ATCTATGGTATTGCTA-1,12060,260,Multiplet
ATCTATGGTTGACCTG-1,395,222,GRCh38
ATCTCCACACATTGCC-1,17468,197,Multiplet
ATCTCCACATAGGGTT-1,34479,158,Multiplet
ATCTCCACATCATATC-1,42143,349,Multiplet
ATCTCCACATGCTCAC-1,53,179,mm10
ATCTCGCCACTCAACC-1,26297,234,Multiplet
ATCTCGCCAGTAAGCT-1,49772,215,Multiplet
ATCTGAGTCACAGCTA-1,28412,246,Multiplet
ATCTGAGTCGATGGAG-1,8334,162,Multiplet
ATCTGCAAGCTATGGC-1,17427,259,Multiplet
ATCTGGATCACATACG-1,46081,329,Multiplet
ATCTGTGAGGGTCCTG-1,5637,323,Multiplet
ATCTGTGAGGTAAGCG-1,1208,25,GRCh38
ATCTGTGAGGTATAGA-1,19181,148,Multiplet
ATCTGTTCACAGCGTA-1,5109,143,Multiplet
ATCTTAGGTTATGAGG-1,34841,305,Multiplet
ATCTTAGGTTTAGCGT-1,837,26,GRCh38
ATCTTGCTCAATGGCC-1,9833,84,GRCh38
ATCTTGCTCCGCTGCT-1,26385,211,Multiplet
ATCTTGCTCCTGCACC-1,36208,358,Multiplet
ATGAAACGTAATGCCT-1,4626,78,GRCh38
ATGAAACGTCAGCTAT-1,11147,174,Multiplet
ATGAAACGTTATGCGT-1,9782,396,Multiplet
ATGAACCCAAAGGCAA-1,22584,210,Multiplet
ATGAACCCACCACATC-1,13394,357,Multiplet
ATGAACCCAGGTAACT-1,4618,390,Multiplet
ATGAACGGTAGGTCCC-1,1557,38,GRCh38
ATGACAGGTAGTTGGA-1,22268,157,Multiplet
ATGACAGGTCAGCTTG-1,25413,672,Multiplet
ATGACAGGTTGGAGCG-1,5854,168,Multiplet
ATGACCCAGGATGCTC-1,9618,126,GRCh38
ATGACCCAGGTCCATA-1,9280,255,Multiplet
ATGACCCAGTATCTCC-1,19173,181,Multiplet
ATGAGGTAGATTACCG-1,4148,52,GRCh38
ATGAGGTAGGATAGCG-1,10876,281,Multiplet
ATGAGGTAGGATTACT-1,95,236,mm10
ATGAGGTAGGGGTCAA-1,10491,111,GRCh38
ATGAGGTAGTACGGCT-1,5371,356,Multiplet
ATGAGGTAGTCATCCT-1,38310,247,Multiplet
ATGAGGTAGTGATACT-1,43519,454,Multiplet
ATGAGTAAGCAGGTTC-1,7703,87,GRCh38
ATGAGTAAGCCTGAGT-1,10880,218,Multiplet
ATGAGTAAGGGCTCCA-1,913,70,GRCh38
ATGAGTAAGTGCCGTG-1,908,140,GRCh38
ATGAGTTTCAATCGTG-1,14326,170,Multiplet
ATGAGTTTCCGTGAAC-1,19142,177,Multiplet
ATGAGTTTCGATCGTA-1,4724,157,Multiplet
ATGAGTTTCTTGATGG-1,31140,349,Multiplet
ATGATCCGTCAATCCG-1,3469,124,GRCh38
ATGATCCGTTCCGTCT-1,16106,148,Multiplet
ATGATCCGTTCCTTGC-1,4967,299,Multiplet
ATGATGAAGGAGGCAC-1,15694,143,Multiplet
ATGATGAAGTTAGCTG-1,946,1288,mm10
ATGATGTTCATGCCTT-1,2758,570,Multiplet
ATGATGTTCCGCCACT-1,13783,264,Multiplet
ATGATGTTCCTGCGCT-1,19623,169,Multiplet
ATGATTGCAAGGGTAA-1,29320,547,Multiplet
ATGATTGCACTCATGC-1,5123,235,Multiplet
ATGATTGCATGGAACT-1,1572,40,GRCh38
ATGATTGCATTAACTC-1,10795,468,Multiplet
ATGCACGCAGCTAACG-1,3621,140,Multiplet
ATGCAGCTCCTGAGCG-1,719,139,GRCh38
ATGCATTAGTCGAGCT-1,2674,34,GRCh38
ATGCCAATCCATTCCG-1,758,94,GRCh38
ATGCCAATCGATCGTA-1,46031,335,Multiplet
ATGCCACAGCCATACA-1,2210,78,GRCh38
ATGCCACAGCGATAGG-1,54325,317,Multiplet
ATGCCACAGGGCAGAC-1,3386,267,Multiplet
ATGCCACAGGGGATAT-1,6829,139,Multiplet
ATGCCAGCACTCATAT-1,517,51,GRCh38
ATGCCAGCATAGATGC-1,10468,161,Multiplet
ATGCCCAGTGCGCAGA-1,14827,132,Multiplet
ATGCCCAGTTGCATAC-1,31711,234,Multiplet
ATGCCCAGTTGTCCTC-1,30642,231,Multiplet
ATGCCCAGTTTGATGC-1,30726,237,Multiplet
ATGCCCTCAAGGGATA-1,1749,38,GRCh38
ATGCCTAAGAAGGAGA-1,17558,294,Multiplet
ATGCCTAAGATTGCAT-1,2396,57,GRCh38
ATGCCTAAGGCACGTT-1,16015,176,Multiplet
ATGCCTAAGGTGATGG-1,174,249,mm10
ATGCCTGGTCTAATTG-1,7843,64,GRCh38
ATGCCTGGTGGGTCAG-1,19785,262,Multiplet
ATGCGAAGTTGGGATA-1,10179,93,GRCh38
ATGCGAAGTTTCCATT-1,59853,309,Multiplet
ATGCGGTTCCAACCTT-1,1481,496,Multiplet
ATGCGGTTCTAATGCG-1,43269,721,Multiplet
ATGCTAACAACATTGA-1,5542,210,Multiplet
ATGCTAACACAATCAA-1,2835,85,GRCh38
ATGCTAACACTATCAT-1,50924,268,Multiplet
ATGCTAACATGCTACC-1,724,65,GRCh38
ATGCTAGTCACCTCTG-1,9114,117,GRCh38
ATGCTAGTCTCACCAT-1,18982,203,Multiplet
ATGCTAGTCTGGCATA-1,13180,106,GRCh38
ATGCTCAAGAAGCATA-1,46139,395,Multiplet
ATGCTCAAGCAATTAC-1,34041,357,Multiplet
ATGCTCAAGCCGAGTT-1,15323,534,Multiplet
ATGCTCAAGCCTAAGC-1,19824,236,Multiplet
ATGCTCAAGTCATCTC-1,2493,36,GRCh38
ATGCTCAAGTCTAGGC-1,37405,436,Multiplet
ATGCTCAAGTGAAGGT-1,15236,248,Multiplet
ATGCTGATCATGCGAC-1,34640,335,Multiplet
ATGCTTAGTCTCACAG-1,2272,36,GRCh38
ATGCTTAGTGAGCAGT-1,3684,44,GRCh38
ATGCTTAGTTAGTGGA-1,9737,298,Multiplet
ATGCTTGAGGTCGAAG-1,62948,293,Multiplet
ATGGACCTCAAGTAGA-1,13917,173,Multiplet
ATGGACCTCAGGCACT-1,321,133,GRCh38
ATGGACCTCCATCAGA-1,33303,241,Multiplet
ATGGACCTCCTGCGTC-1,27220,327,Multiplet
ATGGACTCAATAGGAG-1,37791,317,Multiplet
ATGGACTCACATTAAG-1,31996,204,Multiplet
ATGGACTCATAGGGCC-1,23114,278,Multiplet
ATGGACTCATTAGCTT-1,2346,181,Multiplet
ATGGAGTAGTAAGGGT-1,21434,272,Multiplet
ATGGCAAGTAAGCAGC-1,703,211,GRCh38
ATGGCAAGTTAACGCT-1,26123,214,Multiplet
ATGGCAAGTTAGCTCG-1,23672,254,Multiplet
ATGGCCCGTTGCAATC-1,25975,296,Multiplet
ATGGCGAAGCAAGCCT-1,2787,243,Multiplet
ATGGCGAAGGGTCTAC-1,3883,34,GRCh38
ATGGCTATCATGCCTT-1,31097,405,Multiplet
ATGGCTGCAAATCGAC-1,37897,316,Multiplet
ATGGCTGCAAATTCGA-1,21871,142,Multiplet
ATGGCTGCAATAGGCT-1,4837,319,Multiplet
ATGGCTGCAATCGTAA-1,11820,386,Multiplet
ATGGCTGCATGGCCTT-1,8161,343,Multiplet
ATGGCTGCATTAGCAA-1,37399,305,Multiplet
ATGGCTTGTAAGGTAT-1,10318,215,Multiplet
ATGGCTTGTGGCTTCA-1,15391,205,Multiplet
ATGGCTTGTTAATCTG-1,5721,81,GRCh38
ATGGGATAGAACCTGC-1,530,1586,mm10
ATGGGATAGGATCTCA-1,21232,206,Multiplet
ATGGGATAGGTTACGC-1,47199,658,Multiplet
ATGGGCAAGATTGGTT-1,5919,283,Multiplet
ATGGGCAAGCATCCGG-1,52180,402,Multiplet
ATGGGCAAGCATGCCG-1,19462,207,Multiplet
ATGGGCAAGGTACTGC-1,11972,277,Multiplet
ATGGGCTTCACGCCAG-1,7431,397,Multiplet
ATGGGCTTCAGCATCA-1,13770,216,Multiplet
ATGGGCTTCAGCTACA-1,13637,326,Multiplet
ATGGGCTTCGTTCGGG-1,11624,125,GRCh38
ATGGGCTTCTCATCTA-1,9871,169,Multiplet
ATGGGGATCAGGCAAG-1,7064,99,GRCh38
ATGGGTAGTTAGCCGC-1,9791,95,GRCh38
ATGGGTGAGCTAACCA-1,5996,144,Multiplet
ATGGGTGAGGGGCATA-1,3812,315,Multiplet
ATGGGTGAGGTGGCAA-1,4001,128,GRCh38
ATGGGTGAGTTACGTG-1,3854,128,GRCh38
ATGGTAAAGCCTAAGC-1,17296,286,Multiplet
ATGGTAAAGGATCCAC-1,556,121,GRCh38
ATGGTAAAGGTAGTAA-1,547,26,GRCh38
ATGGTAGGTAAGTTCC-1,2895,478,Multiplet
ATGGTAGGTGGACACG-1,1935,126,GRCh38
ATGGTCATCCTGCACC-1,2819,95,GRCh38
ATGGTCATCGTTCGGG-1,1585,23,GRCh38
ATGGTCATCTAGTAAC-1,4534,103,GRCh38
ATGGTGAGTAACGTCT-1,40,128,mm10
ATGGTGAGTCAATCGT-1,2996,182,Multiplet
ATGGTGAGTTGCTGGC-1,10778,181,Multiplet
ATGGTGAGTTTACATG-1,48783,340,Multiplet
ATGGTGGAGTAGGTCC-1,10808,266,Multiplet
ATGGTTACAAGCATAC-1,6656,85,GRCh38
ATGGTTACATAACGGT-1,1040,122,GRCh38
ATGGTTTAGAAGCCCT-1,53947,354,Multiplet
ATGGTTTAGCATATAC-1,8809,344,Multiplet
ATGGTTTAGCGAATCC-1,10936,251,Multiplet
ATGGTTTAGGCGTCAT-1,20383,171,Multiplet
ATGGTTTAGTAGAGCG-1,5627,145,Multiplet
ATGGTTTAGTTACGCA-1,7282,227,Multiplet
ATGTACCGTAAGCAAT-1,4635,179,Multiplet
ATGTACCGTGAACGGT-1,834,135,GRCh38
ATGTAGCCACCTCACG-1,1201,49,GRCh38
ATGTAGCCAGCACTGA-1,19820,275,Multiplet
ATGTAGCCATGGCAAT-1,23484,242,Multiplet
ATGTCAACAATGCCCT-1,10674,236,Multiplet
ATGTCAACACTTCGCG-1,116791,215,Multiplet
ATGTCCCCAACCAGCA-1,5510,86,GRCh38
ATGTCCCCACAAGGCC-1,18544,234,Multiplet
ATGTCCCCAGGCATCA-1,12894,147,Multiplet
ATGTCCTTCCTCATGT-1,1118,136,GRCh38
ATGTCCTTCGACCTAA-1,25888,256,Multiplet
ATGTCCTTCTAGGCGT-1,22923,203,Multiplet
ATGTCCTTCTGTGAAT-1,615,1451,mm10
ATGTGAAAGCATATAC-1,2301,240,Multiplet
ATGTGAAAGCCTCTGC-1,3566,141,Multiplet
ATGTGAAAGGATGATA-1,9816,193,Multiplet
ATGTGAAAGTGACGGA-1,37393,343,Multiplet
ATGTGAGGTCTAGGCC-1,8965,171,Multiplet
ATGTGCATCCCTGTCA-1,50284,366,Multiplet
ATGTGGCTCCCCAGCT-1,32331,271,Multiplet
ATGTGGCTCCGTTGGG-1,22704,334,Multiplet
ATGTGGCTCGAACGCT-1,6388,169,Multiplet
ATGTGGCTCGTACAGC-1,25564,251,Multiplet
ATGTGGCTCTCATGCT-1,10365,176,Multiplet
ATGTGGGAGCATGACC-1,11098,55,GRCh38
ATGTGTTAGCAAGGGC-1,46618,279,Multiplet
ATGTGTTAGCCTCTGC-1,37077,445,Multiplet
ATGTGTTAGTAACCAT-1,394,134,GRCh38
ATGTTAGCACATAGAC-1,155,285,mm10
ATGTTAGCACCATCTA-1,15960,335,Multiplet
ATGTTAGCACTTCGAC-1,33189,155,Multiplet
ATGTTAGCATGCTCAC-1,29827,238,Multiplet
ATGTTCCTCAATCCCT-1,8967,151,Multiplet
ATGTTCTCACCTAACC-1,10460,171,Multiplet
ATGTTCTCACTACCAC-1,13608,201,Multiplet
ATGTTCTCATCGGTGA-1,30563,234,Multiplet
ATTAAGCTCACGCAAC-1,25496,315,Multiplet
ATTAAGCTCGACTGGT-1,10887,194,Multiplet
ATTAAGCTCGCTCTAT-1,989,426,GRCh38
ATTACAGCAATCCCTA-1,26998,297,Multiplet
ATTACCTCACCACAGA-1,42518,376,Multiplet
ATTACCTCATCGAACG-1,246,925,mm10
ATTACGTAGGTAGACG-1,38357,257,Multiplet
ATTACTGGTAATTGGG-1,6061,192,Multiplet
ATTACTGGTAGTCCGC-1,20380,171,Multiplet
ATTACTGGTGATAGGC-1,17050,133,Multiplet
ATTACTGGTTAGTGGA-1,19440,167,Multiplet
ATTATCCCACTTGCCG-1,317,167,GRCh38
ATTATCCCAGCACTGA-1,8031,81,GRCh38
ATTATCCCATCAAGTA-1,1541,29,GRCh38
ATTATCCCATTAACCT-1,30514,317,Multiplet
ATTCACCTCCCTGGAG-1,65573,276,Multiplet
ATTCACCTCGTAATGT-1,36774,279,Multiplet
ATTCAGGTCAGCACCG-1,16455,405,Multiplet
ATTCAGGTCCCAGGCA-1,18312,159,Multiplet
ATTCAGGTCGTACAGC-1,16891,165,Multiplet
ATTCAGTAGGATCTCA-1,27323,218,Multiplet
ATTCAGTAGGGCTATC-1,92302,130,GRCh38
ATTCAGTAGTGACGAG-1,1662,400,Multiplet
ATTCATCCATCGTACC-1,8603,69,GRCh38
ATTCATGGTAGTTGCT-1,8534,218,Multiplet
ATTCATGGTTTACATG-1,18153,405,Multiplet
ATTCATGGTTTCGGTG-1,9341,152,Multiplet
ATTCATGGTTTGCGTG-1,78,232,mm10
ATTCCAAGTAGTTACC-1,28359,275,Multiplet
ATTCCAAGTCATCCTC-1,25860,300,Multiplet
ATTCCATCACAACGGC-1,21003,333,Multiplet
ATTCCCACACAGCACA-1,10590,275,Multiplet
ATTCCCACACATTGGG-1,13400,121,GRCh38
ATTCCCACATAAGGCT-1,21984,474,Multiplet
ATTCCGCCACATGCAG-1,40950,682,Multiplet
ATTCCGCCACATGCTC-1,11008,456,Multiplet
ATTCCGCCAGCTAAGT-1,1062,32,GRCh38
ATTCCGGGTGACGAAC-1,5706,210,Multiplet
ATTCCGGGTGGCTGAG-1,5711,233,Multiplet
ATTCCGGGTTTGACAC-1,3509,42,GRCh38
ATTCCTTGTCTGTCCT-1,14331,244,Multiplet
ATTCGATAGGCGTATC-1,100,128,mm10
ATTCGATAGGTAGACG-1,13049,206,Multiplet
ATTCGCTTCCGGTTAA-1,21513,248,Multiplet
ATTCGCTTCCTGTATC-1,1170,23,GRCh38
ATTCGCTTCGATCAAT-1,22473,162,Multiplet
ATTCGCTTCGATGAGG-1,16199,126,GRCh38
ATTCGCTTCGTACACA-1,12407,205,Multiplet
ATTCGGGCACCTGCTG-1,3468,428,Multiplet
ATTCGTAGTAGCTGCC-1,6228,74,GRCh38
ATTCGTAGTAGTTAGG-1,1076,143,GRCh38
ATTCGTAGTTCGTTGG-1,16859,140,Multiplet
ATTCGTAGTTGACGCC-1,39722,303,Multiplet
ATTCGTTCAAATCGTA-1,4446,110,GRCh38
ATTCGTTCACTCGCCA-1,1180,138,GRCh38
ATTCGTTCATGGTCGA-1,20372,152,Multiplet
ATTCTCATCAGCTACA-1,32120,233,Multiplet
ATTCTCATCCATGCAA-1,4892,85,GRCh38
ATTGACTAGCAGGTTC-1,3781,92,GRCh38
ATTGAGAAGATTCCGA-1,15204,235,Multiplet
ATTGAGAAGCAAGCTC-1,14258,108,GRCh38
ATTGAGAAGCATCCGG-1,20995,399,Multiplet
ATTGAGAAGCCAGATC-1,18774,230,Multiplet
ATTGAGAAGCTAGCCG-1,3283,36,GRCh38
ATTGAGAAGGCTACAC-1,17701,172,Multiplet
ATTGAGGGTGCGTGAG-1,12152,173,Multiplet
ATTGAGGGTTCAATCA-1,4885,179,Multiplet
ATTGAGGGTTCCCGAA-1,14384,165,Multiplet
ATTGATGCAAAGGTCT-1,13792,289,Multiplet
ATTGATGCATGACTAA-1,21999,241,Multiplet
ATTGCCCCAAACCGAT-1,9457,76,GRCh38
ATTGCCCCATGGCTCT-1,45107,499,Multiplet
ATTGCCCCATTGGAAC-1,32045,254,Multiplet
ATTGCCTTCCTTCAGT-1,2441,53,GRCh38
ATTGCCTTCGTTCATC-1,6106,173,Multiplet
ATTGGATTCATACAGT-1,10546,126,GRCh38
ATTGGCGCAAAGGAGC-1,11823,89,GRCh38
ATTGGCGCACATAGGT-1,23318,236,Multiplet
ATTGGCGCATCCCAAC-1,19582,216,Multiplet
ATTGGGTCAAACTGGT-1,8085,233,Multiplet
ATTGGGTCAACTGTAA-1,16530,165,Multiplet
ATTGGGTCAATTCATC-1,12629,133,Multiplet
ATTGGGTCAGGGCACT-1,11990,59,GRCh38
ATTGGTTAGCCGACCA-1,35806,341,Multiplet
ATTGGTTAGCCTGAGT-1,7167,178,Multiplet
ATTGGTTAGTAGACCC-1,6056,356,Multiplet
ATTGGTTAGTGAAGCG-1,2357,594,Multiplet
ATTGTCAGTAACGAAT-1,823,142,GRCh38
ATTGTCAGTTCATCGG-1,2377,159,Multiplet
CAAACCCAGGTCAACC-1,10271,135,Multiplet
CAAACCGCAAACCAAC-1,6823,87,GRCh38
CAAACCTGTTCCGTAG-1,10459,132,Multiplet
CAAACGGAGAAGGGTT-1,13900,354,Multiplet
CAAACGGAGCGATCCG-1,32071,232,Multiplet
CAAACGGAGGATGACG-1,16917,165,Multiplet
CAAACGGAGTAGCAGG-1,55530,324,Multiplet
CAAACTTAGCGGTTAC-1,30927,243,Multiplet
CAAAGCGAGAATCCAT-1,1203,63,GRCh38
CAAAGCGAGGGTGAGC-1,653,213,GRCh38
CAAAGCGAGTGAGTAA-1,12523,243,Multiplet
CAAAGCTCAAATTCCT-1,70420,372,Multiplet
CAAAGCTCAATGCCGA-1,40371,335,Multiplet
CAAAGCTCAATGGAAG-1,14013,93,GRCh38
CAAAGCTCAGCTAGAT-1,16886,1411,Multiplet
CAAAGGCGTAGGTATG-1,9189,387,Multiplet
CAAAGGCGTGCAGTAA-1,775,18,GRCh38
CAAAGGCGTTAACGTC-1,9205,161,Multiplet
CAAAGGGTCGACCGTG-1,5875,101,GRCh38
CAAAGGGTCGATCAGC-1,8138,135,Multiplet
CAAAGGGTCGATGATT-1,7351,158,Multiplet
CAAAGGTAGAAGGGCC-1,38257,302,Multiplet
CAAAGGTAGCCTCTCA-1,22952,196,Multiplet
CAAAGGTAGGAGTAAC-1,4819,146,Multiplet
CAAAGTAAGAAGCGCA-1,5235,914,Multiplet
CAAAGTAAGGATGTAA-1,4824,306,Multiplet
CAAAGTAAGGCAACTC-1,52010,274,Multiplet
CAAAGTAAGTAATCCG-1,35625,321,Multiplet
CAAATGAAGCAGGTTC-1,6001,58,GRCh38
CAAATGAAGGGTAGGC-1,628,228,GRCh38
CAAATGGGTAAGGACC-1,416,132,GRCh38
CAAATGGGTAATCGCT-1,6721,372,Multiplet
CAAATGTTCACATGGC-1,19977,204,Multiplet
CAAATTCAGATTAAGG-1,61400,302,Multiplet
CAAATTCAGCCATGCG-1,6196,153,Multiplet
CAAATTCAGTGGGTAG-1,23657,251,Multiplet
CAACACGCAACCAGTG-1,40551,525,Multiplet
CAACACGCAGGTATCG-1,13089,177,Multiplet
CAACAGTCACATGATA-1,69304,81,GRCh38
CAACAGTCATCCCTAA-1,170,816,mm10
CAACAGTCATTAGCAA-1,7775,60,GRCh38
CAACATTAGATAGATG-1,1474,42,GRCh38
CAACATTAGGGGTACA-1,13653,115,GRCh38
CAACCAATCACCCTTG-1,9252,372,Multiplet
CAACCAATCATGTGTG-1,24969,275,Multiplet
CAACCAATCTATCTGC-1,22318,311,Multiplet
CAACCAGCAGGCTTAG-1,33112,274,Multiplet
CAACCCAGTAGGTTGA-1,13982,154,Multiplet
CAACCCAGTGAAGGAG-1,16434,689,Multiplet
CAACGAAGTGATCCCA-1,12554,131,GRCh38
CAACGATCAAGCCTCT-1,4065,163,Multiplet
CAACGATCAATGTCGG-1,4260,231,Multiplet
CAACGATCATCCTCGG-1,10620,198,Multiplet
CAACGGGGTAATCAGG-1,22861,228,Multiplet
CAACTAACATCCAGAG-1,16195,162,Multiplet
CAACTAGTCCGTGATA-1,15414,161,Multiplet
CAACTAGTCCTCTATA-1,49639,453,Multiplet
CAACTGATCACACTGA-1,43968,304,Multiplet
CAACTGATCCCTGTCA-1,18794,236,Multiplet
CAAGACTCAAATTCCT-1,14467,153,Multiplet
CAAGACTCATCGACAG-1,39775,254,Multiplet
CAAGCAAGTTTAGCCG-1,247,720,mm10
CAAGCATCATAAGCCG-1,975,44,GRCh38
CAAGCCACAGTTGGTG-1,26491,247,Multiplet
CAAGCCACATCATCAT-1,33830,333,Multiplet
CAAGCCCGTATAGCCT-1,46370,361,Multiplet
CAAGCCCGTGAGAGCT-1,6229,237,Multiplet
CAAGCCCGTGATGCGG-1,16854,211,Multiplet
CAAGCCCGTTCACGCA-1,22707,220,Multiplet
CAAGCGAAGGGGTAGC-1,9702,257,Multiplet
CAAGCGAAGGTCCATA-1,10057,102,GRCh38
CAAGCGCCAAACTTGA-1,533,168,GRCh38
CAAGCGCCAATCAATG-1,10866,278,Multiplet
CAAGCGCCAATGCCCT-1,63,662,mm10
CAAGCGCCATCGCTTA-1,10138,722,Multiplet
CAAGCGGGTTCGGGCT-1,15952,171,Multiplet
CAAGCTATCACATGCA-1,2970,95,GRCh38
CAAGCTATCCCCTGTA-1,9207,77,GRCh38
CAAGCTCAGGAGGCAC-1,696,31,GRCh38
CAAGCTCAGGCTTCGG-1,4232,219,Multiplet
CAAGCTGCAGCCAAGC-1,5361,120,GRCh38
CAAGCTGCATCGTACC-1,2914,117,GRCh38
CAAGCTGCATTCATGT-1,19772,180,Multiplet
CAAGGATAGGATACTT-1,29783,426,Multiplet
CAAGGCAAGGAGGCGT-1,16837,280,Multiplet
CAAGGCAAGGTAAGTA-1,15429,685,Multiplet
CAAGGCGGTATAGACG-1,23323,262,Multiplet
CAAGGCGGTTGCTGGC-1,19604,158,Multiplet
CAAGGGATCACGCCTC-1,14378,224,Multiplet
CAAGGGATCATGACTG-1,711,312,GRCh38
CAAGGGATCGAATCAT-1,30692,206,Multiplet
CAAGGGGCACAATGCG-1,30120,345,Multiplet
CAAGGGGCACCTGTAC-1,6094,953,Multiplet
CAAGGTAGTTCGTGAT-1,20990,431,Multiplet
CAAGGTGAGTTAACCG-1,912,39,GRCh38
CAAGGTGAGTTACGGC-1,18507,216,Multiplet
CAAGGTTCAAACCTGG-1,16585,199,Multiplet
CAAGGTTCATCCATAT-1,135,153,mm10
CAAGTAAAGATTGAGA-1,14412,242,Multiplet
CAAGTAAAGCGAACGA-1,10708,237,Multiplet
CAAGTAGGTGGGTATA-1,2793,277,Multiplet
CAAGTAGGTTAAGTGG-1,34134,479,Multiplet
CAAGTAGGTTATCTAG-1,22117,255,Multiplet
CAAGTAGGTTCGTAAC-1,11334,189,Multiplet
CAAGTAGGTTTGACTA-1,7148,167,Multiplet
CAAGTCATCCACGGCA-1,1670,56,GRCh38
CAAGTCATCGACCATA-1,30473,257,Multiplet
CAAGTCGCACAGGCGT-1,55407,392,Multiplet
CAAGTCTGTCAGTCAT-1,19102,142,Multiplet
CAAGTCTGTGGCCAGA-1,22164,428,Multiplet
CAAGTCTGTTCGTGAT-1,35274,310,Multiplet
CAAGTGAGTGAACTGA-1,3981,41,GRCh38
CAAGTTACAAACTATG-1,22785,256,Multiplet
CAAGTTACAGGGCCAT-1,9827,226,Multiplet
CAAGTTACAGTTGCGA-1,26173,258,Multiplet
CAAGTTTAGAAGGATC-1,25947,193,Multiplet
CAAGTTTAGTGAATCT-1,14819,315,Multiplet
CAATAGAAGAACCATT-1,18542,196,Multiplet
CAATAGAAGGTACTTG-1,4585,157,Multiplet
CAATAGCCAATAGCAC-1,35606,484,Multiplet
CAATAGCCAGGGACAG-1,44736,467,Multiplet
CAATAGCCATGAATTG-1,4529,79,GRCh38
CAATAGCCATTAGGAC-1,22125,235,Multiplet
CAATATCAGGGCAGTA-1,22687,165,Multiplet
CAATATCAGTGCAATT-1,52799,328,Multiplet
CAATCATAGGCTCCAG-1,21061,242,Multiplet
CAATCATAGTTACCCT-1,8533,154,Multiplet
CAATCCCCACATAGTA-1,119,335,mm10
CAATCCGGTGAGCGTG-1,27132,310,Multiplet
CAATCGATCAATGGCC-1,9529,435,Multiplet
CAATCGATCAGCTGGT-1,4784,158,Multiplet
CAATCGATCAGGCTAC-1,758,21,GRCh38
CAATCGATCTGTCACT-1,2378,252,Multiplet
CAATCTTCATAGGGCC-1,22677,226,Multiplet
CAATGCATCACCTTCG-1,10996,671,Multiplet
CAATGCATCACGCCTC-1,7906,117,GRCh38
CAATGCATCCATCCCA-1,17631,167,Multiplet
CAATGCCAGGATTAGA-1,1396,37,GRCh38
CAATGCCAGGTCGAAG-1,11040,361,Multiplet
CAATGGCTCACTCGCC-1,30329,378,Multiplet
CAATGGCTCGCTTGCC-1,4024,167,Multiplet
CAATGGGAGCTAATGT-1,13574,212,Multiplet
CAATGGGAGTCAGGAG-1,71034,132,Multiplet
CAATGGGAGTCGACCG-1,702,25,GRCh38
CAATGGTCAAGCGCGT-1,24804,508,Multiplet
CAATGGTCAATCGTAA-1,11621,185,Multiplet
CAATGGTCAGGTTGCA-1,3558,77,GRCh38
CAATGGTCATAGGCCA-1,24470,322,Multiplet
CAATGTTAGGTTCGGT-1,715,664,GRCh38
CAATGTTAGTGAGATA-1,9091,327,Multiplet
CAATGTTAGTGGCTGT-1,50611,204,Multiplet
CAATTAGCAAACCGTG-1,19751,457,Multiplet
CAATTAGCATAAGTCA-1,13046,135,Multiplet
CAATTAGCATTCAGTT-1,19726,203,Multiplet
CAATTCCTCAGGTAGG-1,12550,159,Multiplet
CAATTCCTCCCTGTCA-1,6012,219,Multiplet
CAATTCCTCCGTAGGT-1,37838,441,Multiplet
CAATTGGTCATGCTAG-1,3011,69,GRCh38
CAATTGGTCCCCTGAC-1,2819,149,Multiplet
CAATTGGTCGTGACTA-1,4138,102,GRCh38
CAATTTCCAGCACTGA-1,8805,237,Multiplet
CAATTTCCATAACTCT-1,2014,253,Multiplet
CAATTTCCATGGCTTC-1,16822,381,Multiplet
CACAAGCTCACTTCAC-1,4257,216,Multiplet
CACAAGCTCAGCTGGT-1,492,148,GRCh38
CACAAGCTCATCGTCT-1,4603,243,Multiplet
CACAAGCTCCCTCTAG-1,8872,343,Multiplet
CACAAGCTCCGCGGTA-1,99,122,mm10
CACAAGTCAATGTGCG-1,26190,205,Multiplet
CACAATTAGAATCCGC-1,4042,123,GRCh38
CACAATTAGCAAGGTG-1,27365,210,Multiplet
CACAATTAGGCGCTCA-1,739,40,GRCh38
CACAATTAGGTACGAG-1,20133,150,Multiplet
CACAATTAGGTTCCTT-1,24520,326,Multiplet
CACACAATCACCTAGA-1,13178,147,Multiplet
CACACAATCGCGTCCT-1,30557,253,Multiplet
CACACACAGAAGCGCA-1,27235,264,Multiplet
CACACACAGCCTTCGC-1,440,282,GRCh38
CACACACAGGTAGACG-1,6580,113,GRCh38
CACACACAGGTTGACC-1,25960,283,Multiplet
CACACACAGTAATCCG-1,11165,169,Multiplet
CACACAGCATAAGGAG-1,5249,403,Multiplet
CACACAGCATCGGGTA-1,340,2077,mm10
CACACAGCATGCAGAT-1,37648,397,Multiplet
CACACCTCACAGCGTA-1,26900,286,Multiplet
CACACTAAGTTAGCCA-1,2651,1596,Multiplet
CACAGGCCACCAGCTT-1,12517,244,Multiplet
CACAGGCCATGGCGAC-1,9026,140,Multiplet
CACAGGTTCGATGCGT-1,13529,315,Multiplet
CACAGGTTCTGGGATC-1,20213,202,Multiplet
CACATAACACAAGGCC-1,128,139,mm10
CACATAACACATAGGT-1,63195,220,Multiplet
CACATAACATCGCTAC-1,13599,267,Multiplet
CACATAGTCGTACCGG-1,8856,244,Multiplet
CACATAGTCGTACTTC-1,24411,264,Multiplet
CACATCCCACTATACT-1,19614,185,Multiplet
CACATCCCATGTCGGA-1,5435,201,Multiplet
CACATTAGTGAAGTTG-1,25004,157,Multiplet
CACATTAGTTTGGTAC-1,4515,114,GRCh38
CACATTGAGTAAGCGG-1,65482,234,Multiplet
CACATTGAGTGCCATA-1,11547,130,GRCh38
CACATTTCAAGCGATT-1,656,159,GRCh38
CACATTTCACCATCAC-1,1002,53,GRCh38
CACATTTCATAACCAA-1,5467,975,Multiplet
CACATTTCATGGTCTC-1,85,151,mm10
CACATTTCATTCAGTT-1,635,41,GRCh38
CACCAAATCAGTACGC-1,15527,160,Multiplet
CACCAAATCCGTCATT-1,38623,342,Multiplet
CACCAACAGCGGATCT-1,3079,185,Multiplet
CACCAACAGTACCAGC-1,21593,177,Multiplet
CACCAATGTCTAGGTT-1,818,219,GRCh38
CACCAATGTTATCGTA-1,90,139,mm10
CACCAATGTTCGCTAG-1,16863,100,GRCh38
CACCAATGTTGTCCCT-1,22655,267,Multiplet
CACCAATGTTTGATGC-1,14567,136,Multiplet
CACCACCTCACTCTGT-1,2256,418,Multiplet
CACCACCTCAGGACAG-1,44914,256,Multiplet
CACCACCTCGACCTGG-1,15433,261,Multiplet
CACCACCTCGATGGCT-1,19526,254,Multiplet
CACCACCTCTATGTGG-1,607,267,GRCh38
CACCAGACAAGTGATC-1,15681,185,Multiplet
CACCAGACAGCCTATC-1,28074,249,Multiplet
CACCAGACATCACGTC-1,11995,350,Multiplet
CACCAGTAGTGATAGA-1,26512,223,Multiplet
CACCATAAGTGATACT-1,16054,192,Multiplet
CACCATTTCACTTCGT-1,31875,271,Multiplet
CACCCAAGTCAGTGCC-1,2168,77,GRCh38
CACCCATCACAGGACC-1,22824,366,Multiplet
CACCCTGCAAGCTGTG-1,21210,156,Multiplet
CACCCTTGTCAGTCAT-1,7676,158,Multiplet
CACCCTTGTCTAGCAT-1,888,157,GRCh38
CACCCTTGTGCGCAAG-1,30737,394,Multiplet
CACCGAACAACTAATG-1,13784,209,Multiplet
CACCGAACACAGCCAA-1,20163,1580,Multiplet
CACCGAACAGCCAGGT-1,23251,392,Multiplet
CACCGAACATTCCTTC-1,30663,419,Multiplet
CACCGATAGGCGTAAG-1,6525,38,GRCh38
CACCGATAGGTAGCGA-1,944,27,GRCh38
CACCGCAAGGCTCCAG-1,3505,109,GRCh38
CACCGCAAGGTGATCC-1,18770,749,Multiplet
CACCGCAAGGTTGAGG-1,11292,231,Multiplet
CACCGCAAGTCAGCTA-1,3753,254,Multiplet
CACCGTAGTTGAGTTC-1,10748,129,GRCh38
CACCGTTCAAGTGCCA-1,824,57,GRCh38
CACCGTTCACTTAGGG-1,4124,102,GRCh38
CACCGTTCATGCTCCG-1,37259,541,Multiplet
CACCGTTCATTGCCAC-1,18194,251,Multiplet
CACCTAAAGAATCAAG-1,38919,256,Multiplet
CACCTAAAGCGGACTT-1,6030,127,GRCh38
CACCTATTCTAATCGG-1,49165,485,Multiplet
CACCTCGCACTTAGGG-1,77790,306,Multiplet
CACCTCGCATGGTCTC-1,30536,215,Multiplet
CACCTCTGTAATCGCT-1,3455,1738,Multiplet
CACCTCTGTATGGAGC-1,6728,134,Multiplet
CACCTCTGTGCGTGGA-1,9288,63,GRCh38
CACCTGCTCCATCGTT-1,15526,129,GRCh38
CACCTGCTCCATGCTT-1,42414,359,Multiplet
CACCTTTAGATTCCGA-1,2698,73,GRCh38
CACCTTTAGTCAGCAC-1,900,39,GRCh38
CACGAAAGTAGTTGCT-1,2371,266,Multiplet
CACGACCGTCAAGTAG-1,673,2225,mm10
CACGACCGTTAGCACT-1,21105,219,Multiplet
CACGACTAGGGCTCAT-1,16130,320,Multiplet
CACGAGGGTAATCAGG-1,32742,377,Multiplet
CACGAGGGTGCATCTG-1,22062,205,Multiplet
CACGAGGGTGGACACG-1,8438,58,GRCh38
CACGAGGGTTGAGTAG-1,3508,475,Multiplet
CACGATGCAAAGGGAC-1,1524,23,GRCh38
CACGATGCAAGCGTAT-1,3782,1532,Multiplet
CACGATGCAGCCAGGT-1,7908,371,Multiplet
CACGATGCAGGAATCT-1,10880,112,GRCh38
CACGATGCATAACTAG-1,17887,153,Multiplet
CACGATTGTGATTCCG-1,26536,243,Multiplet
CACGATTGTTGAGCTT-1,3853,129,GRCh38
CACGCAACAAACTTAG-1,10229,354,Multiplet
CACGCCAAGCCCTGTC-1,4622,45,GRCh38
CACGCCAAGGGGTTAG-1,18286,221,Multiplet
CACGCCAAGGTTCGTA-1,27477,288,Multiplet
CACGCTAGTTTACATG-1,22885,222,Multiplet
CACGGCTGTTCGTGTG-1,18974,166,Multiplet
CACGGGTCAATGTCAA-1,19726,551,Multiplet
CACGGGTCACTTACGC-1,17307,170,Multiplet
CACGGGTCAGTACTAA-1,11039,86,GRCh38
CACGGTTAGCCTCTAT-1,1821,46,GRCh38
CACGGTTAGGAACCTC-1,30070,325,Multiplet
CACGGTTAGGTTGCAC-1,25591,271,Multiplet
CACGTAATCGCATGAC-1,686,341,GRCh38
CACGTATGTATTAGGG-1,2954,111,GRCh38
CACGTATGTGATTCGT-1,27556,253,Multiplet
CACTAACGTCAGTCCA-1,1803,135,Multiplet
CACTACAAGTGTCATG-1,33840,245,Multiplet
CACTACCCAAGTAGTC-1,16191,217,Multiplet
CACTACCCAGCACTAG-1,18811,168,Multiplet
CACTACCCATCACGAG-1,38383,335,Multiplet
CACTACTTCACCCTAT-1,11631,304,Multiplet
CACTACTTCGTTAGCA-1,5886,268,Multiplet
CACTATGAGCGGGATA-1,12888,171,Multiplet
CACTATGAGTTACCAG-1,13320,102,GRCh38
CACTCAAAGCAATCTG-1,22880,203,Multiplet
CACTCACCAAGCATGT-1,5680,139,Multiplet
CACTCACCAATCTAAG-1,29212,705,Multiplet
CACTCACCATCGTTGC-1,9729,226,Multiplet
CACTCACCATGGCGTA-1,45300,366,Multiplet
CACTCCATCACCTATC-1,4235,199,Multiplet
CACTCCGCAAATCTAG-1,1130,72,GRCh38
CACTCCGCAGCTATCC-1,1576,157,Multiplet
CACTCGCTCCCCATAT-1,7998,87,GRCh38
CACTCGCTCCTCGTGC-1,1082,32,GRCh38
CACTCGCTCGTAGTGC-1,8030,216,Multiplet
CACTCGCTCTAGTGCA-1,15300,160,Multiplet
CACTCGCTCTGGCCCT-1,22866,411,Multiplet
CACTCGCTCTGTGCCC-1,1432,60,GRCh38
CACTGCCTCCAGCGAT-1,6273,998,Multiplet
CACTGGACAAGCGTTG-1,3261,123,GRCh38
CACTGGGTCCACCAGG-1,41315,290,Multiplet
CACTGTCCAGCTAGGC-1,729,40,GRCh38
CACTTAGAGGCTACTA-1,7563,261,Multiplet
CACTTAGAGTTGCTGA-1,17419,269,Multiplet
CACTTCACAAGCCTAG-1,13201,130,GRCh38
CAGCAAAGTCTCACGA-1,9013,91,GRCh38
CAGCAAAGTTAGTGTC-1,84,272,mm10
CAGCAATCATGGATTA-1,22548,183,Multiplet
CAGCACTAGATTAGGA-1,1060,183,GRCh38
CAGCACTAGATTGCAT-1,3095,46,GRCh38
CAGCACTAGCGCTCAG-1,9381,287,Multiplet
CAGCACTAGGAGTCAG-1,11401,157,Multiplet
CAGCACTAGTAACGCC-1,9159,205,Multiplet
CAGCAGCCAACATCGG-1,36094,476,Multiplet
CAGCAGCCAATCCTCA-1,1895,80,GRCh38
CAGCAGCCATGGTCGA-1,7265,414,Multiplet
CAGCATATCACGCCGA-1,8969,416,Multiplet
CAGCATATCATGGTGC-1,557,49,GRCh38
CAGCATATCGAAGCTC-1,1387,357,Multiplet
CAGCATATCGACTGAC-1,20266,168,Multiplet
CAGCATATCGTGCGTG-1,17252,160,Multiplet
CAGCATTGTTGCAATC-1,7393,516,Multiplet
CAGCATTGTTGTGAGA-1,24107,169,Multiplet
CAGCCAACACATTGCC-1,3108,57,GRCh38
CAGCCAACAGGATCGC-1,18021,297,Multiplet
CAGCCAACAGGGCTTA-1,190,136,GRCh38
CAGCCATAGATTGACT-1,4955,147,Multiplet
CAGCCATAGCAATCAT-1,6633,509,Multiplet
CAGCCATAGCCTGACG-1,10435,146,Multiplet
CAGCCATAGGTCACAC-1,5550,63,GRCh38
CAGCCTAGTTAAGTGG-1,28943,220,Multiplet
CAGCGAGGTAAGTGAT-1,6213,252,Multiplet
CAGCGATTCGCGCACA-1,2865,111,GRCh38
CAGCGATTCGTAGTTG-1,10797,65,GRCh38
CAGCTAATCACACATG-1,15883,326,Multiplet
CAGCTAATCCCCATGC-1,17381,162,Multiplet
CAGCTATGTATAGACG-1,7355,162,Multiplet
CAGCTATGTTCGTCCT-1,1428,66,GRCh38
CAGCTATGTTGTAGCT-1,13397,158,Multiplet
CAGCTATGTTTCCTTG-1,5189,74,GRCh38
CAGCTCTCAACCGTAG-1,11944,332,Multiplet
CAGCTTGGTCAGCACC-1,21894,218,Multiplet
CAGCTTGGTCTCCATC-1,16692,202,Multiplet
CAGCTTGGTTGGATCT-1,19011,214,Multiplet
CAGGAACGTAATCCGT-1,4866,210,Multiplet
CAGGAACGTAGTGAGC-1,14110,330,Multiplet
CAGGAACGTCTCCATC-1,17718,129,GRCh38
CAGGAACGTGATGGGT-1,10252,38,GRCh38
CAGGAACGTGGCGCTT-1,13175,120,GRCh38
CAGGAACGTTTCAGGT-1,1721,894,Multiplet
CAGGACAAGCATAGTT-1,7621,86,GRCh38
CAGGACAAGGGCAGTA-1,3991,128,GRCh38
CAGGACAAGTAAGTTC-1,34654,272,Multiplet
CAGGACCCAATCGTGG-1,3781,55,GRCh38
CAGGACCCACTCGCAT-1,4242,116,GRCh38
CAGGACCCACTTCACA-1,13150,129,GRCh38
CAGGAGGCAATTCGCC-1,8130,228,Multiplet
CAGGAGGCAGGAAGCG-1,5380,190,Multiplet
CAGGATAGTTAGCTTA-1,53554,343,Multiplet
CAGGATAGTTCGCAAT-1,15000,224,Multiplet
CAGGCACCAACTGGGC-1,24833,297,Multiplet
CAGGCACCATGACGAT-1,8294,276,Multiplet
CAGGCCATCCCAGGCA-1,6063,442,Multiplet
CAGGCCATCTAGTTCC-1,7467,128,GRCh38
CAGGCGAGTCAATGCT-1,19422,186,Multiplet
CAGGCGAGTCAGTCAT-1,924,24,GRCh38
CAGGCGAGTGATTGAG-1,7357,92,GRCh38
CAGGCGAGTGGCAGTG-1,7160,240,Multiplet
CAGGCGAGTTAACCGT-1,30047,337,Multiplet
CAGGCGAGTTCACGGC-1,11718,259,Multiplet
CAGGCTTAGGCAACTC-1,18793,138,Multiplet
CAGGCTTAGGTCACAC-1,28625,335,Multiplet
CAGGGATGTGAACTGA-1,980,24,GRCh38
CAGGGATGTTTGACTA-1,65413,359,Multiplet
CAGGGCTCACAATCAA-1,1922,361,Multiplet
CAGGGCTCATCGGTTC-1,539,121,GRCh38
CAGGGGACAAGCGTGC-1,20284,258,Multiplet
CAGGGGACACTAGCGA-1,5793,80,GRCh38
CAGGGGACAGCTATGG-1,3192,235,Multiplet
CAGGGGACAGTTAATG-1,38751,386,Multiplet
CAGGGGTAGCGCTGCA-1,78887,231,Multiplet
CAGGGTTTCAGCCAGT-1,36731,276,Multiplet
CAGGTAAGTCATGCCA-1,43839,392,Multiplet
CAGGTAAGTTCGCTCT-1,8560,119,GRCh38
CAGGTAAGTTGGCATT-1,2368,66,GRCh38
CAGGTCACAAACTGCG-1,10456,117,GRCh38
CAGGTCACATAGGTTA-1,22381,222,Multiplet
CAGGTCACATTCGTAT-1,11851,197,Multiplet
CAGGTCCGTTGACCGC-1,10438,288,Multiplet
CAGGTTATCCCTGTGC-1,11553,97,GRCh38
CAGTAACCACTTACGC-1,69237,584,Multiplet
CAGTAACCAGGCATTG-1,12392,156,Multiplet
CAGTAAGGTTGGTGAA-1,3451,154,Multiplet
CAGTACGCAAGGTAAG-1,18448,316,Multiplet
CAGTACGCATGGTTGG-1,1404,395,Multiplet
CAGTAGCTCAGGACTC-1,21176,233,Multiplet
CAGTAGCTCAGGTCAC-1,7738,247,Multiplet
CAGTAGGAGCATGGCT-1,20279,311,Multiplet
CAGTAGGAGGCACTAC-1,1479,811,Multiplet
CAGTAGTCATCGGTGA-1,15852,273,Multiplet
CAGTATTAGCCTACCC-1,14513,158,Multiplet
CAGTATTAGCTATCAG-1,29327,172,Multiplet
CAGTCAATCGTTCAAG-1,37216,336,Multiplet
CAGTCCCTCGATGCAC-1,51023,501,Multiplet
CAGTCCTCAGGCATCA-1,5316,174,Multiplet
CAGTCCTCAGGGCTTA-1,8306,311,Multiplet
CAGTCTAAGATAGGAC-1,15389,787,Multiplet
CAGTCTAAGATTCGTG-1,23724,260,Multiplet
CAGTCTAAGGTATCTG-1,51958,411,Multiplet
CAGTGTTGTAGCGATA-1,29760,395,Multiplet
CAGTGTTGTAGGTCAA-1,1178,13,GRCh38
CAGTGTTGTATTGGAG-1,3527,1065,Multiplet
CAGTTAACAAATCCGG-1,13690,148,Multiplet
CAGTTAACACTTAGGG-1,10064,1015,Multiplet
CAGTTAACAGGATGGG-1,17503,175,Multiplet
CAGTTACGTAGGTCCC-1,3457,128,GRCh38
CAGTTACGTCTGTGCA-1,27109,395,Multiplet
CAGTTACGTTGCAGTT-1,23144,193,Multiplet
CAGTTAGTCCTGATAG-1,11185,122,GRCh38
CAGTTATAGCATGGTC-1,32079,338,Multiplet
CAGTTATAGCTGGACT-1,1798,110,GRCh38
CAGTTATAGGAGTAAC-1,37035,313,Multiplet
CAGTTATAGTTGCGCG-1,27208,215,Multiplet
CAGTTCAAGATAGTGA-1,16777,387,Multiplet
CAGTTCAAGCGAGTCT-1,25749,262,Multiplet
CAGTTCCCATGCGTTC-1,5573,212,Multiplet
CAGTTTGAGCGAGTAG-1,1068,208,GRCh38
CATAACTAGCAGGCAA-1,12639,178,Multiplet
CATAACTAGCGGTTCG-1,14202,182,Multiplet
CATAAGCCAACGTGCA-1,964,58,GRCh38
CATAAGCCACCAACTC-1,8025,267,Multiplet
CATAAGCCAGGCAAGG-1,14632,107,GRCh38
CATAAGGGTAATCGAG-1,709,52,GRCh38
CATACAACACAGCCAA-1,13467,562,Multiplet
CATACAACATAACTAG-1,48754,367,Multiplet
CATACAACATCCGTTA-1,7000,295,Multiplet
CATACATAGCATCGCG-1,15550,297,Multiplet
CATACATAGCGCATCG-1,31392,285,Multiplet
CATACATAGCTAACCA-1,51259,318,Multiplet
CATACATAGGTGGCTT-1,4022,612,Multiplet
CATACCAAGATTAGCT-1,50501,322,Multiplet
CATACCAAGCAATCAT-1,13470,158,Multiplet
CATACCAAGCGCTGAT-1,19942,228,Multiplet
CATACCAAGTTGGACC-1,27567,261,Multiplet
CATACCCCAACTATCT-1,6875,171,Multiplet
CATACCCCATTGCCAC-1,1501,50,GRCh38
CATACCTTCCACCTAT-1,24426,236,Multiplet
CATACCTTCCGGTGAT-1,16541,165,Multiplet
CATACCTTCGATAGGG-1,19780,251,Multiplet
CATACTGAGCTGGAAG-1,15999,270,Multiplet
CATACTGAGGGCCATT-1,15961,293,Multiplet
CATACTGAGGTTGAGG-1,39227,276,Multiplet
CATACTTCAATCGTAA-1,119,121,mm10
CATACTTCAATGACGT-1,13558,190,Multiplet
CATACTTCACATATAG-1,21960,269,Multiplet
CATACTTCAGCTCTGT-1,10686,79,GRCh38
CATAGATTCGTTCGTT-1,1953,129,GRCh38
CATAGATTCTATGCGA-1,24573,243,Multiplet
CATAGATTCTCATGCT-1,28039,272,Multiplet
CATAGCATCCTTGGTT-1,25354,328,Multiplet
CATAGCATCGAGTACC-1,11124,160,Multiplet
CATAGCATCGCTCATT-1,2116,240,Multiplet
CATAGCATCGTAGTGC-1,18606,201,Multiplet
CATAGCCAGAACCATT-1,1321,267,Multiplet
CATAGCCAGCATTACG-1,34838,343,Multiplet
CATAGCGCATTACACT-1,183,134,GRCh38
CATAGCTGTAGGTGCG-1,42234,280,Multiplet
CATAGGCTCACTCATC-1,9615,181,Multiplet
CATAGGCTCCTCACTG-1,1101,72,GRCh38
CATAGGCTCGACCCAG-1,1203,24,GRCh38
CATAGGCTCTATGTCC-1,13848,122,GRCh38
CATAGGGAGCTATGTG-1,14107,214,Multiplet
CATAGGGAGGTGGATG-1,1170,35,GRCh38
CATAGGGAGTCAGGAG-1,1666,145,Multiplet
CATAGGTCAACTACCC-1,2082,146,Multiplet
CATAGGTCATCGTTGC-1,31306,774,Multiplet
CATAGGTCATTACGAA-1,14373,141,Multiplet
CATAGTTAGCGCATGT-1,18623,259,Multiplet
CATATAGCAACATCAA-1,5250,223,Multiplet
CATATCCTCACTAGAT-1,25720,482,Multiplet
CATATCCTCGATTAGT-1,12835,419,Multiplet
CATATCTCAAGCATCG-1,1373,58,GRCh38
CATATCTCAATATCGA-1,15823,167,Multiplet
CATATCTCAGCCAATG-1,36959,212,Multiplet
CATATCTCATCACTGC-1,20838,229,Multiplet
CATATTCCACCTTCCC-1,13658,240,Multiplet
CATATTCCAGCAGTAT-1,12014,130,GRCh38
CATATTGGTAATCACC-1,756,163,GRCh38
CATATTGGTAGTAGGC-1,20537,561,Multiplet
CATATTGGTCAGGATA-1,2183,847,Multiplet
CATATTGGTGCGGATG-1,5452,176,Multiplet
CATCAATAGTCATCTC-1,1071,220,GRCh38
CATCACCCAACGGGCT-1,17711,248,Multiplet
CATCACCCACTATCGC-1,18552,226,Multiplet
CATCACCCATGACCTC-1,12660,181,Multiplet
CATCACTTCATCGTCT-1,17439,207,Multiplet
CATCACTTCGAGTCTA-1,19605,182,Multiplet
CATCAGGCAGCTCGAA-1,745,44,GRCh38
CATCAGGCAGGGACAG-1,1247,47,GRCh38
CATCAGGCATTAGCCC-1,3068,39,GRCh38
CATCATTCAATTGGTA-1,7705,170,Multiplet
CATCATTCACATGAAC-1,54839,327,Multiplet
CATCATTCACCATGTC-1,12799,167,Multiplet
CATCATTCACTTACTG-1,1457,37,GRCh38
CATCCAAAGCTAAGTT-1,11988,173,Multiplet
CATCCACCAATCCTCA-1,8692,212,Multiplet
CATCCAGGTCAGGCTC-1,5557,127,GRCh38
CATCCCATCACCTGCC-1,20199,181,Multiplet
CATCCCATCGATGTGC-1,1883,154,Multiplet
CATCCCGCACCTTGAC-1,10707,310,Multiplet
CATCCCTGTAATCGGA-1,2331,317,Multiplet
CATCCCTGTGAGATCA-1,419,645,mm10
CATCCGCTCATGGTAT-1,5769,185,Multiplet
CATCCGCTCTCATCAC-1,22999,232,Multiplet
CATCCGGAGCTATACG-1,24744,282,Multiplet
CATCCGGAGGAATTGA-1,24466,292,Multiplet
CATCCGGAGGGTCACT-1,7395,169,Multiplet
CATCCGGAGTGATTAC-1,862,19,GRCh38
CATCGCCTCCAGGTCG-1,27360,305,Multiplet
CATCGTCCAAGCCTCT-1,9153,186,Multiplet
CATCGTCCAAGCTAGT-1,19053,170,Multiplet
CATCGTCCACCAACGA-1,17796,395,Multiplet
CATCGTCCACTAATCT-1,47340,396,Multiplet
CATCGTCCATCCCGTG-1,25809,260,Multiplet
CATCGTTTCAGGTCAC-1,15692,214,Multiplet
CATCTAAGTATTGGTC-1,981,23,GRCh38
CATCTAAGTTCACCGA-1,41938,285,Multiplet
CATCTAAGTTTGGATC-1,37769,776,Multiplet
CATCTCACAAGCTCCT-1,7224,298,Multiplet
CATCTCACAAGGGACG-1,28761,243,Multiplet
CATCTCACAGCAGGAG-1,33402,239,Multiplet
CATCTCACATAGGGTT-1,27597,215,Multiplet
CATCTGTTCAGGTTGC-1,19850,170,Multiplet
CATCTTGCATTACGAA-1,18382,272,Multiplet
CATGAACCAGCTCACT-1,16351,154,Multiplet
CATGAACCATCGTTGC-1,22224,269,Multiplet
CATGAAGGTAGGTGAC-1,19561,127,GRCh38
CATGAAGGTGGACCGA-1,1851,251,Multiplet
CATGATTAGAAGCCAG-1,38089,329,Multiplet
CATGATTAGGCGATGA-1,7164,117,GRCh38
CATGATTAGGTCCATA-1,4969,110,GRCh38
CATGATTAGTCGACGT-1,7219,170,Multiplet
CATGCAATCATCAGCA-1,10979,141,Multiplet
CATGCAATCATCTAGG-1,1644,68,GRCh38
CATGCAATCATCTCAC-1,38284,542,Multiplet
CATGCCAGTAGTAGTG-1,12051,128,GRCh38
CATGCCAGTGCGCCAT-1,14794,319,Multiplet
CATGCCAGTTGCGTAT-1,9877,127,GRCh38
CATGCCTCAACATTAG-1,12171,1212,Multiplet
CATGCCTCAAGGTCAT-1,16981,177,Multiplet
CATGCGCGTCATCGTG-1,14592,240,Multiplet
CATGCGCGTCTGGCTA-1,12557,174,Multiplet
CATGCTGGTGATGAGC-1,22853,196,Multiplet
CATGCTGGTTAATCTG-1,2450,347,Multiplet
CATGGGTTCACTGGCG-1,80567,215,Multiplet
CATGGGTTCACTTGCT-1,11885,151,Multiplet
CATGGTCAGGAGGTAT-1,22991,239,Multiplet
CATGGTCAGTACCACA-1,2908,39,GRCh38
CATGGTTGTCCCGAGT-1,13989,130,GRCh38
CATGGTTGTGAGGCAT-1,29333,168,Multiplet
CATGGTTGTTAGACAG-1,36645,295,Multiplet
CATGGTTGTTGCACTG-1,94,162,mm10
CATGGTTGTTTGAGTC-1,639,43,GRCh38
CATGTCAAGCTTCCGC-1,16505,283,Multiplet
CATGTCAAGGAACTAA-1,21573,132,Multiplet
CATGTCAAGTATGGAA-1,74604,245,Multiplet
CATGTCAAGTCGCTGG-1,1943,380,Multiplet
CATGTTAGTATGGTTC-1,22684,338,Multiplet
CATGTTAGTATTGCCG-1,28968,205,Multiplet
CATGTTAGTTCGCCTT-1,2419,107,GRCh38
CATGTTGAGATAGATG-1,53545,381,Multiplet
CATGTTGAGCATTCGA-1,22321,335,Multiplet
CATGTTGAGCCATACA-1,3589,49,GRCh38
CATGTTGAGCGGTAAG-1,31877,477,Multiplet
CATGTTGAGGCGTTCG-1,1492,353,Multiplet
CATTAACAGCTTCCTG-1,19664,341,Multiplet
CATTAACAGTAACCTG-1,38177,456,Multiplet
CATTAACAGTATGGTT-1,27436,254,Multiplet
CATTACCTCCACGGCA-1,12895,263,Multiplet
CATTACCTCCGGTGAT-1,105631,176,Multiplet
CATTACCTCCGTGAGT-1,5190,149,Multiplet
CATTACTCACTTACCA-1,2448,31,GRCh38
CATTACTCATAGATCA-1,787,22,GRCh38
CATTAGGTCAATCAAC-1,18646,185,Multiplet
CATTAGGTCCATTCGT-1,1345,38,GRCh38
CATTAGGTCCCTGTAT-1,18459,224,Multiplet
CATTAGTAGCTGGCTG-1,21270,193,Multiplet
CATTAGTAGTGCCCGA-1,30598,233,Multiplet
CATTCAAGTCAAGCGG-1,21562,185,Multiplet
CATTCAAGTTGCCCAA-1,19918,227,Multiplet
CATTCATCAACATCGG-1,2659,42,GRCh38
CATTCATCATCACTGC-1,12680,274,Multiplet
CATTCGAAGGCGCTAT-1,19191,159,Multiplet
CATTCGAAGTCAGGAG-1,26222,259,Multiplet
CATTCGCCACCAACTC-1,34972,227,Multiplet
CATTCGCCACTCAGGA-1,31809,296,Multiplet
CATTCGTTCATGGTTG-1,13459,194,Multiplet
CATTCGTTCCTGTAAG-1,21475,372,Multiplet
CATTCTATCACTCGCC-1,41233,283,Multiplet
CATTCTATCGATGGCT-1,3015,829,Multiplet
CATTCTATCGCGCCTT-1,580,133,GRCh38
CATTCTATCGTGAGTC-1,12973,100,GRCh38
CATTCTATCTAGGCCG-1,713,266,GRCh38
CATTGCTTCCAGCATA-1,94,122,mm10
CATTGGATCAGGTCTA-1,11519,146,Multiplet
CATTGGGCAAGCTTCC-1,5599,314,Multiplet
CATTGGGCAGGACTGC-1,16976,158,Multiplet
CATTGGGCAGGTTCGA-1,949,30,GRCh38
CATTGTGAGGATGATA-1,16029,186,Multiplet
CATTGTGAGGGCAGGT-1,29584,225,Multiplet
CATTGTGAGTGCTTAG-1,15147,247,Multiplet
CATTTAGGTAAGTCCT-1,10289,138,Multiplet
CATTTCATCAATCAGT-1,1977,233,Multiplet
CATTTCATCATCATCC-1,16369,257,Multiplet
CATTTCGCAACTAGAC-1,1293,47,GRCh38
CATTTCGCAAGCTTAA-1,1147,341,GRCh38
CATTTGAGTCAACTGT-1,8428,272,Multiplet
CATTTGAGTTAACGTC-1,1297,57,GRCh38
CATTTGAGTTCGTAGT-1,12560,161,Multiplet
CATTTGAGTTTCACTT-1,12429,126,GRCh38
CATTTGCTCAGGATGG-1,866,65,GRCh38
CCAAAGCTCACCTATC-1,39318,149,Multiplet
CCAAAGCTCAGTACGC-1,14822,142,Multiplet
CCAAAGCTCCGCATGG-1,20395,331,Multiplet
CCAAATGTCATGTGTG-1,9269,125,GRCh38
CCAAATGTCGTACCTT-1,4864,44,GRCh38
CCAAATGTCTTGATCC-1,2285,43,GRCh38
CCAACCCTCATCATCC-1,7252,169,Multiplet
CCAACCCTCCAGATTG-1,7949,222,Multiplet
CCAACCCTCCATCGAA-1,1258,66,GRCh38
CCAACCCTCCCAGAGT-1,13222,168,Multiplet
CCAACCCTCTAAGCAT-1,1598,86,GRCh38
CCAACCCTCTATCGGA-1,41189,347,Multiplet
CCAACCTCAGTAAGGA-1,26709,399,Multiplet
CCAACTGGTATTGAGG-1,16477,233,Multiplet
CCAAGGGGTCAGCGGA-1,2721,167,Multiplet
CCAAGGGGTTATGTGC-1,17288,253,Multiplet
CCAAGGGGTTGGCATT-1,7087,520,Multiplet
CCAAGGGGTTTCCTTG-1,15916,252,Multiplet
CCAAGGTTCATGACTG-1,10423,197,Multiplet
CCAAGTCAGGCTACGT-1,13138,134,Multiplet
CCAATAGTCCGGTACG-1,9678,294,Multiplet
CCAATAGTCGCTCGCT-1,3747,260,Multiplet
CCAATATAGCATAGTT-1,1322,183,Multiplet
CCAATCAAGCAGGTGA-1,10065,103,GRCh38
CCAATCAAGCCATCAA-1,16125,1055,Multiplet
CCAATCCCACAGCGGT-1,1516,768,Multiplet
CCAATCCCAGGCTTAG-1,16418,109,GRCh38
CCAATCCCATTACCCA-1,4227,64,GRCh38
CCAATTAGTCTTACCC-1,14905,149,Multiplet
CCAATTAGTGAACCGG-1,15731,176,Multiplet
CCAATTAGTGAGTGCG-1,20113,138,Multiplet
CCAATTAGTTAGGTAG-1,7623,129,GRCh38
CCAATTAGTTGCACAT-1,51348,302,Multiplet
CCAATTAGTTTAGGTC-1,11564,191,Multiplet
CCAATTGAGATAGGTA-1,11424,134,Multiplet
CCACAACAGAAGCAAC-1,5716,88,GRCh38
CCACAACAGCCTCTGC-1,13375,179,Multiplet
CCACAACAGCGCTACG-1,1899,123,GRCh38
CCACAACAGGCTACCG-1,21686,203,Multiplet
CCACACAGTCATTCAA-1,4581,107,GRCh38
CCACAGACAACTACGG-1,38098,445,Multiplet
CCACAGACAACTGGCA-1,27976,426,Multiplet
CCACAGACACCTTCGG-1,29824,679,Multiplet
CCACAGACAGCAGGTC-1,34448,572,Multiplet
CCACAGACATGCGGAC-1,8889,209,Multiplet
CCACAGACATTAGGGT-1,9794,429,Multiplet
CCACATAAGCTACGGT-1,27943,358,Multiplet
CCACATAAGCTTACTC-1,80,240,mm10
CCACATCCAATCGACG-1,2370,1725,Multiplet
CCACATGGTCTGTGTG-1,29769,197,Multiplet
CCACATGGTTAGTACC-1,4970,164,Multiplet
CCACATGGTTCGTCTC-1,594,64,GRCh38
CCACATGGTTGGTTAC-1,18210,172,Multiplet
CCACATGGTTGTCCTC-1,10062,319,Multiplet
CCACCAAGTGAGACGT-1,39588,365,Multiplet
CCACCAAGTTATGCAC-1,7534,171,Multiplet
CCACCATCAAGGGAAC-1,19477,347,Multiplet
CCACCATCAATCCTGC-1,21940,360,Multiplet
CCACCATCATTGCCGT-1,44398,386,Multiplet
CCACCTATCATCACGA-1,62389,317,Multiplet
CCACCTATCGTTCGTT-1,45626,337,Multiplet
CCACCTCAGAATCGTT-1,42733,476,Multiplet
CCACCTCAGATTCCTC-1,31356,329,Multiplet
CCACCTCAGGTAACGG-1,10346,134,Multiplet
CCACCTCAGGTAGTGG-1,5668,162,Multiplet
CCACCTGCATCCTAAT-1,11556,152,Multiplet
CCACCTTGTTGCTATA-1,72,753,mm10
CCACGAACATTGCGCT-1,19186,199,Multiplet
CCACGATAGCTAGTTG-1,15946,298,Multiplet
CCACGATAGTCATGTG-1,64496,290,Multiplet
CCACGCAAGCGATGGA-1,1996,241,Multiplet
CCACGCAAGCGCTGAT-1,19872,233,Multiplet
CCACGGATCACCACGG-1,21038,171,Multiplet
CCACGGATCCGCTGTC-1,16152,103,GRCh38
CCACGGATCCTTAGAG-1,5332,185,Multiplet
CCACGGATCGCATTAG-1,978,41,GRCh38
CCACGTAGTGATTCGT-1,30979,321,Multiplet
CCACGTAGTGGCGTTC-1,4453,172,Multiplet
CCACGTAGTTCGGCAC-1,18897,155,Multiplet
CCACGTTCAACGGTCA-1,11751,218,Multiplet
CCACGTTCAACTATGA-1,3077,367,Multiplet
CCACGTTCACCTAACC-1,31166,406,Multiplet
CCACGTTCATTACCCA-1,100,421,mm10
CCACTAAAGCAGGTCT-1,11375,153,Multiplet
CCACTAGGTTGCAATC-1,31613,324,Multiplet
CCACTATTCAAGTTCG-1,17433,110,GRCh38
CCACTATTCCATCAAG-1,22600,319,Multiplet
CCACTATTCTGGCCCT-1,11910,122,GRCh38
CCACTCGCAAGCTATA-1,5680,85,GRCh38
CCACTCGCAAGGGCTC-1,12513,247,Multiplet
CCACTCGCAGCAGGTC-1,24179,220,Multiplet
CCACTCGCAGTTGGCA-1,16642,410,Multiplet
CCACTCGCATGCTCCG-1,5842,120,GRCh38
CCACTTACAATAGGCT-1,9948,133,Multiplet
CCAGAATCAGGGACTC-1,8144,155,Multiplet
CCAGACCGTTGCTTCC-1,3820,70,GRCh38
CCAGAGAAGCAAGCCT-1,15457,534,Multiplet
CCAGAGAAGCCCTGAG-1,302,132,GRCh38
CCAGAGAAGTCATCGA-1,5526,122,GRCh38
CCAGAGAAGTTGCGTA-1,62530,246,Multiplet
CCAGAGGGTCTAGGAA-1,32316,238,Multiplet
CCAGATGCAATCTAAG-1,13620,152,Multiplet
CCAGATTGTAATCCGT-1,12060,128,GRCh38
CCAGATTGTAGCCATT-1,16292,102,GRCh38
CCAGATTGTTAACTGC-1,8878,189,Multiplet
CCAGCAACAATCTCTG-1,6939,234,Multiplet
CCAGCCAAGATAGCGG-1,31461,258,Multiplet
CCAGCCAAGCATGGCT-1,20255,236,Multiplet
CCAGCCAAGCCCTGTC-1,10910,206,Multiplet
CCAGCCAAGGATCTGC-1,57801,231,Multiplet
CCAGCCTTCAAGTTCG-1,16109,101,GRCh38
CCAGCCTTCATATCCC-1,18554,567,Multiplet
CCAGCCTTCCCTCTCT-1,1813,778,Multiplet
CCAGCCTTCTAAGCCA-1,63896,386,Multiplet
CCAGCTAGTATGTGGA-1,773,27,GRCh38
CCAGCTAGTGAGACTA-1,2838,134,Multiplet
CCAGCTAGTTGCATCG-1,17306,367,Multiplet
CCAGGCATCACGTGCG-1,22367,257,Multiplet
CCAGGCATCCATCCGC-1,2123,75,GRCh38
CCAGGCATCGTAGTCA-1,16352,172,Multiplet
CCAGGTTAGTAAGGAC-1,32151,236,Multiplet
CCAGTAATCGAATGGG-1,67020,250,Multiplet
CCAGTAATCTGGGCAT-1,6545,157,Multiplet
CCAGTATGTGCGGTGA-1,14018,155,Multiplet
CCAGTATGTTATGTGC-1,10836,409,Multiplet
CCAGTCCTCCCGCTGT-1,5798,108,GRCh38
CCAGTCCTCTAGCTGA-1,29114,318,Multiplet
CCAGTCCTCTGTAAGT-1,1845,195,Multiplet
CCAGTTAAGCTATCCT-1,535,104,GRCh38
CCAGTTAAGGTCATGC-1,14933,288,Multiplet
CCAGTTGGTAGGCGCA-1,2636,164,Multiplet
CCAGTTGGTTCAAGTC-1,1549,60,GRCh38
CCAGTTGGTTGTGACT-1,16808,252,Multiplet
CCATAACGTAACGTAG-1,12901,387,Multiplet
CCATAACGTCATGAAG-1,12946,182,Multiplet
CCATAAGTCATACAGT-1,451,590,mm10
CCATAAGTCCCATATC-1,29788,177,Multiplet
CCATAAGTCCGGTACG-1,690,1346,mm10
CCATAAGTCCTCGTTG-1,6015,201,Multiplet
CCATAAGTCGCTGGCA-1,53,127,mm10
CCATAATAGGCTCAGT-1,6681,178,Multiplet
CCATAATAGGTACCGT-1,44389,337,Multiplet
CCATACTTCACCCTTG-1,1450,27,GRCh38
CCATACTTCCGCACAG-1,30338,317,Multiplet
CCATACTTCCTGCCTA-1,35212,402,Multiplet
CCATATAGTAATGGTG-1,27717,189,Multiplet
CCATATAGTCTGTGCA-1,11780,144,Multiplet
CCATATAGTGCAGCCT-1,14017,213,Multiplet
CCATCACCAACCTTGC-1,916,159,GRCh38
CCATCACCAGGCAGCT-1,21064,169,Multiplet
CCATCACCATGAGCCA-1,3057,83,GRCh38
CCATCAGGTAGCCCTA-1,9916,190,Multiplet
CCATCAGGTGATAGCA-1,12139,160,Multiplet
CCATCAGGTTTCCTAT-1,26401,247,Multiplet
CCATCATTCCGTCATT-1,9004,454,Multiplet
CCATCCGCAAGGTATC-1,27774,226,Multiplet
CCATCCGCATTGCGCT-1,22424,314,Multiplet
CCATCCTGTATGTACC-1,17404,125,GRCh38
CCATCCTGTATTGGCT-1,11012,432,Multiplet
CCATCCTGTCATCAAC-1,37911,354,Multiplet
CCATCCTGTCATGGCC-1,7374,172,Multiplet
CCATCCTGTGGGTTAA-1,12972,151,Multiplet
CCATCGCTCAGCCTAA-1,6713,322,Multiplet
CCATCTTAGGGTACGA-1,30224,196,Multiplet
CCATGCCTCACAGCCG-1,18131,218,Multiplet
CCATGCCTCACCTCGC-1,4588,133,Multiplet
CCATGCCTCAGTGCTA-1,308,342,mm10
CCATGGGTCAATTGCG-1,6413,113,GRCh38
CCATGGGTCGTGCTCC-1,38512,731,Multiplet
CCATGTCCACTCAGCT-1,11305,333,Multiplet
CCATTAAGTGCATCCA-1,2755,70,GRCh38
CCATTAAGTTCCAGGC-1,3690,99,GRCh38
CCATTAAGTTCTGGGC-1,20987,290,Multiplet
CCATTAGAGCCAGGTT-1,9946,246,Multiplet
CCATTGAAGCCTGAAC-1,10646,90,GRCh38
CCATTGAAGTGAACGG-1,70592,187,Multiplet
CCATTTCAGAATCGCC-1,825,19,GRCh38
CCATTTCAGATAGTTC-1,13215,110,GRCh38
CCATTTCAGGTACAGG-1,733,496,GRCh38
CCATTTCAGTGAGCGA-1,1666,22,GRCh38
CCATTTCAGTTGCTTC-1,1882,37,GRCh38
CCATTTGCAATTCGCC-1,37513,353,Multiplet
CCATTTGCATGACTCC-1,27572,232,Multiplet
CCCAAATGTCAGCTAT-1,5012,114,GRCh38
CCCAACCTCCTGCTGC-1,1578,57,GRCh38
CCCAACCTCGCATCGG-1,37976,371,Multiplet
CCCAACCTCTATGGAT-1,681,137,GRCh38
CCCAATTTCAGTAATC-1,10662,424,Multiplet
CCCAATTTCATAGATC-1,7480,127,GRCh38
CCCAATTTCCGTTACT-1,8282,293,Multiplet
CCCACGTTCAGGACAG-1,21701,228,Multiplet
CCCACGTTCCATGTCT-1,600,51,GRCh38
CCCACGTTCTCATTCA-1,5020,119,GRCh38
CCCACTATCCAGATCA-1,73233,325,Multiplet
CCCACTATCGCATTAG-1,20357,239,Multiplet
CCCACTTGTAAGTCAG-1,303,163,GRCh38
CCCACTTGTGAAGGCT-1,6829,240,Multiplet
CCCACTTGTTCGTCCT-1,696,71,GRCh38
CCCAGCAAGGATATAG-1,18725,133,Multiplet
CCCAGGATCGACCCGA-1,6328,89,GRCh38
CCCAGGATCTAGTACG-1,25017,493,Multiplet
CCCAGTGAGCATGTGC-1,2874,712,Multiplet
CCCAGTGAGCTAAGTT-1,43193,358,Multiplet
CCCAGTGAGCTATCGA-1,1827,84,GRCh38
CCCAGTGAGGTGAGTG-1,10643,193,Multiplet
CCCAGTGAGTCGATCA-1,24580,217,Multiplet
CCCAGTGAGTTGGTTG-1,33578,228,Multiplet
CCCATAGGTTCAATGC-1,966,419,GRCh38
CCCATCATCACAGAGG-1,3381,458,Multiplet
CCCATCATCCGTGAGT-1,24430,796,Multiplet
CCCATCGCAATACGGT-1,1099,227,GRCh38
CCCATCGCAATATCAG-1,3350,271,Multiplet
CCCATCTGTCAACGAA-1,14609,151,Multiplet
CCCATCTGTTCACCTC-1,27381,299,Multiplet
CCCATCTGTTCCTCTA-1,30309,634,Multiplet
CCCATCTGTTCTGGTG-1,4099,57,GRCh38
CCCATGAGTCTTGATA-1,931,51,GRCh38
CCCATGAGTTAGAGCA-1,6805,136,Multiplet
CCCATGAGTTGTAGGA-1,29285,323,Multiplet
CCCATGGAGATTGCAT-1,1090,23,GRCh38
CCCATGGAGTAAGGAC-1,5558,171,Multiplet
CCCATGGAGTAGAGCG-1,15065,144,Multiplet
CCCATTGTCACATGAT-1,12332,246,Multiplet
CCCATTGTCATGGACC-1,5744,232,Multiplet
CCCATTGTCTAGTGCA-1,11768,169,Multiplet
CCCATTTAGGATACCC-1,10143,170,Multiplet
CCCATTTAGGCGTATC-1,1267,54,GRCh38
CCCATTTAGGTTCAGC-1,673,588,GRCh38
CCCGAACGTAACGGGT-1,11619,242,Multiplet
CCCGAACGTCATTAGC-1,17597,179,Multiplet
CCCGAACGTCTAGTAC-1,20816,268,Multiplet
CCCGAACGTTATCTGA-1,7324,113,GRCh38
CCCGAACGTTGCAGCC-1,6270,130,GRCh38
CCCGAACGTTGCCTTC-1,19645,434,Multiplet
CCCGAATAGGCTTGGT-1,832,1076,mm10
CCCGACAAGCCAGACT-1,27403,403,Multiplet
CCCGACAAGGAATGCG-1,11538,98,GRCh38
CCCGACAAGGGTCTCG-1,9876,216,Multiplet
CCCGACAAGTAGTTAC-1,21635,306,Multiplet
CCCGATAGTTCCGCTT-1,954,83,GRCh38
CCCGATGAGCAATCGC-1,35314,346,Multiplet
CCCGATGAGCCTAGCG-1,17767,285,Multiplet
CCCGATGAGTCGCAGT-1,4616,53,GRCh38
CCCGATTCAACGGGTC-1,1200,50,GRCh38
CCCGATTCAGGTTCCT-1,5059,473,Multiplet
CCCGCATTCAAGTTAC-1,28068,427,Multiplet
CCCGCATTCACATTCC-1,34376,650,Multiplet
CCCGCTTAGTACCAGC-1,1589,25,GRCh38
CCCGCTTAGTTAGACT-1,223,174,GRCh38
CCCGGTAAGCCACGCA-1,18673,133,Multiplet
CCCGGTAAGGTGACAG-1,42046,350,Multiplet
CCCGTAAGTAATGGGC-1,15525,278,Multiplet
CCCGTAAGTAGCTCCA-1,9999,118,GRCh38
CCCGTAAGTCAATCGT-1,2947,69,GRCh38
CCCGTAAGTTATCACA-1,5051,282,Multiplet
CCCGTTATCACATAGT-1,1092,644,GRCh38
CCCGTTATCATCTCAC-1,17666,240,Multiplet
CCCGTTGCACCTAATT-1,244,185,GRCh38
CCCGTTGCATGGATTA-1,1634,664,Multiplet
CCCTAACCATAACCTT-1,73737,416,Multiplet
CCCTACGCAAGCATGT-1,332,163,GRCh38
CCCTACGCAATTACCT-1,22709,508,Multiplet
CCCTACGCAGCACGAC-1,623,867,mm10
CCCTAGCTCAGCCAGT-1,14409,889,Multiplet
CCCTAGCTCCTGTATC-1,5760,975,Multiplet
CCCTAGCTCCTTCCTC-1,24877,377,Multiplet
CCCTAGTCAATCGGGC-1,163,154,GRCh38
CCCTAGTCACAGCATG-1,3104,63,GRCh38
CCCTAGTCATCCTGAC-1,62855,295,Multiplet
CCCTATGTCACTCGGG-1,669,207,GRCh38
CCCTATGTCAGGGCAA-1,19161,211,Multiplet
CCCTATGTCGAATCCA-1,24668,254,Multiplet
CCCTCAATCACTATGG-1,53661,374,Multiplet
CCCTCAATCGCTCATT-1,28195,281,Multiplet
CCCTCAATCTGGATCA-1,5993,147,Multiplet
CCCTCAGCAATCGTAA-1,2193,72,GRCh38
CCCTCAGCAGCTCGTT-1,24773,377,Multiplet
CCCTGAGAGCGAAGCA-1,93677,192,Multiplet
CCCTGAGAGCTACTGA-1,1440,51,GRCh38
CCCTGAGAGGATTCGC-1,6165,168,Multiplet
CCCTGAGAGTGCTGAC-1,4627,387,Multiplet
CCCTGGTTCACCAATG-1,2931,72,GRCh38
CCCTGGTTCCGTTAAG-1,17853,289,Multiplet
CCCTGGTTCCTGCATT-1,1182,55,GRCh38
CCCTGTTGTTATGCTA-1,1930,101,GRCh38
CCCTGTTGTTCGCCAA-1,762,298,GRCh38
CCCTTAACAACGGGCT-1,6714,385,Multiplet
CCCTTAACAATATCGA-1,19656,210,Multiplet
CCCTTAGTCACTGTCT-1,20284,295,Multiplet
CCCTTGATCATCTGTC-1,104,160,mm10
CCCTTGATCCAGCTAA-1,5770,97,GRCh38
CCCTTGATCCTTCATA-1,4895,145,Multiplet
CCCTTGATCGCTAGGT-1,3045,654,Multiplet
CCCTTTAGTAACGTAG-1,7549,69,GRCh38
CCCTTTAGTTCCCAGA-1,12874,183,Multiplet
CCCTTTAGTTCGTGTG-1,8450,128,GRCh38
CCCTTTAGTTGGATTC-1,8485,83,GRCh38
CCGAAATCAATCCCTA-1,22091,151,Multiplet
CCGAAATCACAATTAG-1,12271,163,Multiplet
CCGAAATCAGGATACT-1,30113,430,Multiplet
CCGAAATCATTAGCTT-1,3640,85,GRCh38
CCGAACTAGTCGACCG-1,55571,506,Multiplet
CCGAACTAGTGGGTAG-1,39105,543,Multiplet
CCGAATATCAATCGGC-1,31378,265,Multiplet
CCGAATATCACTCTGT-1,2612,167,Multiplet
CCGAATATCAGGAAGT-1,3579,35,GRCh38
CCGAATATCGCGCCAA-1,11333,201,Multiplet
CCGAATTGTGCGGATG-1,15192,104,GRCh38
CCGAATTGTTAACTGC-1,2468,531,Multiplet
CCGACAACAAATGGTC-1,11902,190,Multiplet
CCGACAACACAAGGCC-1,55198,604,Multiplet
CCGACATAGCGGTACT-1,22433,241,Multiplet
CCGACATAGCTTAGGC-1,10547,423,Multiplet
CCGACATAGTAATGTC-1,7776,154,Multiplet
CCGACCAAGCGGTACT-1,13900,189,Multiplet
CCGACCAAGGTCATAT-1,56506,406,Multiplet
CCGACCAAGTCGATTG-1,15771,237,Multiplet
CCGACCTTCCTGCCTA-1,38895,480,Multiplet
CCGACCTTCGATGCAC-1,15041,208,Multiplet
CCGACCTTCTATCAGG-1,28481,160,Multiplet
CCGACTAGTCATGAGA-1,413,1379,mm10
CCGACTTCACCTACTA-1,20154,256,Multiplet
CCGACTTCAGCTCAGA-1,10960,243,Multiplet
CCGATTAAGCATATCG-1,39988,218,Multiplet
CCGATTAAGCCATCAA-1,42290,457,Multiplet
CCGATTAAGCCGACTG-1,3280,386,Multiplet
CCGATTGGTGGCTCAC-1,10406,213,Multiplet
CCGATTGGTTGGAATG-1,5136,102,GRCh38
CCGCAAGTCAGCATAT-1,14085,197,Multiplet
CCGCAAGTCAGTTGAT-1,2247,290,Multiplet
CCGCAAGTCCCCAATT-1,8841,123,GRCh38
CCGCAAGTCTGTAAGT-1,13145,161,Multiplet
CCGCAATAGATAGCGG-1,14485,225,Multiplet
CCGCAATAGGATGCTC-1,848,134,GRCh38
CCGCATTCACCTTGGT-1,29025,386,Multiplet
CCGCATTCAGCCATCT-1,24849,231,Multiplet
CCGCCAAAGCTACGCG-1,995,700,GRCh38
CCGCCAAAGGATTAAG-1,1025,262,GRCh38
CCGCCAAAGGGGATGC-1,21236,263,Multiplet
CCGCCATTCACCATTC-1,2154,472,Multiplet
CCGCCATTCACTCATC-1,9125,186,Multiplet
CCGCCATTCAGTGCTA-1,37784,652,Multiplet
CCGCCATTCCTTGATC-1,959,32,GRCh38
CCGCCTTAGGCTCAGT-1,19002,111,GRCh38
CCGCCTTAGGGGTTGA-1,3652,35,GRCh38
CCGCCTTAGGTCCCGA-1,7391,248,Multiplet
CCGCCTTAGTGAGTAA-1,24272,210,Multiplet
CCGCCTTAGTGATGAA-1,43309,349,Multiplet
CCGCGAATCAGCGAAG-1,22033,679,Multiplet
CCGCGATGTAAGTGGC-1,32808,332,Multiplet
CCGCGATGTGAACGGT-1,27718,318,Multiplet
CCGCGATGTGATCCCA-1,5403,1676,Multiplet
CCGCGATGTGGCTAGG-1,25777,226,Multiplet
CCGCGATGTTCGAGTT-1,1609,138,Multiplet
CCGCGATGTTTCGCCT-1,1130,373,GRCh38
CCGCGTTTCAATGGAA-1,20624,458,Multiplet
CCGCGTTTCAGCTGCG-1,14553,194,Multiplet
CCGCTAAGTAAGTGCA-1,22150,346,Multiplet
CCGCTAAGTTGGTAAG-1,1440,147,Multiplet
CCGCTAGAGCCGATGT-1,24632,305,Multiplet
CCGCTAGAGGTGCTTA-1,14983,173,Multiplet
CCGCTCACAACCGTCT-1,16990,157,Multiplet
CCGCTTATCACCTCTG-1,3543,129,GRCh38
CCGCTTATCGTAGTTG-1,19750,226,Multiplet
CCGCTTGCAAGTCGCA-1,8202,267,Multiplet
CCGGAAGGTGAGTGGT-1,1516,1221,Multiplet
CCGGATTAGTCAAGTT-1,38713,348,Multiplet
CCGGATTAGTGATACT-1,2409,85,GRCh38
CCGGCATGTAGGTAGC-1,42582,295,Multiplet
CCGGCATGTAGTGCAA-1,707,240,GRCh38
CCGGCATGTCTGTCCT-1,8898,83,GRCh38
CCGGCTAAGATTGCAT-1,6232,91,GRCh38
CCGGCTAAGCTATGTG-1,663,23,GRCh38
CCGGCTAAGCTGGAGA-1,640,24,GRCh38
CCGGCTAAGTGAGACG-1,26449,227,Multiplet
CCGGGTTGTGGAAGGA-1,12266,125,GRCh38
CCGGGTTGTTCGATTA-1,12679,164,Multiplet
CCGGTACGTATTAGCC-1,910,367,GRCh38
CCGGTACGTGAGTGTA-1,14401,152,Multiplet
CCGGTACGTGATAGGC-1,2392,23,GRCh38
CCGGTACGTTATCGGT-1,9025,105,GRCh38
CCGGTACGTTTCGGCA-1,15748,223,Multiplet
CCGGTATAGCCTCTAT-1,65413,215,Multiplet
CCGGTATAGTCTCTGT-1,395,129,GRCh38
CCGGTATAGTGCGGAA-1,6265,354,Multiplet
CCGGTCAAGCCATTGA-1,15673,209,Multiplet
CCGGTCAAGGCGTTAC-1,1159,25,GRCh38
CCGGTCAAGGTTACAT-1,21555,135,Multiplet
CCGGTTAGTAGTGCGG-1,6259,155,Multiplet
CCGGTTAGTATGTCCG-1,4011,134,Multiplet
CCGGTTAGTGAGATAT-1,58179,224,Multiplet
CCGGTTAGTGGACCCT-1,8113,272,Multiplet
CCGGTTAGTTGCAGGG-1,16959,166,Multiplet
CCGGTTGAGTAATTGC-1,6498,167,Multiplet
CCGTAACAGGTAGCTC-1,12389,127,GRCh38
CCGTAATGTAGTAACG-1,20592,591,Multiplet
CCGTAATGTCAGGAGT-1,226,178,GRCh38
CCGTAATGTCATGCTG-1,1392,39,GRCh38
CCGTACCTCAATGTGT-1,12959,204,Multiplet
CCGTACCTCAGTAGCC-1,19207,340,Multiplet
CCGTACCTCGATATGT-1,16649,385,Multiplet
CCGTACCTCTCACATC-1,61244,409,Multiplet
CCGTAGTAGCAATTAC-1,20236,310,Multiplet
CCGTAGTAGCATTCGA-1,66,157,mm10
CCGTAGTAGCGATCTA-1,15826,146,Multiplet
CCGTAGTAGGAATCAA-1,19120,229,Multiplet
CCGTAGTAGGTGCAGA-1,54203,356,Multiplet
CCGTAGTAGGTTAGGG-1,51605,264,Multiplet
CCGTAGTAGTCAATCG-1,4124,159,Multiplet
CCGTCAAGTCTCACTC-1,58285,466,Multiplet
CCGTCAAGTGAGGTCG-1,9197,356,Multiplet
CCGTCAAGTTTCACGG-1,31514,258,Multiplet
CCGTCAAGTTTCCGTC-1,18074,202,Multiplet
CCGTCATCAATAGGGA-1,8432,1171,Multiplet
CCGTCATCAGGGATGG-1,1897,35,GRCh38
CCGTCCACAACGTGGC-1,1167,178,GRCh38
CCGTCCACAATATCTC-1,5597,428,Multiplet
CCGTCCACAGTAAGCT-1,2958,113,GRCh38
CCGTCCACATTCGTCA-1,3782,67,GRCh38
CCGTCGAAGCAACCCG-1,47167,469,Multiplet
CCGTCGAAGTAGCATT-1,9284,123,GRCh38
CCGTCGAAGTGACCAC-1,8911,108,GRCh38
CCGTCGAAGTTGCAGC-1,1014,24,GRCh38
CCGTCGTTCATATGGT-1,42841,424,Multiplet
CCGTCGTTCGATTAGT-1,33611,345,Multiplet
CCGTCGTTCGTCTCTG-1,540,1237,mm10
CCGTCGTTCTAACCAG-1,18982,301,Multiplet
CCGTCTATCACGGCCA-1,369,1207,mm10
CCGTCTATCGTAGTTG-1,20968,276,Multiplet
CCGTGATAGATAGGAC-1,1547,65,GRCh38
CCGTGATAGGAGTAGT-1,9330,122,GRCh38
CCGTGATAGGCGTTAC-1,12857,245,Multiplet
CCGTGATAGGGTAGTG-1,11397,126,GRCh38
CCGTGATAGGTCGAGA-1,9998,132,Multiplet
CCGTGCAAGCCTGATA-1,12161,155,Multiplet
CCGTGCAAGGCGTTCG-1,18960,152,Multiplet
CCGTGCAAGGGGCATA-1,12427,84,GRCh38
CCGTGCAAGGTGATCC-1,1363,73,GRCh38
CCGTGCTTCACCACGG-1,5311,117,GRCh38
CCGTGCTTCACGTGCG-1,8640,140,Multiplet
CCGTGCTTCCCAATTC-1,16894,157,Multiplet
CCGTGCTTCGATGTAT-1,22550,144,Multiplet
CCGTGGATCGCATAGC-1,451,279,GRCh38
CCGTGTGAGATAGCGG-1,10620,126,GRCh38
CCGTGTGAGCATCCTT-1,14803,166,Multiplet
CCGTGTTCAAAGGAGC-1,10309,97,GRCh38
CCGTGTTCAAGTAGGA-1,40983,267,Multiplet
CCGTGTTCACCTTGAC-1,6592,141,Multiplet
CCGTGTTCATGACAGT-1,1343,21,GRCh38
CCGTTAGGTTAGGGTA-1,14994,83,GRCh38
CCGTTCGCAAATCGTA-1,9168,12,GRCh38
CCGTTCGCAATTCGCC-1,35786,558,Multiplet
CCGTTCGCATCCGTCG-1,2633,238,Multiplet
CCGTTCGCATCGGGTA-1,18147,164,Multiplet
CCGTTGAGTTAGTGAG-1,11019,131,GRCh38
CCGTTGAGTTCACTGG-1,1066,71,GRCh38
CCGTTGAGTTGCGGTC-1,1471,26,GRCh38
CCGTTGGAGGGCTTCG-1,1690,108,GRCh38
CCTAACTTCCCTCAGC-1,22702,364,Multiplet
CCTAACTTCGCTGATA-1,3251,70,GRCh38
CCTAATGAGCTAGCGT-1,4938,171,Multiplet
CCTAATGAGGCACTTA-1,8591,120,GRCh38
CCTAATGAGGTGATGG-1,63927,309,Multiplet
CCTAATTCACCAACGA-1,873,55,GRCh38
CCTAATTCACCTATCA-1,769,37,GRCh38
CCTAATTCATAGGCTG-1,22188,274,Multiplet
CCTAATTCATGATCGG-1,880,19,GRCh38
CCTACAGGTAGTCCGC-1,9837,103,GRCh38
CCTACAGGTGAGGAGA-1,5137,496,Multiplet
CCTACAGGTTAATGGG-1,6032,144,Multiplet
CCTACCATCCCTGATT-1,403,144,GRCh38
CCTACCATCCCTTGCA-1,16713,347,Multiplet
CCTACCATCTGTCATC-1,15482,312,Multiplet
CCTACCGCAAGGTTAC-1,30298,331,Multiplet
CCTACCGCACAGCCAA-1,29502,290,Multiplet
CCTACCTGTAACCCTG-1,19115,173,Multiplet
CCTACCTGTTTACCTT-1,24959,197,Multiplet
CCTACGAGTAAGGTAT-1,36511,604,Multiplet
CCTACGAGTTTCACGG-1,1793,61,GRCh38
CCTACGGAGCCGATAC-1,266,559,mm10
CCTACGGAGCGATGGA-1,17123,434,Multiplet
CCTACGGAGGATCACC-1,15692,149,Multiplet
CCTACGGAGGTAATCT-1,8466,261,Multiplet
CCTACGGAGGTCGATC-1,11163,144,Multiplet
CCTACGGAGTGAACCC-1,10929,154,Multiplet
CCTACGGAGTGATCTG-1,17369,149,Multiplet
CCTAGCCTCAGCATAT-1,21038,311,Multiplet
CCTAGCGAGCCAATGC-1,34091,436,Multiplet
CCTAGCGAGCTTAACG-1,15884,253,Multiplet
CCTAGCTCAAGGTAGA-1,21503,203,Multiplet
CCTAGCTCAAGTAGTC-1,28657,138,Multiplet
CCTAGCTCACTTACTG-1,5469,207,Multiplet
CCTAGGGTCATGTGAT-1,1845,832,Multiplet
CCTAGGGTCCATTGCT-1,63920,407,Multiplet
CCTAGGGTCCGTGGAT-1,14060,592,Multiplet
CCTAGGGTCGTGCCGA-1,2603,122,GRCh38
CCTAGGTAGCCAGAGA-1,5848,171,Multiplet
CCTAGGTAGGTTCAAT-1,12411,267,Multiplet
CCTAGGTAGTAGTTAC-1,4873,125,GRCh38
CCTAGGTAGTGAGTGG-1,23358,475,Multiplet
CCTAGGTAGTGCTGGT-1,13032,154,Multiplet
CCTAGTTTCCGTAGTA-1,64562,373,Multiplet
CCTATAGAGGATTCGC-1,3814,128,GRCh38
CCTATCACAAGTAGGA-1,18754,324,Multiplet
CCTATCACAGGATCAT-1,3918,71,GRCh38
CCTATCACAGTAAGCT-1,2002,46,GRCh38
CCTATCACATGATCGG-1,22074,222,Multiplet
CCTATCCGTCTAAGCT-1,2936,42,GRCh38
CCTATCCGTGCAGCTC-1,18676,199,Multiplet
CCTATCCGTTTACCGG-1,834,1984,mm10
CCTATGAAGCGAATGG-1,12386,132,Multiplet
CCTATGAAGGAGCTGA-1,1176,45,GRCh38
CCTATGAAGGTCGTAC-1,26132,325,Multiplet
CCTATGAAGTAGTCCA-1,5465,212,Multiplet
CCTATGGGTGCGGACA-1,2836,234,Multiplet
CCTATGTTCACCAAGC-1,315,126,GRCh38
CCTATGTTCAGGCATC-1,2027,154,Multiplet
CCTATGTTCCGGATAC-1,9583,890,Multiplet
CCTATTATCCCCAGGA-1,9464,173,Multiplet
CCTATTATCGATGTAT-1,1509,56,GRCh38
CCTATTATCGCGTAAC-1,19176,176,Multiplet
CCTATTATCGCTTGCC-1,1961,74,GRCh38
CCTATTATCTCACCGC-1,7505,138,Multiplet
CCTATTCAGCTTCCCA-1,337,131,GRCh38
CCTCAACCAACCTTCA-1,14197,521,Multiplet
CCTCAACCAATCCGCT-1,1844,192,Multiplet
CCTCAACCATTGGAAC-1,51432,503,Multiplet
CCTCAAGGTGAACTGA-1,14841,236,Multiplet
CCTCAATTCTATCCGT-1,16409,261,Multiplet
CCTCACGCATTGCCGT-1,53103,1278,Multiplet
CCTCAGCTCCACCAGG-1,50531,399,Multiplet
CCTCAGCTCCAGCATA-1,11123,149,Multiplet
CCTCAGCTCCATTAGG-1,4803,200,Multiplet
CCTCAGCTCCGCACTC-1,378,130,GRCh38
CCTCAGCTCGATGATT-1,36050,186,Multiplet
CCTCAGCTCGCTGGAT-1,5211,106,GRCh38
CCTCAGTCAAAGGGTA-1,10290,112,GRCh38
CCTCAGTCAAGGTGCC-1,4661,133,Multiplet
CCTCAGTCAATCTCCA-1,10467,208,Multiplet
CCTCATTAGATAGACA-1,29348,236,Multiplet
CCTCATTAGCTAATGT-1,52301,601,Multiplet
CCTCCAGCACTTAATC-1,7784,174,Multiplet
CCTCCTAAGCGAACGA-1,6080,367,Multiplet
CCTCCTAAGGATCTGC-1,29165,284,Multiplet
CCTCCTAAGGGGCAGT-1,2278,586,Multiplet
CCTCCTAAGTGACCTA-1,8767,167,Multiplet
CCTCCTAAGTTGGCGT-1,4573,612,Multiplet
CCTCCTGGTCTTGCTC-1,1688,3046,Multiplet
CCTCCTGGTGAGATCA-1,7320,237,Multiplet
CCTCGAAGTCATGAAG-1,14002,190,Multiplet
CCTCGAAGTCTCAGCA-1,25006,420,Multiplet
CCTCGATCAACTGCGA-1,589,83,GRCh38
CCTCGATCAATCCTAT-1,12310,148,Multiplet
CCTCGATCATAAGCAC-1,31879,350,Multiplet
CCTCGGTTCACCCTGC-1,33978,457,Multiplet
CCTCGTTGTGATAGAT-1,2827,72,GRCh38
CCTCTAACAAAGGGTA-1,5981,276,Multiplet
CCTCTAACAAGTGCAT-1,7787,155,Multiplet
CCTCTAACAATCTGGG-1,31978,171,Multiplet
CCTCTAACACAGCCAA-1,12409,282,Multiplet
CCTCTAACATCGCGTT-1,49948,386,Multiplet
CCTCTCAAGGAGGCAC-1,14287,360,Multiplet
CCTCTGATCTATCGGA-1,7594,612,Multiplet
CCTCTTAGTGCGCGTT-1,12487,146,Multiplet
CCTCTTAGTTGGACCC-1,38672,466,Multiplet
CCTCTTAGTTTGATTG-1,6753,109,GRCh38
CCTCTTGAGCCTGATA-1,4482,118,GRCh38
CCTCTTGAGCGGTCCA-1,5589,258,Multiplet
CCTCTTGAGGTCACAC-1,26118,313,Multiplet
CCTCTTGAGGTGATCC-1,3426,296,Multiplet
CCTCTTGAGTAACGAA-1,65775,318,Multiplet
CCTGAACAGGGTGAGC-1,13075,217,Multiplet
CCTGAACAGTCGACGT-1,6944,71,GRCh38
CCTGAATGTCAAGGGT-1,30283,363,Multiplet
CCTGAATGTGATGAGC-1,24253,162,Multiplet
CCTGAATGTTAGACAG-1,22121,220,Multiplet
CCTGAATGTTAGCCTG-1,6880,189,Multiplet
CCTGAATGTTTGAGGA-1,13389,198,Multiplet
CCTGAGTAGAAGGTGT-1,18341,243,Multiplet
CCTGATCCAAATGCTA-1,818,169,GRCh38
CCTGATGGTGCGCGTT-1,7994,249,Multiplet
CCTGATTTCATCGTGA-1,55,123,mm10
CCTGATTTCGAACCAC-1,17047,160,Multiplet
CCTGCAAGTCAGCGGA-1,17937,139,Multiplet
CCTGCAAGTCATCAGT-1,32240,322,Multiplet
CCTGCAAGTGAGCAAC-1,31196,305,Multiplet
CCTGCATCAAGTTAGC-1,623,127,GRCh38
CCTGCCACAAGGTCTG-1,20099,223,Multiplet
CCTGCCACACAACCCT-1,57722,381,Multiplet
CCTGCCACACATACCC-1,22617,246,Multiplet
CCTGCCACAGCTCATC-1,18977,168,Multiplet
CCTGCCACAGCTCTAC-1,1408,89,GRCh38
CCTGCCACATTAGGGT-1,42776,357,Multiplet
CCTGCGAAGCGAGGAC-1,8572,87,GRCh38
CCTGCGAAGGGCTCTG-1,20805,313,Multiplet
CCTGCGAAGGTGATGG-1,13497,220,Multiplet
CCTGCTCAGCATCGCG-1,20859,258,Multiplet
CCTGCTCAGGCTAGAG-1,14217,131,GRCh38
CCTGCTCAGGGTGACA-1,15157,212,Multiplet
CCTGGCAAGCGAACGA-1,33834,275,Multiplet
CCTGGCAAGGGGTAAT-1,18286,208,Multiplet
CCTGGCAAGTAGAGGT-1,12045,984,Multiplet
CCTGGTAGTCTAACTA-1,5969,80,GRCh38
CCTGGTAGTGAGTGTA-1,7078,69,GRCh38
CCTGGTGAGCAAGGTG-1,3646,137,Multiplet
CCTGGTGAGCCTCTAT-1,2477,170,Multiplet
CCTGGTGAGTGCTGTA-1,495,638,mm10
CCTGGTTCAAGTGCGC-1,133,144,mm10
CCTGGTTCAGGGATGG-1,4919,88,GRCh38
CCTGTAAAGAACGAGT-1,12630,449,Multiplet
CCTGTAAAGCTATCTC-1,9898,694,Multiplet
CCTGTAAAGGCAAGTG-1,22103,239,Multiplet
CCTGTAAAGGCTACAC-1,18363,199,Multiplet
CCTGTAAAGGGGTACA-1,7286,147,Multiplet
CCTGTAAAGGGTTGAG-1,30517,202,Multiplet
CCTGTCATCCTTCAGT-1,890,190,GRCh38
CCTGTCGCAAATTCAG-1,19677,198,Multiplet
CCTGTGAGTGGGTTAA-1,18771,183,Multiplet
CCTGTGAGTTCGCAGC-1,15694,478,Multiplet
CCTGTGAGTTGCATTA-1,312,437,mm10
CCTGTGAGTTTAGCAC-1,164,122,GRCh38
CCTGTGAGTTTAGTGC-1,5187,136,Multiplet
CCTGTGGAGCGAATGG-1,967,16,GRCh38
CCTGTGGAGGGTATCC-1,92692,197,Multiplet
CCTGTGGAGGTAACTT-1,14305,524,Multiplet
CCTGTGGAGTGGCAAG-1,906,256,GRCh38
CCTGTTGTCAATCTCC-1,623,56,GRCh38
CCTTAATCATCCCTAA-1,2901,267,Multiplet
CCTTAATCATTAGCGG-1,9570,111,GRCh38
CCTTAGAAGGCGCTCA-1,36746,267,Multiplet
CCTTAGCCATTACACT-1,1714,171,Multiplet
CCTTCCTTCCAGGTGT-1,862,151,GRCh38
CCTTCCTTCCATCTGT-1,6333,207,Multiplet
CCTTCCTTCGATGATT-1,6625,205,Multiplet
CCTTCGATCGTGAGGA-1,59357,285,Multiplet
CCTTGAAAGCCGCGTA-1,4034,421,Multiplet
CCTTGAGGTATGGCTT-1,10569,101,GRCh38
CCTTGAGGTCTGTGGC-1,33190,283,Multiplet
CCTTGAGGTGAGACAC-1,936,39,GRCh38
CCTTGAGGTGAGTGAC-1,1805,41,GRCh38
CCTTGCATCAGGTCTA-1,12439,186,Multiplet
CCTTGGGAGCCGAGTT-1,2365,56,GRCh38
CCTTGGGAGCGCTTAA-1,43,511,mm10
CCTTGGGAGGGTCCAT-1,49464,345,Multiplet
CCTTGGGAGTCATCGA-1,1340,75,GRCh38
CCTTGGTCACAAGCCA-1,10359,445,Multiplet
CCTTGGTCAGCACGTA-1,8617,412,Multiplet
CCTTTAATCCAGGCCA-1,17649,231,Multiplet
CCTTTAGCAATCGTCC-1,2369,135,Multiplet
CCTTTAGCACCTATAT-1,11004,381,Multiplet
CCTTTAGCAGGCAGAG-1,8189,186,Multiplet
CCTTTAGCATCATACT-1,51354,446,Multiplet
CCTTTCAGTTAAGGAT-1,7152,85,GRCh38
CCTTTCAGTTAGTTGC-1,10258,92,GRCh38
CCTTTCAGTTGGGTCC-1,695,20,GRCh38
CCTTTCCTCCATATCC-1,4878,280,Multiplet
CCTTTCCTCCATCAAG-1,8268,527,Multiplet
CCTTTCCTCCATTGAG-1,11228,489,Multiplet
CCTTTCCTCCGTAGAC-1,17153,213,Multiplet
CCTTTCCTCCGTAGCG-1,4481,264,Multiplet
CCTTTGGTCATGCCTT-1,1321,53,GRCh38
CGAAACCTCAGGATGG-1,22404,202,Multiplet
CGAAACCTCCTTCGGC-1,5606,102,GRCh38
CGAAACCTCGATACAT-1,67116,468,Multiplet
CGAAACCTCGATCACA-1,52178,592,Multiplet
CGAACATCAAACTGGT-1,43726,327,Multiplet
CGAACATCACCATACC-1,5877,197,Multiplet
CGAACCACAGTTGAGT-1,19057,142,Multiplet
CGAACGAAGGCAAGTG-1,11836,201,Multiplet
CGAACGGGTAGGTCAA-1,5426,170,Multiplet
CGAACGGGTATGGCCC-1,63584,418,Multiplet
CGAACGGGTTGCTAAC-1,1283,37,GRCh38
CGAACTATCACGCTCC-1,44639,315,Multiplet
CGAACTATCCACCTGC-1,807,209,GRCh38
CGAACTTGTCATTCGG-1,15786,175,Multiplet
CGAAGCAAGGAGGATT-1,3388,132,Multiplet
CGAAGCAAGTTAGGCC-1,10167,231,Multiplet
CGAAGGATCACTATGG-1,4344,97,GRCh38
CGAAGTGAGCTACAGC-1,6177,232,Multiplet
CGAATAGGTAGCCTTG-1,9622,269,Multiplet
CGAATAGGTTCGTCAG-1,82676,155,Multiplet
CGAATAGGTTCTGTCC-1,31505,262,Multiplet
CGAATAGGTTGTCCCT-1,59660,382,Multiplet
CGAATCATCCGTGTGG-1,28367,170,Multiplet
CGAATCATCTAGCCTT-1,7049,130,GRCh38
CGAATCTGTAAGTCCT-1,11220,726,Multiplet
CGAATCTGTCTTACGG-1,18684,380,Multiplet
CGAATCTGTGGCTTGC-1,5446,474,Multiplet
CGAATTTAGCCAGAGA-1,10566,163,Multiplet
CGAATTTAGCTGGACT-1,141,122,GRCh38
CGAATTTAGGCAAGTG-1,16090,718,Multiplet
CGACAATCAATTAGGC-1,5084,177,Multiplet
CGACACTAGAATCGTT-1,64,214,mm10
CGACACTAGGCTTAAT-1,14134,485,Multiplet
CGACAGCCAGGGACCT-1,5370,64,GRCh38
CGACAGCCATCCTGGT-1,22252,212,Multiplet
CGACCAACAAGCGCAC-1,11401,902,Multiplet
CGACCAACAAGTAGCT-1,1782,839,Multiplet
CGACCAACACAACGAT-1,26684,729,Multiplet
CGACCAACAGCACGTA-1,1076,48,GRCh38
CGACCAACATGAGCCA-1,8672,721,Multiplet
CGACCATAGCCGAGTT-1,5450,127,GRCh38
CGACCATAGTATCTCC-1,34629,331,Multiplet
CGACCATAGTGCTGTA-1,4947,85,GRCh38
CGACCCTTCCTGGTAA-1,17516,157,Multiplet
CGACCCTTCGATGGGA-1,1241,162,GRCh38
CGACCCTTCGTGAACC-1,33691,199,Multiplet
CGACCCTTCTGGTGAC-1,26586,300,Multiplet
CGACCGATCAGGCTCG-1,17597,140,Multiplet
CGACCGATCAGTACCA-1,5507,179,Multiplet
CGACCGATCCGTTGCC-1,83893,301,Multiplet
CGACCGATCTCATCTA-1,36109,368,Multiplet
CGACCTAGTGATGGAC-1,6860,120,GRCh38
CGACGTTAGCCTGTCC-1,1321,62,GRCh38
CGACGTTAGGTTGGCT-1,23448,210,Multiplet
CGACTAATCAGGTCAC-1,7185,181,Multiplet
CGACTAATCCTGTACT-1,23492,235,Multiplet
CGACTAGCAAACCGGC-1,3861,158,Multiplet
CGACTAGCAACTGTCC-1,11305,162,Multiplet
CGACTAGCAATCTACT-1,569,180,GRCh38
CGACTAGCAGGACATT-1,734,68,GRCh38
CGACTAGCATAACTCT-1,486,1086,mm10
CGACTATGTGAGTATG-1,10087,229,Multiplet
CGACTATGTTCTGGAT-1,22655,274,Multiplet
CGACTATGTTTAATCG-1,1844,151,Multiplet
CGACTCCTCGATAGTT-1,27368,264,Multiplet
CGACTCCTCGCGTAAC-1,5200,213,Multiplet
CGACTGACAACCTCGT-1,20169,226,Multiplet
CGACTGGTCAATGTCG-1,45,132,mm10
CGACTGGTCTAAGCCA-1,7715,247,Multiplet
CGACTTGGTCATGTGT-1,73,198,mm10
CGACTTGGTTCCCATC-1,4585,124,GRCh38
CGAGCAAAGATTGATC-1,2786,263,Multiplet
CGAGCAAAGTGCAACC-1,25892,239,Multiplet
CGAGCACCATCGGTTC-1,5246,76,GRCh38
CGAGCCATCAAGTAAG-1,19852,183,Multiplet
CGAGCCATCCACCTTG-1,17238,251,Multiplet
CGAGCCTGTTCCGGTA-1,14732,246,Multiplet
CGAGCGAGTTATGCAC-1,20975,208,Multiplet
CGAGGAATCCGCACTC-1,7166,140,Multiplet
CGAGGATGTTGCTCTC-1,4298,214,Multiplet
CGAGGGACAAATGAGG-1,6702,80,GRCh38
CGAGGGACAACGGTCA-1,7390,161,Multiplet
CGAGGGACAAGCTCGA-1,1810,38,GRCh38
CGAGGGACAATTGGAC-1,19449,242,Multiplet
CGAGGGACACTAAGCG-1,31695,286,Multiplet
CGAGGGACATAAGGTC-1,14828,161,Multiplet
CGAGGGTAGAACGGAT-1,6387,165,Multiplet
CGAGGGTAGAAGGAGA-1,13892,163,Multiplet
CGAGGGTAGATTCACG-1,9529,131,GRCh38
CGAGGGTAGCGCTGCA-1,594,297,GRCh38
CGAGGGTAGGATGAGT-1,52429,305,Multiplet
CGAGGGTAGGTAGGAT-1,51048,345,Multiplet
CGAGGGTAGTGCCGTG-1,3512,211,Multiplet
CGAGTAAGTGAGCCCT-1,10268,339,Multiplet
CGAGTAAGTGCGGCTT-1,23238,283,Multiplet
CGAGTCACAATGTCGG-1,27540,233,Multiplet
CGAGTCACACAATGGT-1,11483,247,Multiplet
CGAGTCCGTTCGCTAG-1,1790,207,Multiplet
CGAGTGAAGAAGCGCA-1,1784,714,Multiplet
CGAGTGAAGAAGGAGA-1,20680,219,Multiplet
CGAGTGAAGTAGGATA-1,17147,177,Multiplet
CGATAACCAAGTGTCG-1,1720,328,Multiplet
CGATAACCACTAGGAT-1,17730,257,Multiplet
CGATAAGGTCAATTCA-1,24038,309,Multiplet
CGATAGCTCAGTACGC-1,55985,398,Multiplet
CGATAGCTCGCGAATC-1,4535,113,GRCh38
CGATAGTCACAGGCTA-1,29162,188,Multiplet
CGATAGTCACCTAATT-1,12726,312,Multiplet
CGATAGTCATAGGGTT-1,21991,117,GRCh38
CGATCAATCAATCGTG-1,16161,168,Multiplet
CGATCAATCCTTCAAC-1,25091,648,Multiplet
CGATCCCTCATGGTAT-1,12708,117,GRCh38
CGATCCCTCTGTAAGT-1,29373,317,Multiplet
CGATCTAAGAACGGTG-1,78556,228,Multiplet
CGATCTAAGGCACACT-1,4319,83,GRCh38
CGATCTAAGTCAACCA-1,26809,362,Multiplet
CGATGAGAGCCAATGC-1,47656,779,Multiplet
CGATGAGAGCTTACAG-1,24589,361,Multiplet
CGATGAGAGGCGTCTG-1,12190,171,Multiplet
CGATGAGAGTCAGGTC-1,427,157,GRCh38
CGATGTCAGATTCAGT-1,17232,188,Multiplet
CGATGTCAGATTCCCT-1,1084,36,GRCh38
CGATGTCAGCCTAGAC-1,1604,36,GRCh38
CGATGTCAGGAGTACG-1,12029,391,Multiplet
CGATGTCAGGGGTACA-1,17939,246,Multiplet
CGATGTCAGGTACACC-1,58862,267,Multiplet
CGATGTCAGTTGGGCT-1,24015,255,Multiplet
CGATGTTGTAAGTCTC-1,17342,404,Multiplet
CGATGTTGTAGCGGTG-1,4547,64,GRCh38
CGATGTTGTTATGGAG-1,8711,106,GRCh38
CGATGTTGTTCCTGCT-1,9235,262,Multiplet
CGATGTTGTTCGTAGT-1,4412,99,GRCh38
CGATTACGTAGTGCAA-1,4372,392,Multiplet
CGATTACGTTCACTCC-1,19834,244,Multiplet
CGATTAGTCAATTAGC-1,1185,41,GRCh38
CGATTATAGCGATGCT-1,13888,157,Multiplet
CGATTATAGGTAGCTC-1,21507,153,Multiplet
CGATTATAGTAAGTAG-1,2814,353,Multiplet
CGATTCAAGCTGGCAT-1,5197,168,Multiplet
CGATTCCCAAGCTCAG-1,6163,103,GRCh38
CGATTCCCAGTTAGTA-1,5322,35,GRCh38
CGATTTAGTAGGTCGG-1,67493,258,Multiplet
CGATTTAGTCATGATC-1,29854,308,Multiplet
CGATTTAGTTATCTGA-1,24648,277,Multiplet
CGATTTAGTTGCACGC-1,1837,69,GRCh38
CGATTTAGTTGCTCAG-1,5971,135,Multiplet
CGATTTGAGCTATGAT-1,20326,224,Multiplet
CGATTTGAGGTTCCGG-1,12154,259,Multiplet
CGATTTGAGTGCCCGA-1,12593,312,Multiplet
CGCAAATCACCTCACG-1,24474,201,Multiplet
CGCAAATCATCAAGGT-1,13423,142,Multiplet
CGCAATATCTATGGAT-1,77950,272,Multiplet
CGCAATATCTTGAACG-1,20022,122,GRCh38
CGCAATTGTCATCATA-1,9840,143,Multiplet
CGCAATTGTTAATGCC-1,28091,277,Multiplet
CGCACAACAGGCAGCT-1,19282,185,Multiplet
CGCACAACATCGCTGT-1,5261,1337,Multiplet
CGCACATAGCAACCAC-1,48728,475,Multiplet
CGCACATAGCGATGTC-1,3502,285,Multiplet
CGCACCTTCATAGGCC-1,80079,107,GRCh38
CGCACCTTCCTGCGGA-1,5060,123,GRCh38
CGCACGATCATCTCAC-1,17393,567,Multiplet
CGCACGATCATGCGCG-1,1302,326,GRCh38
CGCACGATCCGGGTCA-1,24821,188,Multiplet
CGCACGATCTATGTCC-1,2106,84,GRCh38
CGCACGATCTGGGATC-1,5709,42,GRCh38
CGCACTTCAACATGCG-1,10332,222,Multiplet
CGCACTTCACTTCGAC-1,6513,162,Multiplet
CGCACTTCAGGACTAT-1,66926,265,Multiplet
CGCACTTCATTACACT-1,8674,378,Multiplet
CGCAGATTCAGCATTG-1,4014,211,Multiplet
CGCAGATTCTATGGCA-1,18336,190,Multiplet
CGCAGCTGTCTGTCCT-1,24111,231,Multiplet
CGCAGCTGTTCGTTGG-1,743,28,GRCh38
CGCAGGTCAACATCAA-1,885,52,GRCh38
CGCAGGTCATCACGTC-1,8033,253,Multiplet
CGCATATGTATTGCCG-1,56479,390,Multiplet
CGCATCAGTAGGCGCA-1,8571,199,Multiplet
CGCATCCTCAGGGAAT-1,6940,310,Multiplet
CGCATCCTCGCGCAAT-1,20764,242,Multiplet
CGCATCCTCTGTGCCC-1,25865,235,Multiplet
CGCATCTCAACCAGGC-1,17348,193,Multiplet
CGCATCTCAATCTGAA-1,16764,115,GRCh38
CGCATCTCACTTGACC-1,68874,385,Multiplet
CGCATCTCATGGCTGA-1,11660,187,Multiplet
CGCATCTCATTACACT-1,2040,126,GRCh38
CGCATGGTCAAGTAAG-1,9595,193,Multiplet
CGCATGGTCATAGGAA-1,24281,568,Multiplet
CGCATGGTCCCGCATC-1,6182,177,Multiplet
CGCATGGTCCGCGCAA-1,282,214,GRCh38
CGCATTCCAAGCCGTA-1,11570,274,Multiplet
CGCCAAGTCAATCCTC-1,31565,414,Multiplet
CGCCAATAGCGAAGGC-1,4344,339,Multiplet
CGCCAATAGGGTGAGC-1,9816,181,Multiplet
CGCCACAAGAACGGTG-1,8990,188,Multiplet
CGCCACAAGAAGGTGT-1,15700,431,Multiplet
CGCCACAAGGCGAGAC-1,13200,188,Multiplet
CGCCACTTCCGCAACG-1,19381,58,GRCh38
CGCCACTTCGATGGGA-1,774,42,GRCh38
CGCCACTTCGTACCGG-1,66634,452,Multiplet
CGCCATAGTAAGTAAC-1,15483,141,Multiplet
CGCCATTCATAAGGAG-1,1861,50,GRCh38
CGCCCAAAGAAGCCTC-1,32482,221,Multiplet
CGCCCAAAGTCTCTGT-1,13501,401,Multiplet
CGCCCATTCATGCGTA-1,20658,198,Multiplet
CGCCCTTAGTGAGGAT-1,24377,107,GRCh38
CGCCTAAGTCATGGAA-1,16291,290,Multiplet
CGCCTAAGTCTCAGCA-1,27179,247,Multiplet
CGCCTAAGTTAGGCTT-1,26925,210,Multiplet
CGCCTAGAGCGGATTC-1,23549,222,Multiplet
CGCCTAGAGTAAGTTC-1,58444,426,Multiplet
CGCCTAGAGTTAGTGT-1,24961,342,Multiplet
CGCCTCACATAATCCT-1,10746,207,Multiplet
CGCCTCACATGGTAAC-1,3885,84,GRCh38
CGCCTGAAGCATTAGT-1,5701,171,Multiplet
CGCCTGAAGCCATCAA-1,14986,527,Multiplet
CGCCTGAAGGTGATCC-1,11878,282,Multiplet
CGCCTGTTCCGGTTGG-1,2383,55,GRCh38
CGCCTGTTCGCATGAC-1,25431,225,Multiplet
CGCCTGTTCGTTCGCC-1,32051,253,Multiplet
CGCCTTGCAAAGGAGC-1,17911,146,Multiplet
CGCGAACCAACCTACC-1,2665,89,GRCh38
CGCGAACCAAGTGCTG-1,12973,100,GRCh38
CGCGAACCACTTGGTC-1,38815,311,Multiplet
CGCGAAGGTCATTCGG-1,44,127,mm10
CGCGAAGGTTGCCTCT-1,90567,205,Multiplet
CGCGATTAGGTCCATA-1,9128,115,GRCh38
CGCGATTAGGTGCTTA-1,10589,132,Multiplet
CGCGCAATCACTCGTT-1,1669,1606,Multiplet
CGCGCAATCATCGTCT-1,43032,371,Multiplet
CGCGCAATCCCAGAGT-1,1343,45,GRCh38
CGCGCAATCCCTCTCT-1,2039,38,GRCh38
CGCGCAATCCGGACAT-1,2118,471,Multiplet
CGCGCATGTATGGCAA-1,14929,246,Multiplet
CGCGCATGTGAGCCGA-1,31849,223,Multiplet
CGCGGTTGTGACTCCA-1,1154,34,GRCh38
CGCGGTTGTGAGTTAG-1,1181,133,GRCh38
CGCGTACGTTCAAGCT-1,790,167,GRCh38
CGCGTTAGTAATCCGT-1,24774,195,Multiplet
CGCGTTAGTAGGCGCA-1,21632,285,Multiplet
CGCGTTAGTGAGGAGA-1,14583,287,Multiplet
CGCTAAATCATCAGCA-1,7819,579,Multiplet
CGCTAACAGTGCTGAC-1,64363,376,Multiplet
CGCTAATGTGCGTGAG-1,4079,695,Multiplet
CGCTAATGTTGTCACG-1,37684,203,Multiplet
CGCTAATGTTTAGTCA-1,28249,207,Multiplet
CGCTACCTCGCGCCTT-1,23214,195,Multiplet
CGCTACCTCTCACACT-1,3834,113,GRCh38
CGCTATGGTAGGTCGG-1,30090,188,Multiplet
CGCTATGGTGACGAAC-1,6507,166,Multiplet
CGCTATGGTGAGTTGA-1,22384,215,Multiplet
CGCTATGGTGCAGTAA-1,1198,303,GRCh38
CGCTATGGTGCGGTGA-1,1886,79,GRCh38
CGCTATGGTGGGAATC-1,11434,117,GRCh38
CGCTATGGTTAACCCG-1,23309,311,Multiplet
CGCTATGGTTGTGGTT-1,5198,169,Multiplet
CGCTATGGTTTCGACG-1,37604,364,Multiplet
CGCTCATCAGCCAGGT-1,165,240,mm10
CGCTCATCAGCCTACT-1,79589,222,Multiplet
CGCTCCACACCAGCAA-1,640,99,GRCh38
CGCTCCACATCACATT-1,24699,227,Multiplet
CGCTGATAGATTCCTC-1,1668,603,Multiplet
CGCTGCAAGGTAGTAA-1,24084,216,Multiplet
CGCTGCTTCCGGTACG-1,4833,504,Multiplet
CGCTGCTTCGAATCAT-1,22435,145,Multiplet
CGCTGGATCCATCGGG-1,8585,328,Multiplet
CGCTGGATCCATTACC-1,8388,143,Multiplet
CGCTGTGAGCGGATCT-1,8199,225,Multiplet
CGCTGTTCAACCTACC-1,10376,163,Multiplet
CGCTTAGGTCAACCAT-1,12152,121,GRCh38
CGCTTAGGTGGCGACA-1,9046,106,GRCh38
CGCTTAGGTTATGCGT-1,19638,186,Multiplet
CGCTTAGGTTGGTCTG-1,1800,78,GRCh38
CGCTTCATCGCATTGA-1,29410,219,Multiplet
CGCTTGCTCAGTAGCC-1,6480,187,Multiplet
CGGAAAGTCGATCCAA-1,6600,133,Multiplet
CGGAAAGTCGATGAGG-1,42647,449,Multiplet
CGGAACCCATTACGCC-1,32415,355,Multiplet
CGGAACGGTCAGCGAG-1,40422,364,Multiplet
CGGAACGGTTGTCTGG-1,11543,183,Multiplet
CGGAACGGTTTAGTGC-1,11547,105,GRCh38
CGGACAGGTAATCCCG-1,5836,205,Multiplet
CGGACATTCCTTCACG-1,13897,130,GRCh38
CGGACTTAGATTGAGA-1,13460,763,Multiplet
CGGACTTAGCGAGTCT-1,24290,195,Multiplet
CGGACTTAGGATATAG-1,2452,113,GRCh38
CGGATAAGTAACCCAT-1,27375,313,Multiplet
CGGATCACACAGGCAC-1,18049,185,Multiplet
CGGATCACATCCTACA-1,45587,392,Multiplet
CGGATCACATTAGCAA-1,9632,107,GRCh38
CGGATTCAGGCGTACT-1,3194,161,Multiplet
CGGATTCAGTGATCCA-1,36955,311,Multiplet
CGGATTCAGTTAGCCA-1,19141,232,Multiplet
CGGCAAGGTATGTCCG-1,13903,135,Multiplet
CGGCAAGGTTCTGGAT-1,15623,179,Multiplet
CGGCATTAGGATTGAA-1,18644,157,Multiplet
CGGCATTAGGTTGGAG-1,9287,127,GRCh38
CGGCCAATCAGTTCCT-1,221,465,mm10
CGGCCAATCCGCATGG-1,17016,137,Multiplet
CGGCCAATCTAGGCCG-1,37486,365,Multiplet
CGGCCAATCTTGAGTG-1,24751,230,Multiplet
CGGCCTAAGCTATGTG-1,41230,362,Multiplet
CGGCCTAAGTATGAGA-1,14709,174,Multiplet
CGGCCTAAGTGAAGCG-1,25904,250,Multiplet
CGGCTAACAAATCACA-1,1440,188,Multiplet
CGGCTAACACAACGGC-1,1261,126,GRCh38
CGGCTAACACAATGAC-1,3624,47,GRCh38
CGGCTAACATAATTGG-1,56363,691,Multiplet
CGGCTAACATAGGCAT-1,21966,240,Multiplet
CGGCTCAAGAATCAGA-1,985,52,GRCh38
CGGCTCAAGGAGTATA-1,14387,484,Multiplet
CGGCTGATCGAACCCG-1,5823,210,Multiplet
CGGCTGATCTATGCAG-1,12369,230,Multiplet
CGGCTGATCTCACACT-1,4938,611,Multiplet
CGGCTTAGTAATGGTG-1,1113,59,GRCh38
CGGCTTGAGCTAGTAT-1,8729,98,GRCh38
CGGCTTGAGGCGTTCG-1,1590,143,Multiplet
CGGCTTGAGTGTCCGG-1,16328,130,GRCh38
CGGGACTCACCTGCTG-1,26756,262,Multiplet
CGGGACTCAGCCATGA-1,20496,193,Multiplet
CGGGATGGTAAGCGCG-1,689,195,GRCh38
CGGGATGGTGGAGCTG-1,28448,300,Multiplet
CGGGATGGTTAGAGAT-1,29984,164,Multiplet
CGGGCAAGTCATTGGT-1,592,164,GRCh38
CGGGCAAGTTTCCTAT-1,15723,155,Multiplet
CGGGCTATCACACCTT-1,13634,169,Multiplet
CGGGCTTGTTCGGCGT-1,4533,75,GRCh38
CGGGCTTGTTTGCGAT-1,53834,406,Multiplet
CGGGGAACAACTGCCT-1,3176,123,GRCh38
CGGGGAACATCGGGAC-1,4742,117,GRCh38
CGGGGATAGCCGCACA-1,10481,122,GRCh38
CGGGGTAGTGGGAACT-1,31521,218,Multiplet
CGGGTAAAGGTAGGTG-1,13270,134,Multiplet
CGGGTAAAGTAATGCT-1,27081,227,Multiplet
CGGGTCATCACCATAG-1,76,315,mm10
CGGGTTTAGGGTATGG-1,16477,226,Multiplet
CGGTAAAGTAAGTCCT-1,1226,1690,mm10
CGGTAAAGTTCACCAG-1,15289,160,Multiplet
CGGTAATCAATCGCTC-1,16923,1381,Multiplet
CGGTAATCATTGGAAC-1,6180,262,Multiplet
CGGTATATCATCAGTG-1,58162,337,Multiplet
CGGTATTGTGAGACAC-1,9390,118,GRCh38
CGGTATTGTGCGCCAT-1,8378,87,GRCh38
CGGTATTGTTGTGCTG-1,813,28,GRCh38
CGGTCAACACCATCAC-1,2838,90,GRCh38
CGGTCAACATCCAACC-1,13270,168,Multiplet
CGGTCAACATGCTTGC-1,1071,56,GRCh38
CGGTCAACATGGTCCT-1,4547,358,Multiplet
CGGTCAACATTCCTTC-1,17365,158,Multiplet
CGGTGAAAGATTGACT-1,2899,48,GRCh38
CGGTGAAAGCAATCTG-1,43747,397,Multiplet
CGGTGAAAGGTAATCT-1,85,324,mm10
CGGTGAAAGTTGGGCT-1,14258,166,Multiplet
CGGTGAGGTCCATCGA-1,33130,332,Multiplet
CGGTGAGGTTCTGGCA-1,6876,175,Multiplet
CGGTGAGGTTGGATTC-1,15294,122,GRCh38
CGGTGCATCAAGTTAC-1,17229,243,Multiplet
CGGTGCATCAATCACG-1,3210,99,GRCh38
CGGTGCATCACTAGCA-1,17044,378,Multiplet
CGGTGCATCACTATCC-1,919,38,GRCh38
CGGTGCATCCCAGAGT-1,8934,193,Multiplet
CGGTGCATCGACATCA-1,10458,200,Multiplet
CGGTGCATCGCTGAGT-1,10193,250,Multiplet
CGGTGTTAGGTTAATC-1,1118,33,GRCh38
CGGTTAATCAGCACTA-1,385,140,GRCh38
CGGTTAATCAGGACTC-1,7738,120,GRCh38
CGGTTAATCCAGCGCA-1,69727,306,Multiplet
CGGTTCCTCAATCCAG-1,2601,27,GRCh38
CGGTTCCTCAGCCAAC-1,678,124,GRCh38
CGGTTCCTCCAGGCCA-1,1999,102,GRCh38
CGGTTCCTCTATCAGG-1,2926,304,Multiplet
CGGTTCTCAGGCAGCT-1,1393,338,Multiplet
CGGTTTCCAAGTTAGC-1,24245,259,Multiplet
CGGTTTCCAGTAAGGA-1,9839,127,GRCh38
CGTAAACCACAGGGCT-1,980,158,GRCh38
CGTAAACCACTTCAAT-1,6553,254,Multiplet
CGTAAACCAGCCATCT-1,53034,393,Multiplet
CGTAAACCATCACGTC-1,15319,254,Multiplet
CGTAAACCATCGACCT-1,26624,237,Multiplet
CGTAAACCATGGTTCC-1,39857,278,Multiplet
CGTAAAGGTTCCCATC-1,5278,248,Multiplet
CGTAAATTCCTGGTAA-1,487,146,GRCh38
CGTAAATTCGATCACA-1,1193,28,GRCh38
CGTAAATTCGATCGCG-1,69286,314,Multiplet
CGTAACATCTATCCGT-1,8116,268,Multiplet
CGTAATTAGCCTGTGG-1,13380,415,Multiplet
CGTACCTCAATCGCAG-1,1145,100,GRCh38
CGTACCTCATCACATT-1,38797,215,Multiplet
CGTACCTCATCCGCTG-1,18601,232,Multiplet
CGTACGTAGAAGGTAC-1,878,36,GRCh38
CGTACGTAGCGGGAAC-1,41862,298,Multiplet
CGTACGTAGGTCGAAG-1,26596,314,Multiplet
CGTACTAAGCAAGGGC-1,3615,547,Multiplet
CGTACTGGTGAGTAGC-1,12376,203,Multiplet
CGTAGGCCAATAGCCG-1,19981,263,Multiplet
CGTAGGCCAGCCAATG-1,18042,216,Multiplet
CGTAGGCCATGGTGCA-1,3148,144,Multiplet
CGTAGGGGTTGCCTCT-1,718,95,GRCh38
CGTAGGTTCCAGCCTC-1,21006,236,Multiplet
CGTAGTCAGGCAATCC-1,13523,103,GRCh38
CGTAGTCAGGTGGAAT-1,15442,168,Multiplet
CGTAGTTGTAAGCAAT-1,14124,164,Multiplet
CGTAGTTGTGGCAGCA-1,17886,144,Multiplet
CGTAGTTGTTGACCTG-1,11205,220,Multiplet
CGTATATAGGATATGA-1,12221,146,Multiplet
CGTATCCCAGGTAGTT-1,7140,156,Multiplet
CGTATCCCATCGACCT-1,32898,192,Multiplet
CGTATTAGTCATCCAG-1,10939,288,Multiplet
CGTCAAATCAGCGATC-1,5401,253,Multiplet
CGTCAAATCCCGCTAC-1,12359,184,Multiplet
CGTCAAATCCCTGGAG-1,58301,367,Multiplet
CGTCAATGTGCGTACC-1,8882,195,Multiplet
CGTCAATGTTGCGACC-1,18220,196,Multiplet
CGTCAATGTTTGAGTC-1,23316,214,Multiplet
CGTCACCTCACTTGAG-1,9878,196,Multiplet
CGTCACCTCGCATCAA-1,5637,182,Multiplet
CGTCAGGTCAATGTGT-1,34504,248,Multiplet
CGTCAGGTCACGGACT-1,46547,246,Multiplet
CGTCAGGTCACTTGCT-1,7419,217,Multiplet
CGTCAGGTCCTGTAAG-1,5503,336,Multiplet
CGTCAGGTCGACATGC-1,9276,756,Multiplet
CGTCAGGTCTAAGTAC-1,14918,145,Multiplet
CGTCAGTAGGGGACGT-1,795,32,GRCh38
CGTCAGTAGTCGACCG-1,23793,158,Multiplet
CGTCAGTAGTCGCAGT-1,4225,357,Multiplet
CGTCATAAGGAACCGA-1,38323,313,Multiplet
CGTCATGGTAATTGGG-1,2686,278,Multiplet
CGTCATTTCACAGCGT-1,261,194,GRCh38
CGTCATTTCCATCAAG-1,2041,46,GRCh38
CGTCATTTCCGGTTCC-1,837,83,GRCh38
CGTCATTTCGACTGAC-1,12324,198,Multiplet
CGTCCAAGTTCGCTTC-1,63356,300,Multiplet
CGTCCATCAATAGTGC-1,47956,245,Multiplet
CGTCCATCATGAGCGC-1,14834,190,Multiplet
CGTCCCACAACATTAG-1,21803,210,Multiplet
CGTCCCACAACTAAGC-1,4290,139,Multiplet
CGTCCCACATCATCGC-1,14059,195,Multiplet
CGTCCTGCAACCCTTA-1,6115,184,Multiplet
CGTCCTGCAACTACCC-1,5432,195,Multiplet
CGTCCTGCAACTCGTC-1,9785,150,Multiplet
CGTCCTGCAGCACCAA-1,14150,132,Multiplet
CGTCCTTGTTAGAGTG-1,12609,164,Multiplet
CGTCGCTTCCCAGACG-1,11416,87,GRCh38
CGTCGCTTCGATCCAA-1,2770,81,GRCh38
CGTCGCTTCTCACTGT-1,1391,27,GRCh38
CGTCGTAGTAACTCCG-1,15150,211,Multiplet
CGTCGTAGTTAGACCT-1,12337,171,Multiplet
CGTCGTAGTTGCATTA-1,20829,173,Multiplet
CGTCGTTCATTAGCCC-1,7836,160,Multiplet
CGTCTATTCCAATTCC-1,3768,90,GRCh38
CGTCTCATCCGTAGCG-1,3865,208,Multiplet
CGTCTCATCGTTCGGG-1,13159,160,Multiplet
CGTCTCATCTAGCTCT-1,15971,180,Multiplet
CGTCTTGTCCTGCTGC-1,5635,118,GRCh38
CGTGAAAGTAACGTGA-1,22577,296,Multiplet
CGTGAGAAGGATTAAG-1,18437,175,Multiplet
CGTGAGAAGTGACCGT-1,1229,23,GRCh38
CGTGAGGGTCAGCGAG-1,8189,123,GRCh38
CGTGAGGGTGAAGGCT-1,10677,228,Multiplet
CGTGAGGGTTTCCTAT-1,23420,209,Multiplet
CGTGATGCAATAGGAG-1,77095,111,GRCh38
CGTGATGCACTATATC-1,14806,157,Multiplet
CGTGATGCAGTACTAA-1,17540,144,Multiplet
CGTGATTGTAAGGTAT-1,6282,227,Multiplet
CGTGATTGTTTGCGGC-1,919,38,GRCh38
CGTGCAACACAAGCGC-1,3320,87,GRCh38
CGTGCAACATTACCAT-1,5852,325,Multiplet
CGTGCCTTCACAGCAC-1,1590,41,GRCh38
CGTGCCTTCACTAGCA-1,16664,263,Multiplet
CGTGCCTTCAGCGAAG-1,31689,255,Multiplet
CGTGCCTTCGATCAGC-1,1447,475,Multiplet
CGTGCTAGTCATGCGC-1,7684,210,Multiplet
CGTGCTAGTGCAGGCA-1,6373,116,GRCh38
CGTGCTAGTTGCCTGA-1,18915,126,GRCh38
CGTGCTAGTTTCCAGG-1,17028,231,Multiplet
CGTGCTGAGCAAGCCT-1,27050,223,Multiplet
CGTGGATTCCGTGGCA-1,26754,352,Multiplet
CGTGGATTCTATGCTC-1,7189,85,GRCh38
CGTGGATTCTGGATAT-1,4393,534,Multiplet
CGTGGCTGTCAGCGGA-1,3671,68,GRCh38
CGTGGCTGTGGGTCTC-1,64109,153,Multiplet
CGTGGCTGTTCGAATC-1,1065,124,GRCh38
CGTGGTTAGCTAATCG-1,2827,179,Multiplet
CGTGTATGTTAGAGCA-1,908,48,GRCh38
CGTGTCAGTAGCCTCA-1,4090,169,Multiplet
CGTGTCAGTTTAGTCA-1,903,15,GRCh38
CGTGTCAGTTTGCAGT-1,2026,20,GRCh38
CGTGTTAAGCCTCTCA-1,19054,237,Multiplet
CGTGTTAAGCTACCGG-1,9746,73,GRCh38
CGTGTTGGTCAGGCAG-1,3377,51,GRCh38
CGTGTTGGTCTAGCCA-1,2024,24,GRCh38
CGTTAATAGATAGCGG-1,13605,285,Multiplet
CGTTACAAGCCAGTCG-1,20414,343,Multiplet
CGTTACAAGGCGCATT-1,11939,160,Multiplet
CGTTACAAGGTTGCAC-1,4388,425,Multiplet
CGTTACAAGTCATACG-1,9872,282,Multiplet
CGTTACCCAAGGTGAA-1,1926,43,GRCh38
CGTTACCCATGGTACG-1,26058,213,Multiplet
CGTTACTTCTGGCTGG-1,28824,310,Multiplet
CGTTATAGTCTAATGC-1,40012,311,Multiplet
CGTTATAGTGAGGTTA-1,1548,137,Multiplet
CGTTATAGTTTCCGCT-1,25000,341,Multiplet
CGTTCACCAAGGTAAG-1,14890,317,Multiplet
CGTTCACCAATTCAGA-1,752,40,GRCh38
CGTTCACCAGTTGCAG-1,33579,310,Multiplet
CGTTCACCATCCAACC-1,2763,115,GRCh38
CGTTCAGGTCATCGGC-1,34377,289,Multiplet
CGTTCAGGTTCGCGTA-1,6065,115,GRCh38
CGTTCATTCACAGGTC-1,1543,51,GRCh38
CGTTCATTCCAGCTAA-1,26136,105,GRCh38
CGTTCATTCTTGATCC-1,15325,229,Multiplet
CGTTCCATCAGGGCTT-1,14971,125,GRCh38
CGTTCCATCATCGAAT-1,24352,328,Multiplet
CGTTCCTGTAGCTCGC-1,2261,45,GRCh38
CGTTCCTGTTGTAGTC-1,22600,154,Multiplet
CGTTCGCTCACGCACG-1,7862,228,Multiplet
CGTTCGCTCAGCGAGA-1,49604,446,Multiplet
CGTTCGCTCCATAGAT-1,8592,125,GRCh38
CGTTGAATCAGGAGAT-1,228,148,GRCh38
CGTTGAATCTAGTAAC-1,13839,162,Multiplet
CGTTGAATCTGTCACT-1,1098,79,GRCh38
CGTTGCCTCGACCCGA-1,20379,227,Multiplet
CGTTGGACATCAAGGT-1,44772,172,Multiplet
CGTTGGGTCAGGTCGT-1,433,154,GRCh38
CGTTGGGTCCAGATCA-1,3731,1078,Multiplet
CGTTGGGTCCCGCTAC-1,9470,162,Multiplet
CGTTGGGTCGCGATTA-1,25944,151,Multiplet
CGTTGGGTCGTGCGTG-1,7651,134,Multiplet
CGTTGTAAGCGATGGA-1,22175,214,Multiplet
CGTTGTCCAAAGGCAA-1,15858,170,Multiplet
CGTTTAAGTCATCCAG-1,14715,197,Multiplet
CGTTTAAGTTATGGAG-1,66647,221,Multiplet
CGTTTCACAAGCTAGT-1,6746,154,Multiplet
CGTTTCACACCAGGAC-1,4709,85,GRCh38
CGTTTCACAGGATTCG-1,18070,101,GRCh38
CGTTTCCGTTCGGTTG-1,16489,249,Multiplet
CGTTTCCGTTGAGGCG-1,39017,233,Multiplet
CGTTTCCGTTTGGTAC-1,29960,240,Multiplet
CGTTTGAAGGATCTGC-1,41611,511,Multiplet
CGTTTGGGTCTCACCT-1,19766,97,GRCh38
CGTTTGGGTGGCGATG-1,7826,252,Multiplet
CTAAACCGTTATGCAC-1,3302,340,Multiplet
CTAAACCGTTCCCGTT-1,18359,271,Multiplet
CTAAACTAGCCTATCT-1,10334,221,Multiplet
CTAAACTAGCGATCAC-1,13851,172,Multiplet
CTAAACTAGCGATGGA-1,1689,60,GRCh38
CTAAACTAGGATGAGT-1,29934,320,Multiplet
CTAAAGGGTCATTGGT-1,1858,79,GRCh38
CTAAATGCAAAGGCAA-1,21334,527,Multiplet
CTAAATGCAGTTGAGT-1,6519,190,Multiplet
CTAACATAGATTACCG-1,1075,771,GRCh38
CTAACATAGCCATGCG-1,10612,142,Multiplet
CTAACATAGCTTAGAT-1,12295,202,Multiplet
CTAACATAGGTAACTT-1,8678,888,Multiplet
CTAACATAGTAGTCCA-1,3508,360,Multiplet
CTAACATAGTTACGCA-1,8509,89,GRCh38
CTAACCAAGCATCGGT-1,42048,264,Multiplet
CTAACCAAGGTAGCCT-1,28882,858,Multiplet
CTAACCTTCACGCAAC-1,18266,216,Multiplet
CTAAGCATCACGGAGA-1,3315,238,Multiplet
CTAAGCATCGATGTAT-1,15131,96,GRCh38
CTAAGCCAGCCTGGTG-1,6897,172,Multiplet
CTAAGCCAGGCGAGGT-1,13478,188,Multiplet
CTAAGCCAGGGCTATC-1,20435,173,Multiplet
CTAAGCCAGTCGCGTG-1,3461,140,Multiplet
CTAAGGCTCAGCCCGA-1,1360,24,GRCh38
CTAAGGGAGCGCCACA-1,20523,183,Multiplet
CTAAGGTCACAATCGG-1,25708,219,Multiplet
CTAATCCTCGCTCCTA-1,667,100,GRCh38
CTAATCTCAATTAGTG-1,6298,126,GRCh38
CTAATCTCACTTGCCG-1,11310,128,GRCh38
CTAATCTCAGGCTACA-1,19383,111,GRCh38
CTAATGGTCACTCGGG-1,9589,297,Multiplet
CTAATGGTCGATCAGC-1,21857,222,Multiplet
CTAATTGGTCATGCCA-1,937,44,GRCh38
CTAATTGGTGCGCAGA-1,9497,156,Multiplet
CTAATTGGTGCGTGCT-1,4617,224,Multiplet
CTAATTGGTTAATTCG-1,5569,107,GRCh38
CTAATTGGTTAGACGA-1,7771,81,GRCh38
CTACAATAGGAGGTAT-1,1482,1120,Multiplet
CTACAATAGGGTGACA-1,15667,157,Multiplet
CTACACAAGCTAGGCT-1,18362,188,Multiplet
CTACACAAGTAGTAGA-1,28841,253,Multiplet
CTACATAGTATGGAGC-1,6753,113,GRCh38
CTACATAGTTGGACGG-1,33573,235,Multiplet
CTACATGAGGTGAGTG-1,3815,185,Multiplet
CTACATGAGTCGATAT-1,32311,290,Multiplet
CTACATGAGTCGATTG-1,10616,94,GRCh38
CTACATTCACTTCGCG-1,31776,285,Multiplet
CTACATTCATCCATTG-1,9767,219,Multiplet
CTACATTCATCCTCGG-1,14519,227,Multiplet
CTACATTCATTCGTAT-1,13851,289,Multiplet
CTACCAAAGCTTAGAT-1,11268,157,Multiplet
CTACCAAAGGTTCAAT-1,25148,249,Multiplet
CTACCATTCATGATCG-1,21639,393,Multiplet
CTACCATTCCTGTGAA-1,17667,119,GRCh38
CTACCCTGTCATCCCT-1,1063,48,GRCh38
CTACCCTGTTCGATTA-1,3083,372,Multiplet
CTACCCTGTTTGAGGA-1,11000,109,GRCh38
CTACGAATCCCGCGAA-1,25116,393,Multiplet
CTACGAATCCGGAGTT-1,12479,273,Multiplet
CTACGAATCGTTCCGC-1,8246,308,Multiplet
CTACGAATCTGGTAGC-1,35192,377,Multiplet
CTACGATGTCAACCCA-1,36925,263,Multiplet
CTACGATGTCTAAGTC-1,4808,85,GRCh38
CTACGATGTTCGCTCT-1,7583,104,GRCh38
CTACGCCTCCGTCCAC-1,15938,320,Multiplet
CTACGCCTCGATGTGC-1,12568,184,Multiplet
CTACGGACATCGCTCG-1,49430,489,Multiplet
CTACGTAAGGTCCACG-1,4102,40,GRCh38
CTACGTAAGTAGTTAC-1,17627,319,Multiplet
CTACGTCCAGCCTACT-1,50145,306,Multiplet
CTACGTCCATGCGTCT-1,643,257,GRCh38
CTACGTCCATGCTTCA-1,1036,72,GRCh38
CTACGTTTCATGTGTG-1,32739,264,Multiplet
CTACGTTTCGCTTCGC-1,3979,150,Multiplet
CTACTCACAAATTCAG-1,26437,224,Multiplet
CTACTCACAACATCCC-1,28391,249,Multiplet
CTACTCACATCCGTCG-1,14639,267,Multiplet
CTACTCACATCGGTAG-1,26572,374,Multiplet
CTACTCCGTAAGGTCA-1,3230,189,Multiplet
CTACTGTTCACTAGCA-1,2535,260,Multiplet
CTACTGTTCTCACAGA-1,627,140,GRCh38
CTACTTATCCTTAGAG-1,5197,117,GRCh38
CTACTTATCGAATCAT-1,18256,130,GRCh38
CTACTTATCGAGGTCT-1,2490,179,Multiplet
CTACTTATCGATGGGA-1,29892,347,Multiplet
CTACTTGCAAGCATCG-1,24246,234,Multiplet
CTAGAACCAATACGAC-1,13925,733,Multiplet
CTAGAACCAATCGGTG-1,27890,324,Multiplet
CTAGAACCAGTTAGTA-1,776,164,GRCh38
CTAGATTAGTAACGCC-1,29367,244,Multiplet
CTAGCATGTAATCGCT-1,34976,262,Multiplet
CTAGCATGTAGGTCCC-1,6277,180,Multiplet
CTAGCCAGTAGGCGCA-1,26794,191,Multiplet
CTAGCCAGTGAGTGGT-1,13380,224,Multiplet
CTAGCCAGTTGGACGG-1,10265,127,GRCh38
CTAGCCTCAGGCTACA-1,23022,505,Multiplet
CTAGCCTCATGAGCAT-1,19442,191,Multiplet
CTAGCGCGTTAGCGAA-1,22381,123,GRCh38
CTAGCGCGTTAGTTGC-1,30260,291,Multiplet
CTAGCGCGTTGGTGAA-1,15353,181,Multiplet
CTAGCTGGTAAGGGCT-1,13123,111,GRCh38
CTAGCTGGTGCGGTGA-1,11845,142,Multiplet
CTAGCTGGTTGCTGGC-1,19086,551,Multiplet
CTAGGTTGTCATGTCG-1,22770,164,Multiplet
CTAGGTTGTGAGCAAC-1,30061,371,Multiplet
CTAGGTTGTTATCGTA-1,1653,44,GRCh38
CTAGTAACAACTTAGA-1,10575,252,Multiplet
CTAGTAACAAGCCTAG-1,31109,321,Multiplet
CTAGTCAAGAAGGGCC-1,40165,344,Multiplet
CTAGTCAAGCTTACTC-1,786,83,GRCh38
CTAGTCAAGGTCGAAG-1,6682,172,Multiplet
CTAGTCAAGTACGGCT-1,8547,87,GRCh38
CTAGTCAAGTGTCATG-1,9865,271,Multiplet
CTAGTTAGTAATGGGC-1,9076,223,Multiplet
CTAGTTAGTCCATACG-1,16637,573,Multiplet
CTAGTTAGTCTAAGTC-1,33700,398,Multiplet
CTAGTTAGTGAAGGTC-1,33796,265,Multiplet
CTAGTTAGTTGTCCAG-1,886,57,GRCh38
CTAGTTGAGATAGTAG-1,14917,144,Multiplet
CTAGTTGAGCATGGAG-1,73679,155,Multiplet
CTAGTTGAGCGACTTA-1,11236,198,Multiplet
CTATAGTAGAAGCTAA-1,664,140,GRCh38
CTATAGTAGAAGGGCC-1,5079,133,Multiplet
CTATAGTAGATAGTCT-1,26835,443,Multiplet
CTATAGTAGCCTGGTG-1,15838,174,Multiplet
CTATAGTAGTGAGAGT-1,1523,71,GRCh38
CTATATGGTGCGCAAG-1,69720,259,Multiplet
CTATATGGTTAAGGGC-1,3238,374,Multiplet
CTATATGGTTAGCCCA-1,16435,152,Multiplet
CTATCAAGTAGCGGAT-1,52983,145,Multiplet
CTATCAAGTAGTTGAG-1,19595,259,Multiplet
CTATCAAGTGAGGACT-1,2073,25,GRCh38
CTATCAAGTTAGACAG-1,23955,240,Multiplet
CTATCAAGTTCATCCC-1,20343,176,Multiplet
CTATCAAGTTGGGCAG-1,23915,229,Multiplet
CTATCATCAAATGCGT-1,9543,87,GRCh38
CTATCATCACCATACC-1,2466,62,GRCh38
CTATCATCACTCATGC-1,28765,229,Multiplet
CTATCATCATTACTGT-1,22452,245,Multiplet
CTATCGAAGCGATACC-1,2407,104,GRCh38
CTATCGAAGGGTCCAT-1,4140,42,GRCh38
CTATCGCCATCCACAC-1,2363,170,Multiplet
CTATCGTTCAGTACCA-1,27350,274,Multiplet
CTATCGTTCCGTGTCC-1,20609,185,Multiplet
CTATCGTTCCTTAGTC-1,1026,39,GRCh38
CTATCGTTCTAGTTCC-1,22306,182,Multiplet
CTATCTATCATATCCC-1,151,148,GRCh38
CTATGCAAGATACTGT-1,24500,157,Multiplet
CTATGCAAGTAACGAA-1,109,137,mm10
CTATGCTTCACATTGG-1,674,55,GRCh38
CTATGCTTCCCATAGA-1,12677,691,Multiplet
CTATGGATCGATGGGA-1,18414,202,Multiplet
CTATGGGCACTCGGTT-1,2046,39,GRCh38
CTATGGGCATCCCTAA-1,13534,123,GRCh38
CTATGTGAGCTAATGT-1,7353,147,Multiplet
CTATGTGAGTGATCGC-1,5813,451,Multiplet
CTATGTTCAGGGATGG-1,7810,113,GRCh38
CTATGTTCAGTTAGTA-1,22853,612,Multiplet
CTATGTTCATGCGCTT-1,33416,277,Multiplet
CTATTCATCACAGCTA-1,26020,246,Multiplet
CTATTGAGTATGGTAG-1,252,459,mm10
CTATTGAGTGGGTCAG-1,16404,189,Multiplet
CTATTGCTCGACCGCA-1,4548,150,Multiplet
CTATTGCTCGTAGTTG-1,702,136,GRCh38
CTCAAAGTCAATTGGT-1,10871,192,Multiplet
CTCAAAGTCTAATGCG-1,24630,145,Multiplet
CTCAACGGTAATTGGG-1,3987,117,GRCh38
CTCAACGGTCTTGAGT-1,1602,76,GRCh38
CTCAACGGTGACGTGG-1,12971,164,Multiplet
CTCAACGGTGCGTACC-1,18374,181,Multiplet
CTCAACTTCAAGTAGA-1,28423,575,Multiplet
CTCAATAGTCTTGGTG-1,589,127,GRCh38
CTCAATAGTTGCTAAC-1,14622,142,Multiplet
CTCAATAGTTTAGTCA-1,55139,102,GRCh38
CTCAATTCAATAGGAG-1,9686,290,Multiplet
CTCAATTCAGCACTTC-1,1404,46,GRCh38
CTCAATTCAGGAATGA-1,11459,156,Multiplet
CTCAATTCAGTAAGCT-1,4037,235,Multiplet
CTCACACCAAGTAAGG-1,24162,327,Multiplet
CTCACCTGTAGTCAAG-1,24080,138,Multiplet
CTCACCTGTTAGCAGA-1,24297,251,Multiplet
CTCACGAGTCTTGAGT-1,13942,99,GRCh38
CTCACGAGTGAAGGTC-1,19361,833,Multiplet
CTCACGAGTGGCTCAC-1,54688,216,Multiplet
CTCACGAGTTGGGATA-1,23826,210,Multiplet
CTCAGCTCAAATCCTT-1,184,550,mm10
CTCAGTTTCCCAGACG-1,1358,49,GRCh38
CTCAGTTTCGTGCTGG-1,11103,216,Multiplet
CTCATAAGTATAGACG-1,1616,163,Multiplet
CTCATAGAGATAGATG-1,7976,156,Multiplet
CTCATAGAGATAGCAA-1,1802,81,GRCh38
CTCATAGAGCCTTCGC-1,8146,179,Multiplet
CTCATCACAAAGGGTA-1,32488,392,Multiplet
CTCATCACAGCACGAC-1,20880,233,Multiplet
CTCATCACAGGCAATT-1,20683,224,Multiplet
CTCATCCGTAGCTAAG-1,13692,147,Multiplet
CTCATCCGTCAACTCG-1,1797,61,GRCh38
CTCATCCGTTGCTTGG-1,13504,206,Multiplet
CTCATGAAGCATCGGT-1,2998,122,GRCh38
CTCATGGGTTAGGTCT-1,12526,221,Multiplet
CTCATGTTCACGGACT-1,8413,76,GRCh38
CTCATGTTCCACCAGG-1,15039,344,Multiplet
CTCATGTTCCTGTCTG-1,173,141,GRCh38
CTCATGTTCGACTTGA-1,18705,188,Multiplet
CTCATTATCCACCTGC-1,3171,209,Multiplet
CTCATTATCCTGCTCA-1,6406,53,GRCh38
CTCATTCAGCGAAGTG-1,48726,379,Multiplet
CTCATTCAGTAGGAGT-1,40951,294,Multiplet
CTCATTGCAGGAGCGA-1,11634,123,GRCh38
CTCATTGCATCCAGAG-1,2768,72,GRCh38
CTCCAACCAAAGGAGC-1,21847,249,Multiplet
CTCCAACCAACCAGCA-1,5274,507,Multiplet
CTCCAAGGTCAAGGCG-1,1389,32,GRCh38
CTCCAAGGTTGCATTA-1,13404,288,Multiplet
CTCCAATTCATCACGA-1,37514,379,Multiplet
CTCCAATTCCCTCTGA-1,10094,534,Multiplet
CTCCAATTCGACTGGT-1,24638,367,Multiplet
CTCCAATTCTAAGCAT-1,30789,243,Multiplet
CTCCAGCTCAGGCTCG-1,16513,148,Multiplet
CTCCAGCTCCTCTAGT-1,24408,281,Multiplet
CTCCAGCTCGCATTAG-1,21133,139,Multiplet
CTCCATTAGCTTCCGC-1,23444,197,Multiplet
CTCCATTAGGCACTCG-1,15465,134,Multiplet
CTCCATTAGGTGCTAC-1,15474,787,Multiplet
CTCCCAATCATGTGGC-1,20733,167,Multiplet
CTCCCACAGAACGGTG-1,5407,324,Multiplet
CTCCCACAGCTAACCA-1,52224,539,Multiplet
CTCCCACAGTACGCTA-1,522,38,GRCh38
CTCCCTAAGCGGTGAA-1,19394,228,Multiplet
CTCCCTAAGGATCAGG-1,8908,1064,Multiplet
CTCCCTGGTATGGAGC-1,4640,330,Multiplet
CTCCCTGGTGGCTGAG-1,2914,75,GRCh38
CTCCCTGGTTATGTCA-1,2126,79,GRCh38
CTCCCTGGTTCCCTGT-1,259,126,GRCh38
CTCCCTGGTTCGATGT-1,5926,114,GRCh38
CTCCCTGGTTGGCATT-1,30735,321,Multiplet
CTCCGTTGTCAAGGCG-1,3353,114,GRCh38
CTCCTAGTCAATCGGC-1,9530,255,Multiplet
CTCCTAGTCCTGAGTA-1,4181,290,Multiplet
CTCCTAGTCTAAGCTG-1,64520,377,Multiplet
CTCCTGATCATCGTAG-1,10319,80,GRCh38
CTCCTGATCGCTAATG-1,3513,174,Multiplet
CTCCTTAGTCAATCTA-1,14922,189,Multiplet
CTCCTTAGTTTCAGCG-1,13210,253,Multiplet
CTCGAACAGCCCGTAG-1,6325,496,Multiplet
CTCGAACAGTAGTTAC-1,4035,68,GRCh38
CTCGAACAGTGAGTAA-1,790,1268,mm10
CTCGAATGTAGCGGAT-1,206,303,mm10
CTCGAATGTATAGACG-1,351,1211,mm10
CTCGAATGTCTAGTTA-1,23406,223,Multiplet
CTCGAATGTGATTCCG-1,26542,177,Multiplet
CTCGACTCAACTAGAC-1,653,139,GRCh38
CTCGATCCAGCACTAG-1,46695,224,Multiplet
CTCGATCCATGGCGAC-1,31909,299,Multiplet
CTCGATTTCGTGAACC-1,9660,705,Multiplet
CTCGCGAAGGTCGTTA-1,21326,284,Multiplet
CTCGCGAAGGTTAGGG-1,24206,120,GRCh38
CTCGCGTTCCATGCTT-1,13090,238,Multiplet
CTCGCTATCAATCAAC-1,1867,150,Multiplet
CTCGCTATCATCACCT-1,13287,83,GRCh38
CTCGCTGCAAAGGTAG-1,5083,657,Multiplet
CTCGCTGCAGCTCTGT-1,58074,405,Multiplet
CTCGCTGCAGGTAGCC-1,42518,381,Multiplet
CTCGCTGCATGACGTG-1,372,137,GRCh38
CTCGCTGCATGAGCCA-1,3467,99,GRCh38
CTCGCTTGTGACGAAC-1,32142,202,Multiplet
CTCGCTTGTTAGTCAC-1,270,190,GRCh38
CTCGGATAGCTTCCGC-1,4614,157,Multiplet
CTCGGCAAGAACGACG-1,17937,191,Multiplet
CTCGGCAAGGATCTCA-1,14716,187,Multiplet
CTCGGCAAGTACGGCT-1,6301,225,Multiplet
CTCGGCAAGTCGAGCT-1,2497,106,GRCh38
CTCGGTTCAATCGAAC-1,4827,201,Multiplet
CTCGGTTCAATCTGGG-1,5440,177,Multiplet
CTCGGTTCATAATCCT-1,14818,148,Multiplet
CTCGTAAAGATTGAAG-1,8922,314,Multiplet
CTCGTAAAGCAATCGC-1,9261,272,Multiplet
CTCGTAAAGCCGCATG-1,2707,268,Multiplet
CTCGTAAAGGGGACGT-1,21064,239,Multiplet
CTCGTAAAGTAGAGGT-1,8611,138,Multiplet
CTCGTAGGTTTGATTG-1,32722,141,Multiplet
CTCGTCTGTGCAAGGT-1,11370,130,GRCh38
CTCGTCTGTTATGGTC-1,21181,225,Multiplet
CTCGTGAGTAGCGAGT-1,29649,264,Multiplet
CTCGTGAGTAGCTAAG-1,12163,77,GRCh38
CTCGTGAGTTAGCCGC-1,903,37,GRCh38
CTCGTTACACTTGCAC-1,8310,625,Multiplet
CTCTAATCATAGGTAC-1,3509,456,Multiplet
CTCTAGAAGGGGACTA-1,20638,218,Multiplet
CTCTAGCCAATCCAGG-1,1144,38,GRCh38
CTCTAGCCACATAGCG-1,24052,370,Multiplet
CTCTAGCCATTACTGT-1,441,260,GRCh38
CTCTATATCGTTCATC-1,26840,184,Multiplet
CTCTATTGTCTAGCTG-1,12703,195,Multiplet
CTCTATTGTTTACGAC-1,21712,463,Multiplet
CTCTCAACACTCATGC-1,19331,133,Multiplet
CTCTCAACAGCATGGC-1,1680,2471,Multiplet
CTCTCGATCGTGATTG-1,270,201,GRCh38
CTCTCGATCGTTAGAT-1,4975,121,GRCh38
CTCTGACCAATCAGAC-1,23674,363,Multiplet
CTCTGACCACTATGGG-1,14295,219,Multiplet
CTCTGACCAGCTACGA-1,603,89,GRCh38
CTCTGATTCACATAGT-1,3319,217,Multiplet
CTCTGATTCCCGCGTT-1,9346,109,GRCh38
CTCTGGTCAATACAGC-1,1620,38,GRCh38
CTCTGGTCAGCTAACG-1,22467,329,Multiplet
CTCTGGTCATTAGGCG-1,3447,168,Multiplet
CTCTGTTAGAACGAGT-1,2935,49,GRCh38
CTCTGTTAGGCACGTT-1,71006,412,Multiplet
CTCTGTTAGTCGATCA-1,21894,175,Multiplet
CTCTTAATCATGCTCT-1,25069,747,Multiplet
CTCTTAATCGATTAAC-1,6137,274,Multiplet
CTCTTCTCACTTACGC-1,749,187,GRCh38
CTCTTCTCAGCACCTT-1,4008,456,Multiplet
CTCTTCTCAGCTACAG-1,9300,166,Multiplet
CTCTTCTCATGCGTCT-1,7789,158,Multiplet
CTGAAAGGTAGTAGGC-1,70100,205,Multiplet
CTGAAAGGTTTACTCT-1,5573,212,Multiplet
CTGAACATCACGCTCC-1,23190,817,Multiplet
CTGAACATCCGCTAGG-1,48699,295,Multiplet
CTGAATGTCAATCCCT-1,21729,223,Multiplet
CTGAATGTCCGCAACG-1,16672,250,Multiplet
CTGAATGTCCTGTACT-1,937,47,GRCh38
CTGACAATCATGCAGC-1,40455,335,Multiplet
CTGACAATCGTTAGCA-1,21207,228,Multiplet
CTGACACAGTACGCAC-1,28782,126,GRCh38
CTGACACAGTAGACCC-1,35120,357,Multiplet
CTGACCAGTGATCCAT-1,79721,201,Multiplet
CTGACCAGTGATTACC-1,14540,187,Multiplet
CTGACCAGTTTCACGG-1,23656,239,Multiplet
CTGACCCTCAGCCACG-1,11595,221,Multiplet
CTGACCCTCCATGTGA-1,693,34,GRCh38
CTGACCCTCGTAATGT-1,59,274,mm10
CTGACCCTCTAAGCTG-1,6066,209,Multiplet
CTGACCTCACAACGGC-1,3097,59,GRCh38
CTGACCTCACTAGCCT-1,10195,124,GRCh38
CTGACCTCAGCACCAA-1,30646,185,Multiplet
CTGACCTCATTCAGTT-1,50726,373,Multiplet
CTGATAGTCACTTGGA-1,9531,186,Multiplet
CTGATAGTCAGCATTG-1,6389,152,Multiplet
CTGATAGTCAGTTGGC-1,39991,227,Multiplet
CTGATATAGAACGGCA-1,1886,298,Multiplet
CTGATATAGAATCAGA-1,5159,710,Multiplet
CTGATATAGCCAGTGT-1,2982,247,Multiplet
CTGATATAGTCGAGAG-1,1274,110,GRCh38
CTGATATAGTCTCTGT-1,11292,174,Multiplet
CTGATCAAGCAGGTCT-1,18832,183,Multiplet
CTGATCAAGCCACGCA-1,681,27,GRCh38
CTGATCAAGCCTCTAT-1,813,26,GRCh38
CTGATTGAGGTTCGTA-1,17363,237,Multiplet
CTGCAAATCAATCAGT-1,4358,131,GRCh38
CTGCAAATCACAGATT-1,606,126,GRCh38
CTGCAAATCATGATCG-1,8729,170,Multiplet
CTGCAACAGCCAACCG-1,24822,233,Multiplet
CTGCAATGTCTCACCT-1,64,173,mm10
CTGCAATGTTCGGGTC-1,16905,167,Multiplet
CTGCATCCACTAACCC-1,9531,492,Multiplet
CTGCATTTCGAACGAG-1,1231,161,GRCh38
CTGCATTTCGACTGCG-1,17997,203,Multiplet
CTGCATTTCTATGTGG-1,22582,1077,Multiplet
CTGCCATCATAAGCCG-1,2011,168,Multiplet
CTGCCTATCGCTTGGG-1,6726,125,GRCh38
CTGCCTATCTGTGCGG-1,17371,333,Multiplet
CTGCGCAAGGTATATC-1,37455,269,Multiplet
CTGCGCAAGTCAGTTG-1,21501,344,Multiplet
CTGCGGATCAGCAACC-1,9216,194,Multiplet
CTGCGGATCGAACCAC-1,2694,54,GRCh38
CTGCGGATCGATTCCT-1,894,27,GRCh38
CTGCGGATCTCATCCG-1,19492,245,Multiplet
CTGCGGATCTGGAAGG-1,1577,377,Multiplet
CTGCGTAGTAATCCTA-1,592,205,GRCh38
CTGCGTAGTATAGCAG-1,9803,153,Multiplet
CTGCGTAGTTATGGTC-1,1429,27,GRCh38
CTGCTAAAGTTAGCAT-1,988,28,GRCh38
CTGCTCTGTCTTACGG-1,75971,344,Multiplet
CTGCTCTGTGAGATTG-1,18108,1259,Multiplet
CTGCTCTGTGCAATCT-1,19911,164,Multiplet
CTGCTCTGTGGGTAAC-1,36451,182,Multiplet
CTGCTGCTCACCTGAA-1,13012,86,GRCh38
CTGCTGCTCATCAGCA-1,11260,213,Multiplet
CTGCTGCTCATCTGTC-1,1674,34,GRCh38
CTGCTTACAACTTCAT-1,746,124,GRCh38
CTGCTTACAATCAGAC-1,2006,60,GRCh38
CTGCTTACAATCCGTC-1,29474,312,Multiplet
CTGCTTACAATCGCCT-1,16446,211,Multiplet
CTGCTTACAGCACTTC-1,1729,744,Multiplet
CTGCTTACATGGATAC-1,69776,265,Multiplet
CTGGACTAGGCTGTAC-1,73212,323,Multiplet
CTGGATGCAAGCCAGC-1,11515,422,Multiplet
CTGGATGCAGCTCAGA-1,18283,198,Multiplet
CTGGATGCATAAGGTC-1,43604,305,Multiplet
CTGGCAACAACTAGGT-1,12809,498,Multiplet
CTGGCAACAAGCTGAT-1,12440,283,Multiplet
CTGGCAACAATTACGA-1,14646,163,Multiplet
CTGGCAACAGTTAGCG-1,2431,254,Multiplet
CTGGCAACATCACGGA-1,29471,202,Multiplet
CTGGCCAAGGTAGCGA-1,36904,374,Multiplet
CTGGCCAAGGTGCTTA-1,12908,231,Multiplet
CTGGCTAGTAACGTGA-1,10685,131,GRCh38
CTGGCTAGTAGGTAGC-1,4410,139,Multiplet
CTGGCTAGTTATCGGT-1,15545,300,Multiplet
CTGGCTAGTTGGGATA-1,1278,48,GRCh38
CTGGCTAGTTGTCCTC-1,3974,304,Multiplet
CTGGGCATCACCACGG-1,323,123,GRCh38
CTGGGCATCGCTCAGG-1,36250,234,Multiplet
CTGGGGTCAAACTTGA-1,14415,325,Multiplet
CTGGGGTCACTTGCCG-1,24734,133,Multiplet
CTGGGTTAGCCCGTCT-1,5884,524,Multiplet
CTGGTAATCACCAAGC-1,3717,246,Multiplet
CTGGTAATCATGAGCC-1,7152,85,GRCh38
CTGGTAATCGTGACTA-1,14118,180,Multiplet
CTGGTAATCTGGGAAG-1,509,50,GRCh38
CTGGTCAGTGAGATAT-1,33312,226,Multiplet
CTGGTCAGTGCGTGAG-1,11930,202,Multiplet
CTGGTTAAGCGCGATT-1,5781,41,GRCh38
CTGGTTGGTCCATTCC-1,34455,155,Multiplet
CTGGTTGGTGGACTGG-1,10396,149,Multiplet
CTGGTTGGTTGTGCCA-1,38299,231,Multiplet
CTGTAACGTCTAACCG-1,9063,41,GRCh38
CTGTAACGTTTCAGCG-1,9302,100,GRCh38
CTGTAAGTCGTTCCTG-1,30023,398,Multiplet
CTGTAATAGGATCAGG-1,59362,323,Multiplet
CTGTAATAGGTAGGTG-1,41690,200,Multiplet
CTGTAATAGTGCTTGA-1,24977,176,Multiplet
CTGTACCCACATACCC-1,3472,169,Multiplet
CTGTACCCATGGATAC-1,10216,122,GRCh38
CTGTACTTCATGGCCG-1,1666,31,GRCh38
CTGTACTTCCGCACGA-1,11548,116,GRCh38
CTGTACTTCTTGATGG-1,74663,251,Multiplet
CTGTATAGTGATCCGC-1,3063,540,Multiplet
CTGTCAAAGCCCGTGA-1,30000,222,Multiplet
CTGTCAAAGGTAATGA-1,4831,70,GRCh38
CTGTCAAAGTTAGGCC-1,16332,172,Multiplet
CTGTCCATCCTGGTCC-1,30850,363,Multiplet
CTGTCCATCTGGCACG-1,4948,375,Multiplet
CTGTCGCTCCTGCGTC-1,34558,334,Multiplet
CTGTGAATCATACTCC-1,7739,135,Multiplet
CTGTGAATCATGCAAT-1,2341,812,Multiplet
CTGTGAATCTATGTCC-1,10825,557,Multiplet
CTGTGATGTCATCCTC-1,25053,195,Multiplet
CTGTGATGTGGCAGTG-1,10289,143,Multiplet
CTGTGATGTTACACGT-1,7281,154,Multiplet
CTGTGATGTTCGCGTA-1,117,196,mm10
CTGTGATGTTGGATCT-1,2670,53,GRCh38
CTGTGATGTTTCAGGT-1,1339,46,GRCh38
CTGTGCCTCACCATCT-1,583,204,GRCh38
CTGTGCCTCAGGTTCA-1,2045,260,Multiplet
CTGTGCCTCCAGAGAG-1,5084,126,GRCh38
CTGTGCCTCTAACCGA-1,18868,203,Multiplet
CTGTGGACAGTACCCT-1,16618,216,Multiplet
CTGTGGGTCACGCGAT-1,1896,506,Multiplet
CTGTGGGTCAGTAATC-1,4499,206,Multiplet
CTGTGGGTCATCAGCA-1,1591,32,GRCh38
CTGTGTCCAAGGTAAG-1,6123,175,Multiplet
CTGTGTCCATGTCGGA-1,2094,15,GRCh38
CTGTTAAGTCTCACTC-1,23919,161,Multiplet
CTGTTAAGTGAGGCAT-1,825,489,GRCh38
CTGTTAAGTGGACATA-1,3785,165,Multiplet
CTGTTAAGTTCAAGGA-1,65877,329,Multiplet
CTGTTAGAGCATCACA-1,16632,379,Multiplet
CTGTTAGAGGATGCCT-1,18106,138,Multiplet
CTGTTCCGTAATGACG-1,58246,397,Multiplet
CTGTTGAAGGTAGGGC-1,9222,233,Multiplet
CTGTTGAAGTAGGAAC-1,40247,300,Multiplet
CTGTTGGGTGCACGCT-1,25656,364,Multiplet
CTGTTGGGTTATGCGT-1,2729,185,Multiplet
CTGTTGGGTTGGATTC-1,8087,217,Multiplet
CTGTTGGGTTTACACA-1,6816,170,Multiplet
CTTAACCTCACCTAGA-1,24138,243,Multiplet
CTTAACCTCAGCAGAG-1,26593,193,Multiplet
CTTAACCTCATCGAAT-1,1097,24,GRCh38
CTTAATCCAGCAGTAT-1,7339,319,Multiplet
CTTAATCCAGGTTCCT-1,11381,86,GRCh38
CTTAATGGTAGGTGCG-1,5248,191,Multiplet
CTTACAAGTGAAGCCG-1,15099,592,Multiplet
CTTACAAGTGGGAACT-1,20271,238,Multiplet
CTTACATCAAGCTAAC-1,40568,217,Multiplet
CTTACATCACCTTGAC-1,91674,208,Multiplet
CTTACGAAGCCCTGAG-1,97,171,mm10
CTTACGCCAAGCGGAG-1,33205,295,Multiplet
CTTACGGGTCTCACAG-1,6518,752,Multiplet
CTTACGGGTGCAGGCA-1,73407,142,Multiplet
CTTACGTTCCGCGCTT-1,11663,65,GRCh38
CTTACGTTCGACCTGG-1,4027,67,GRCh38
CTTACGTTCGATCAAT-1,950,212,GRCh38
CTTACGTTCGCTAGGT-1,48021,473,Multiplet
CTTACGTTCTAGGCCG-1,16231,174,Multiplet
CTTACGTTCTGGGCTG-1,199,144,GRCh38
CTTACTTGTAGCAGAC-1,4783,40,GRCh38
CTTACTTGTCATTAGC-1,17251,625,Multiplet
CTTACTTGTCTAGTAC-1,14975,142,Multiplet
CTTAGCAAGGATAGGT-1,306,151,GRCh38
CTTAGCAAGGATATAG-1,11972,1142,Multiplet
CTTAGCGGTAGCCTCA-1,14767,134,Multiplet
CTTAGCTTCCCTGATT-1,2003,184,Multiplet
CTTAGCTTCGACCTGG-1,879,217,GRCh38
CTTAGGATCCGCAACG-1,6694,1273,Multiplet
CTTAGGATCTATGAAC-1,45883,450,Multiplet
CTTAGTAGTATGTCAC-1,64508,201,Multiplet
CTTAGTAGTGGACTGG-1,8120,187,Multiplet
CTTAGTAGTTAGCAGA-1,9775,205,Multiplet
CTTAGTAGTTTGCACG-1,8334,148,Multiplet
CTTAGTGAGATACTAC-1,12262,249,Multiplet
CTTAGTGAGCCCGTAG-1,18326,272,Multiplet
CTTAGTGAGGCAATGG-1,23920,414,Multiplet
CTTAGTGAGGTAGGGC-1,117,263,mm10
CTTATAGGTGATCAGA-1,10018,206,Multiplet
CTTATAGGTTCGCCTT-1,50650,443,Multiplet
CTTATCTGTTAGACTC-1,15626,332,Multiplet
CTTATCTGTTCACTGG-1,13292,151,Multiplet
CTTATGAGTCTAGCGC-1,16610,214,Multiplet
CTTATGAGTGGAAGGA-1,28370,262,Multiplet
CTTATGAGTTATCCAA-1,2372,36,GRCh38
CTTATGCTCAAGTCTG-1,20329,141,Multiplet
CTTATGGAGAAGCCCT-1,30011,370,Multiplet
CTTATGGAGATAGGGT-1,7960,59,GRCh38
CTTATGGAGTGCTCAA-1,20977,185,Multiplet
CTTCAATCAGTACCTC-1,16141,326,Multiplet
CTTCAATCATTAAGTG-1,4618,222,Multiplet
CTTCACTAGGCGATTC-1,11748,145,Multiplet
CTTCAGCCAAATCACA-1,17225,190,Multiplet
CTTCAGCCAAGCGAGG-1,9345,153,Multiplet
CTTCAGCCACAGCACA-1,14282,333,Multiplet
CTTCAGCCAGGTATGT-1,24602,259,Multiplet
CTTCATATCAATCTCC-1,4240,121,GRCh38
CTTCATATCAGGAGCA-1,19648,279,Multiplet
CTTCATATCATGACTG-1,9733,114,GRCh38
CTTCATATCCGGAACT-1,965,56,GRCh38
CTTCATATCTCATCCG-1,4877,463,Multiplet
CTTCATATCTGGGCTG-1,2736,46,GRCh38
CTTCATCAGCATAGCC-1,47357,538,Multiplet
CTTCATCAGCGCTGTG-1,12860,478,Multiplet
CTTCATCAGTAGAGCG-1,9840,124,GRCh38
CTTCATCAGTGCTCAA-1,14105,119,GRCh38
CTTCATTGTAAGCGAC-1,10676,138,Multiplet
CTTCATTGTTAGTCCG-1,2642,44,GRCh38
CTTCGAGGTAATCGGA-1,4917,106,GRCh38
CTTCGAGGTAGCCCTA-1,26738,328,Multiplet
CTTCGAGGTGACTTCG-1,18782,156,Multiplet
CTTCGAGGTTCGCGGT-1,12518,121,GRCh38
CTTCGAGGTTGTCTAA-1,1096,326,GRCh38
CTTCGCATCATCACTC-1,5324,136,Multiplet
CTTCGCGCAAGTCCCT-1,653,180,GRCh38
CTTCGCGCAATGCCTC-1,55848,596,Multiplet
CTTCGGCTCATACTGG-1,2545,22,GRCh38
CTTCGGCTCGACCTGG-1,513,278,GRCh38
CTTCGGCTCGTGAGTC-1,2768,40,GRCh38
CTTCGGCTCTAGTACG-1,10997,842,Multiplet
CTTCGGTCAGCTCGTT-1,523,38,GRCh38
CTTCGTTAGCTGGCTG-1,40981,321,Multiplet
CTTCGTTAGGAATGTA-1,35636,369,Multiplet
CTTCTATGTCAGCTAT-1,9838,95,GRCh38
CTTCTATGTTGAGCGG-1,12237,160,Multiplet
CTTCTCCTCAGCTCAA-1,8861,622,Multiplet
CTTCTCCTCCATAGTG-1,8994,1888,Multiplet
CTTCTGGTCAATTCCC-1,19288,387,Multiplet
CTTCTGGTCGCGTCCT-1,26975,283,Multiplet
CTTGAACGTTTAATCG-1,30105,249,Multiplet
CTTGAATAGGATGATA-1,10985,186,Multiplet
CTTGAATAGGGTCCTG-1,23973,200,Multiplet
CTTGACCCAGGGCAAG-1,4186,302,Multiplet
CTTGACCCAGGGCAGA-1,16569,136,Multiplet
CTTGACTTCACGCCTC-1,43302,417,Multiplet
CTTGACTTCGTACCAA-1,43484,481,Multiplet
CTTGACTTCTAATGGT-1,10313,197,Multiplet
CTTGAGGCAAACCACG-1,7988,231,Multiplet
CTTGAGGCAATTGACA-1,26268,410,Multiplet
CTTGAGGCACAACGTG-1,19742,131,GRCh38
CTTGAGGCAGGACTTG-1,25499,326,Multiplet
CTTGAGGCATAATCGA-1,6103,43,GRCh38
CTTGATAGTGGGTCTC-1,12228,164,Multiplet
CTTGATAGTTCGATAC-1,12725,121,GRCh38
CTTGATGAGATAGCAA-1,6040,132,Multiplet
CTTGATGAGGTGGAAT-1,40260,297,Multiplet
CTTGATGAGTTACGTG-1,19816,155,Multiplet
CTTGCAAAGGATCTCA-1,47,197,mm10
CTTGCACCACCTGCTG-1,5068,353,Multiplet
CTTGCACCATAGGGTT-1,24395,212,Multiplet
CTTGCAGGTTTCCATT-1,11883,185,Multiplet
CTTGCATTCATCTCAC-1,24878,275,Multiplet
CTTGCATTCCGCGTCT-1,54265,320,Multiplet
CTTGCATTCCGGTGTG-1,42057,384,Multiplet
CTTGCCATCAAGTGCC-1,3007,35,GRCh38
CTTGCCATCCTGTGCC-1,26133,274,Multiplet
CTTGCCATCGAACCCG-1,22386,215,Multiplet
CTTGCCATCGATACAT-1,7738,84,GRCh38
CTTGCCATCGATTGAT-1,15395,166,Multiplet
CTTGCCTGTGAGAGGA-1,45058,242,Multiplet
CTTGCCTGTTTGCCAG-1,14404,666,Multiplet
CTTGCGGAGCAAGGGC-1,47472,314,Multiplet
CTTGCGGAGCTAGCCG-1,14032,273,Multiplet
CTTGGATGTCAGGCTC-1,22496,286,Multiplet
CTTGGATGTTCGAGTT-1,20340,456,Multiplet
CTTGGCCTCTATCTCA-1,4487,114,GRCh38
CTTGGCGAGCCAGACT-1,16754,230,Multiplet
CTTGGCGAGGTAGGTG-1,1983,69,GRCh38
CTTGGCGAGTGCTGGT-1,2573,256,Multiplet
CTTGGCGAGTTGCATG-1,1944,295,Multiplet
CTTGGCTCAAATGCGT-1,6845,237,Multiplet
CTTGGCTCAATACTCT-1,22201,370,Multiplet
CTTGGCTCACATAGCG-1,14113,166,Multiplet
CTTGGCTCATCACGGA-1,10894,220,Multiplet
CTTGGCTCATGACAGT-1,35420,255,Multiplet
CTTGGGACACCTACCG-1,45160,902,Multiplet
CTTGGGACACTTGGGA-1,50044,329,Multiplet
CTTGGGACAGCACTAG-1,24038,382,Multiplet
CTTGGGCGTGCACGAG-1,28449,215,Multiplet
CTTGGGGTCCGGTGAT-1,10219,125,GRCh38
CTTGGTAAGCAAGTAA-1,20311,175,Multiplet
CTTGGTAAGCATGCGT-1,9282,167,Multiplet
CTTGGTAAGCTATCGA-1,505,33,GRCh38
CTTGGTAAGTATCTCC-1,6617,597,Multiplet
CTTGGTAAGTTAGCGC-1,4389,126,GRCh38
CTTGTCCGTAAGCTCT-1,46313,357,Multiplet
CTTGTCCGTAGGTCCC-1,16882,1495,Multiplet
CTTGTCCGTATGGGAC-1,10877,119,GRCh38
CTTGTCCGTGCGAGCA-1,28826,225,Multiplet
CTTGTCCGTTTGGTCG-1,13122,149,Multiplet
CTTGTGAAGCCGACAT-1,11861,90,GRCh38
GCAAACCTCAGCGAGA-1,3320,78,GRCh38
GCAAACCTCGAGTCCG-1,3496,578,Multiplet
GCAAACCTCTAGGCCG-1,4832,91,GRCh38
GCAAACCTCTGGCTCC-1,39267,466,Multiplet
GCAAAGGTCTCACCGC-1,9188,230,Multiplet
GCAACATCAATCGCTC-1,8087,67,GRCh38
GCAACATCAGCTAACG-1,20298,341,Multiplet
GCAACGGGTCTTGACG-1,905,18,GRCh38
GCAACGGGTTGGTCTG-1,4392,42,GRCh38
GCAACGTTCACCATAG-1,15303,191,Multiplet
GCAACTATCAATCCAG-1,9688,228,Multiplet
GCAAGCAAGGGTCCAT-1,11931,183,Multiplet
GCAAGCAAGGTATGGG-1,638,885,mm10
GCAAGCTTCCCAGGCA-1,2463,47,GRCh38
GCAAGGATCACGGACT-1,2621,128,GRCh38
GCAAGGATCAGTAGGG-1,5004,125,GRCh38
GCAAGTGAGTAACCTG-1,1015,370,GRCh38
GCAATAGGTCAATCAC-1,14529,238,Multiplet
GCAATAGGTGACTCGC-1,21225,177,Multiplet
GCAATAGGTTACACAC-1,19387,186,Multiplet
GCAATATTCAATCCTC-1,20483,327,Multiplet
GCAATATTCAGGCAAG-1,7727,563,Multiplet
GCAATCATCATGACTG-1,1372,1496,Multiplet
GCAATCATCCGTGAAC-1,7750,110,GRCh38
GCAATCATCCTGATAG-1,71008,393,Multiplet
GCAATCATCGAACGTC-1,1201,115,GRCh38
GCAATCATCGACCTAA-1,1807,104,GRCh38
GCAATCATCGTAACCA-1,97,271,mm10
GCAATCGCAACCATCC-1,8322,215,Multiplet
GCAATCGCATGGCGTA-1,3053,91,GRCh38
GCAATCGCATTAACTC-1,17558,1290,Multiplet
GCAATCTGTTTGGATC-1,8682,136,Multiplet
GCAATGAGTGGACCGA-1,48428,244,Multiplet
GCAATGAGTTAACGAG-1,17043,254,Multiplet
GCAATTGTCATCTGGA-1,16136,167,Multiplet
GCAATTGTCCGGATAC-1,4830,124,GRCh38
GCAATTGTCCTGCTGC-1,32732,248,Multiplet
GCAATTGTCGATGTGC-1,7026,133,Multiplet
GCAATTGTCTGGGCTG-1,399,134,GRCh38
GCAATTTAGCGGATTC-1,22318,631,Multiplet
GCAATTTAGGGCAGGT-1,3097,268,Multiplet
GCAATTTAGTCAAGGG-1,3081,134,Multiplet
GCAATTTAGTTAGAGA-1,10782,116,GRCh38
GCACAATCACTCGCCA-1,37647,485,Multiplet
GCACAATCATGGTCGA-1,4420,118,GRCh38
GCACACTAGTAATGAG-1,25611,164,Multiplet
GCACAGCCAGGGACCT-1,44902,258,Multiplet
GCACAGCCATAAGCCG-1,776,34,GRCh38
GCACCAACAAACCTAA-1,1078,37,GRCh38
GCACCCTTCAATTCGG-1,5067,63,GRCh38
GCACCCTTCACACAGC-1,870,35,GRCh38
GCACCCTTCTAGCCAA-1,12118,124,GRCh38
GCACCGATCCCCTTAG-1,10298,151,Multiplet
GCACCTAGTTAGCCTG-1,14368,560,Multiplet
GCACGAAAGAAGGATC-1,1219,246,GRCh38
GCACGAAAGCTACGCG-1,1713,879,Multiplet
GCACGAAAGTGAGTGG-1,543,46,GRCh38
GCACGAAAGTTAGCGC-1,21820,183,Multiplet
GCACGAGGTCTGGCTA-1,11616,215,Multiplet
GCACGAGGTTTGCGAT-1,21050,153,Multiplet
GCACGATTCAGCTGGT-1,11109,138,Multiplet
GCACGATTCAGGTTGC-1,14467,261,Multiplet
GCACGATTCGAATGGG-1,1532,786,Multiplet
GCACGATTCTGTGATG-1,524,421,GRCh38
GCACGGTCAACCTGCT-1,5252,145,Multiplet
GCACGGTCAACGTGAT-1,31479,244,Multiplet
GCACGGTCAAGGTCGC-1,10793,303,Multiplet
GCACGGTCACATGCAG-1,17307,164,Multiplet
GCACGGTCACTAACCC-1,794,29,GRCh38
GCACGGTCATAAGGTC-1,1343,21,GRCh38
GCACGGTCATGAATTG-1,16448,213,Multiplet
GCACGTTAGGTAGCTC-1,2861,300,Multiplet
GCACTAATCACTAGAT-1,308,845,mm10
GCACTAATCCGGTATA-1,1344,28,GRCh38
GCACTAGCAAACCAAC-1,26803,163,Multiplet
GCACTAGCAGCTACGA-1,10045,914,Multiplet
GCACTAGCAGTACCTC-1,4109,781,Multiplet
GCACTATGTAGTAGCA-1,5822,174,Multiplet
GCACTCCTCACACCAA-1,9586,134,Multiplet
GCACTCCTCATGTCAG-1,20682,204,Multiplet
GCACTCCTCTATCGTC-1,2142,237,Multiplet
GCACTGACAACATTGA-1,13051,129,GRCh38
GCACTGACAATAGACC-1,598,936,mm10
GCACTGACACTCAGCT-1,12563,156,Multiplet
GCACTGACACTCATGC-1,24671,199,Multiplet
GCACTGACACTTCGAC-1,73,342,mm10
GCACTGACATTAGAGC-1,8437,152,Multiplet
GCACTGGTCACATGAT-1,9542,191,Multiplet
GCACTGGTCCGTGAAC-1,1208,176,GRCh38
GCAGCCATCATCACGA-1,17124,211,Multiplet
GCAGCCATCCACCGCT-1,16438,208,Multiplet
GCAGCCATCCCTGGCT-1,22111,212,Multiplet
GCAGCGAGTGAGTGAC-1,2031,65,GRCh38
GCAGCGAGTTCGCAAT-1,18264,305,Multiplet
GCAGGATGTTAATGCC-1,10346,290,Multiplet
GCAGGCTCAACGTTAA-1,6937,152,Multiplet
GCAGGCTCAAGCCGTA-1,22452,311,Multiplet
GCAGGCTCAAGGTCCA-1,10337,436,Multiplet
GCAGGCTCAATGTAGC-1,3175,135,Multiplet
GCAGGCTCATTAGCAA-1,41722,258,Multiplet
GCAGGGACAAGCCAAT-1,1794,398,Multiplet
GCAGGGTAGCAGTTCA-1,24535,232,Multiplet
GCAGTAAGTAATGTCC-1,645,47,GRCh38
GCAGTGAAGAAGGTTA-1,1383,23,GRCh38
GCAGTGAAGCTATGTG-1,13582,167,Multiplet
GCAGTGAAGGAGTATA-1,1920,305,Multiplet
GCAGTGAAGGATCCAC-1,97375,260,Multiplet
GCATAACCAATAGAGG-1,13127,140,Multiplet
GCATAACCACTTACCA-1,54860,449,Multiplet
GCATAAGGTGAACGAC-1,1556,167,Multiplet
GCATAAGGTTCGAGCC-1,2387,224,Multiplet
GCATAAGGTTGGCTTG-1,1205,19,GRCh38
GCATAGCTCACCTGAA-1,7846,1049,Multiplet
GCATAGCTCCAGGTTA-1,16626,554,Multiplet
GCATAGCTCTATGGTG-1,15754,130,GRCh38
GCATAGTCACCATGAG-1,3155,123,GRCh38
GCATCAATCCTCATCG-1,35854,273,Multiplet
GCATCAATCCTCTACG-1,623,1713,mm10
GCATCAATCCTGACTT-1,4137,181,Multiplet
GCATCAGCAAGTGCCA-1,5494,132,Multiplet
GCATCAGCATAAGGGA-1,4606,84,GRCh38
GCATCAGCATAGACAC-1,1133,152,GRCh38
GCATCAGCATTAATCC-1,27053,190,Multiplet
GCATCCCTCACCTAGA-1,17672,772,Multiplet
GCATCCCTCTGGATCA-1,11603,408,Multiplet
GCATCCTCAGTTGGGC-1,10731,136,Multiplet
GCATCTAAGCAATCCA-1,6858,218,Multiplet
GCATCTAAGCTAGGTC-1,438,152,GRCh38
GCATCTAAGCTAGTAT-1,4500,51,GRCh38
GCATGAGAGGTATCGC-1,1432,133,Multiplet
GCATGGGGTCAATTCA-1,800,60,GRCh38
GCATGGGGTGCACCGT-1,7239,289,Multiplet
GCATGGGGTGGCGTCT-1,21343,277,Multiplet
GCATGGGGTTGCGTCA-1,4043,46,GRCh38
GCATGGGGTTTAGCGT-1,14272,195,Multiplet
GCATGGTTCAGCGGAA-1,2073,70,GRCh38
GCATGGTTCGTCTAAG-1,21703,303,Multiplet
GCATGGTTCTAGTCTC-1,15506,160,Multiplet
GCATGTCAGGAATCGG-1,8475,1079,Multiplet
GCATGTCAGGGGATGC-1,6523,282,Multiplet
GCATGTCAGTAAGCAA-1,59682,307,Multiplet
GCATTAACAATTGGAC-1,7662,141,Multiplet
GCATTAACATGCTGCT-1,12616,119,GRCh38
GCATTAACATTCGGCT-1,43531,267,Multiplet
GCATTACGTGAGTTAG-1,22150,393,Multiplet
GCATTAGTCACCTGGG-1,19935,1091,Multiplet
GCATTAGTCAGGCAGA-1,5319,120,GRCh38
GCATTATAGCCATGCG-1,6893,235,Multiplet
GCATTATAGGAGGCTA-1,26407,133,Multiplet
GCATTATAGGTCAACC-1,25543,196,Multiplet
GCATTATAGGTCGTAC-1,81885,261,Multiplet
GCATTATAGGTGACTC-1,636,157,GRCh38
GCATTATAGTAGTGAA-1,5308,72,GRCh38
GCATTATAGTGGCTTA-1,34620,221,Multiplet
GCATTCAAGGTACCGT-1,39646,240,Multiplet
GCATTCAAGTAGCTTG-1,49278,404,Multiplet
GCATTCAAGTGAGTAA-1,10877,163,Multiplet
GCATTCCCAAGTGTGT-1,13641,130,GRCh38
GCATTCCCAGCCTACT-1,541,124,GRCh38
GCATTGATCCGCGACA-1,8138,330,Multiplet
GCATTGATCCTGGTAA-1,15187,225,Multiplet
GCATTTGAGCAAGCCT-1,39651,558,Multiplet
GCATTTGAGCCCTTCA-1,4212,221,Multiplet
GCATTTGAGCGCTGCA-1,12104,120,GRCh38
GCATTTGAGGATGAGT-1,4918,159,Multiplet
GCATTTGAGGATTAGA-1,4675,715,Multiplet
GCATTTGAGGTGCTAC-1,4906,171,Multiplet
GCCAAATCAATGCCCT-1,39180,364,Multiplet
GCCAAATCAGGCAGGA-1,21122,274,Multiplet
GCCAACTAGCCTGTCC-1,18019,613,Multiplet
GCCAAGCCATAGATTG-1,1851,44,GRCh38
GCCAATATCATGTGTG-1,43324,317,Multiplet
GCCAATATCCCCTTGA-1,120,132,mm10
GCCAATGCAACTGTCC-1,18768,202,Multiplet
GCCAATGCACAATCAA-1,12238,384,Multiplet
GCCAATGCACCTGTAC-1,4861,78,GRCh38
GCCAATGCATAATCAG-1,43947,405,Multiplet
GCCACAACATCCCAAC-1,953,24,GRCh38
GCCACATAGAAGCCCT-1,3543,78,GRCh38
GCCACATAGGGTGAGC-1,13776,161,Multiplet
GCCACATAGTGCTGCG-1,16701,231,Multiplet
GCCACCTTCGAACCAC-1,22145,207,Multiplet
GCCACCTTCGAACCTA-1,22470,372,Multiplet
GCCACCTTCGTGATGC-1,59,209,mm10
GCCACTTCAACGGGTC-1,3846,412,Multiplet
GCCACTTCAATAGTTG-1,514,49,GRCh38
GCCACTTCAATGGGCC-1,23719,190,Multiplet
GCCATAGCATTCGTCA-1,6476,154,Multiplet
GCCATATGTAACGCAA-1,26054,183,Multiplet
GCCATATGTAATGGCA-1,17998,234,Multiplet
GCCATCAGTAGCCCGT-1,11903,110,GRCh38
GCCATCAGTTGGAAGC-1,11582,373,Multiplet
GCCATCCTCAATTGGT-1,45540,384,Multiplet
GCCATCCTCAGCATAT-1,14787,188,Multiplet
GCCATCCTCATGAACT-1,7274,205,Multiplet
GCCATCCTCATGCTTC-1,30891,305,Multiplet
GCCATCCTCATGTAAC-1,6263,206,Multiplet
GCCATCTCAAGCACCA-1,49454,444,Multiplet
GCCATCTCAAGTGTGT-1,9583,180,Multiplet
GCCATCTCACATTCCA-1,2137,98,GRCh38
GCCATCTCAGCCAAGC-1,15314,126,GRCh38
GCCATCTCATTGCCGT-1,131,183,mm10
GCCATTCCAAAGGTTC-1,31438,167,Multiplet
GCCATTCCAGGCTTGA-1,2084,204,Multiplet
GCCATTCCAGGGACTC-1,12245,246,Multiplet
GCCATTCCATAAGGCT-1,141,137,GRCh38
GCCCAATAGGATGTCC-1,11642,155,Multiplet
GCCCAATAGGGCTCAT-1,3064,203,Multiplet
GCCCAATAGGTATCGC-1,2134,53,GRCh38
GCCCACTTCAATCTCC-1,236,361,mm10
GCCCACTTCACAGATT-1,39517,482,Multiplet
GCCCACTTCCGCTGCT-1,1021,35,GRCh38
GCCCACTTCTCACTCG-1,2527,271,Multiplet
GCCCATTCAAATCACA-1,10915,334,Multiplet
GCCCATTCAATATACG-1,14096,219,Multiplet
GCCCATTCATCAAGCG-1,10295,128,GRCh38
GCCCATTCATCGGTCT-1,15644,138,Multiplet
GCCCCAAAGCAGGCAA-1,3897,149,Multiplet
GCCCCAAAGGCTACGT-1,13604,462,Multiplet
GCCCCAAAGGTTCCGG-1,1320,97,GRCh38
GCCCCAAAGTAATGGA-1,19906,158,Multiplet
GCCCCATTCGTACACA-1,8841,137,Multiplet
GCCCCTTAGCATAGCC-1,74038,163,Multiplet
GCCCCTTAGCGGGTAA-1,19610,175,Multiplet
GCCCGTAAGATAGTGA-1,30680,304,Multiplet
GCCCGTAAGCCGATGT-1,50363,564,Multiplet
GCCCGTAAGCCGCACA-1,1846,33,GRCh38
GCCCGTAAGCGGATCT-1,2097,322,Multiplet
GCCCGTAAGGTGCGAA-1,11637,435,Multiplet
GCCCTAAGTCTAACGT-1,7988,143,Multiplet
GCCCTAAGTGAGTTAG-1,16963,193,Multiplet
GCCCTAAGTTATGAGG-1,40536,317,Multiplet
GCCCTAAGTTGCTATA-1,21371,175,Multiplet
GCCCTAGAGTGACCGT-1,16407,168,Multiplet
GCCCTGAAGTTACGAT-1,5395,148,Multiplet
GCCCTGTTCGCGTAAC-1,15331,526,Multiplet
GCCCTTGCACTATATC-1,24053,315,Multiplet
GCCCTTGCAGGATAGA-1,27955,268,Multiplet
GCCCTTGCATAGACCG-1,2042,369,Multiplet
GCCGAACCAACCAGAT-1,15661,165,Multiplet
GCCGAACCAATACCAA-1,27591,263,Multiplet
GCCGAACCATCGTAGG-1,9783,133,Multiplet
GCCGAAGGTCAGCATT-1,16656,381,Multiplet
GCCGAGTCAAACTTAG-1,270,144,GRCh38
GCCGAGTCAAGTGGCC-1,13902,178,Multiplet
GCCGAGTCATTCAACT-1,4720,200,Multiplet
GCCGATTAGCCACAGT-1,16788,174,Multiplet
GCCGATTAGTGGGTCT-1,18577,183,Multiplet
GCCGCTAAGATAGCGG-1,33079,342,Multiplet
GCCGGTTGTCTTGCTC-1,9003,323,Multiplet
GCCGTACGTGACTCGC-1,2770,188,Multiplet
GCCGTACGTTGCCTGA-1,694,169,GRCh38
GCCGTAGTCACTAACG-1,7615,100,GRCh38
GCCGTAGTCCCAATCT-1,1917,30,GRCh38
GCCGTAGTCCTCATTA-1,14812,251,Multiplet
GCCGTCAAGGCATCGT-1,3861,250,Multiplet
GCCGTTAGTCTGGTCA-1,1729,772,Multiplet
GCCGTTAGTGATAGAT-1,917,26,GRCh38
GCCGTTGAGCTAATCG-1,19085,231,Multiplet
GCCGTTGAGCTATCCT-1,6469,152,Multiplet
GCCTAAATCGCGCACA-1,913,34,GRCh38
GCCTAACAGCATCACA-1,2923,37,GRCh38
GCCTAACAGCCGACAT-1,1500,68,GRCh38
GCCTAATGTGATGGGT-1,14060,77,GRCh38
GCCTAATGTTCGCCTT-1,25807,248,Multiplet
GCCTACCTCATGCTAG-1,116,261,mm10
GCCTACCTCCATCAGA-1,34059,694,Multiplet
GCCTACTCAAGCCTAG-1,7603,1281,Multiplet
GCCTACTCAATTAACG-1,14754,151,Multiplet
GCCTATGGTAGCCCTA-1,24630,177,Multiplet
GCCTATGGTATTGAGG-1,1037,39,GRCh38
GCCTATGGTGAGCGTG-1,10782,129,GRCh38
GCCTATGGTGCGCCAT-1,10448,90,GRCh38
GCCTATGGTTACACCG-1,11253,177,Multiplet
GCCTATGGTTCCCGAA-1,347,267,GRCh38
GCCTCATCACCTTGGT-1,5546,74,GRCh38
GCCTCATCATAGACCG-1,91,123,mm10
GCCTCATCATCCTCGG-1,14253,81,GRCh38
GCCTCATCATCCTGGT-1,40425,386,Multiplet
GCCTCCACAAGGTGAA-1,818,488,GRCh38
GCCTGATAGAAGGGCC-1,1406,40,GRCh38
GCCTGATAGCAAGCCT-1,49107,215,Multiplet
GCCTGCAAGGTAGCCT-1,11873,131,GRCh38
GCCTGCTTCTATGCTC-1,71747,435,Multiplet
GCCTGGATCTAGTTGG-1,2159,144,Multiplet
GCCTGTTCAAGCTAGT-1,371,307,GRCh38
GCCTTCATCATCTACC-1,9308,189,Multiplet
GCCTTCATCCGTTGGG-1,795,742,GRCh38
GCCTTGCTCCGTAAGC-1,42554,340,Multiplet
GCGAAAGTCAGCTGGT-1,13721,95,GRCh38
GCGAAAGTCAGGTCAC-1,14262,324,Multiplet
GCGAAAGTCATAGAGA-1,686,15,GRCh38
GCGAAAGTCATGGCAC-1,769,792,mm10
GCGAAAGTCATGTCAG-1,17403,169,Multiplet
GCGAAAGTCCAGAGGA-1,29954,208,Multiplet
GCGAATAGTAGCCCTA-1,175,176,mm10
GCGAATAGTATAGTGG-1,15347,183,Multiplet
GCGAATAGTCATGGCC-1,15225,316,Multiplet
GCGAATTCAAGGTTAC-1,21575,253,Multiplet
GCGAATTCACCAGGGT-1,25207,401,Multiplet
GCGACAGGTCTGGGCT-1,47442,477,Multiplet
GCGACAGGTTATCGCG-1,35966,270,Multiplet
GCGACAGGTTCATCGG-1,600,2649,mm10
GCGACAGGTTGAGCCC-1,5628,1006,Multiplet
GCGACATTCAATTCCC-1,48687,414,Multiplet
GCGACATTCCGTAGCG-1,10835,140,Multiplet
GCGACTTAGGGTCAAG-1,17689,208,Multiplet
GCGAGGTAGGCGTAGA-1,18868,201,Multiplet
GCGAGTTTCGCTGAAC-1,2506,139,Multiplet
GCGATAAGTTGAGGTA-1,18897,113,GRCh38
GCGATCCGTGCGAGAT-1,26962,219,Multiplet
GCGATCCGTTGCTATA-1,2305,33,GRCh38
GCGATGAAGGCTCTGG-1,4702,134,Multiplet
GCGATGAAGTGACCGT-1,64,156,mm10
GCGATTCAGTCAATCG-1,731,24,GRCh38
GCGATTCAGTGACCCG-1,39846,373,Multiplet
GCGCAAGGTAGTGCAA-1,8539,395,Multiplet
GCGCATTAGAATCGAA-1,801,21,GRCh38
GCGCATTAGGTTGAGG-1,64966,250,Multiplet
GCGCCAATCCTGAGTA-1,12578,560,Multiplet
GCGCCAATCGTTACAG-1,1849,155,Multiplet
GCGCCTAAGATTACCG-1,27367,365,Multiplet
GCGCCTAAGGGTAGAT-1,525,18,GRCh38
GCGCCTAAGTGATCCA-1,27955,268,Multiplet
GCGCTAACATAGGCCA-1,26646,270,Multiplet
GCGCTAACATGAGCCA-1,3320,58,GRCh38
GCGCTAGTCACGGCCA-1,48,126,mm10
GCGCTAGTCAGCCACG-1,964,21,GRCh38
GCGCTAGTCAGGCTTA-1,69230,315,Multiplet
GCGCTAGTCCATGCTT-1,20925,275,Multiplet
GCGCTAGTCGCTCCTA-1,8245,85,GRCh38
GCGCTCAAGATTGATC-1,892,955,mm10
GCGCTTAGTAAGTGGC-1,10626,247,Multiplet
GCGCTTGAGCCTGTGG-1,1326,36,GRCh38
GCGGACTCAAACCAAC-1,5400,459,Multiplet
GCGGACTCAAACCTGG-1,19075,261,Multiplet
GCGGACTCAAAGGGTA-1,18430,370,Multiplet
GCGGACTCATCATACT-1,3364,785,Multiplet
GCGGACTCATGCTCAC-1,27104,189,Multiplet
GCGGACTCATGGATTA-1,18982,151,Multiplet
GCGGATGGTCTCAGTG-1,19846,396,Multiplet
GCGGATGGTTGGACCC-1,5826,357,Multiplet
GCGGCTATCAATCAGT-1,22872,353,Multiplet
GCGGCTATCGTTCCGC-1,3686,718,Multiplet
GCGGCTTGTCAAGTAG-1,34747,443,Multiplet
GCGGCTTGTTGCTCAG-1,16385,137,Multiplet
GCGGGAACAGGAGCCT-1,11309,134,Multiplet
GCGGGATAGGGCTGAA-1,1218,763,GRCh38
GCGGGTAGTAGCGGTG-1,354,364,mm10
GCGGGTAGTCATTGGT-1,15609,185,Multiplet
GCGGGTAGTCCATACG-1,3144,48,GRCh38
GCGGGTTCAGGATACT-1,953,231,GRCh38
GCGGGTTCATCCAGCT-1,18555,212,Multiplet
GCGGGTTCATGCTCGT-1,2810,307,Multiplet
GCGGTAAAGCTATCAG-1,23884,183,Multiplet
GCGGTAGGTGATGGGT-1,3658,445,Multiplet
GCGGTAGGTGCAAGCG-1,19524,1293,Multiplet
GCGGTAGGTTGGCTAT-1,922,45,GRCh38
GCGGTCATCGAGTGTC-1,3112,34,GRCh38
GCGGTCATCGATTGGC-1,22534,236,Multiplet
GCGGTGAGTAATGCGA-1,27839,384,Multiplet
GCGGTGAGTCTGGGTC-1,41644,243,Multiplet
GCGGTGAGTTATATCG-1,3727,146,Multiplet
GCGGTTACAGTTAGCG-1,14859,781,Multiplet
GCGGTTTAGGGTACGA-1,8889,138,Multiplet
GCGGTTTAGTGAGCGA-1,25495,442,Multiplet
GCGTAAAGTGGCGTGA-1,6506,159,Multiplet
GCGTAAAGTTGCGGAG-1,24209,214,Multiplet
GCGTAAAGTTGTGAAG-1,5954,69,GRCh38
GCGTAATCACATAGGT-1,13314,273,Multiplet
GCGTAATCACTACCGT-1,1123,74,GRCh38
GCGTACCGTAGCCATT-1,974,94,GRCh38
GCGTACCGTCATGCGC-1,32093,396,Multiplet
GCGTACCGTTAACGAG-1,30299,246,Multiplet
GCGTACCGTTTACATG-1,24666,256,Multiplet
GCGTAGCCAACATACA-1,35306,301,Multiplet
GCGTAGCCAACCTGTC-1,10257,338,Multiplet
GCGTAGCCAAGTGCGC-1,2376,58,GRCh38
GCGTAGCCAGCAGGAG-1,1230,256,GRCh38
GCGTAGCCATTCGCCG-1,184,505,mm10
GCGTATATCATATCGG-1,13420,904,Multiplet
GCGTATATCCAGAGCT-1,24414,519,Multiplet
GCGTATATCCGGACAT-1,38017,292,Multiplet
GCGTATATCCTGAATG-1,10517,157,Multiplet
GCGTATATCCTTGAGA-1,3699,164,Multiplet
GCGTATATCGTTAGCA-1,38574,359,Multiplet
GCGTATTGTAAGGACC-1,8172,1151,Multiplet
GCGTATTGTGCGGCTT-1,8190,181,Multiplet
GCGTCAACAGCCATTC-1,1345,1116,Multiplet
GCGTCCTTCCCAATGA-1,10090,274,Multiplet
GCGTCCTTCTAGTCCT-1,569,19,GRCh38
GCGTGAAAGAATCAAG-1,11615,153,Multiplet
GCGTGAAAGCATGCAC-1,22195,167,Multiplet
GCGTGAAAGCGAGGTA-1,21282,198,Multiplet
GCGTGAAAGGGGTTAG-1,14389,174,Multiplet
GCGTGAAAGTAATGAG-1,123,1001,mm10
GCGTGAAAGTCAGCGT-1,18466,147,Multiplet
GCGTGAGGTGATGGCG-1,3699,56,GRCh38
GCGTGCATCACAGCCG-1,38292,211,Multiplet
GCGTGCATCCGCTACC-1,696,1577,mm10
GCGTGCATCCTGAGAC-1,11681,140,Multiplet
GCGTGCATCGTGATGC-1,8641,145,Multiplet
GCGTGCATCTATCGGA-1,12205,211,Multiplet
GCGTTAATCCGTATGA-1,16464,141,Multiplet
GCGTTAGCAAGCATTA-1,33204,282,Multiplet
GCGTTATGTAGTGACA-1,33504,294,Multiplet
GCGTTATGTCTGGGTC-1,36544,238,Multiplet
GCGTTATGTGCATTCG-1,13967,197,Multiplet
GCGTTCCTCATGTCAG-1,10561,264,Multiplet
GCGTTCCTCCAGAGGA-1,5379,408,Multiplet
GCGTTCCTCGTGAGAG-1,6043,189,Multiplet
GCGTTCCTCGTTGCTT-1,35589,252,Multiplet
GCGTTCTCAGCACGAC-1,3410,634,Multiplet
GCGTTCTCATAAGTTG-1,13903,129,GRCh38
GCGTTCTCATAATCAG-1,34694,233,Multiplet
GCGTTCTCATCGGTTC-1,291,141,GRCh38
GCGTTTCCACCAGCTT-1,13643,184,Multiplet
GCGTTTCCATGTCGGA-1,18614,343,Multiplet
GCGTTTCCATTACATC-1,932,158,GRCh38
GCGTTTGGTAAGTGCA-1,44929,340,Multiplet
GCGTTTGGTAATCCAC-1,151,130,GRCh38
GCGTTTGGTAGCGGTG-1,41593,291,Multiplet
GCGTTTGGTTAAGCAG-1,8358,160,Multiplet
GCTAAACCAACCAAGT-1,13869,109,GRCh38
GCTAAAGGTGAACGTA-1,31411,168,Multiplet
GCTAAAGGTTCGGTTG-1,158,130,GRCh38
GCTAAATTCCTGGTAA-1,12741,168,Multiplet
GCTAAATTCCTTCGAT-1,15568,150,Multiplet
GCTAAATTCGACTCAA-1,2629,46,GRCh38
GCTAAATTCGAGTGTC-1,14740,292,Multiplet
GCTAAATTCTCACCGC-1,723,44,GRCh38
GCTAAATTCTCATCGT-1,10086,153,Multiplet
GCTAACATCACACCAA-1,41286,370,Multiplet
GCTAACATCCTTCAGT-1,13559,1012,Multiplet
GCTAACATCGCTAGAC-1,24793,196,Multiplet
GCTAAGTCAATATCAG-1,33913,290,Multiplet
GCTAAGTCACATAGAC-1,9594,186,Multiplet
GCTAAGTCACCTCGCA-1,1409,398,Multiplet
GCTAAGTCATCCATCA-1,2378,168,Multiplet
GCTAAGTCATGAGCCA-1,18732,159,Multiplet
GCTAAGTCATTGGCAG-1,24677,197,Multiplet
GCTAATGTCACCATAG-1,21299,188,Multiplet
GCTAATGTCTGTGCCC-1,11981,416,Multiplet
GCTACAGCAGGTATGT-1,20034,342,Multiplet
GCTACAGCATCCAATT-1,36963,281,Multiplet
GCTACCCTCAGGCAGA-1,9443,202,Multiplet
GCTACCCTCCAGAGCT-1,15170,538,Multiplet
GCTACCTCAAGCGACC-1,25609,239,Multiplet
GCTACCTCAATGACGT-1,13438,271,Multiplet
GCTACCTCACTCGCTG-1,377,151,GRCh38
GCTACCTCAGCACTAG-1,5323,1382,Multiplet
GCTACCTCAGCATGAT-1,12870,94,GRCh38
GCTACTGGTAGTGCAA-1,318,344,mm10
GCTACTGGTTGCGCGT-1,21243,219,Multiplet
GCTACTGGTTTACGGT-1,23387,238,Multiplet
GCTAGGCCAAGCTCGA-1,8982,1624,Multiplet
GCTAGGGGTAACGTAG-1,3033,253,Multiplet
GCTAGGGGTGCGGTGA-1,13860,362,Multiplet
GCTAGGTTCAGCGAGA-1,10770,148,Multiplet
GCTAGGTTCCAGCAAC-1,61028,415,Multiplet
GCTAGTCAGAACGGTG-1,1988,658,Multiplet
GCTAGTCAGGTCACTA-1,19501,279,Multiplet
GCTAGTTGTCATCAGT-1,63603,301,Multiplet
GCTAGTTGTCCCGAAC-1,8180,96,GRCh38
GCTAGTTGTCCCGAGT-1,21335,146,Multiplet
GCTAGTTGTTAGAGTG-1,11621,242,Multiplet
GCTATCCCATGGATTA-1,20026,259,Multiplet
GCTATGATCATGCACA-1,1189,44,GRCh38
GCTCAAATCGCTATCT-1,7158,152,Multiplet
GCTCACCTCCCAGTAA-1,6362,131,GRCh38
GCTCACCTCGAAGCCT-1,13870,180,Multiplet
GCTCACCTCTAACCAG-1,4778,116,GRCh38
GCTCACCTCTCACTAC-1,11717,157,Multiplet
GCTCAGGTCCCTCTGA-1,80041,419,Multiplet
GCTCAGGTCCGCCAGA-1,10643,250,Multiplet
GCTCAGGTCCGCCTGT-1,12702,198,Multiplet
GCTCATAAGCAACCCG-1,11518,179,Multiplet
GCTCATAAGCGAACTC-1,6843,184,Multiplet
GCTCATCCAGGAGCCT-1,2954,60,GRCh38
GCTCATGGTCTAGCGC-1,9983,498,Multiplet
GCTCATGGTCTCAGGC-1,49100,493,Multiplet
GCTCATGGTTCCTGAG-1,21774,80,GRCh38
GCTCATTTCCGCAGTG-1,31133,259,Multiplet
GCTCCAAGTTGTGACT-1,41069,322,Multiplet
GCTCCATCAAGCGGTC-1,9874,196,Multiplet
GCTCCATCAAGCTAAC-1,998,58,GRCh38
GCTCCCACAATTACGA-1,37481,394,Multiplet
GCTCCCACATCCAATT-1,3520,35,GRCh38
GCTCCCACATCGGGAC-1,2518,69,GRCh38
GCTCCTTGTAGGTCGG-1,1540,151,Multiplet
GCTCCTTGTTAGACAG-1,23340,318,Multiplet
GCTCCTTGTTAGTAGG-1,19949,141,Multiplet
GCTCCTTGTTGGCTAT-1,305,362,mm10
GCTCGATAGGTCGATC-1,18475,187,Multiplet
GCTCGATAGTTAGCGC-1,74780,288,Multiplet
GCTCGCTTCAGCTAAT-1,49092,240,Multiplet
GCTCGCTTCGCGTTCC-1,24454,252,Multiplet
GCTCGCTTCGCTGACG-1,54686,255,Multiplet
GCTCGTAGTATGGTTC-1,17551,169,Multiplet
GCTCGTAGTCTGGGTC-1,3805,65,GRCh38
GCTCGTTCAAAGGGAC-1,21236,271,Multiplet
GCTCGTTCAACGTTCC-1,13251,135,Multiplet
GCTCGTTCATAGAGGA-1,281,232,GRCh38
GCTCGTTCATAGGCTG-1,6930,208,Multiplet
GCTCTATTCACAGCCG-1,18164,211,Multiplet
GCTCTATTCCGCCAGA-1,14557,259,Multiplet
GCTCTATTCGAATCCA-1,24615,303,Multiplet
GCTCTATTCTGGGATC-1,48799,380,Multiplet
GCTCTCATCCACCTTG-1,62297,370,Multiplet
GCTCTCATCTCATCGT-1,143,355,mm10
GCTCTTGTCCTCGTGC-1,1710,53,GRCh38
GCTGAAAGTAATTGGG-1,1891,73,GRCh38
GCTGAAAGTGAAGGAG-1,361,647,mm10
GCTGAAAGTTAACCAC-1,1253,26,GRCh38
GCTGACTAGCGCTGAT-1,1256,23,GRCh38
GCTGACTAGGGTTAGG-1,3223,153,Multiplet
GCTGACTAGTCGAGTC-1,17920,257,Multiplet
GCTGAGAAGATTCAGT-1,9180,124,GRCh38
GCTGAGAAGCCAGTAC-1,1354,26,GRCh38
GCTGAGGGTCCATAGT-1,48193,266,Multiplet
GCTGATGCATCACTCA-1,33749,441,Multiplet
GCTGATTGTAGTGACA-1,4519,436,Multiplet
GCTGATTGTGGCTGTC-1,15852,151,Multiplet
GCTGATTGTTCGCATG-1,8335,85,GRCh38
GCTGCCTTCCGTTAGA-1,14650,215,Multiplet
GCTGCGATCACCCTGC-1,650,81,GRCh38
GCTGCGATCCATTCCG-1,10267,118,GRCh38
GCTGCTAGTAAGCTCT-1,65294,334,Multiplet
GCTGCTAGTAATCGGA-1,15236,166,Multiplet
GCTGCTAGTGACGTGG-1,8935,156,Multiplet
GCTGCTAGTTCGCGGT-1,9588,173,Multiplet
GCTGCTAGTTTAGCCG-1,55632,191,Multiplet
GCTGGGTCAAGGGTAA-1,14484,196,Multiplet
GCTGGGTCACCTTAGC-1,16706,186,Multiplet
GCTGGTTAGGGTCCAT-1,18015,148,Multiplet
GCTGTATGTAAGTCCT-1,1168,36,GRCh38
GCTGTATGTGGGAACT-1,28944,234,Multiplet
GCTGTATGTTCGCTTC-1,12962,119,GRCh38
GCTGTATGTTGAAGTG-1,36564,455,Multiplet
GCTGTTAAGATTCGCA-1,10016,321,Multiplet
GCTGTTAAGTTACGAT-1,14198,155,Multiplet
GCTGTTGGTGCAGTCC-1,2673,37,GRCh38
GCTGTTGGTTAGTGCT-1,6983,271,Multiplet
GCTTAACGTCAAGCCC-1,14017,204,Multiplet
GCTTAACGTCTAGCGC-1,25311,218,Multiplet
GCTTAACGTCTGGTCA-1,1531,46,GRCh38
GCTTAATAGCCGACAT-1,10379,214,Multiplet
GCTTACAAGGAGTCGA-1,5705,217,Multiplet
GCTTACCCAAGTATGC-1,51943,332,Multiplet
GCTTACCCAAGTTCGG-1,15155,237,Multiplet
GCTTACCCAATCAGCG-1,3519,89,GRCh38
GCTTACCCACAGCGGT-1,123,184,mm10
GCTTACCCATAGATCA-1,22714,266,Multiplet
GCTTACCCATCAATCT-1,22235,151,Multiplet
GCTTACTTCGCATGGT-1,26530,640,Multiplet
GCTTACTTCGTTAAGT-1,5791,178,Multiplet
GCTTATAGTAACCGGG-1,7575,180,Multiplet
GCTTATAGTGCGCGAA-1,22894,196,Multiplet
GCTTATAGTTGTCCAG-1,11160,189,Multiplet
GCTTATGAGCCAGTGT-1,32219,390,Multiplet
GCTTCACCACCAACCT-1,6338,83,GRCh38
GCTTCACCACTATATC-1,18120,182,Multiplet
GCTTCACCATAGGGTT-1,3714,100,GRCh38
GCTTCAGGTAAGGTCA-1,7223,160,Multiplet
GCTTCAGGTAAGTCTC-1,26221,147,Multiplet
GCTTCAGGTCTTGATA-1,6991,237,Multiplet
GCTTCAGGTGGGTCCT-1,2982,39,GRCh38
GCTTCAGGTTGACCTG-1,61929,306,Multiplet
GCTTCATTCCAGCGAT-1,1018,39,GRCh38
GCTTCATTCCCGCGAA-1,3495,373,Multiplet
GCTTCATTCTAGTACG-1,1563,83,GRCh38
GCTTCCATCGTTCCTG-1,511,159,GRCh38
GCTTCCGCACTAAGCG-1,746,738,GRCh38
GCTTCCGCAGCACTGA-1,17188,211,Multiplet
GCTTCCGCAGCAGTCA-1,1051,26,GRCh38
GCTTCGCTCGATGGAG-1,50835,313,Multiplet
GCTTGAATCGCTAGTA-1,35888,267,Multiplet
GCTTGAATCGCTTCCA-1,2036,836,Multiplet
GCTTGATGTGGCCATC-1,36913,269,Multiplet
GCTTGATGTTATCGCG-1,39501,265,Multiplet
GCTTGATGTTCATCGG-1,6887,113,GRCh38
GCTTGATGTTGCTTCC-1,12905,196,Multiplet
GCTTGGACAATCCCGT-1,8623,143,Multiplet
GCTTGTAAGCCGCACA-1,5849,27,GRCh38
GCTTGTAAGGTTGCCG-1,22264,243,Multiplet
GCTTGTCCACTAATGA-1,25251,241,Multiplet
GCTTTCACAACCAGTG-1,26490,341,Multiplet
GCTTTCACATCATCAT-1,8971,69,GRCh38
GCTTTCACATCGGCTT-1,18935,199,Multiplet
GCTTTGAAGGATGTCC-1,2556,70,GRCh38
GCTTTGAAGGTCGAGA-1,82383,114,GRCh38
GCTTTGAAGGTGCATC-1,13197,559,Multiplet
GCTTTGGGTAAGGTGC-1,4359,69,GRCh38
GCTTTGGGTGCATCAT-1,5821,548,Multiplet
GGAAAGCCAAGCACTG-1,1011,35,GRCh38
GGAAAGCCACAGGCAC-1,10913,191,Multiplet
GGAAATTGTTGAATGG-1,993,43,GRCh38
GGAACATAGCGATTGC-1,26929,228,Multiplet
GGAACATAGCGCCTAG-1,41366,314,Multiplet
GGAACATAGGCTTCGG-1,9454,589,Multiplet
GGAACATAGGTAGCCT-1,853,28,GRCh38
GGAACCAAGCTGGGTT-1,393,123,GRCh38
GGAACCAAGTCGATCA-1,8277,139,Multiplet
GGAACCTTCACGCAAC-1,6647,165,Multiplet
GGAACCTTCCTGCGCT-1,33737,327,Multiplet
GGAACGATCAGTTGGC-1,41350,637,Multiplet
GGAACGATCATGCAAT-1,3908,84,GRCh38
GGAACGATCCTGATAG-1,37981,424,Multiplet
GGAACGATCTAGTTCC-1,50598,399,Multiplet
GGAACTGAGCGAGTGA-1,10338,865,Multiplet
GGAACTGAGGTTCCGG-1,3577,26,GRCh38
GGAAGCATCACCACGG-1,11673,974,Multiplet
GGAAGCATCGATCCAA-1,14171,172,Multiplet
GGAAGGCTCACACCAA-1,11109,91,GRCh38
GGAAGGCTCGTACCGG-1,14907,260,Multiplet
GGAAGTTAGAATCGGG-1,2240,677,Multiplet
GGAAGTTAGCGGATAG-1,4006,403,Multiplet
GGAATATGTAGCTCCA-1,21666,179,Multiplet
GGAATATGTTATCACA-1,2450,28,GRCh38
GGAATATGTTCACGAT-1,10006,169,Multiplet
GGAATATGTTTCGCCT-1,17271,102,GRCh38
GGAATCTCAATCGCTC-1,16245,193,Multiplet
GGAATCTCATGCTACC-1,1265,82,GRCh38
GGAATGGTCATGACTG-1,18888,420,Multiplet
GGAATGGTCGCGTCCT-1,7582,685,Multiplet
GGAATTAAGGCGAGAC-1,7248,101,GRCh38
GGAATTAAGGCTAGAG-1,4082,135,Multiplet
GGAATTAAGGGTAGGC-1,48716,320,Multiplet
GGAATTAAGTTAGACT-1,24557,304,Multiplet
GGAATTGGTGAGAGTC-1,9863,152,Multiplet
GGAATTGGTTGCGCTA-1,35690,266,Multiplet
GGACAATAGTCAACTG-1,1292,36,GRCh38
GGACACAAGCCCTACC-1,774,76,GRCh38
GGACACAAGTCAGGCT-1,43770,476,Multiplet
GGACACCCACTTGGAG-1,2408,198,Multiplet
GGACACCCATAACTTC-1,20311,247,Multiplet
GGACACGGTTTACGCG-1,15298,366,Multiplet
GGACAGGCAAGCTAGT-1,4779,266,Multiplet
GGACAGGCACCTACCG-1,4006,163,Multiplet
GGACAGGCACCTGCTG-1,44392,306,Multiplet
GGACAGGCATCGGTTC-1,7700,298,Multiplet
GGACAGGCATGCTCAC-1,30315,381,Multiplet
GGACATAGTGAAGGAG-1,29920,407,Multiplet
GGACATAGTTAGCTTA-1,28512,287,Multiplet
GGACATGAGGTATCGC-1,5086,330,Multiplet
GGACATGAGTAATCGT-1,20506,190,Multiplet
GGACATGAGTTAGACT-1,2403,1323,Multiplet
GGACATTCACATAGTA-1,28413,223,Multiplet
GGACATTCACTCAATT-1,1064,123,GRCh38
GGACATTCAGCAGTAT-1,11536,93,GRCh38
GGACATTCAGGCTTAG-1,3142,539,Multiplet
GGACATTCAGGTATCG-1,3858,59,GRCh38
GGACCCTGTCTGGCGT-1,6739,325,Multiplet
GGACCCTGTTAGGGAC-1,64624,123,GRCh38
GGACGAATCATCACAG-1,834,1292,mm10
GGACGAATCATCGACA-1,17885,154,Multiplet
GGACGAATCCGCAAGT-1,9993,282,Multiplet
GGACGAATCCTGACCC-1,45362,330,Multiplet
GGACGACAGCGCATAC-1,5535,147,Multiplet
GGACGACAGGGTGAAT-1,3486,264,Multiplet
GGACGATGTAAGTGAT-1,7950,220,Multiplet
GGACGATGTATAGTGG-1,2884,172,Multiplet
GGACGATGTTGCATCG-1,759,840,mm10
GGACGATGTTGCCTCT-1,9132,105,GRCh38
GGACGGACATCGGGTA-1,3957,46,GRCh38
GGACGGACATTCCTCT-1,18677,213,Multiplet
GGACGGACATTCCTGA-1,25246,214,Multiplet
GGACGTTTCAATCCCT-1,5660,114,GRCh38
GGACGTTTCAGCAGAG-1,15927,181,Multiplet
GGACTCACAACTGGGC-1,27532,327,Multiplet
GGACTCACAAGCTCTC-1,3778,200,Multiplet
GGACTCACATTCGCGT-1,7511,129,GRCh38
GGACTTATCAGGCAGA-1,8109,197,Multiplet
GGACTTATCCAGCCGA-1,6313,302,Multiplet
GGACTTATCCCATATC-1,11234,162,Multiplet
GGACTTGCAATACGGT-1,15166,256,Multiplet
GGACTTGCACAGCCTT-1,5541,198,Multiplet
GGAGAACCATAGGTAC-1,15381,169,Multiplet
GGAGAAGGTCCATCTC-1,28193,264,Multiplet
GGAGAGGAGAAGGTAC-1,16516,198,Multiplet
GGAGAGGAGTCAGCTA-1,20287,154,Multiplet
GGAGATTAGGTTCAGC-1,2635,293,Multiplet
GGAGATTAGTGATCGC-1,20959,204,Multiplet
GGAGCAATCTGGTCGG-1,6446,228,Multiplet
GGAGCATGTGCGGTGA-1,333,368,mm10
GGAGCCAGTATAGTGG-1,8290,158,Multiplet
GGAGCCAGTTGTAGAG-1,4935,352,Multiplet
GGAGCCAGTTGTGGTT-1,4000,98,GRCh38
GGAGCTAAGGCATCCG-1,17177,215,Multiplet
GGAGCTAAGGCTCCAG-1,18466,290,Multiplet
GGAGCTGGTAGGTACA-1,20802,278,Multiplet
GGAGCTGGTAGTGCGG-1,12830,206,Multiplet
GGAGCTGGTTCCCAGA-1,18685,261,Multiplet
GGAGGTTGTAGTGCTT-1,16003,200,Multiplet
GGAGGTTGTTCCATCC-1,6142,144,Multiplet
GGAGTAACAATCAATG-1,11920,157,Multiplet
GGAGTAGTCCATTCGT-1,34827,282,Multiplet
GGAGTATAGCCACACG-1,12732,232,Multiplet
GGAGTATAGCGCTCAG-1,198,373,mm10
GGAGTATAGGCATGTC-1,9544,152,Multiplet
GGAGTATAGGTGGAAT-1,11111,124,GRCh38
GGAGTCAAGTAAGTGA-1,5689,126,GRCh38
GGAGTCAAGTAGCCAC-1,2998,209,Multiplet
GGAGTCAAGTCGATCA-1,2567,128,GRCh38
GGAGTGATCGATCATG-1,52532,377,Multiplet
GGAGTTAGTAAGGTTG-1,475,369,GRCh38
GGAGTTAGTAGCGCAG-1,15054,240,Multiplet
GGAGTTAGTCTTGCAG-1,7515,435,Multiplet
GGAGTTAGTGCGTGAG-1,18273,332,Multiplet
GGATAACAGGCAACTC-1,13659,192,Multiplet
GGATAACAGGCTACGT-1,3908,63,GRCh38
GGATAATGTAATCAGG-1,31494,326,Multiplet
GGATAGGTCCGCGTAG-1,36835,204,Multiplet
GGATAGTAGGTTCGAC-1,60,239,mm10
GGATAGTAGTCATGGC-1,39919,367,Multiplet
GGATATGGTGCGTACC-1,40432,342,Multiplet
GGATATGGTGGCTTGC-1,9762,192,Multiplet
GGATCGCCAACGGCAC-1,2640,49,GRCh38
GGATCGCCAAGCTCAG-1,26791,377,Multiplet
GGATCGCCACAGCAGC-1,21815,172,Multiplet
GGATCGCCATGACACG-1,4655,148,Multiplet
GGATCGCCATTAAGTG-1,21652,336,Multiplet
GGATCGCCATTCCTTC-1,30198,237,Multiplet
GGATCGTTCGAGTGGA-1,1043,30,GRCh38
GGATCTATCAGCAACC-1,3307,151,Multiplet
GGATCTATCGTGCTCC-1,295,121,GRCh38
GGATGCAAGCGCCTTC-1,20492,252,Multiplet
GGATGCTTCATCACAG-1,24443,277,Multiplet
GGATGCTTCCTGAGAC-1,1368,159,Multiplet
GGATGCTTCGAATCCA-1,16148,277,Multiplet
GGATGCTTCGTTGCTT-1,21928,165,Multiplet
GGATGGATCATGTGTG-1,8826,259,Multiplet
GGATGGATCCAATTCC-1,11269,601,Multiplet
GGATGGATCCATGCGG-1,18193,163,Multiplet
GGATGGATCCTGTGCC-1,14260,273,Multiplet
GGATGGGCACCATGCT-1,4930,142,Multiplet
GGATGTGAGAACGAGT-1,15051,90,GRCh38
GGATGTGAGGGGATAT-1,28143,202,Multiplet
GGATGTGAGTGGGTAG-1,10603,134,Multiplet
GGATTAAAGCATGAGG-1,10031,178,Multiplet
GGATTAAAGGCTACAC-1,3815,82,GRCh38
GGATTAAAGTAGACCC-1,894,56,GRCh38
GGATTAAAGTAGGTCC-1,11458,261,Multiplet
GGATTAAAGTGAGCGA-1,1248,317,GRCh38
GGATTAGGTCATTCAA-1,11225,132,Multiplet
GGATTCATCCGTATAG-1,18941,174,Multiplet
GGATTCATCGAATCCA-1,8975,182,Multiplet
GGATTCATCGACTGAC-1,35273,336,Multiplet
GGATTCGCAGCACGAC-1,5297,185,Multiplet
GGATTCGCAGGCAGAG-1,24519,455,Multiplet
GGATTCGCATGGATTA-1,14717,191,Multiplet
GGATTCGCATTACCGC-1,18197,206,Multiplet
GGATTGAGTAACGGCG-1,13632,234,Multiplet
GGATTGAGTCTAGTAC-1,14347,142,Multiplet
GGATTGAGTTCGTATA-1,4002,180,Multiplet
GGATTGAGTTGCCCTT-1,21559,151,Multiplet
GGATTGAGTTTCCGTC-1,4952,154,Multiplet
GGATTGCTCAGGCAAG-1,11606,105,GRCh38
GGCAAAGTCATCGAAT-1,7781,203,Multiplet
GGCAAAGTCCCCTGTA-1,2383,900,Multiplet
GGCAAAGTCCCGCACT-1,24593,249,Multiplet
GGCAAAGTCCGTATGA-1,4122,114,GRCh38
GGCAAAGTCCGTCACC-1,3190,126,GRCh38
GGCAAAGTCGCTCCAC-1,25254,404,Multiplet
GGCAACCCAAGCTCTC-1,39409,322,Multiplet
GGCAACCCATAAGTTG-1,24993,905,Multiplet
GGCAACCCATCCATCA-1,16333,183,Multiplet
GGCAACCCATCGGTGA-1,1942,337,Multiplet
GGCAACCCATTCGGTC-1,17276,212,Multiplet
GGCAACTTCAGCTCGG-1,621,37,GRCh38
GGCAACTTCCATAGGC-1,27732,233,Multiplet
GGCAACTTCCTTAGAG-1,598,342,GRCh38
GGCAAGGCAATCCCGT-1,11678,305,Multiplet
GGCAAGGCAGCACTCT-1,32207,414,Multiplet
GGCAATAGTTGGCCGT-1,73299,361,Multiplet
GGCAATGAGCCAGCAT-1,44466,353,Multiplet
GGCAATGAGCGATCAC-1,2876,130,GRCh38
GGCAATGAGCGGTCTG-1,25524,345,Multiplet
GGCAATGAGGTATGGG-1,39003,470,Multiplet
GGCAATGAGTCAACTG-1,24953,482,Multiplet
GGCAATTCAGGACACC-1,1132,44,GRCh38
GGCAATTCATTAGCAA-1,17489,237,Multiplet
GGCACACCATTCGGCT-1,11501,125,GRCh38
GGCACATTCAGCGAGA-1,15854,184,Multiplet
GGCACCATCCATTACC-1,24309,537,Multiplet
GGCACCTGTCAGGCTC-1,8401,152,Multiplet
GGCACCTGTTTACTCT-1,21234,169,Multiplet
GGCACCTGTTTCAGCG-1,16095,167,Multiplet
GGCACGAGTAACGAAT-1,15061,828,Multiplet
GGCACGAGTTAACTGC-1,19259,454,Multiplet
GGCATAAGTTTCACTT-1,28454,126,GRCh38
GGCATAAGTTTGACTA-1,1924,85,GRCh38
GGCATAGAGCTATGCA-1,9274,204,Multiplet
GGCATAGAGTACGGCT-1,4551,602,Multiplet
GGCATCACACAGGCAC-1,652,1104,mm10
GGCATCACACCAACTC-1,11728,140,Multiplet
GGCATCCGTCAGCCTA-1,14432,91,GRCh38
GGCATCCGTGATTGCT-1,13252,250,Multiplet
GGCATCCGTTGCGGAG-1,10552,364,Multiplet
GGCATGAAGCGGAGAC-1,11060,277,Multiplet
GGCATGAAGGTACGGA-1,16418,417,Multiplet
GGCATGGGTAGTGCCC-1,10950,290,Multiplet
GGCATGGGTGCAACCC-1,11510,118,GRCh38
GGCATTATCCACCGCT-1,49327,301,Multiplet
GGCATTATCCATCCAT-1,1623,20,GRCh38
GGCATTATCCGCAGTG-1,68,636,mm10
GGCATTATCGCTTCAT-1,30661,267,Multiplet
GGCATTATCGTAATCG-1,1610,47,GRCh38
GGCATTCAGCTAGGTC-1,7725,123,GRCh38
GGCATTCAGTAGTCAT-1,19638,371,Multiplet
GGCCAACCAACGTTCC-1,2292,97,GRCh38
GGCCAACCACTAACTT-1,13303,176,Multiplet
GGCCAACCATGCGGAC-1,23669,213,Multiplet
GGCCAACCATGGAGCC-1,12455,328,Multiplet
GGCCAATTCCCCATCA-1,14320,173,Multiplet
GGCCAATTCCGGTGAT-1,984,56,GRCh38
GGCCAATTCGAGCACT-1,7847,862,Multiplet
GGCCCTAAGCCTGACG-1,49581,388,Multiplet
GGCCCTAAGCGATACC-1,9244,305,Multiplet
GGCCGTTGTCAACCCA-1,24968,163,Multiplet
GGCCTAACAGGATAGA-1,19895,252,Multiplet
GGCCTAACATTGGGCA-1,23957,231,Multiplet
GGCCTAGTCGCGCTGA-1,885,27,GRCh38
GGCCTAGTCTGTAAGT-1,3880,369,Multiplet
GGCCTCAAGCTGGTAC-1,17048,153,Multiplet
GGCCTCAAGGTTCAAT-1,531,327,GRCh38
GGCCTTGAGGTGCGAA-1,2890,137,Multiplet
GGCGAACAGCATGTCA-1,5752,72,GRCh38
GGCGAACAGCCGAGTT-1,1839,72,GRCh38
GGCGAATGTAGCAGAC-1,6431,60,GRCh38
GGCGAATGTGGGAATC-1,9681,171,Multiplet
GGCGACTCAAACCGCA-1,11687,137,Multiplet
GGCGACTCAATGTAGC-1,33589,594,Multiplet
GGCGACTCAGCCTACT-1,17390,204,Multiplet
GGCGAGACAAACTTGA-1,5796,183,Multiplet
GGCGAGACAATCCAGG-1,3662,71,GRCh38
GGCGAGACATGGCTGA-1,8910,116,GRCh38
GGCGATCCACCTGTGT-1,5808,931,Multiplet
GGCGATCCAGGGACAG-1,7077,231,Multiplet
GGCGATGGTTGGCTTG-1,17876,235,Multiplet
GGCGATTTCAATGTGT-1,17700,173,Multiplet
GGCGCTATCAGGCACT-1,746,202,GRCh38
GGCGCTATCGCTATGA-1,9503,166,Multiplet
GGCGCTATCTAATGGT-1,31982,292,Multiplet
GGCGCTATCTGTCTGT-1,26244,252,Multiplet
GGCGCTATCTTGACAG-1,5587,294,Multiplet
GGCGCTTGTATAGTGG-1,5992,179,Multiplet
GGCGCTTGTTGGTGCC-1,35643,314,Multiplet
GGCGCTTGTTGGTTCG-1,18454,151,Multiplet
GGCGGATAGGTCCATA-1,9930,143,Multiplet
GGCGGTAGTGAAGTTG-1,1772,584,Multiplet
GGCGGTAGTGACTCTG-1,2980,229,Multiplet
GGCGGTAGTTAGAGAT-1,1348,250,Multiplet
GGCGGTAGTTCCCAAG-1,46216,327,Multiplet
GGCGGTAGTTTCCTGC-1,21746,239,Multiplet
GGCGGTTCAAGCTCGA-1,1573,35,GRCh38
GGCGGTTCATCCAGCT-1,10021,199,Multiplet
GGCGTAAAGCGAGTCT-1,63267,141,Multiplet
GGCGTAAAGCGCCACA-1,18029,175,Multiplet
GGCGTAAAGTGGCTGT-1,3803,170,Multiplet
GGCGTAGGTGATCCCA-1,21109,194,Multiplet
GGCGTAGGTTTCCTCA-1,18449,647,Multiplet
GGCGTCTGTGGGTCGA-1,11946,167,Multiplet
GGCGTCTGTTCAATCA-1,34408,203,Multiplet
GGCGTGAGTGAGTTGA-1,989,1789,mm10
GGCGTTACACAGCGGT-1,12189,362,Multiplet
GGCGTTGTCATGGACC-1,63721,268,Multiplet
GGCTAATCAAGCCGTA-1,14244,142,Multiplet
GGCTAATCAAGTATGC-1,67853,311,Multiplet
GGCTAATCAGCACCAA-1,7346,342,Multiplet
GGCTAATCATGATCGG-1,582,1480,mm10
GGCTAGAAGAACGGGC-1,15553,340,Multiplet
GGCTAGAAGCTAACCA-1,26278,230,Multiplet
GGCTAGAAGTGAGGTG-1,24993,278,Multiplet
GGCTATATCAGGACGA-1,1307,123,GRCh38
GGCTATATCATAGAGA-1,16588,645,Multiplet
GGCTATATCCGTGAAC-1,19563,163,Multiplet
GGCTATTGTAGTAGTG-1,7154,137,Multiplet
GGCTATTGTCAGTAGA-1,17094,121,GRCh38
GGCTATTGTTGTCTCC-1,15691,109,GRCh38
GGCTCGATCACTCTCG-1,12338,119,GRCh38
GGCTCGATCATGGTGC-1,14405,168,Multiplet
GGCTGAAAGAATCGTT-1,42380,267,Multiplet
GGCTGAAAGTGGCTTA-1,7537,233,Multiplet
GGCTGACCACAATTAG-1,767,25,GRCh38
GGCTGACCACCATCAC-1,1176,953,GRCh38
GGCTGACCACCTCATA-1,7556,838,Multiplet
GGCTGACCACTATCCA-1,8999,128,GRCh38
GGCTGAGGTGATAGCA-1,14813,769,Multiplet
GGCTGAGGTGCGGTCT-1,1261,54,GRCh38
GGCTGAGGTTGACGAA-1,13411,170,Multiplet
GGCTGCATCACTCCTG-1,16786,574,Multiplet
GGCTGCATCAGCTCAA-1,21327,219,Multiplet
GGCTGCATCATATCGG-1,15686,176,Multiplet
GGCTGCATCTAACCCT-1,24182,257,Multiplet
GGCTGTTAGGAGTCGA-1,3041,185,Multiplet
GGCTGTTAGGATAGGT-1,4497,103,GRCh38
GGCTTAATCCGGGTAT-1,880,27,GRCh38
GGCTTAATCGTAATCG-1,31293,307,Multiplet
GGCTTATGTAGTTGAG-1,6068,211,Multiplet
GGCTTATGTGAACCAA-1,24662,265,Multiplet
GGCTTCCTCCAATGAT-1,6036,136,Multiplet
GGCTTCCTCCACCGCT-1,62441,360,Multiplet
GGCTTCCTCCCGCGTT-1,1112,55,GRCh38
GGCTTCTCAACATCAA-1,804,401,GRCh38
GGCTTCTCAAGGTCAT-1,13699,130,GRCh38
GGCTTCTCAAGTAGGA-1,7205,181,Multiplet
GGCTTCTCAATGTAGC-1,55787,164,Multiplet
GGCTTCTCAGTACTCC-1,18154,231,Multiplet
GGCTTGGTCACTGGTA-1,619,178,GRCh38
GGCTTGGTCATATAGC-1,10077,134,Multiplet
GGCTTGGTCCGTAGCG-1,22699,415,Multiplet
GGGAACATCAGCCCAG-1,11112,130,GRCh38
GGGAACATCAGGTCAC-1,31563,367,Multiplet
GGGAACATCCATCCTG-1,702,449,GRCh38
GGGAATGTCACTCGCC-1,37154,347,Multiplet
GGGAATGTCGATTGCA-1,15170,921,Multiplet
GGGAATGTCGTTCGCC-1,1245,37,GRCh38
GGGAATTAGCCAACCG-1,31776,301,Multiplet
GGGAATTAGCTGAGTC-1,5048,216,Multiplet
GGGAATTAGGGTAGAT-1,6435,167,Multiplet
GGGACAATCACCTACT-1,15414,165,Multiplet
GGGACAATCATCGAAT-1,33895,435,Multiplet
GGGACACAGCAAGTGG-1,2653,173,Multiplet
GGGACACAGCCTGCCT-1,8034,278,Multiplet
GGGACACAGCCTTCCA-1,58177,503,Multiplet
GGGACACAGCGAAGCA-1,14179,162,Multiplet
GGGACACAGCGGAGAC-1,8511,731,Multiplet
GGGACCAGTCTTGGGC-1,2772,327,Multiplet
GGGACCAGTTTGCGGC-1,8625,252,Multiplet
GGGACCTCAAGTCCTC-1,3915,23,GRCh38
GGGACCTCAGTTGGTG-1,414,359,GRCh38
GGGACCTCATGCGTCT-1,18916,161,Multiplet
GGGACGTAGGAGTCAG-1,2707,785,Multiplet
GGGACTAAGCGAGACA-1,193,213,mm10
GGGACTGGTAGGCTGG-1,9691,67,GRCh38
GGGACTGGTGACTCCA-1,811,29,GRCh38
GGGATAGTCATCGTTC-1,1488,42,GRCh38
GGGATAGTCATGCTTC-1,22100,303,Multiplet
GGGATAGTCCCAGATA-1,6365,102,GRCh38
GGGATAGTCTAGGCAC-1,10748,249,Multiplet
GGGATAGTCTATGCGA-1,8287,110,GRCh38
GGGATATAGGAGGTGC-1,18113,237,Multiplet
GGGATATAGGTCCCAG-1,2875,1425,Multiplet
GGGATATAGGTGACGA-1,35244,383,Multiplet
GGGATCAAGTTAGCGC-1,1384,205,Multiplet
GGGATTAGTGAAGGAG-1,8959,244,Multiplet
GGGATTAGTGAGGACT-1,10363,108,GRCh38
GGGCAAATCAATTAGC-1,48361,408,Multiplet
GGGCAAATCACATTGG-1,16821,394,Multiplet
GGGCAAATCCCTCGGT-1,43045,300,Multiplet
GGGCAAATCGCTTGGG-1,29986,300,Multiplet
GGGCAACAGCCTAGAC-1,44503,45,GRCh38
GGGCAACAGGCGTAGA-1,427,201,GRCh38
GGGCAACAGTGCCTAA-1,8853,86,GRCh38
GGGCAACAGTTACACG-1,6404,118,GRCh38
GGGCAATGTTTACTAG-1,26496,249,Multiplet
GGGCAGACAAACTGGT-1,42355,428,Multiplet
GGGCAGACAACCAGAT-1,21425,255,Multiplet
GGGCAGACAATGTGCG-1,3281,421,Multiplet
GGGCAGACACAGGCGT-1,713,375,GRCh38
GGGCAGACACTTACTG-1,24309,293,Multiplet
GGGCAGACATGCAGTG-1,15408,245,Multiplet
GGGCAGACATTCAACT-1,2150,29,GRCh38
GGGCATCCAAATGGGA-1,36725,251,Multiplet
GGGCATTTCAGGAGTG-1,48926,171,Multiplet
GGGCATTTCTCATGCT-1,62621,340,Multiplet
GGGCCTATCACTCATC-1,325,132,GRCh38
GGGCCTATCATGTCTC-1,7775,187,Multiplet
GGGCCTATCCCTGACC-1,5345,431,Multiplet
GGGCCTATCCTGGTCC-1,1232,66,GRCh38
GGGCCTATCGAACGGA-1,688,324,GRCh38
GGGCCTATCGAAGGGC-1,11361,197,Multiplet
GGGCCTATCGTACCTT-1,77,438,mm10
GGGCCTTGTTTAGCGT-1,738,200,GRCh38
GGGCCTTGTTTGGTGT-1,17042,421,Multiplet
GGGCGATAGCAACCAC-1,22106,277,Multiplet
GGGCGATAGCCTGAGT-1,27795,300,Multiplet
GGGCGATAGGTTCCTT-1,6114,103,GRCh38
GGGCGTAGTCAGCGAG-1,8512,238,Multiplet
GGGCTAAAGATTAAGG-1,8916,503,Multiplet
GGGCTAAAGTGAGATA-1,17125,271,Multiplet
GGGCTAAAGTTAGAGA-1,10898,384,Multiplet
GGGCTAGGTAGCCTGC-1,26276,363,Multiplet
GGGCTAGGTATGGTGA-1,43266,278,Multiplet
GGGCTAGGTCTAGCCA-1,54300,339,Multiplet
GGGCTAGGTTAAGTCC-1,71373,283,Multiplet
GGGCTAGGTTTGGGTT-1,55087,186,Multiplet
GGGCTCTGTGAGCAAC-1,1147,32,GRCh38
GGGCTCTGTGGACAGT-1,16946,414,Multiplet
GGGCTCTGTTTCAGCG-1,63701,339,Multiplet
GGGCTTACACATTCAT-1,87707,213,Multiplet
GGGCTTACACTAGGCA-1,34182,324,Multiplet
GGGCTTACAGGATAGA-1,32742,301,Multiplet
GGGGACTAGCGAGCAA-1,14548,384,Multiplet
GGGGACTAGGTCGAAG-1,12850,247,Multiplet
GGGGACTAGTCATCAG-1,43040,378,Multiplet
GGGGATGCATTACACT-1,13001,479,Multiplet
GGGGCTAGTCATCCAG-1,18151,180,Multiplet
GGGGCTAGTGAAGCCG-1,20150,148,Multiplet
GGGGCTAGTTATCCGG-1,2653,40,GRCh38
GGGGCTAGTTTGACCG-1,8625,103,GRCh38
GGGGTAATCCGTAGAC-1,16284,414,Multiplet
GGGGTATGTCTAATGC-1,25044,197,Multiplet
GGGGTATGTGCAAGGT-1,7720,178,Multiplet
GGGGTCAGTAAGGTAT-1,24522,304,Multiplet
GGGGTCAGTCTAGTGT-1,827,145,GRCh38
GGGGTTAAGAAGCACG-1,19293,197,Multiplet
GGGGTTAAGCCAGTCG-1,12218,508,Multiplet
GGGGTTAAGTTAGGTT-1,8286,2174,Multiplet
GGGGTTGGTCAGTTCG-1,33750,372,Multiplet
GGGGTTGGTTAATGGG-1,862,44,GRCh38
GGGTAACGTGGAGACT-1,4297,128,GRCh38
GGGTAACGTTAGGTCT-1,8725,207,Multiplet
GGGTAAGTCCGTTGGG-1,13822,130,GRCh38
GGGTAAGTCTGGCACG-1,14924,232,Multiplet
GGGTAATAGCATGCGT-1,1398,124,GRCh38
GGGTAATAGCGCTCGA-1,11550,176,Multiplet
GGGTAATAGTGCTGGT-1,3619,61,GRCh38
GGGTACGGTAGCTAGA-1,12789,437,Multiplet
GGGTACTTCCGCTAGG-1,8985,180,Multiplet
GGGTACTTCCTGATCT-1,7867,621,Multiplet
GGGTATAGTATGGGAC-1,12493,298,Multiplet
GGGTATGAGGTACGCT-1,1774,56,GRCh38
GGGTATGAGGTGAACG-1,15392,150,Multiplet
GGGTCAAAGTAAGGCG-1,6514,218,Multiplet
GGGTCAGGTCAGTTCG-1,20708,181,Multiplet
GGGTCAGGTGGGTATA-1,18343,179,Multiplet
GGGTCATTCACCCTTG-1,3522,227,Multiplet
GGGTCATTCACGCGCA-1,12127,132,Multiplet
GGGTCATTCAGCCCGA-1,5737,328,Multiplet
GGGTCCATCACCATTC-1,25825,198,Multiplet
GGGTCCATCCCATGAA-1,27518,707,Multiplet
GGGTGAATCGAACCGT-1,64077,361,Multiplet
GGGTGTCCAACTGCGA-1,28930,297,Multiplet
GGGTGTCCAATTGGAC-1,2932,1077,Multiplet
GGGTTAAGTAAGGTTG-1,5710,100,GRCh38
GGGTTAAGTTCGCGTA-1,21439,225,Multiplet
GGGTTAGAGCGAGGTA-1,11121,235,Multiplet
GGGTTAGAGGCGTCTG-1,12800,88,GRCh38
GGGTTAGAGGTACGGA-1,2098,249,Multiplet
GGGTTCCGTATGGTAG-1,828,42,GRCh38
GGGTTCCGTTCACCTC-1,7080,164,Multiplet
GGGTTGAAGGTCGTTA-1,947,36,GRCh38
GGGTTGGGTCAGCTAT-1,72944,279,Multiplet
GGGTTGGGTCAGTTCG-1,7110,90,GRCh38
GGGTTGGGTCATTCAA-1,14195,561,Multiplet
GGGTTGGGTTGGGATA-1,25404,223,Multiplet
GGGTTTCAGGTTAATC-1,188,533,mm10
GGGTTTGCATGGTCGA-1,2584,52,GRCh38
GGTAAATGTAGTAACG-1,48039,457,Multiplet
GGTAACAGTGAGACCG-1,30858,331,Multiplet
GGTAACAGTTCCTTCA-1,8569,190,Multiplet
GGTAAGGTCAAGTCGC-1,20586,200,Multiplet
GGTAAGGTCACAGGTC-1,29274,214,Multiplet
GGTAATCCACCATAGG-1,916,1247,mm10
GGTAATGGTCAGGGAT-1,2404,66,GRCh38
GGTAATTTCGTTCGGG-1,4282,249,Multiplet
GGTAATTTCTATCGCT-1,6874,245,Multiplet
GGTACATCACTCAGGA-1,5758,156,Multiplet
GGTACATCAGGAGCCT-1,2095,143,Multiplet
GGTACGAAGATTCGAT-1,25660,262,Multiplet
GGTACGAAGCCGACTG-1,17127,220,Multiplet
GGTACGAAGGTAGGCA-1,2568,75,GRCh38
GGTACGCCAATGGAAG-1,11426,232,Multiplet
GGTACGGGTTGCTGTG-1,8047,350,Multiplet
GGTACGGGTTGGATAG-1,1967,331,Multiplet
GGTACGTTCACACTTC-1,21550,1432,Multiplet
GGTACTATCGCGTTGG-1,13027,209,Multiplet
GGTACTTGTTAGCTCG-1,37494,173,Multiplet
GGTAGCAAGATTACCG-1,9176,100,GRCh38
GGTAGCAAGGAGCCAA-1,5030,591,Multiplet
GGTAGCAAGGAGCCTT-1,23215,166,Multiplet
GGTAGCAAGGATTGCC-1,59158,365,Multiplet
GGTAGCTTCACTCTCG-1,59253,463,Multiplet
GGTAGCTTCCTGGTCC-1,907,135,GRCh38
GGTAGCTTCTAACCGA-1,64,159,mm10
GGTAGGATCTCACAGA-1,3092,26,GRCh38
GGTAGTAGTCAGCTTG-1,847,904,mm10
GGTAGTAGTTAATGGG-1,21353,345,Multiplet
GGTAGTAGTTCACGCA-1,11466,111,GRCh38
GGTAGTAGTTGGGATA-1,2123,74,GRCh38
GGTAGTAGTTTCCTAT-1,5094,99,GRCh38
GGTAGTGAGAAGCGGC-1,23766,216,Multiplet
GGTAGTGAGGTCACGT-1,20456,302,Multiplet
GGTAGTGAGGTGCTTA-1,11297,75,GRCh38
GGTATAGGTCTAACTA-1,1055,895,GRCh38
GGTATATTCACGCGAT-1,229,156,GRCh38
GGTATATTCACGGCCA-1,144,124,GRCh38
GGTATCGCAAAGGCCC-1,18847,322,Multiplet
GGTATCTGTCTGTCGA-1,2426,343,Multiplet
GGTATCTGTGACGAGT-1,1561,43,GRCh38
GGTATCTGTTAATTCG-1,32634,653,Multiplet
GGTATGAGTAGGTACA-1,28592,196,Multiplet
GGTATGAGTGCGCGAA-1,939,1246,mm10
GGTATGGAGTCGATCA-1,15451,131,GRCh38
GGTATGGAGTTACCTC-1,6657,88,GRCh38
GGTATGTCAACGTGAT-1,2345,160,Multiplet
GGTATTGTCCATCATC-1,34880,276,Multiplet
GGTCACTAGTATGACT-1,42476,457,Multiplet
GGTCAGCCATTGGAAC-1,461,698,mm10
GGTCATATCCACCATT-1,38244,253,Multiplet
GGTCATATCCGCGCTT-1,41118,350,Multiplet
GGTCATATCGCTTCAT-1,4511,163,Multiplet
GGTCATATCGTCTAAG-1,1390,29,GRCh38
GGTCATCAGCCAGAGA-1,49382,346,Multiplet
GGTCATCAGCGGGATA-1,22264,261,Multiplet
GGTCATCAGTAACCGC-1,17698,204,Multiplet
GGTCATTGTAAGCTGA-1,9875,152,Multiplet
GGTCATTGTCTAATCA-1,955,41,GRCh38
GGTCATTGTGCGCAAG-1,858,32,GRCh38
GGTCCTGAGCAACCAC-1,2320,128,GRCh38
GGTCCTGAGCCTGTCC-1,31628,254,Multiplet
GGTCCTGAGCTGGTGT-1,9389,166,Multiplet
GGTCCTGAGCTGGTTA-1,76772,196,Multiplet
GGTCCTGAGTAAGCGG-1,3682,985,Multiplet
GGTCGAGGTATTGGTC-1,9059,226,Multiplet
GGTCGAGGTGATTGCT-1,84004,381,Multiplet
GGTCGAGGTTCGCGGT-1,7123,411,Multiplet
GGTCGATTCATCTCTA-1,31345,222,Multiplet
GGTCGATTCCGGTAGT-1,41536,245,Multiplet
GGTCGATTCCTTCCTC-1,10055,237,Multiplet
GGTCGATTCGATAGGG-1,5849,537,Multiplet
GGTCGCATCGTGAGAG-1,11660,168,Multiplet
GGTCGCATCGTTGCGG-1,3567,203,Multiplet
GGTCGCATCTGTGGAC-1,4744,70,GRCh38
GGTCGGTCAGCTCGTT-1,18063,234,Multiplet
GGTCGGTCATAACCAA-1,31887,326,Multiplet
GGTCGTTAGCCTAGAC-1,19047,237,Multiplet
GGTCGTTAGGCGTAGA-1,2313,28,GRCh38
GGTCGTTAGGTCATTG-1,10872,109,GRCh38
GGTCGTTAGTAATCAC-1,227,150,GRCh38
GGTCTAATCACGCGAT-1,17776,89,GRCh38
GGTCTAATCCAATGAT-1,12869,151,Multiplet
GGTCTAGCACAATCCC-1,22520,248,Multiplet
GGTCTAGCACCTACTA-1,25808,221,Multiplet
GGTCTAGCAGGAAGGT-1,9720,167,Multiplet
GGTCTATGTTCCTGCT-1,89,121,mm10
GGTCTCCTCACGGACT-1,13736,132,Multiplet
GGTCTCCTCGTACAGC-1,1519,43,GRCh38
GGTCTTAAGCATCGAC-1,32394,372,Multiplet
GGTCTTAAGTAACCCA-1,16776,129,GRCh38
GGTCTTAAGTCGCTCC-1,8247,229,Multiplet
GGTGAACGTGGCTAGG-1,43722,317,Multiplet
GGTGAACGTTCGCGTA-1,37339,325,Multiplet
GGTGAACGTTGTAACC-1,32335,584,Multiplet
GGTGACTTCAATCCGA-1,21019,219,Multiplet
GGTGACTTCCTTCGAT-1,3751,190,Multiplet
GGTGAGGCACCTACGT-1,21661,212,Multiplet
GGTGATAGTAAGGGTC-1,982,41,GRCh38
GGTGATAGTTCATCCC-1,1909,411,Multiplet
GGTGATGAGGTAGATA-1,7795,451,Multiplet
GGTGATGAGTCGATTG-1,4518,128,GRCh38
GGTGCAGGTCATGGCC-1,12218,458,Multiplet
GGTGCATTCCGCTGCT-1,19562,165,Multiplet
GGTGCATTCGTACTAG-1,5800,223,Multiplet
GGTGCCTGTCATCATA-1,2229,154,Multiplet
GGTGCGAGTAATTCGC-1,1195,26,GRCh38
GGTGCGAGTATAGCTC-1,30158,257,Multiplet
GGTGCTTAGATAGACA-1,2963,132,Multiplet
GGTGCTTAGCGATACC-1,17867,228,Multiplet
GGTGCTTAGGTGACTC-1,909,142,GRCh38
GGTGCTTAGTGAGGCA-1,15567,129,GRCh38
GGTGGATGTGGCCTAC-1,18583,219,Multiplet
GGTGGCAGTATGGCTT-1,616,645,mm10
GGTGGCAGTTAACCCG-1,50944,294,Multiplet
GGTGGCAGTTTGCCAG-1,39,129,mm10
GGTGGCTCATTAGCTT-1,1015,84,GRCh38
GGTGGTAAGGTTGACC-1,21542,365,Multiplet
GGTGGTAAGTTAGCTG-1,430,858,mm10
GGTGTCCGTAACCGGG-1,15801,175,Multiplet
GGTGTCCGTCAGGAGT-1,36490,329,Multiplet
GGTGTCCGTCTCCAGA-1,7103,101,GRCh38
GGTGTCCGTTGACCTG-1,21606,271,Multiplet
GGTGTCCGTTTCACGG-1,27283,130,GRCh38
GGTGTGAAGTTACGGC-1,4040,263,Multiplet
GGTGTTGCAATCCTGC-1,12050,170,Multiplet
GGTTAAGGTCTAAGGA-1,11441,332,Multiplet
GGTTAAGGTGAACGAC-1,1830,71,GRCh38
GGTTAATTCCGGTGTG-1,21513,193,Multiplet
GGTTAATTCGCTCACC-1,1138,60,GRCh38
GGTTACATCCTTCGTG-1,573,44,GRCh38
GGTTAGCTCATCACCT-1,5070,184,Multiplet
GGTTAGCTCCAGCTAA-1,11346,98,GRCh38
GGTTAGCTCCATAGAT-1,14336,240,Multiplet
GGTTAGGAGCGCATAC-1,4982,206,Multiplet
GGTTAGGAGCTGGTAC-1,20300,424,Multiplet
GGTTAGGAGGCTTACA-1,26645,521,Multiplet
GGTTAGTCACAGGGCT-1,85434,299,Multiplet
GGTTAGTCATAGGTGT-1,23383,245,Multiplet
GGTTAGTCATGGTAGT-1,6972,79,GRCh38
GGTTATGTCCGTTAGA-1,9345,135,Multiplet
GGTTCAATCACACTTC-1,24222,218,Multiplet
GGTTCAATCACCAATG-1,5473,73,GRCh38
GGTTCAGCAACCGTCT-1,18906,124,GRCh38
GGTTCAGCATCCTACA-1,42270,383,Multiplet
GGTTCAGCATGCTTCA-1,1618,57,GRCh38
GGTTCCTCAGGAACGG-1,10013,136,Multiplet
GGTTCTAAGGAGGCTA-1,6755,88,GRCh38
GGTTCTAAGGTACCCG-1,1717,38,GRCh38
GGTTCTAAGGTCCCGA-1,23904,509,Multiplet
GGTTGGTTCATCGTCT-1,5135,92,GRCh38
GGTTGGTTCCCCAAGG-1,25396,259,Multiplet
GGTTGGTTCGCTGGAT-1,2257,250,Multiplet
GGTTTACGTCATGGCC-1,3814,402,Multiplet
GGTTTACGTCTAGTGT-1,57482,345,Multiplet
GGTTTACGTGAGTAAT-1,16772,169,Multiplet
GGTTTACGTTATATCG-1,19181,167,Multiplet
GGTTTAGTCATCGAGC-1,32450,289,Multiplet
GGTTTAGTCCAGAGCT-1,1317,62,GRCh38
GGTTTAGTCGCGTAAC-1,883,37,GRCh38
GGTTTAGTCTATCTCA-1,57343,373,Multiplet
GGTTTCAAGGAGGCTA-1,17729,270,Multiplet
GTAAACCCAGCTCTCG-1,23999,309,Multiplet
GTAAACCCAGGGCAAG-1,19655,192,Multiplet
GTAAACCCATTCGGTC-1,17913,225,Multiplet
GTAAACGGTAGCGCGA-1,5089,122,GRCh38
GTAAACTTCACAGACC-1,14772,258,Multiplet
GTAAACTTCAGCCAGT-1,1365,183,Multiplet
GTAAACTTCTATCTGC-1,1913,174,Multiplet
GTAAAGGCACTTGATT-1,4085,373,Multiplet
GTAAATGAGCTTAGGC-1,792,21,GRCh38
GTAAATGAGGTCCCGA-1,54757,408,Multiplet
GTAAATGAGTTGCAGC-1,10369,241,Multiplet
GTAACCATCCATTAGG-1,31542,503,Multiplet
GTAACCATCTGGTGAC-1,13576,131,GRCh38
GTAACCCAGGAGTCGA-1,21221,173,Multiplet
GTAACCCAGTGACGGA-1,12574,1100,Multiplet
GTAACCGCATTCATAC-1,31980,219,Multiplet
GTAACCTGTCATTAGC-1,5299,219,Multiplet
GTAACCTGTGGCTTCA-1,19540,244,Multiplet
GTAACCTGTTCCAGAT-1,22071,247,Multiplet
GTAACGGAGAAGGGCC-1,8987,155,Multiplet
GTAACGGAGTGAGGCA-1,1991,28,GRCh38
GTAAGCGAGCAATCGC-1,3294,164,Multiplet
GTAAGCGAGCTGGACT-1,49648,396,Multiplet
GTAAGCGAGGTTCGGT-1,618,25,GRCh38
GTAAGGCGTTCACGCA-1,16139,844,Multiplet
GTAAGTAAGCCATCGG-1,83,165,mm10
GTAAGTAAGCTACCGG-1,4871,89,GRCh38
GTAAGTAAGGAGTATA-1,56644,275,Multiplet
GTAAGTAAGGGGATGC-1,1774,37,GRCh38
GTAAGTAAGTTGGTTG-1,22555,170,Multiplet
GTAAGTTTCAGGTCAC-1,6358,122,GRCh38
GTAAGTTTCGCTCATT-1,9036,112,GRCh38
GTAATAGAGCAACTAT-1,7773,144,Multiplet
GTAATAGAGCGCATCG-1,17631,210,Multiplet
GTAATAGAGCGCTGCA-1,5368,433,Multiplet
GTAATAGAGGCACGTT-1,7130,154,Multiplet
GTAATAGAGGGTTGCT-1,1469,128,GRCh38
GTAATAGAGGTCGATC-1,19842,304,Multiplet
GTAATCACAAGTGAGA-1,1377,55,GRCh38
GTAATCACAGCTAACG-1,88930,293,Multiplet
GTAATCCGTTACACGT-1,19199,196,Multiplet
GTAATCCGTTTGCCTC-1,1105,194,GRCh38
GTAATGAAGATTAAGG-1,15433,225,Multiplet
GTAATGGGTAAGTGTG-1,215,807,mm10
GTAATGGGTCAATCCG-1,1259,84,GRCh38
GTAATGGGTGCGTGAG-1,2352,165,Multiplet
GTAATGGGTTAGCTTA-1,16971,159,Multiplet
GTAATGGGTTCCAGAT-1,869,575,GRCh38
GTAATGGGTTTACTAG-1,10575,169,Multiplet
GTAATGTTCCATCCGC-1,1901,157,Multiplet
GTAATGTTCGCTCCGT-1,1820,39,GRCh38
GTACAACCAAGGGTAA-1,29502,216,Multiplet
GTACAACCAATGCCGA-1,10560,100,GRCh38
GTACAACCAGGAGCCT-1,3356,125,GRCh38
GTACAACCATTCCTGA-1,45826,328,Multiplet
GTACAAGGTATAGTCC-1,25425,381,Multiplet
GTACAAGGTTCCGTAG-1,1277,194,GRCh38
GTACACGCAGCTCACT-1,17934,194,Multiplet
GTACATTAGGTGGAGC-1,15813,171,Multiplet
GTACATTAGTCGATCA-1,38885,226,Multiplet
GTACATTAGTGGCTGT-1,1688,10,GRCh38
GTACATTAGTGGGTTC-1,64256,252,Multiplet
GTACCAATCAGGCATC-1,1222,30,GRCh38
GTACCAGCATGGTTGG-1,18150,234,Multiplet
GTACCAGCATTCGTCA-1,24137,200,Multiplet
GTACCCAGTAACCGAA-1,2072,77,GRCh38
GTACCCAGTAGCAGGT-1,10303,151,Multiplet
GTACCCAGTCTCACTC-1,24641,742,Multiplet
GTACCCTCATCGGGTA-1,31601,309,Multiplet
GTACCCTCATTGGCGA-1,26498,228,Multiplet
GTACGAAGTGAGACTA-1,42687,346,Multiplet
GTACGAAGTGAGGACT-1,12888,199,Multiplet
GTACGAAGTGGACTGG-1,11320,279,Multiplet
GTACGAAGTTATCTAG-1,8341,293,Multiplet
GTACGAAGTTTCACTT-1,79076,420,Multiplet
GTACGATCAACTGGCA-1,30412,256,Multiplet
GTACGATCATTAGTCT-1,1353,53,GRCh38
GTACGGGGTCTTACCC-1,4394,152,Multiplet
GTACGGGGTTGTAACC-1,18871,204,Multiplet
GTACGGGGTTGTAGCT-1,903,1524,mm10
GTACGGTTCACTATGG-1,14397,239,Multiplet
GTACGGTTCCTTCGCA-1,4503,51,GRCh38
GTACGGTTCGTTACAG-1,25493,221,Multiplet
GTACGTTGTTCGTAAC-1,79784,306,Multiplet
GTACTAACAAGCACCA-1,15085,123,GRCh38
GTACTAACAAGCTCAG-1,10475,181,Multiplet
GTACTAACATTAGTTC-1,13896,842,Multiplet
GTACTAGTCCCGCGAA-1,103685,421,Multiplet
GTACTAGTCGTCTCCA-1,16224,116,GRCh38
GTACTCCCAAGGGACG-1,15820,164,Multiplet
GTACTCCCAGCTCACT-1,5604,919,Multiplet
GTACTCCCAGGTTGCA-1,3644,54,GRCh38
GTACTCCCATAGAGAG-1,23085,423,Multiplet
GTAGAATGTGCGGTCT-1,31249,292,Multiplet
GTAGAATGTGGCTGAG-1,6787,121,GRCh38
GTAGACTCAAGCGCGT-1,13925,191,Multiplet
GTAGACTCAGTAAGGA-1,7852,104,GRCh38
GTAGACTCATAATCTC-1,15401,163,Multiplet
GTAGATGGTCTAACGT-1,25980,344,Multiplet
GTAGATGGTCTCCACT-1,5034,182,Multiplet
GTAGATGGTGATCAGA-1,39079,283,Multiplet
GTAGATGGTTAAGGGC-1,16843,396,Multiplet
GTAGATGGTTCGGTAT-1,48290,329,Multiplet
GTAGCAAGTGAGCGCA-1,11931,135,Multiplet
GTAGCAAGTGGAAGGA-1,14128,178,Multiplet
GTAGCAAGTTCGCCTT-1,2698,1381,Multiplet
GTAGCAAGTTGGGTCC-1,14687,181,Multiplet
GTAGCATCAAATCAGC-1,11868,125,GRCh38
GTAGCATCAACTACGG-1,21304,186,Multiplet
GTAGCATCACAGCACA-1,37242,339,Multiplet
GTAGCATCACCACATC-1,41288,422,Multiplet
GTAGCATCATTCCTGA-1,1700,45,GRCh38
GTAGCCACAACTAGAC-1,7611,213,Multiplet
GTAGCCACACTAGCTC-1,76557,301,Multiplet
GTAGCCCGTAAGGACC-1,4587,510,Multiplet
GTAGCCCGTGGCTTGC-1,10978,61,GRCh38
GTAGCCCGTTGCCTGA-1,226,168,GRCh38
GTAGCGCCATCAAGGT-1,3737,331,Multiplet
GTAGCGGGTCCATACG-1,1505,425,Multiplet
GTAGCGGGTGATCCCA-1,5424,151,Multiplet
GTAGCTATCATCACAG-1,1285,131,GRCh38
GTAGCTATCCTGTACT-1,18865,220,Multiplet
GTAGCTATCGAGTGGA-1,13390,200,Multiplet
GTAGCTATCTAGTTGG-1,14156,408,Multiplet
GTAGCTTGTTGTGCTG-1,568,173,GRCh38
GTAGGAACAATGCCTC-1,8588,297,Multiplet
GTAGGAACATTAGATG-1,4130,275,Multiplet
GTAGGATAGTCGATGC-1,24780,265,Multiplet
GTAGGATAGTTGCGTA-1,34616,216,Multiplet
GTAGGCAAGCATAGTT-1,12433,171,Multiplet
GTAGGCGGTAGCCATT-1,1263,23,GRCh38
GTAGGCGGTTCGCATG-1,1938,409,Multiplet
GTAGGCTTCCTTCGGC-1,1708,78,GRCh38
GTAGGGGCAAATCTAG-1,10337,353,Multiplet
GTAGGGGCAATAGTGC-1,159,166,mm10
GTAGGTAGTAGCAGTA-1,3428,294,Multiplet
GTAGGTAGTGCATCAT-1,18774,180,Multiplet
GTAGGTAGTGGGTCTC-1,1915,716,Multiplet
GTAGGTAGTTAGTCGT-1,62360,319,Multiplet
GTAGGTAGTTCCCATC-1,37128,303,Multiplet
GTAGGTGAGCGCAATC-1,33279,280,Multiplet
GTAGGTGAGCGGTCAT-1,702,19,GRCh38
GTAGGTGAGGGTCTGT-1,31348,341,Multiplet
GTAGGTTCATCGTAGG-1,12334,191,Multiplet
GTAGTAAAGTACGCTA-1,13960,212,Multiplet
GTAGTAAAGTTAACGT-1,14832,146,Multiplet
GTAGTAGGTCAGGGAT-1,29719,416,Multiplet
GTAGTAGGTCTCAGCA-1,51,123,mm10
GTAGTAGGTTTCCGTC-1,1112,31,GRCh38
GTAGTCATCCACCTGC-1,1517,24,GRCh38
GTAGTCGCAACCTTGC-1,24812,406,Multiplet
GTAGTCGCATCGTTCA-1,1377,59,GRCh38
GTAGTCTGTGACTCTG-1,20914,223,Multiplet
GTAGTCTGTTATGTGC-1,13736,159,Multiplet
GTAGTGAGTAGCTAGA-1,13198,105,GRCh38
GTAGTGAGTCCATACG-1,14903,188,Multiplet
GTAGTTACAAACCGAT-1,635,28,GRCh38
GTAGTTGTCGATCATG-1,7338,245,Multiplet
GTAGTTGTCTAGTGAT-1,513,1109,mm10
GTAGTTTAGCGAACTC-1,41606,500,Multiplet
GTAGTTTAGGCTAGAG-1,72,141,mm10
GTAGTTTAGGCTTGGT-1,266,154,GRCh38
GTAGTTTAGTGCTTGA-1,19751,106,GRCh38
GTATAGAAGCAGGTTC-1,25407,128,GRCh38
GTATAGAAGGTGACTC-1,10051,91,GRCh38
GTATAGCCAGCAGGTC-1,27415,217,Multiplet
GTATCCCCAGCCTAGA-1,2363,416,Multiplet
GTATCCGGTTGAATGG-1,9968,116,GRCh38
GTATCCGGTTTGCAGT-1,7174,297,Multiplet
GTATCCTTCTTGAACG-1,81,249,mm10
GTATCGATCACTATGG-1,31028,306,Multiplet
GTATCGATCATGCACA-1,58,210,mm10
GTATCGATCCATAGAT-1,1140,50,GRCh38
GTATCGATCGTACGGT-1,9909,196,Multiplet
GTATCTTCAAATGCCG-1,1331,675,Multiplet
GTATCTTCAGCCTACT-1,802,348,GRCh38
GTATCTTCAGCTACTC-1,1193,39,GRCh38
GTATCTTCAGGATGAA-1,1014,175,GRCh38
GTATCTTCATGATCGG-1,8703,125,GRCh38
GTATGAAAGCGATGCT-1,18507,237,Multiplet
GTATGAAAGTATCTCC-1,6686,140,Multiplet
GTATGAGGTTAGCTCG-1,21705,277,Multiplet
GTATGCATCACCCTGC-1,10886,122,GRCh38
GTATGCATCAGCTATG-1,20438,233,Multiplet
GTATGCATCCAGCAGT-1,17577,155,Multiplet
GTATGCATCGACATCA-1,30750,229,Multiplet
GTATGCATCTGTGATG-1,1382,30,GRCh38
GTATGGCTCAATCACG-1,22595,309,Multiplet
GTATGGCTCAGGAACG-1,7340,268,Multiplet
GTATGGCTCGTACCAA-1,13038,94,GRCh38
GTATGGCTCTAGTTGG-1,5022,272,Multiplet
GTATGGCTCTCACAGA-1,16859,265,Multiplet
GTATGGGAGCATGTCA-1,45853,360,Multiplet
GTATGGTCAACGTTCC-1,7569,336,Multiplet
GTATGTTAGGCATGTC-1,2713,156,Multiplet
GTATTAGCAATCCTCA-1,9759,206,Multiplet
GTATTAGCATCAATTC-1,8405,114,GRCh38
GTATTAGCATCCCGAT-1,2689,1363,Multiplet
GTATTAGCATTCAGTT-1,8462,738,Multiplet
GTATTCAGTCTTGAAC-1,16588,171,Multiplet
GTATTCAGTGCATCCA-1,31312,127,GRCh38
GTATTCAGTTAGACGA-1,522,382,GRCh38
GTATTCAGTTTACTTC-1,12791,122,GRCh38
GTATTCCTCAGCCACG-1,11400,211,Multiplet
GTATTCCTCCGGGTTG-1,39579,323,Multiplet
GTATTGGTCAGGCTCG-1,13598,152,Multiplet
GTCAAACCAGGACACC-1,12606,304,Multiplet
GTCAAACCAGGCAGAG-1,9748,130,GRCh38
GTCAAAGGTAATGGTG-1,11541,126,GRCh38
GTCAAATTCCACCTAT-1,4712,194,Multiplet
GTCAAATTCCCCAGAG-1,22494,188,Multiplet
GTCAAATTCGTGCGAT-1,33096,239,Multiplet
GTCAACATCCCAGACG-1,14454,144,Multiplet
GTCAACATCCGGGTAT-1,21771,159,Multiplet
GTCAACATCCGTGGCA-1,14125,358,Multiplet
GTCAACATCTAACCGA-1,19111,197,Multiplet
GTCAAGCTCTATGGTG-1,20292,189,Multiplet
GTCAATTAGCTACCTT-1,25017,236,Multiplet
GTCAATTAGGTGAGGC-1,34405,255,Multiplet
GTCAATTAGGTTCACA-1,50625,408,Multiplet
GTCAATTAGGTTCGGT-1,15921,169,Multiplet
GTCACCCTCATGGACC-1,68010,358,Multiplet
GTCACCTCATAAGGCT-1,5121,204,Multiplet
GTCACGTAGATTACCG-1,10396,109,GRCh38
GTCATAACAACATGGT-1,7026,182,Multiplet
GTCATAACATTACGGG-1,12215,256,Multiplet
GTCATAACATTACTGT-1,4226,83,GRCh38
GTCATAGTCCTCGATT-1,401,150,GRCh38
GTCATAGTCTAGTCTC-1,14545,139,Multiplet
GTCATATAGTAGCGAG-1,10387,255,Multiplet
GTCATATAGTCAATGT-1,28159,187,Multiplet
GTCATCAAGCTACAGC-1,20136,188,Multiplet
GTCATCAAGTAATGTC-1,39718,352,Multiplet
GTCATCCCAATGCCCT-1,11169,190,Multiplet
GTCATCCCAGTTGGGC-1,687,26,GRCh38
GTCATTTCAAGCCTCT-1,16911,143,Multiplet
GTCATTTCAATAGGCT-1,20092,170,Multiplet
GTCATTTCACCTTCGG-1,12749,233,Multiplet
GTCATTTCATGGCTGA-1,6785,104,GRCh38
GTCATTTCATTCGTCA-1,20837,199,Multiplet
GTCCAAATCAATGTGT-1,1358,153,Multiplet
GTCCAAATCATCTGGA-1,2869,56,GRCh38
GTCCAAATCCTGATGA-1,22182,239,Multiplet
GTCCAAATCTATCGAG-1,4668,459,Multiplet
GTCCAACAGCCACTCC-1,1125,930,GRCh38
GTCCAACAGTATCTGG-1,23250,193,Multiplet
GTCCAACAGTCGAATT-1,38063,264,Multiplet
GTCCAATGTAAGTGTG-1,12397,223,Multiplet
GTCCAATGTTAGGTCT-1,617,149,GRCh38
GTCCAATGTTGGATGA-1,715,90,GRCh38
GTCCAGGTCGAACGGA-1,13611,219,Multiplet
GTCCATAAGCATCCAA-1,11893,159,Multiplet
GTCCATAAGCGCTGTG-1,1635,160,Multiplet
GTCCATAAGGATGTGG-1,6961,519,Multiplet
GTCCATAAGGGCAGGT-1,14094,152,Multiplet
GTCCATCCATAATCAG-1,27718,278,Multiplet
GTCCATCCATTAGGGT-1,3675,72,GRCh38
GTCCATCCATTCGGGA-1,63984,549,Multiplet
GTCCATGGTAATGACG-1,12462,203,Multiplet
GTCCATGGTAGCAGGT-1,45706,187,Multiplet
GTCCATGGTAGGTCAA-1,631,20,GRCh38
GTCCATGGTGCATCCA-1,10669,139,Multiplet
GTCCATGGTTTGGTAC-1,1930,218,Multiplet
GTCCATTTCCAGGTCG-1,6832,154,Multiplet
GTCCATTTCCCAGGCA-1,9895,407,Multiplet
GTCCCAAGTAACGTGA-1,2110,54,GRCh38
GTCCCAAGTCTCACTC-1,979,32,GRCh38
GTCCCAAGTTGCCTAG-1,27922,416,Multiplet
GTCCCAAGTTTGGATC-1,688,19,GRCh38
GTCCCATCAATCCATT-1,62339,317,Multiplet
GTCCCATCATTAAGCA-1,9293,173,Multiplet
GTCCCGAAGGCTCTCC-1,23249,255,Multiplet
GTCCCGAAGGTTGGTC-1,14041,173,Multiplet
GTCCCGAAGTAGCGGA-1,1131,28,GRCh38
GTCCCGTTCACGGCCA-1,19769,179,Multiplet
GTCCCGTTCAGGGACA-1,9875,143,Multiplet
GTCCCTTGTGAGGCAT-1,34231,220,Multiplet
GTCCGAACAAACTTGA-1,75936,79,GRCh38
GTCCGAACAAATGCTA-1,24475,248,Multiplet
GTCCGAACACATGCGA-1,4779,67,GRCh38
GTCCGAACACTTACGC-1,523,736,mm10
GTCCGAACATTAACTC-1,24566,393,Multiplet
GTCCGATAGGGCAGTA-1,18874,503,Multiplet
GTCCGATAGTATGTGT-1,11980,131,GRCh38
GTCCGCAAGCTAACGC-1,32213,491,Multiplet
GTCCGCAAGGAGGCAC-1,8025,53,GRCh38
GTCCGCTTCACGCGCA-1,9413,539,Multiplet
GTCCGCTTCCGTGGAT-1,8362,102,GRCh38
GTCCGCTTCCTTCACG-1,43166,359,Multiplet
GTCCGTAGTTCACTAA-1,621,77,GRCh38
GTCCGTTCAATAGTCA-1,22196,242,Multiplet
GTCCTAAAGTAGCAGG-1,2563,20,GRCh38
GTCCTAAAGTCAGGCT-1,4314,211,Multiplet
GTCCTAAAGTCGATAT-1,3994,27,GRCh38
GTCCTAAAGTTAGCCA-1,12735,183,Multiplet
GTCCTATTCATGCAAT-1,16759,163,Multiplet
GTCCTATTCCATGCAA-1,24584,363,Multiplet
GTCCTATTCGACCGAT-1,3556,64,GRCh38
GTCCTCATCATGCGCG-1,1026,24,GRCh38
GTCCTCTGTTCGTAGT-1,15278,225,Multiplet
GTCCTGCTCATCATCC-1,26279,217,Multiplet
GTCCTGCTCCTCACGC-1,2137,71,GRCh38
GTCCTGCTCCTTCCAG-1,4230,96,GRCh38
GTCGAGGGTCTTGAGT-1,2141,2022,Multiplet
GTCGAGGGTTGGCCTA-1,11785,153,Multiplet
GTCGATGCAAGGGACG-1,62746,174,Multiplet
GTCGATGCACCTTGAC-1,7521,599,Multiplet
GTCGCAACATGCTACC-1,183,150,GRCh38
GTCGCCAAGCGATGCT-1,51514,324,Multiplet
GTCGCCAAGCGGAGAC-1,920,16,GRCh38
GTCGCTAGTGCGGATG-1,26717,215,Multiplet
GTCGCTAGTTCGCAGC-1,613,139,GRCh38
GTCGGATTCACATAGT-1,17969,116,GRCh38
GTCGGATTCGATTAGT-1,3139,134,Multiplet
GTCGGCTGTAAGGTCA-1,23636,211,Multiplet
GTCGGCTGTGAGTATG-1,12358,142,Multiplet
GTCGGCTGTTTCAGGT-1,8874,189,Multiplet
GTCGGGTCAAGCTCTC-1,851,12,GRCh38
GTCGGGTCACTTGATT-1,1595,1288,Multiplet
GTCGGGTCATCGTTCA-1,20359,250,Multiplet
GTCGGGTCATTAGGGT-1,2026,343,Multiplet
GTCGGTTAGGTTGCCG-1,498,171,GRCh38
GTCGTAATCAGGATGG-1,5623,114,GRCh38
GTCTAACGTAACGACA-1,2989,55,GRCh38
GTCTAACGTAAGTAGT-1,10823,134,Multiplet
GTCTAACGTTAGGTGA-1,1737,785,Multiplet
GTCTAAGTCAGGAGTG-1,26157,402,Multiplet
GTCTAAGTCTATGGGC-1,20223,241,Multiplet
GTCTAAGTCTGTCACT-1,601,94,GRCh38
GTCTACAAGATAGTCT-1,9294,347,Multiplet
GTCTACAAGCTAGCCG-1,3053,52,GRCh38
GTCTACCCAGCTACTC-1,25479,169,Multiplet
GTCTACCCATTCGCTA-1,53548,259,Multiplet
GTCTACTTCCCTGTCA-1,16027,215,Multiplet
GTCTACTTCCTCACTG-1,219,170,GRCh38
GTCTACTTCCTGTCTG-1,761,104,GRCh38
GTCTACTTCGCTCATT-1,14491,165,Multiplet
GTCTATGAGCGACTAC-1,5951,192,Multiplet
GTCTATGAGGTTGCAC-1,5385,323,Multiplet
GTCTATGAGTGCCTGG-1,3612,481,Multiplet
GTCTCAAAGGTGCTGT-1,9523,230,Multiplet
GTCTCCGCACCTGTCG-1,20681,262,Multiplet
GTCTCGCTCACTCCAT-1,31779,595,Multiplet
GTCTCGCTCAGCTCGG-1,15444,157,Multiplet
GTCTCGCTCTAACTCC-1,1115,39,GRCh38
GTCTGCCTCGAACGGA-1,432,145,GRCh38
GTCTGCCTCTTGAGTG-1,13849,165,Multiplet
GTCTGGACATTAGTCT-1,972,38,GRCh38
GTCTGGGTCAATTGGT-1,30246,594,Multiplet
GTCTGGGTCCGTATGA-1,1113,88,GRCh38
GTCTGGGTCTATGTCC-1,49192,295,Multiplet
GTCTGGGTCTGTCACT-1,3322,352,Multiplet
GTCTTCACAAGCGTGC-1,24117,147,Multiplet
GTCTTCACACCTTGGT-1,7235,261,Multiplet
GTCTTCACAGCCATGA-1,16255,189,Multiplet
GTCTTCACATGCTGTC-1,5273,308,Multiplet
GTCTTCACATGGATAC-1,5294,156,Multiplet
GTGAAATGTGGAGCAT-1,16881,202,Multiplet
GTGAAATGTTGCTAAC-1,3312,71,GRCh38
GTGAACAGTGATCCAT-1,3221,57,GRCh38
GTGAACAGTTTGGTGT-1,3362,72,GRCh38
GTGAACCTCAGCAAGG-1,10029,662,Multiplet
GTGAACCTCATGTCTC-1,7465,191,Multiplet
GTGAACCTCCATGCCC-1,16685,242,Multiplet
GTGAACCTCCGTATAG-1,28056,315,Multiplet
GTGAAGGTCGTGAACC-1,22650,235,Multiplet
GTGAAGGTCGTGATTG-1,31720,344,Multiplet
GTGAAGGTCTAGCTCT-1,709,948,mm10
GTGAATCCACAATGGT-1,25961,327,Multiplet
GTGAATCCATCACTCA-1,6179,147,Multiplet
GTGAATCCATGCTCAC-1,45334,468,Multiplet
GTGAATGGTAGGTATG-1,22965,262,Multiplet
GTGAATGGTAGGTTAG-1,2731,85,GRCh38
GTGAATGGTTTACTAG-1,4405,103,GRCh38
GTGACGAAGATAGAGC-1,15814,222,Multiplet
GTGACGAAGGCGCTTG-1,21887,359,Multiplet
GTGACGAAGGTTGGCT-1,12075,259,Multiplet
GTGACGAAGTGCAACC-1,20061,194,Multiplet
GTGACGTTCAGGAGCA-1,16627,198,Multiplet
GTGACGTTCCGTCCAC-1,54528,423,Multiplet
GTGACGTTCCTTGGTT-1,7108,98,GRCh38
GTGACTATCCCATAGA-1,36476,203,Multiplet
GTGAGCAAGCCAGACT-1,30340,306,Multiplet
GTGAGCAAGCCTTCCA-1,914,39,GRCh38
GTGAGCAAGTCGCATA-1,5455,99,GRCh38
GTGAGCGGTCAGTATC-1,16050,293,Multiplet
GTGAGCGGTCATCGGC-1,58487,335,Multiplet
GTGAGCGGTCTAGGTT-1,56502,279,Multiplet
GTGAGCGGTGCGAGTG-1,24559,260,Multiplet
GTGAGGATCGCGATAC-1,10770,455,Multiplet
GTGAGTGAGCTATGTG-1,35667,363,Multiplet
GTGAGTGAGTCATCGA-1,5304,207,Multiplet
GTGATAGGTGAAGGTC-1,10374,110,GRCh38
GTGATAGGTTAACGAG-1,13763,159,Multiplet
GTGATATTCAGTAGCC-1,3709,102,GRCh38
GTGATATTCCGTAAGC-1,2535,71,GRCh38
GTGATATTCGTACTAG-1,4378,138,Multiplet
GTGATATTCTAACTCC-1,7393,76,GRCh38
GTGATGCTCACATGGC-1,2520,930,Multiplet
GTGATTTAGGCAACCT-1,36475,247,Multiplet
GTGCAATCATAGACCG-1,2394,282,Multiplet
GTGCAGCCAACCTCGT-1,15633,169,Multiplet
GTGCAGCCACTAGGCA-1,29714,379,Multiplet
GTGCAGCCATTCAGTT-1,18598,152,Multiplet
GTGCATATCAGGTCGT-1,3572,124,GRCh38
GTGCATATCGCATAGC-1,20120,222,Multiplet
GTGCATATCGTACTAG-1,21154,176,Multiplet
GTGCCATAGCAGGCTT-1,608,144,GRCh38
GTGCCCAAGGAATCAA-1,17825,197,Multiplet
GTGCCTAGTTGTGCCA-1,14553,108,GRCh38
GTGCCTAGTTTAATCG-1,846,67,GRCh38
GTGCCTAGTTTCCTGC-1,13511,113,GRCh38
GTGCGAAAGTAGTCAT-1,6868,531,Multiplet
GTGCGAAAGTCGAAGG-1,26057,254,Multiplet
GTGCGAAAGTTAGACT-1,2253,28,GRCh38
GTGCGAGGTTTGCACG-1,28586,246,Multiplet
GTGCGATTCAGCCAGT-1,814,65,GRCh38
GTGCGATTCGCGTTCC-1,695,63,GRCh38
GTGCGCATCATGCAGC-1,7647,136,Multiplet
GTGCGGTCAATAGGAG-1,20957,174,Multiplet
GTGCTAATCACAGGTC-1,42194,217,Multiplet
GTGCTAATCCGCCTAC-1,41441,710,Multiplet
GTGCTAATCGTTCATC-1,10420,141,Multiplet
GTGCTCAGTCAGTAGA-1,12957,129,GRCh38
GTGCTCAGTTGGTAGA-1,5327,250,Multiplet
GTGCTCAGTTGTGATC-1,23058,358,Multiplet
GTGCTTGGTAACCCAT-1,28624,200,Multiplet
GTGGAACGTGCAGCTC-1,23101,289,Multiplet
GTGGAACGTTCAAGCT-1,38037,747,Multiplet
GTGGAACGTTCGGTCA-1,16406,398,Multiplet
GTGGACAAGATTAACC-1,18148,168,Multiplet
GTGGACAAGCATCTAG-1,15390,1027,Multiplet
GTGGACAAGCTACGGT-1,2233,154,Multiplet
GTGGACAAGGTAGGGC-1,19618,487,Multiplet
GTGGACCCACTTCGCG-1,2363,165,Multiplet
GTGGACCCAGGTTGCA-1,13463,105,GRCh38
GTGGAGGCAACTAATG-1,43157,360,Multiplet
GTGGAGGCAAGCACTG-1,26375,168,Multiplet
GTGGAGGCACTTCGAC-1,26914,201,Multiplet
GTGGAGGCATCACTAT-1,814,973,mm10
GTGGAGGCATTAACTC-1,17323,145,Multiplet
GTGGATAGTAGGTCGG-1,2714,44,GRCh38
GTGGATAGTAGGTTGA-1,11891,99,GRCh38
GTGGATAGTGCAACGG-1,72316,281,Multiplet
GTGGATAGTTCGTATA-1,922,90,GRCh38
GTGGATTCAAGCGTTG-1,17516,199,Multiplet
GTGGATTCACAAGGCC-1,1477,123,GRCh38
GTGGATTCACTATACT-1,6563,265,Multiplet
GTGGATTCACTTGCCG-1,31024,230,Multiplet
GTGGCAAAGTCATTGG-1,1197,372,GRCh38
GTGGCAGGTAGTGCAA-1,1200,17,GRCh38
GTGGCAGGTAGTGTCT-1,5434,158,Multiplet
GTGGCAGGTCAAGTGA-1,5548,138,Multiplet
GTGGCAGGTGAACGTA-1,70812,430,Multiplet
GTGGCAGGTGAAGTCA-1,3245,185,Multiplet
GTGGCCATCACCCTTG-1,9605,152,Multiplet
GTGGCCATCAGTAATC-1,608,59,GRCh38
GTGGCCATCCTTAACC-1,501,18,GRCh38
GTGGCCATCGCGCGTA-1,7177,181,Multiplet
GTGGCGAGTTGCGGTC-1,721,429,GRCh38
GTGGCGAGTTTGGAGA-1,9584,327,Multiplet
GTGGGATGTTATAGGG-1,14974,473,Multiplet
GTGGGATGTTGCTCGA-1,20490,386,Multiplet
GTGGGATGTTTGGACT-1,661,117,GRCh38
GTGGGTAAGGCAATCC-1,520,38,GRCh38
GTGGGTAAGGCATCAC-1,47988,348,Multiplet
GTGGGTAAGTCGCTGG-1,17098,170,Multiplet
GTGGTAAGTAATGGAT-1,16102,194,Multiplet
GTGGTAAGTAATTGCC-1,9695,152,Multiplet
GTGGTAAGTTGGTAGA-1,1018,141,GRCh38
GTGGTAAGTTGTCCAG-1,2100,1562,Multiplet
GTGGTAAGTTGTCCCT-1,18395,146,Multiplet
GTGGTCACATGATCGG-1,4092,24,GRCh38
GTGGTGAAGATAGTGA-1,17366,157,Multiplet
GTGGTGAAGCATGCGT-1,1324,291,Multiplet
GTGGTGAAGCCACATA-1,2938,204,Multiplet
GTGGTTATCCAGCCGA-1,1202,166,GRCh38
GTGGTTATCCCAATTC-1,22440,227,Multiplet
GTGGTTATCGCTAGGT-1,22570,263,Multiplet
GTGGTTATCGCTTCGC-1,24642,284,Multiplet
GTGGTTGCACTAGCTC-1,34608,370,Multiplet
GTGGTTGCATCACGTC-1,902,198,GRCh38
GTGTAACCAGGACACC-1,4708,1433,Multiplet
GTGTAAGGTTGGATAG-1,4328,202,Multiplet
GTGTAGTCAATCGCAG-1,1771,54,GRCh38
GTGTAGTCAGGACTGC-1,15293,133,Multiplet
GTGTAGTCATTAGACA-1,1449,39,GRCh38
GTGTCAATCGAGGTCT-1,6352,106,GRCh38
GTGTCCCTCACTCTGT-1,4631,136,Multiplet
GTGTCCCTCCATTGCT-1,2881,251,Multiplet
GTGTCCCTCCTGCGCT-1,31226,197,Multiplet
GTGTCCCTCCTTCAGT-1,1331,36,GRCh38
GTGTCCCTCTATGTCC-1,12050,156,Multiplet
GTGTCCTCACTTGATT-1,11758,204,Multiplet
GTGTCCTCATGCTCTA-1,30927,257,Multiplet
GTGTGAGAGGGTAGCA-1,8670,87,GRCh38
GTGTGAGAGGTCACAC-1,30991,405,Multiplet
GTGTGAGAGTCGAGCT-1,34779,266,Multiplet
GTGTGGCCAAGTCGTG-1,1169,48,GRCh38
GTGTGGTTCAATCCTC-1,16718,261,Multiplet
GTGTGGTTCCTCAATC-1,3912,144,Multiplet
GTGTGGTTCGAGTCCG-1,21138,233,Multiplet
GTGTGGTTCTTGATCC-1,36896,314,Multiplet
GTGTGTTGTGCGGATG-1,10983,296,Multiplet
GTGTTACGTAGCCAGG-1,21191,228,Multiplet
GTGTTACGTCTAGCTG-1,17619,860,Multiplet
GTGTTACGTGCAGTAA-1,2811,26,GRCh38
GTGTTACGTTAATCGC-1,7069,72,GRCh38
GTGTTACGTTAGACAG-1,23460,329,Multiplet
GTGTTACGTTGCGTCA-1,58198,288,Multiplet
GTGTTACGTTGCTCGA-1,31072,255,Multiplet
GTGTTACGTTTCGAGT-1,18757,260,Multiplet
GTGTTATAGGCTCCGA-1,44679,390,Multiplet
GTGTTATAGGTAGTCC-1,10563,236,Multiplet
GTGTTATAGTGATGCC-1,31287,287,Multiplet
GTGTTCAAGGATGCGA-1,17040,169,Multiplet
GTTAACTAGATTAGTC-1,4655,38,GRCh38
GTTAACTAGGCTTAAT-1,12327,98,GRCh38
GTTAAGCCAAGTGAGA-1,39210,303,Multiplet
GTTAAGGGTCAAGGGT-1,39969,364,Multiplet
GTTAATGCAACCAAGT-1,45147,300,Multiplet
GTTAATGCAAGTGAGA-1,7136,819,Multiplet
GTTAATGCACATGAGT-1,1101,27,GRCh38
GTTAATGCACCTCAAC-1,4778,180,Multiplet
GTTAATGCATGGTACG-1,17726,254,Multiplet
GTTACCAAGGGTCATC-1,3188,662,Multiplet
GTTACCAAGGTACACC-1,2019,87,GRCh38
GTTACCAAGTAGCTGC-1,37205,250,Multiplet
GTTACCAAGTGGGTCT-1,4054,44,GRCh38
GTTACCCCATCCACGT-1,22312,256,Multiplet
GTTACTTCACATTGAA-1,4110,221,Multiplet
GTTAGAGGTAATGGTG-1,49879,404,Multiplet
GTTAGAGGTATAGTCC-1,20890,173,Multiplet
GTTAGAGGTCAGCCAC-1,1715,374,Multiplet
GTTAGAGGTGATTGCT-1,849,54,GRCh38
GTTAGATTCATACTGG-1,5358,241,Multiplet
GTTAGATTCCCTGTAT-1,442,236,GRCh38
GTTAGATTCCTGTATC-1,1135,65,GRCh38
GTTAGCATCACAGGAG-1,9724,117,GRCh38
GTTAGCATCCCGTACC-1,8188,183,Multiplet
GTTAGCATCCTCATAC-1,1811,59,GRCh38
GTTAGCATCTGGTAGC-1,31301,680,Multiplet
GTTAGCCAGGCGCTAT-1,4183,214,Multiplet
GTTAGCCAGTGGCTTA-1,27211,242,Multiplet
GTTAGCGCAGGATGGG-1,1718,61,GRCh38
GTTAGCTGTCCCGTAA-1,44534,303,Multiplet
GTTAGCTGTCTTGGAT-1,19465,175,Multiplet
GTTAGCTGTGCGTGCT-1,6720,266,Multiplet
GTTAGCTGTTAGGTGA-1,779,537,GRCh38
GTTAGGCTCAGTAGTT-1,34910,263,Multiplet
GTTAGGCTCCTGAATG-1,27235,184,Multiplet
GTTAGGCTCTAACTCC-1,5242,72,GRCh38
GTTAGGGAGCGAACGA-1,339,133,GRCh38
GTTAGGGAGTAAGGGT-1,13468,131,GRCh38
GTTAGGTCAAGTATCA-1,14160,143,Multiplet
GTTAGTTAGATAGGCG-1,27313,461,Multiplet
GTTATCAGTCATGAGA-1,846,131,GRCh38
GTTATCCTCATGCCTT-1,1066,44,GRCh38
GTTATCCTCCGCTGGA-1,10211,148,Multiplet
GTTATCCTCTGGGCAT-1,5274,95,GRCh38
GTTATGGTCCATAGAT-1,1082,34,GRCh38
GTTATGGTCGCTCCAC-1,645,43,GRCh38
GTTCAATAGGCAATGG-1,63664,353,Multiplet
GTTCAATAGGTGACAG-1,2421,83,GRCh38
GTTCACAAGCGGTGAA-1,22142,222,Multiplet
GTTCACAAGTCATGTG-1,14816,288,Multiplet
GTTCACAAGTGACGGA-1,11116,173,Multiplet
GTTCACCCATGGTGCA-1,7430,413,Multiplet
GTTCACTTCCGTCAGG-1,8176,208,Multiplet
GTTCACTTCCTCACTG-1,41134,872,Multiplet
GTTCACTTCGATGTAT-1,26452,268,Multiplet
GTTCACTTCGTGCATA-1,3746,83,GRCh38
GTTCAGGCAAACCTAA-1,2797,63,GRCh38
GTTCATGAGAACCTCA-1,7771,103,GRCh38
GTTCATGAGATTGGTT-1,42507,321,Multiplet
GTTCATGAGCCATCAA-1,1073,334,GRCh38
GTTCATGAGGCTCCTC-1,19949,202,Multiplet
GTTCATGAGGTATAGA-1,3986,74,GRCh38
GTTCATGAGTAAGTTC-1,14375,268,Multiplet
GTTCATTCAAGTGTAC-1,4176,182,Multiplet
GTTCATTCAAGTTCAA-1,5565,447,Multiplet
GTTCATTCAATCGGGC-1,908,1248,mm10
GTTCATTCATTACGCC-1,12523,88,GRCh38
GTTCATTCATTCCTGA-1,23090,335,Multiplet
GTTCCACCATGCGTCT-1,39269,305,Multiplet
GTTCCAGGTCATCAGT-1,14024,107,GRCh38
GTTCCAGGTGCAGCCT-1,37779,331,Multiplet
GTTCCAGGTTTACTGA-1,33946,295,Multiplet
GTTCCCGCACCAACCT-1,619,123,GRCh38
GTTCCCGCACTCATGC-1,28611,279,Multiplet
GTTCCCTGTGAGCGTG-1,3170,127,GRCh38
GTTCCCTGTGCGAGAT-1,2817,104,GRCh38
GTTCCGGAGCAACCGT-1,1396,121,GRCh38
GTTCCGGAGCCAGTCG-1,2986,39,GRCh38
GTTCCGGAGGGTCCAT-1,2073,218,Multiplet
GTTCCGGAGGTTGAGG-1,16808,175,Multiplet
GTTCCGGAGTCAGCAC-1,61664,345,Multiplet
GTTCCTTAGGAGTAAC-1,20131,259,Multiplet
GTTCGAATCACGCGCA-1,14558,186,Multiplet
GTTCGAATCAGGTCCG-1,5621,283,Multiplet
GTTCGAATCTGGCCGA-1,8281,632,Multiplet
GTTCGATGTATTGCCG-1,24319,192,Multiplet
GTTCGATGTGCGGTGA-1,16766,243,Multiplet
GTTCGATGTTCCCGAA-1,3087,88,GRCh38
GTTCGATGTTTCGAGT-1,9705,167,Multiplet
GTTCGCCTCAATGGAA-1,1783,417,Multiplet
GTTCGCCTCACCACTT-1,405,448,mm10
GTTCGTCCATTCAGTT-1,18377,151,Multiplet
GTTCGTCCATTCGTCA-1,2704,359,Multiplet
GTTCGTTTCAGCATCA-1,16905,651,Multiplet
GTTCGTTTCATGCCGG-1,47425,441,Multiplet
GTTCGTTTCATGTGTG-1,3806,210,Multiplet
GTTCTAAGTCTAATTG-1,2013,54,GRCh38
GTTCTAAGTTCTGGAT-1,5962,232,Multiplet
GTTGAAGGTAGCTATC-1,13258,255,Multiplet
GTTGAAGGTTATGCAC-1,10052,180,Multiplet
GTTGAAGGTTCGGGTC-1,6273,49,GRCh38
GTTGAAGGTTGCAGGG-1,50940,323,Multiplet
GTTGAGGAGCATTAAC-1,14746,249,Multiplet
GTTGAGGAGTTAGAGA-1,2260,304,Multiplet
GTTGATTAGCGAGTTC-1,71641,207,Multiplet
GTTGATTAGGGCTGAA-1,130,184,mm10
GTTGATTAGGTGAGCA-1,60074,313,Multiplet
GTTGATTAGTGCCTAA-1,15348,219,Multiplet
GTTGCAATCCAGCCGA-1,77012,233,Multiplet
GTTGCATGTCTGGCAC-1,8899,208,Multiplet
GTTGCCAGTGATTCCG-1,17454,278,Multiplet
GTTGCCAGTGCGGAAT-1,1461,93,GRCh38
GTTGCCAGTTAACCCG-1,56316,352,Multiplet
GTTGCCCTCACTCGTT-1,20331,165,Multiplet
GTTGCCTCAAATTCAG-1,40608,278,Multiplet
GTTGCCTCAAGTCCCT-1,28958,440,Multiplet
GTTGCCTCAGGATAGA-1,16916,221,Multiplet
GTTGCCTCATAGATTG-1,13346,124,GRCh38
GTTGCGCGTAATCCTA-1,8128,123,GRCh38
GTTGCGCGTTCGTCTC-1,9714,136,Multiplet
GTTGCTGGTATGGGTA-1,13564,149,Multiplet
GTTGCTGGTTCGGCAC-1,5995,93,GRCh38
GTTGGGTTCAGCTCAA-1,23784,268,Multiplet
GTTGGGTTCTGTGGCG-1,1721,88,GRCh38
GTTGGTCAGCCACTCC-1,15820,158,Multiplet
GTTGGTCAGTTGCAGC-1,22335,238,Multiplet
GTTGGTTGTCTAGTGT-1,300,122,GRCh38
GTTGTGATCCCCTGGT-1,9619,277,Multiplet
GTTGTGATCGTACTTC-1,23264,180,Multiplet
TAAACCACAACCGTAG-1,35037,434,Multiplet
TAAACCACACTTGGGA-1,159,128,GRCh38
TAAACGAAGAAGCTGG-1,20096,215,Multiplet
TAAACGAAGAAGGATC-1,4761,30,GRCh38
TAAACGAAGCTGGAGA-1,22985,148,Multiplet
TAAACGAAGGCGTTAC-1,19064,204,Multiplet
TAAACGAAGTGAAGTA-1,6608,104,GRCh38
TAAACGGGTAATGCCT-1,4099,464,Multiplet
TAAACGGGTAGGTCGG-1,13523,183,Multiplet
TAAACGGGTGGGTACG-1,2144,128,GRCh38
TAAACGGGTTAGGTGA-1,15590,355,Multiplet
TAAACGTTCAGCACGT-1,1298,2429,mm10
TAAACGTTCGAACGTC-1,10274,186,Multiplet
TAAATCGCAAGGTGAA-1,19605,426,Multiplet
TAAATCGCATGCTGAG-1,15605,472,Multiplet
TAAATCGCATTCGGTC-1,51578,644,Multiplet
TAAATGCTCAAGTAGA-1,33908,202,Multiplet
TAAATGCTCATGGATT-1,11034,135,Multiplet
TAAATGCTCTCACTAC-1,41818,483,Multiplet
TAACACTAGCCATCCC-1,38496,359,Multiplet
TAACCAACAAACCACG-1,16438,180,Multiplet
TAACCAACAATACGGT-1,692,27,GRCh38
TAACCATAGAATCATC-1,13064,547,Multiplet
TAACCATAGATTCCTC-1,21899,297,Multiplet
TAACCATAGCATGTAT-1,3751,107,GRCh38
TAACCATAGGAATGCG-1,16541,134,Multiplet
TAACCATAGGTTACGC-1,20957,233,Multiplet
TAACCCTTCTAGTAAC-1,7756,1226,Multiplet
TAACCGATCCCGGCTT-1,26781,263,Multiplet
TAACCTAGTATTGCAC-1,21927,328,Multiplet
TAACCTAGTCTCACAG-1,6284,139,Multiplet
TAACGAGGTCTGGCAC-1,21339,210,Multiplet
TAACGATTCCACCTAT-1,26489,311,Multiplet
TAACGATTCCCCAGCT-1,21469,280,Multiplet
TAACGATTCCGTGCAG-1,3353,134,Multiplet
TAACGATTCCTCACCA-1,55150,630,Multiplet
TAACGCGCACATAGGT-1,2531,1233,Multiplet
TAACGCGCATGATCGG-1,16183,97,GRCh38
TAACGGCTCTGGATTG-1,1482,275,Multiplet
TAACGGTCAAGTGCCA-1,9624,198,Multiplet
TAACGGTCACAACGGC-1,46490,298,Multiplet
TAACGGTCAGCATGGC-1,2857,151,Multiplet
TAACGGTCAGGCAGAG-1,13079,542,Multiplet
TAACGGTCAGGTTAGT-1,24360,289,Multiplet
TAACGGTCATTACCTG-1,5674,127,GRCh38
TAACTCCTCCAGGTGT-1,129,246,mm10
TAACTCCTCCCGCACT-1,33725,505,Multiplet
TAACTCCTCCGGATGT-1,692,505,GRCh38
TAACTCCTCGTTAGCA-1,12277,163,Multiplet
TAACTGGTCACCAGTA-1,9739,326,Multiplet
TAACTGGTCAGGCAAG-1,13928,130,GRCh38
TAACTGGTCCTCTCTC-1,13628,142,Multiplet
TAACTGGTCTAAGTCG-1,53246,351,Multiplet
TAACTTGGTAAGCATG-1,25935,206,Multiplet
TAACTTGGTGATCCAT-1,1214,354,GRCh38
TAACTTGGTTGGTCAT-1,19069,213,Multiplet
TAACTTGGTTTCCTTG-1,18037,210,Multiplet
TAAGCAAAGCCATGCG-1,1189,25,GRCh38
TAAGCAAAGTTAGCTG-1,19091,187,Multiplet
TAAGCACCAAATCGCG-1,1225,25,GRCh38
TAAGCACCAGGGCTTA-1,8293,186,Multiplet
TAAGCACCATTAGCTT-1,27085,338,Multiplet
TAAGCAGGTAGCGATA-1,4790,149,Multiplet
TAAGCAGGTCATCCCT-1,15630,191,Multiplet
TAAGCAGGTCATTGCG-1,54191,350,Multiplet
TAAGCAGGTGAGACCG-1,27197,271,Multiplet
TAAGCAGGTGGCTGAG-1,22154,332,Multiplet
TAAGCCTGTCCATAGT-1,130,136,mm10
TAAGCCTGTGATTGAG-1,9537,204,Multiplet
TAAGCGAGTAACGCGG-1,38778,327,Multiplet
TAAGCGAGTAGGCGTG-1,15331,193,Multiplet
TAAGCGAGTAGGTTGA-1,15586,334,Multiplet
TAAGCGAGTCTCAGCA-1,10421,163,Multiplet
TAAGCGAGTTATGCTA-1,27701,728,Multiplet
TAAGCGCTCCATAGCA-1,24592,744,Multiplet
TAAGGATGTCATCACG-1,15643,155,Multiplet
TAAGGATGTCTAGTGT-1,8852,944,Multiplet
TAAGGATGTGAGGCAT-1,7055,143,Multiplet
TAAGGATGTTGCACGC-1,15845,197,Multiplet
TAAGGCGAGCTTACTC-1,10321,332,Multiplet
TAAGGCGAGGATGCCT-1,4771,116,GRCh38
TAAGGCTCATGTCGTC-1,12151,240,Multiplet
TAAGGGGTCCATAGTG-1,11054,146,Multiplet
TAAGGGTAGGCAATCC-1,11538,105,GRCh38
TAAGGGTAGGCGTACT-1,21196,187,Multiplet
TAAGGGTAGGGCAGAC-1,11834,323,Multiplet
TAAGGGTAGGTCCAGT-1,40054,240,Multiplet
TAAGTCACAATGCCTC-1,24037,242,Multiplet
TAAGTCACATAAGGTC-1,55680,333,Multiplet
TAAGTCCGTATGGCAA-1,19676,171,Multiplet
TAAGTCCGTGAGATAT-1,18039,167,Multiplet
TAAGTCCGTGATTCGT-1,1436,35,GRCh38
TAAGTCCGTTCGGGCT-1,19363,204,Multiplet
TAAGTGAAGTTACCCT-1,704,256,GRCh38
TAATAGCTCACTAGAT-1,12055,160,Multiplet
TAATAGCTCTGGTCCC-1,13286,373,Multiplet
TAATCACAGCATAGTT-1,22202,249,Multiplet
TAATCACAGTCAAGCC-1,9604,154,Multiplet
TAATCACAGTGCAACC-1,373,881,mm10
TAATCAGCATCCAGCT-1,1108,187,GRCh38
TAATCCCTCCCCTGAC-1,46021,435,Multiplet
TAATCCCTCCTGCGGA-1,3372,107,GRCh38
TAATCCCTCTAGCTTC-1,8420,207,Multiplet
TAATCCCTCTCATTCA-1,18660,246,Multiplet
TAATCCTCAAAGGCCC-1,5425,574,Multiplet
TAATCCTCAACCGGAC-1,8695,182,Multiplet
TAATCCTCAATACTGA-1,1354,42,GRCh38
TAATCCTCACTTGCTA-1,44291,368,Multiplet
TAATCCTCATTAGTGA-1,1060,52,GRCh38
TAATGAGAGAAGGAAG-1,3820,134,Multiplet
TAATGAGAGCGGATGA-1,8895,173,Multiplet
TAATGAGAGGGCAGGT-1,333,430,mm10
TAATGGGGTGAGCCCT-1,62524,401,Multiplet
TAATGGTTCTGTGCCC-1,10994,534,Multiplet
TAATGTCAGATAGTCT-1,3000,128,GRCh38
TAATTCCCACCTTCAA-1,23495,661,Multiplet
TAATTCCCATAACCGG-1,20532,155,Multiplet
TAATTCCCATAGACGT-1,868,56,GRCh38
TACAACTAGGGGTTAG-1,15113,115,GRCh38
TACAACTAGGGTAGAT-1,30692,234,Multiplet
TACAAGCCATAGGTTA-1,20958,185,Multiplet
TACAAGCCATCCGTAC-1,12841,139,Multiplet
TACAAGGGTAGCTGAA-1,26047,160,Multiplet
TACAAGGGTAGCTGGG-1,38843,348,Multiplet
TACAAGGGTGAGGCTG-1,4586,374,Multiplet
TACAAGGGTTCCTTCA-1,333,182,GRCh38
TACAAGGGTTGAGCGG-1,48577,344,Multiplet
TACAATGCATGCTGTC-1,1141,378,GRCh38
TACACAACATTACGCC-1,26892,297,Multiplet
TACACCTTCAATCCTC-1,622,260,GRCh38
TACACTAGTTAACTGC-1,5816,79,GRCh38
TACACTAGTTAGACAG-1,27156,323,Multiplet
TACACTTCAACCAGCA-1,19281,204,Multiplet
TACACTTCAATGTGCG-1,14016,254,Multiplet
TACACTTCACAATGCG-1,24480,269,Multiplet
TACACTTCACAGCATG-1,27902,421,Multiplet
TACACTTCAGCTACTC-1,102,223,mm10
TACAGCCAGATTCAGT-1,843,566,GRCh38
TACAGCCAGCTACGCG-1,4151,145,Multiplet
TACAGCCAGGCACTGT-1,31021,317,Multiplet
TACAGCCAGGGTCTAC-1,800,84,GRCh38
TACAGCCAGTTACGAT-1,24479,257,Multiplet
TACAGCGCAGCCTAGA-1,15975,513,Multiplet
TACAGGTCAAATGACC-1,31058,243,Multiplet
TACAGGTCAAGTAGGA-1,53807,342,Multiplet
TACAGGTCAATACAGC-1,18393,281,Multiplet
TACAGGTCAATATACG-1,19880,178,Multiplet
TACAGGTCACCATAGG-1,1646,55,GRCh38
TACAGGTCAGGAACCC-1,10376,160,Multiplet
TACATAGCAGTTGCTC-1,1846,64,GRCh38
TACATCAGTCTAAGTC-1,16405,235,Multiplet
TACATCCTCGCTTCCA-1,10082,114,GRCh38
TACATGACAACTGCGA-1,2205,75,GRCh38
TACATGACATCCTTAG-1,817,29,GRCh38
TACATTCCAACCGCTT-1,33461,435,Multiplet
TACCAAGTCAATCGTG-1,43232,278,Multiplet
TACCAAGTCTGGGAAG-1,6100,72,GRCh38
TACCAATAGCTAACCA-1,3284,195,Multiplet
TACCACAAGGTAATGA-1,32473,498,Multiplet
TACCACAAGTCATTGG-1,63480,427,Multiplet
TACCACGGTAATGCAG-1,9786,206,Multiplet
TACCACGGTTAGTGTC-1,4813,247,Multiplet
TACCAGGCAAGCTATA-1,14045,148,Multiplet
TACCAGGCACATTAAG-1,735,44,GRCh38
TACCATAGTCTAAGGA-1,25805,175,Multiplet
TACCATAGTTGGAGAC-1,9305,336,Multiplet
TACCATGAGGAGCTTC-1,33047,277,Multiplet
TACCATGAGGCAAGTG-1,20863,270,Multiplet
TACCATGAGGCGATGA-1,18905,211,Multiplet
TACCATGAGGTATAGA-1,42697,341,Multiplet
TACCATGAGGTGATCC-1,14005,124,GRCh38
TACCATTCAAGCGGAG-1,2696,145,Multiplet
TACCATTCATGGTGTG-1,28091,336,Multiplet
TACCCAAAGAAGCAAC-1,8829,98,GRCh38
TACCCAGGTTAGTCGT-1,1364,199,Multiplet
TACCCAGGTTGACCCA-1,5418,860,Multiplet
TACCCATTCATCGAGC-1,30658,126,GRCh38
TACCCATTCTGGCCTC-1,1840,86,GRCh38
TACCCCATCCAGATCA-1,3707,76,GRCh38
TACCCCATCGCGCTTC-1,19367,264,Multiplet
TACCCCTGTCTAGGAA-1,199,127,GRCh38
TACCCGCTCTTGAGCA-1,10830,91,GRCh38
TACCCTTAGGGCAGAC-1,17346,822,Multiplet
TACCCTTAGGTGGAAT-1,3982,68,GRCh38
TACCGACAGCTACCTT-1,69,121,mm10
TACCGACAGCTAGTAT-1,698,54,GRCh38
TACCGCCTCAGGGACA-1,1753,109,GRCh38
TACCGCCTCCCCAGGA-1,23659,362,Multiplet
TACCGCCTCCTGATAG-1,17772,188,Multiplet
TACCGGACAATCGAAC-1,14250,128,GRCh38
TACCGGACAGCTCTCG-1,3459,68,GRCh38
TACCGGACAGGGACCT-1,5840,126,GRCh38
TACCGTCCAAACTATG-1,6270,369,Multiplet
TACCGTCCATGGTCGA-1,20220,335,Multiplet
TACCTAAGTCATTACA-1,161,1834,mm10
TACCTAAGTCTAACTA-1,32779,263,Multiplet
TACCTAGAGGATGACG-1,50589,289,Multiplet
TACCTCACAAGCATAC-1,48,190,mm10
TACCTCACATCGTTGC-1,19335,228,Multiplet
TACCTCACATGGTCCT-1,430,147,GRCh38
TACCTCCGTAACGTAG-1,80,462,mm10
TACCTCCGTCTGGTGC-1,2537,124,GRCh38
TACCTGAAGGATGGCA-1,1465,386,Multiplet
TACCTGAAGTTGCGGT-1,9302,129,GRCh38
TACCTGTTCGCGTTCC-1,16051,209,Multiplet
TACCTGTTCTTGATGG-1,11127,368,Multiplet
TACCTTGCACTATATC-1,659,363,GRCh38
TACGAACCAACCGCAA-1,1445,49,GRCh38
TACGAAGGTCAGTAGA-1,13013,187,Multiplet
TACGAGGAGCATGGAG-1,5746,267,Multiplet
TACGAGGAGCGGGTAA-1,6841,189,Multiplet
TACGAGTCAAACCAAC-1,5360,160,Multiplet
TACGAGTCACTTGCTA-1,59163,336,Multiplet
TACGAGTCAGGAGCCT-1,3560,45,GRCh38
TACGAGTCAGGATGAA-1,29775,228,Multiplet
TACGAGTCATCCACGT-1,236,1202,mm10
TACGATTAGCTGGTTA-1,4513,305,Multiplet
TACGATTAGGATATGA-1,8843,152,Multiplet
TACGATTAGTTACCGA-1,31002,326,Multiplet
TACGCAATCGCTTGCC-1,26508,329,Multiplet
TACGCATGTGGCTTGC-1,5810,116,GRCh38
TACGCCCTCAGGAAGT-1,6315,277,Multiplet
TACGCCTCAAATGAGG-1,39620,316,Multiplet
TACGCCTCAAGCGCGT-1,1483,43,GRCh38
TACGCCTCAGTTGCGA-1,12742,205,Multiplet
TACGCTGGTAACCGGG-1,10529,75,GRCh38
TACGCTGGTTATGTCA-1,16213,160,Multiplet
TACGCTGGTTGACGCC-1,248,178,GRCh38
TACGGTCAGAATCCTG-1,22966,272,Multiplet
TACGGTCAGATTCCCT-1,15463,256,Multiplet
TACGGTCAGGGGCTAA-1,25719,300,Multiplet
TACGGTCAGGTTGGGA-1,30144,176,Multiplet
TACGGTCAGTGAGCGA-1,542,271,GRCh38
TACGGTCAGTTAGCAT-1,24653,301,Multiplet
TACGGTTGTCATCCTC-1,4308,315,Multiplet
TACGGTTGTTAGACAG-1,409,212,GRCh38
TACGTAGTCCACGGCA-1,20098,139,Multiplet
TACGTCAAGGTAGCAG-1,33403,242,Multiplet
TACGTCAAGTTACGAT-1,63264,179,Multiplet
TACGTTGAGATAGGAC-1,9477,56,GRCh38
TACGTTGAGCATCCGG-1,45726,327,Multiplet
TACGTTGAGGTGACAG-1,17881,343,Multiplet
TACGTTGAGTCAGCGT-1,2720,556,Multiplet
TACTACCTCGAATCAT-1,16974,179,Multiplet
TACTACCTCGCTGAGT-1,26123,215,Multiplet
TACTACTCAAGCCACA-1,23113,289,Multiplet
TACTATGGTAATTCGC-1,61134,400,Multiplet
TACTATGGTCCATTCC-1,25374,224,Multiplet
TACTATGGTGGACCGA-1,13664,386,Multiplet
TACTATGGTGGCCAAG-1,15091,244,Multiplet
TACTATGGTGGGTAAC-1,28180,274,Multiplet
TACTATGGTTAAGCCT-1,21930,216,Multiplet
TACTATGGTTTCCGAG-1,21889,474,Multiplet
TACTCATCACCTTCCC-1,14514,322,Multiplet
TACTCATCATCACACC-1,2001,72,GRCh38
TACTCATCATCCCTGG-1,15839,172,Multiplet
TACTCATCATGAAGGA-1,810,55,GRCh38
TACTCCACAATTAGGC-1,3832,964,Multiplet
TACTCCACACTAAGGT-1,49,122,mm10
TACTCCACAGCTCGTT-1,4749,179,Multiplet
TACTCCACATTAGTAG-1,803,41,GRCh38
TACTCGCCAAATCGTA-1,4894,242,Multiplet
TACTCGCCACAGGGCT-1,10331,840,Multiplet
TACTCGCCACCATGCT-1,40253,346,Multiplet
TACTGATAGTACGGTC-1,31323,419,Multiplet
TACTGTGAGAATCACT-1,1811,47,GRCh38
TACTGTGAGCCAGCCA-1,31790,566,Multiplet
TACTTAGGTTGCTGTG-1,5590,151,Multiplet
TACTTCATCCGTAAGC-1,66546,433,Multiplet
TACTTCATCCTCTAGT-1,1710,46,GRCh38
TACTTCATCGTGAGTC-1,13283,160,Multiplet
TACTTGCTCAGGACGA-1,42195,341,Multiplet
TACTTGCTCATGCTTC-1,3173,58,GRCh38
TAGCACGCAATGCCTC-1,8816,283,Multiplet
TAGCACGCAGGATTAC-1,743,31,GRCh38
TAGCAGTCAGGTAGGG-1,17941,214,Multiplet
TAGCAGTCATGACAGT-1,29691,337,Multiplet
TAGCATTAGTATCTGG-1,11552,418,Multiplet
TAGCCAATCGAAGGGC-1,902,29,GRCh38
TAGCCACAGCTGGGAA-1,3164,46,GRCh38
TAGCCACAGGTACCAC-1,1256,26,GRCh38
TAGCCACAGGTGCATC-1,24427,571,Multiplet
TAGCCACAGTCAGTAT-1,917,45,GRCh38
TAGCCAGCAACTGGGC-1,26095,436,Multiplet
TAGCCAGCACCTTCCC-1,1113,555,GRCh38
TAGCCAGCAGGATTCG-1,18537,296,Multiplet
TAGCCCAGTAGGTTGA-1,2231,38,GRCh38
TAGCCCAGTGCGAGAT-1,14019,223,Multiplet
TAGCCCTCAAACTCAA-1,35647,315,Multiplet
TAGCCCTCAAATGCCG-1,14673,454,Multiplet
TAGCCCTCAACTGTCC-1,89197,185,Multiplet
TAGCCCTCACAACCTC-1,3207,86,GRCh38
TAGCCCTCACTATGAA-1,20018,196,Multiplet
TAGCCCTCAGCCAGTA-1,8451,165,Multiplet
TAGCCCTCAGGATAGA-1,18930,177,Multiplet
TAGCCTGGTTATGCAC-1,5022,146,Multiplet
TAGCCTGGTTCGCCTT-1,8257,131,GRCh38
TAGCGAAGTCAACTCG-1,19295,306,Multiplet
TAGCGAAGTGAACCAA-1,6633,238,Multiplet
TAGCGAAGTTGCGAGG-1,17274,203,Multiplet
TAGCGAAGTTGCTATA-1,10349,136,Multiplet
TAGCGGTTCACAGCGT-1,730,32,GRCh38
TAGCGGTTCATAGACT-1,15043,140,Multiplet
TAGCGGTTCCGCACTC-1,1018,672,GRCh38
TAGCGGTTCGCTAGAC-1,4534,121,GRCh38
TAGCGGTTCTGTCTAC-1,13081,129,GRCh38
TAGCTAGTCAGCATTG-1,2978,171,Multiplet
TAGCTAGTCATCATCC-1,672,54,GRCh38
TAGCTCAAGAAGCGAT-1,7035,1123,Multiplet
TAGCTCAAGCTGGTAC-1,24229,228,Multiplet
TAGCTCAAGGATTGAA-1,87840,166,Multiplet
TAGCTCAAGGTGCATC-1,10526,237,Multiplet
TAGCTCAAGTAAGGGT-1,12057,124,GRCh38
TAGCTCAAGTTGCGTA-1,29946,237,Multiplet
TAGCTCCCAACCTTCA-1,4186,75,GRCh38
TAGCTCCCAAGTAGAG-1,2124,234,Multiplet
TAGCTCCCACTTCGAC-1,21264,880,Multiplet
TAGCTGATCCCATAGA-1,9028,149,Multiplet
TAGCTGATCTAACCAG-1,1141,15,GRCh38
TAGCTTGAGCGAGACA-1,14579,262,Multiplet
TAGGACTCACTTAGCC-1,21742,214,Multiplet
TAGGACTCATAAGCTA-1,32300,335,Multiplet
TAGGAGTAGTATCTCC-1,14358,145,Multiplet
TAGGAGTAGTGTCCTT-1,636,28,GRCh38
TAGGCAAGTTTAAGCC-1,1679,842,Multiplet
TAGGCCACACTATGAA-1,37122,240,Multiplet
TAGGCCACATAGAGGA-1,15372,171,Multiplet
TAGGCGAAGTATCTCC-1,6906,191,Multiplet
TAGGCTGCACAACGTG-1,16964,153,Multiplet
TAGGCTGCACCATTGC-1,6568,177,Multiplet
TAGGCTGCATGGTGTG-1,10156,193,Multiplet
TAGGCTTGTAACGCAA-1,280,769,mm10
TAGGCTTGTAGTGCAA-1,1488,42,GRCh38
TAGGCTTGTCTCCAAG-1,16209,148,Multiplet
TAGGCTTGTTAAGCTC-1,13566,97,GRCh38
TAGGCTTGTTGAGGCG-1,31282,204,Multiplet
TAGGCTTGTTGCTGGC-1,15472,173,Multiplet
TAGGGCTTCCTTCCAG-1,39448,340,Multiplet
TAGGGCTTCTAGTCTC-1,9936,111,GRCh38
TAGGGGATCCGTCAGG-1,1090,18,GRCh38
TAGGGGATCCGTGTCC-1,19010,640,Multiplet
TAGGGGATCGTCTCCA-1,32323,296,Multiplet
TAGGGTAGTTGACGGG-1,21029,484,Multiplet
TAGGGTGAGCATTACG-1,18908,316,Multiplet
TAGGGTGAGGCGTTCG-1,18398,225,Multiplet
TAGGGTGAGTATGGAA-1,26656,270,Multiplet
TAGGGTTCACTAGCCT-1,4164,323,Multiplet
TAGGGTTCAGCTCAAG-1,7112,299,Multiplet
TAGGTAGGTCAGGCAG-1,8530,171,Multiplet
TAGGTAGGTGCGTACC-1,16415,292,Multiplet
TAGGTAGGTTAGTTCA-1,5356,277,Multiplet
TAGGTAGGTTCGTAGT-1,49109,330,Multiplet
TAGGTCATCGCGCAAT-1,161,624,mm10
TAGGTCATCGTGCCGA-1,2474,149,Multiplet
TAGGTCATCTGGATAT-1,16879,222,Multiplet
TAGGTGAGTAATCCAC-1,5183,82,GRCh38
TAGGTGAGTCTGTGAT-1,16180,173,Multiplet
TAGGTGAGTGATAGCA-1,32714,235,Multiplet
TAGGTGGAGAACGACG-1,17402,128,GRCh38
TAGGTGGAGGTGCGAA-1,17356,145,Multiplet
TAGGTTACACTATCCA-1,2429,43,GRCh38
TAGGTTTAGGTGAGTG-1,49484,348,Multiplet
TAGTACCGTTCGTCTC-1,5231,151,Multiplet
TAGTACCGTTTGGTAC-1,2966,136,Multiplet
TAGTAGCCAACCGGAC-1,23970,396,Multiplet
TAGTCAACAAACCCGA-1,16003,156,Multiplet
TAGTCCCCAAGTCCCT-1,2667,270,Multiplet
TAGTCCCCAATAGTGC-1,15611,241,Multiplet
TAGTCCCCACTATATC-1,7703,83,GRCh38
TAGTCCCCAGGATCAT-1,25316,265,Multiplet
TAGTCCTTCAGCACCG-1,19105,450,Multiplet
TAGTCCTTCCAACTTC-1,657,398,GRCh38
TAGTCCTTCCATCGTT-1,53306,303,Multiplet
TAGTCCTTCCATGCAA-1,25555,253,Multiplet
TAGTCCTTCCTTGACT-1,11401,473,Multiplet
TAGTCCTTCTGGCAAC-1,3292,88,GRCh38
TAGTGAGGTTTACAGC-1,23651,245,Multiplet
TAGTGCATCATGGCAC-1,848,84,GRCh38
TAGTGCATCGCTGACG-1,21962,218,Multiplet
TAGTGGCTCATCTCTA-1,16827,218,Multiplet
TAGTGGGAGCGAGTTC-1,18581,188,Multiplet
TAGTGTTAGCAACTCA-1,29843,210,Multiplet
TAGTGTTAGCGAGTGA-1,1038,961,GRCh38
TAGTGTTAGGCAAGGC-1,3792,157,Multiplet
TAGTGTTAGTGGGTTC-1,1975,71,GRCh38
TAGTTAGCAAACTTGA-1,10941,140,Multiplet
TAGTTCCTCGTGCATA-1,2003,214,Multiplet
TAGTTCCTCTAAGTCG-1,42206,422,Multiplet
TAGTTCTCAAATGCAC-1,584,97,GRCh38
TAGTTCTCAACATAGC-1,35363,296,Multiplet
TAGTTCTCAACCTTCA-1,21478,283,Multiplet
TAGTTCTCAAGGTGAA-1,78217,248,Multiplet
TAGTTCTCACTTAGGG-1,449,974,mm10
TAGTTTCCAAGCATCG-1,35664,358,Multiplet
TAGTTTCCACTATATC-1,16238,156,Multiplet
TAGTTTCCATTAGCAA-1,19241,300,Multiplet
TAGTTTGGTCAGCTTG-1,281,181,GRCh38
TAGTTTGGTTCGCTAG-1,557,40,GRCh38
TATACAGCAGGATAGA-1,2701,115,GRCh38
TATACCCTCGATGAGG-1,12776,172,Multiplet
TATACCTCAAATCGCG-1,7144,497,Multiplet
TATACCTCAAGCGCAC-1,1551,46,GRCh38
TATACCTCACAAGCGC-1,80455,145,Multiplet
TATACCTCACAGGACC-1,3368,36,GRCh38
TATACCTCACCAACGA-1,2925,40,GRCh38
TATACGTAGCATCAAT-1,13395,154,Multiplet
TATACGTAGTCATCGA-1,7380,371,Multiplet
TATACTGGTCATTGGT-1,30838,265,Multiplet
TATAGGCCAATAGAGG-1,11999,110,GRCh38
TATAGGCCACATTAGA-1,8916,154,Multiplet
TATAGGGGTAACTCTA-1,13351,323,Multiplet
TATAGGGGTTAACGTC-1,1339,39,GRCh38
TATAGGGGTTAACTGC-1,6221,594,Multiplet
TATAGGGGTTCATCCC-1,27008,337,Multiplet
TATAGGGGTTGCTGGC-1,9301,157,Multiplet
TATAGGTTCATGGTTG-1,21522,293,Multiplet
TATAGGTTCTAAGCCA-1,24577,276,Multiplet
TATAGTCAGCCGCACA-1,22591,198,Multiplet
TATATCCCAATCCGCT-1,535,140,GRCh38
TATATCCCACCTCGAT-1,43557,363,Multiplet
TATATCCCAGGACTGC-1,20796,257,Multiplet
TATATCCCATTGGCGA-1,14666,88,GRCh38
TATCACCTCACCTAAG-1,24217,273,Multiplet
TATCACCTCAGGCTAC-1,22091,218,Multiplet
TATCACCTCGTTCGGG-1,9909,124,GRCh38
TATCAGGTCCCAGGAT-1,16573,171,Multiplet
TATCAGGTCGACCGTG-1,4792,58,GRCh38
TATCAGGTCGTTCGTT-1,87,579,mm10
TATCAGTAGTTGGATT-1,31033,230,Multiplet
TATCATCCACTTCGGT-1,3540,163,Multiplet
TATCATCCAGTAAGCT-1,1089,434,GRCh38
TATCATCCATCCTATG-1,1394,46,GRCh38
TATCATCCATGAAGCT-1,29638,444,Multiplet
TATCATCCATGACAGT-1,9060,117,GRCh38
TATCATGGTATGGATG-1,296,185,GRCh38
TATCATGGTGGCGTCT-1,19457,246,Multiplet
TATCCAAGTGAGCATA-1,13733,325,Multiplet
TATCCAAGTTCAAGCT-1,46466,271,Multiplet
TATCCATCAAGCTCTC-1,43912,329,Multiplet
TATCCATCACATAGAC-1,9618,399,Multiplet
TATCCATCATCACGCT-1,1522,205,Multiplet
TATCCCACAGGACAGG-1,1364,28,GRCh38
TATCCGCCAAGGGCAG-1,9568,938,Multiplet
TATCCGCCATAATCTC-1,5760,87,GRCh38
TATCCGCCATTAGTGA-1,1057,85,GRCh38
TATCCGCCATTCGTTG-1,5049,19,GRCh38
TATCCGGGTGCAACTT-1,20139,266,Multiplet
TATCCGGGTTGACTGT-1,63547,346,Multiplet
TATCCGTTCGACTGCG-1,8598,150,Multiplet
TATCCTTGTAGTGCGG-1,13436,127,GRCh38
TATCGCTTCCTCTATA-1,9647,73,GRCh38
TATCGCTTCCTTCAGT-1,627,66,GRCh38
TATCGCTTCGATAGTT-1,716,20,GRCh38
TATCGCTTCTATCTCA-1,16501,185,Multiplet
TATCGCTTCTTGACTC-1,24694,200,Multiplet
TATCGGGCAACTGTCC-1,1320,31,GRCh38
TATCGGGCACTTAATC-1,11125,134,Multiplet
TATCGGGCAGGAACCC-1,13132,174,Multiplet
TATCGTAGTATTAGGG-1,739,1444,mm10
TATCGTAGTGAGTGAC-1,16526,128,GRCh38
TATCTCATCAGGTCCG-1,18587,178,Multiplet
TATCTCATCCGCCACT-1,23461,189,Multiplet
TATCTCATCCTTCGCA-1,913,53,GRCh38
TATCTGCTCACATTGG-1,30831,282,Multiplet
TATCTGCTCCATAGGC-1,1758,86,GRCh38
TATCTGCTCCGGAACT-1,19165,191,Multiplet
TATCTGCTCGAAGCCT-1,5504,207,Multiplet
TATCTTGTCAGCAGGA-1,9373,98,GRCh38
TATCTTGTCAGGAACG-1,22385,217,Multiplet
TATCTTGTCATGGTAT-1,42703,314,Multiplet
TATCTTGTCTAAGCAT-1,20379,225,Multiplet
TATGACTAGCAAGGGC-1,24224,258,Multiplet
TATGAGAAGAATCCTG-1,103374,144,Multiplet
TATGAGAAGTGAACCC-1,16084,304,Multiplet
TATGAGGGTCCATTAA-1,7875,64,GRCh38
TATGAGGGTGAGATCA-1,29321,269,Multiplet
TATGAGGGTTAGCAGA-1,2875,42,GRCh38
TATGATGCAACTACTT-1,13951,174,Multiplet
TATGATGCACTCAACC-1,26902,199,Multiplet
TATGATGCAGTTAGGT-1,21932,428,Multiplet
TATGCAACAAATGGAG-1,11623,128,GRCh38
TATGCAACATGCGTAG-1,18545,415,Multiplet
TATGCCCCACTAGTCC-1,1123,108,GRCh38
TATGCCCCAGGCATTG-1,30242,294,Multiplet
TATGCCCCATTACCCA-1,70,132,mm10
TATGCTAGTTCCCTTA-1,2495,104,GRCh38
TATGGCCAGGAACCGA-1,15079,285,Multiplet
TATGGCCAGGTTGGTC-1,816,216,GRCh38
TATGGCGCAAACTTAG-1,728,30,GRCh38
TATGGCGCACAACCTC-1,5926,162,Multiplet
TATGGCTGTGGCCAGA-1,55142,487,Multiplet
TATGGCTGTTATGGGA-1,15080,190,Multiplet
TATGGCTGTTGGAGAC-1,12186,201,Multiplet
TATGGGTCAGCTAACG-1,5909,481,Multiplet
TATGGGTCAGGCTACA-1,15668,1379,Multiplet
TATGGTTAGATTCGAT-1,9669,182,Multiplet
TATGGTTAGCAATGAA-1,9783,169,Multiplet
TATGGTTAGGAGCTGA-1,42902,296,Multiplet
TATGGTTAGGTGAGGC-1,11523,217,Multiplet
TATGTCAGTGCAGCTC-1,3402,60,GRCh38
TATGTCAGTTGTCCTC-1,4431,87,GRCh38
TATGTTGGTAGGTGAC-1,1380,154,Multiplet
TATGTTGGTTACTGCG-1,80572,274,Multiplet
TATGTTGGTTAGTGTC-1,35551,258,Multiplet
TATGTTGGTTGGGCAG-1,11392,99,GRCh38
TCAAACTAGAAGCTGG-1,9701,228,Multiplet
TCAAACTAGCATATCG-1,25121,327,Multiplet
TCAAAGCCAATTCGTT-1,34,146,mm10
TCAAAGCCACCATAGG-1,78659,292,Multiplet
TCAAAGCCAGCTCTGT-1,17977,245,Multiplet
TCAAAGCCATTAACTC-1,24864,258,Multiplet
TCAAATGCATAAGGGA-1,1558,86,GRCh38
TCAAATGCATTGGAAC-1,5473,104,GRCh38
TCAACATAGTAATGAG-1,4120,385,Multiplet
TCAACATAGTCTAGGC-1,3637,48,GRCh38
TCAACCAAGAAGCCCT-1,17532,297,Multiplet
TCAACCAAGTGAACTT-1,6128,127,GRCh38
TCAACCTTCAGCAACC-1,1253,65,GRCh38
TCAACCTTCATGCAGC-1,50264,829,Multiplet
TCAACCTTCCTGATCT-1,6963,457,Multiplet
TCAACCTTCTCATCAC-1,11323,300,Multiplet
TCAACTGAGTAGGGCA-1,13568,171,Multiplet
TCAACTGAGTCATACG-1,8844,287,Multiplet
TCAATCCTCGTTCCAT-1,9167,118,GRCh38
TCAATCTCAAACTCAA-1,6051,134,Multiplet
TCAATCTCATGCTCAC-1,22915,207,Multiplet
TCAATGGTCTAAGCGC-1,796,76,GRCh38
TCAATTGGTAATCGGA-1,17463,130,GRCh38
TCAATTGGTTCGCCTT-1,29116,122,GRCh38
TCACAATAGAACGAAC-1,12199,155,Multiplet
TCACAATAGAAGCGAT-1,6098,402,Multiplet
TCACAATAGGAATGAC-1,10037,149,Multiplet
TCACACCCAAGCCAAT-1,5794,148,Multiplet
TCACAGGCAAGTAGTC-1,35018,309,Multiplet
TCACAGGCACCTTAAT-1,13717,129,GRCh38
TCACAGGCATCAATCT-1,19824,134,Multiplet
TCACATGAGCCCTTGC-1,86,1077,mm10
TCACATGAGGAATTGA-1,17028,247,Multiplet
TCACATGAGTTACGAT-1,24600,207,Multiplet
TCACATTCAAACTCGG-1,275,491,mm10
TCACATTCAAGGGCAG-1,4829,156,Multiplet
TCACATTCAATTGACA-1,41100,284,Multiplet
TCACATTCATCGACCT-1,1617,140,Multiplet
TCACCAAAGGAGGCGT-1,38556,451,Multiplet
TCACCATTCACTTCGT-1,843,31,GRCh38
TCACCATTCGATGCCG-1,13540,229,Multiplet
TCACCCGCAAGCACTG-1,42715,585,Multiplet
TCACCCGCAATTGGCG-1,3268,430,Multiplet
TCACCCTGTAACTGTC-1,14553,138,Multiplet
TCACCCTGTGGCCTGT-1,6287,82,GRCh38
TCACCCTGTTAGCGAA-1,16259,188,Multiplet
TCACCCTGTTATATCG-1,9813,171,Multiplet
TCACCCTGTTATCTCT-1,1708,509,Multiplet
TCACCCTGTTCACCGA-1,664,96,GRCh38
TCACCGCTCACGCATA-1,9961,195,Multiplet
TCACCGCTCCCTTGAT-1,13723,214,Multiplet
TCACGAATCGCTTCCA-1,40553,395,Multiplet
TCACGAATCTGTCACT-1,7155,38,GRCh38
TCACGACAGCGAGTGA-1,50774,430,Multiplet
TCACGACAGTGTCATG-1,35792,416,Multiplet
TCACGATGTGCGATGG-1,6168,290,Multiplet
TCACGATGTTAAGTCC-1,1235,135,GRCh38
TCACGCCTCACTATCC-1,19488,258,Multiplet
TCACGGACAAGGTTAC-1,2428,159,Multiplet
TCACGGACAGCCAGAC-1,10214,210,Multiplet
TCACGGACATAAGGTC-1,14265,1576,Multiplet
TCACGGGTCCCGCACT-1,13603,186,Multiplet
TCACGGGTCCGTTGGG-1,44186,322,Multiplet
TCACGGGTCGTGATGC-1,11421,157,Multiplet
TCACGTAAGTCGAGAG-1,256,602,mm10
TCACGTTTCACGTGTA-1,16566,208,Multiplet
TCACGTTTCCTTCATA-1,19868,170,Multiplet
TCACGTTTCTGGATTG-1,553,31,GRCh38
TCACTCACACTAGGAT-1,868,29,GRCh38
TCACTCACATTAGTCT-1,5207,351,Multiplet
TCACTCCGTGGCGCTT-1,14917,213,Multiplet
TCACTGTTCGTACTAG-1,397,144,GRCh38
TCACTGTTCTAGTAAC-1,20890,245,Multiplet
TCACTTATCCATGCAA-1,997,28,GRCh38
TCACTTATCTGTAAGT-1,16438,275,Multiplet
TCACTTGCATGGTCTC-1,925,156,GRCh38
TCAGAGGAGGAGGTAT-1,32270,422,Multiplet
TCAGAGGAGGAGTAAC-1,10816,424,Multiplet
TCAGATTAGATTCACG-1,14636,173,Multiplet
TCAGATTAGGAGGTAT-1,663,16,GRCh38
TCAGCAATCATGGCAC-1,615,49,GRCh38
TCAGCAATCTGGGCTG-1,317,303,GRCh38
TCAGCATGTTCTGGGC-1,2537,75,GRCh38
TCAGCCAGTTGACGTT-1,14902,138,Multiplet
TCAGCCAGTTGACTCG-1,8628,121,GRCh38
TCAGCCAGTTGCCTTC-1,25293,265,Multiplet
TCAGCGCGTGAGCACG-1,4008,256,Multiplet
TCAGCTAAGGTTACGC-1,11467,992,Multiplet
TCAGCTAAGTCGACCG-1,18571,301,Multiplet
TCAGCTGGTGGACCGA-1,2303,774,Multiplet
TCAGGTCAGCCTGTAA-1,385,548,mm10
TCAGGTCAGCGGTCAT-1,1105,36,GRCh38
TCAGTAACACCATCCG-1,391,181,GRCh38
TCAGTAACACTAAGGT-1,1209,26,GRCh38
TCAGTAACAGTTGGCA-1,1571,51,GRCh38
TCAGTAACATCGGGAC-1,14076,218,Multiplet
TCAGTAGTCCATAGAT-1,269,571,mm10
TCAGTAGTCCTCACGC-1,10171,102,GRCh38
TCAGTCAAGCGAGTCT-1,15338,254,Multiplet
TCAGTCAAGCTGGTTA-1,8853,163,Multiplet
TCAGTCAAGTGATCCA-1,25678,208,Multiplet
TCAGTTAGTGGAGCAT-1,14665,185,Multiplet
TCAGTTAGTTAAGCAG-1,682,17,GRCh38
TCAGTTGAGGTATCCA-1,27087,192,Multiplet
TCATAACAGAAGGTCG-1,15769,319,Multiplet
TCATAACAGTAATGGA-1,5020,164,Multiplet
TCATAGGTCACCCTTG-1,975,33,GRCh38
TCATAGGTCCCGCGAA-1,1617,78,GRCh38
TCATAGTAGCTAACGC-1,850,839,GRCh38
TCATAGTAGTACGGCT-1,26508,368,Multiplet
TCATAGTAGTTGCGGT-1,40945,381,Multiplet
TCATATGGTATGGACA-1,49184,330,Multiplet
TCATATGGTGGCTGCT-1,78649,267,Multiplet
TCATCAAGTTATCACA-1,12467,663,Multiplet
TCATCATCACCTGGAA-1,31509,267,Multiplet
TCATCATCACTCAGGA-1,34149,265,Multiplet
TCATCATCATGAAGTC-1,23637,285,Multiplet
TCATCGAAGCGAGGTA-1,1219,19,GRCh38
TCATCGAAGGCAAGTG-1,3736,78,GRCh38
TCATCGCCACATTACT-1,12099,166,Multiplet
TCATCGTTCCATAGCA-1,5524,275,Multiplet
TCATCGTTCGAAGCCT-1,17225,132,Multiplet
TCATCGTTCGTACCTT-1,15762,160,Multiplet
TCATGCTTCCCGTAGG-1,22301,235,Multiplet
TCATGCTTCCGCCTTA-1,33745,274,Multiplet
TCATGGATCAGGTTGC-1,10301,199,Multiplet
TCATGGATCGTTACCT-1,1449,24,GRCh38
TCATGGGCAACCCTGT-1,29842,250,Multiplet
TCATGTGAGCCACGCA-1,40981,243,Multiplet
TCATGTGAGCCCGTGA-1,15791,201,Multiplet
TCATGTGAGCTTCCGC-1,46469,754,Multiplet
TCATGTGAGGATTGCC-1,10853,162,Multiplet
TCATGTTCAATCCCTA-1,1833,90,GRCh38
TCATTAGGTGAGTGAC-1,13890,192,Multiplet
TCATTAGGTTGGTCAT-1,20777,261,Multiplet
TCATTAGGTTGTAGCT-1,7295,136,Multiplet
TCATTCATCACCCTTG-1,11991,441,Multiplet
TCATTCATCCCATTAC-1,7181,219,Multiplet
TCATTCATCTAATGGT-1,15577,190,Multiplet
TCATTCGCAAGCTTCC-1,42056,305,Multiplet
TCATTCGCACCTTAGC-1,36406,285,Multiplet
TCATTCGCAGCTATCC-1,2040,60,GRCh38
TCATTCGCATGGAACT-1,24266,516,Multiplet
TCATTGCTCATCAGTG-1,10779,120,GRCh38
TCATTGCTCGACATTG-1,40368,370,Multiplet
TCATTGCTCGTAATGT-1,14903,194,Multiplet
TCATTGCTCTAGCCTT-1,26837,288,Multiplet
TCCAACCCAATTGGTA-1,37496,415,Multiplet
TCCAACCCATTAAGCA-1,1409,62,GRCh38
TCCAACTTCACTGGGT-1,15052,255,Multiplet
TCCAACTTCGATTCCT-1,19491,313,Multiplet
TCCAACTTCGCGCCTT-1,39979,539,Multiplet
TCCAAGGCATCCATAT-1,23583,202,Multiplet
TCCAATAGTAGCCCGT-1,8480,121,GRCh38
TCCAATAGTTAGCCTG-1,3971,132,Multiplet
TCCAATAGTTGCTTCC-1,4166,180,Multiplet
TCCAATGAGATTGCTG-1,7783,98,GRCh38
TCCAATGAGCATGCGT-1,32990,257,Multiplet
TCCAATGAGTTAGTCG-1,19801,587,Multiplet
TCCAATTCAAGGGCAG-1,41548,345,Multiplet
TCCAATTCAATACTGA-1,1088,48,GRCh38
TCCAATTCATTGGCGA-1,7523,251,Multiplet
TCCACACCACTAGGCA-1,7210,151,Multiplet
TCCACACCATGGTCGA-1,17852,223,Multiplet
TCCACACCATTCGGCT-1,20194,301,Multiplet
TCCACATTCATGCACA-1,1086,57,GRCh38
TCCACATTCATGGTCA-1,17264,175,Multiplet
TCCACATTCCATGCGG-1,4648,831,Multiplet
TCCACCATCGATATGT-1,2095,178,Multiplet
TCCACCGCAGCATGGC-1,760,54,GRCh38
TCCACCTGTAGCGGAT-1,33862,247,Multiplet
TCCACCTGTTCGTGAT-1,21294,363,Multiplet
TCCACTTAGTTGGTTG-1,7039,70,GRCh38
TCCAGCTCAACTGCGA-1,974,45,GRCh38
TCCAGCTCACCACAGA-1,7592,94,GRCh38
TCCAGCTCATCCTTGA-1,41407,465,Multiplet
TCCAGGCGTGCAGGCA-1,27398,287,Multiplet
TCCAGGCGTTGCTCAG-1,1368,229,Multiplet
TCCAGGTAGGGTCTAC-1,9506,761,Multiplet
TCCAGTAAGCAAGCCT-1,5712,323,Multiplet
TCCAGTTTCACCATGA-1,12220,344,Multiplet
TCCAGTTTCCCGGCTT-1,55280,419,Multiplet
TCCAGTTTCCTGATGA-1,20139,265,Multiplet
TCCAGTTTCGATAGGG-1,65904,183,Multiplet
TCCAGTTTCGATTAAC-1,1042,144,GRCh38
TCCAGTTTCTGTCTAC-1,12877,156,Multiplet
TCCATAAGTTGTGATC-1,5238,131,GRCh38
TCCATCACACAATCCC-1,27138,547,Multiplet
TCCATCACACCAGCAA-1,60962,573,Multiplet
TCCATCACACTACCCG-1,36219,363,Multiplet
TCCATCACACTATGCC-1,4779,74,GRCh38
TCCATCACATGGTCTC-1,872,126,GRCh38
TCCATGAAGCGAACTC-1,20034,156,Multiplet
TCCATGAAGGTTCGTA-1,12755,1035,Multiplet
TCCATGAAGTGCCGAT-1,15750,142,Multiplet
TCCATTCAGCCAACCG-1,59591,383,Multiplet
TCCATTCAGCTACTCT-1,12377,337,Multiplet
TCCATTCAGGTCATGC-1,1085,1558,mm10
TCCATTCAGTAACGAA-1,1850,184,Multiplet
TCCATTCAGTAATCGT-1,997,237,GRCh38
TCCATTGCAAGTAGAG-1,26917,213,Multiplet
TCCATTGCACTATGAA-1,2273,165,Multiplet
TCCATTGCAGCTAAGT-1,15508,155,Multiplet
TCCCAACCAACCAGCA-1,35069,247,Multiplet
TCCCAACCAATGCCAG-1,29233,277,Multiplet
TCCCAACCACCTATCA-1,37550,231,Multiplet
TCCCAACCACTATCAT-1,15010,234,Multiplet
TCCCAAGGTAAGGACC-1,16993,275,Multiplet
TCCCAAGGTCAATCGT-1,707,98,GRCh38
TCCCAAGGTCTAGGTT-1,4909,166,Multiplet
TCCCAATTCTGGCTAA-1,19580,397,Multiplet
TCCCACGCACAGGGTC-1,40412,285,Multiplet
TCCCACGCACATTACT-1,21531,309,Multiplet
TCCCACGCATTACCTG-1,686,827,mm10
TCCCAGCTCCATATCC-1,23038,426,Multiplet
TCCCAGCTCCTTCGCA-1,23991,228,Multiplet
TCCCATTAGTGAAGCG-1,14498,181,Multiplet
TCCCATTAGTGCAAGG-1,16817,965,Multiplet
TCCCCAATCACTATCC-1,10596,77,GRCh38
TCCCCAGCAATCTCTG-1,37169,161,Multiplet
TCCCCAGCATCGAAGT-1,38469,265,Multiplet
TCCCCTAAGATTAGAG-1,11055,187,Multiplet
TCCCCTAAGCCATAGC-1,13449,205,Multiplet
TCCCCTGGTGAGATTG-1,2424,137,Multiplet
TCCCCTGGTGGCTCGT-1,44767,288,Multiplet
TCCCCTGGTTCGCGTA-1,4705,169,Multiplet
TCCCGAAGTTGCAATC-1,7385,123,GRCh38
TCCCGATCAAATCGAC-1,14784,184,Multiplet
TCCCGATCATAATCAG-1,11728,285,Multiplet
TCCCGATCATCCTTGA-1,2126,59,GRCh38
TCCCGTTGTATAGCCT-1,3821,47,GRCh38
TCCCGTTGTGCAAGCG-1,15822,182,Multiplet
TCCCGTTGTGGACACG-1,8927,206,Multiplet
TCCCGTTGTTTCCTTG-1,10618,368,Multiplet
TCCCTAACACTAGGCA-1,20573,620,Multiplet
TCCCTAACACTATCGC-1,43304,326,Multiplet
TCCCTAACAGCAGGAG-1,9951,157,Multiplet
TCCCTAGTCAGCTACA-1,1087,1171,mm10
TCCCTAGTCAGGCATC-1,44945,496,Multiplet
TCCCTAGTCCGCGTCT-1,13229,237,Multiplet
TCCCTCAAGATACTCG-1,8151,219,Multiplet
TCCCTCAAGGTGATGG-1,30822,299,Multiplet
TCCCTCAAGTAACCTG-1,9816,255,Multiplet
TCCCTGATCACAGAGG-1,996,52,GRCh38
TCCCTGATCAGGGACA-1,5364,390,Multiplet
TCCCTGATCATCTGGA-1,46475,304,Multiplet
TCCCTGATCCGCAGTG-1,1371,142,Multiplet
TCCCTGATCGCGTCCT-1,52124,337,Multiplet
TCCCTTAGTGGAGCTG-1,5516,105,GRCh38
TCCCTTAGTTGTCCGA-1,35830,242,Multiplet
TCCCTTGAGGCGAGTA-1,11056,230,Multiplet
TCCCTTGAGGCTCTGG-1,9757,135,Multiplet
TCCTAGAAGGATAGTA-1,6090,114,GRCh38
TCCTATATCAATGTCG-1,59276,392,Multiplet
TCCTATATCACCAGTA-1,35562,354,Multiplet
TCCTATATCACCTCGC-1,12388,289,Multiplet
TCCTATATCCCGCTTA-1,18789,211,Multiplet
TCCTATATCCTTCAAC-1,24778,409,Multiplet
TCCTATTGTGCAGCTC-1,737,86,GRCh38
TCCTATTGTTGGCGAG-1,26743,205,Multiplet
TCCTCAACACAGGCAC-1,834,934,mm10
TCCTCAACATGGTAAC-1,17785,139,Multiplet
TCCTCGATCACCTGCC-1,12679,143,Multiplet
TCCTCGATCCAACCGG-1,91174,280,Multiplet
TCCTCGATCCAGCAAC-1,1285,152,GRCh38
TCCTCGATCCATCGAA-1,13102,243,Multiplet
TCCTCTTCAAGCTAGT-1,22666,355,Multiplet
TCCTCTTCACCTGCCA-1,1257,20,GRCh38
TCCTGACCACCACATC-1,6568,464,Multiplet
TCCTGACCAGTAAGCT-1,8588,301,Multiplet
TCCTGACCATCCTTAG-1,18061,211,Multiplet
TCCTGCATCACTAGCA-1,8145,172,Multiplet
TCCTGCATCCTCTCCT-1,20587,239,Multiplet
TCCTGCATCGCGACTG-1,24957,245,Multiplet
TCCTGCATCGTGCCAG-1,10090,138,Multiplet
TCCTGCATCTAATGGT-1,1719,165,Multiplet
TCCTGCATCTGTGGCG-1,11588,182,Multiplet
TCCTGGTCATTAGCTT-1,25274,301,Multiplet
TCCTGTTAGCTAATGT-1,37651,265,Multiplet
TCCTTAATCAGTAGCC-1,4668,750,Multiplet
TCCTTCCTCCTTCGAT-1,21589,319,Multiplet
TCCTTCTCAACGGGTC-1,4359,168,Multiplet
TCCTTGGTCACATAGT-1,4851,178,Multiplet
TCCTTGGTCAGGGAAT-1,9689,48,GRCh38
TCCTTGGTCAGTAATC-1,21204,308,Multiplet
TCCTTGGTCATATCCC-1,3459,102,GRCh38
TCCTTGGTCATCGTCT-1,16614,1321,Multiplet
TCCTTGGTCCCCATGC-1,1964,2098,Multiplet
TCCTTTGGTAAGTCCT-1,3885,161,Multiplet
TCCTTTGGTCCATATA-1,2312,2348,Multiplet
TCCTTTGGTGAACCAA-1,21045,203,Multiplet
TCCTTTGGTGCGCGAA-1,6478,95,GRCh38
TCGAATGTCATGTCTC-1,10367,190,Multiplet
TCGAATGTCCATTCCG-1,1856,340,Multiplet
TCGAATGTCCGCTAGG-1,56,125,mm10
TCGAATGTCCTCGATT-1,12424,490,Multiplet
TCGAATGTCCTCTCAG-1,2704,37,GRCh38
TCGAATGTCGTTGCCC-1,284,211,GRCh38
TCGAATTAGAATCGCC-1,33930,712,Multiplet
TCGAATTAGATTAGGA-1,10389,135,Multiplet
TCGAATTAGCCCTACC-1,11991,225,Multiplet
TCGAATTAGCCCTGCT-1,6277,1135,Multiplet
TCGACACAGGCGTACT-1,222,1875,mm10
TCGACACAGGTATCGC-1,2766,99,GRCh38
TCGACCAGTGAACTAG-1,12597,702,Multiplet
TCGACCAGTGGAGCAT-1,12525,98,GRCh38
TCGACCTCACTAGGTG-1,4290,136,Multiplet
TCGACCTCAGCTCTCG-1,15233,201,Multiplet
TCGACCTCATCCATCA-1,9921,171,Multiplet
TCGACGTAGCGCTGAT-1,46,258,mm10
TCGACGTAGTCGCTGG-1,5596,148,Multiplet
TCGACTAAGCCTATCT-1,43989,454,Multiplet
TCGACTAAGGGTCACT-1,16543,221,Multiplet
TCGACTGGTCATTCCC-1,5449,262,Multiplet
TCGACTGGTTCCCAAG-1,28183,284,Multiplet
TCGAGGTTCTCATCGT-1,7393,158,Multiplet
TCGATAGTCAATTAGC-1,21868,94,GRCh38
TCGATAGTCACTTCCG-1,57026,428,Multiplet
TCGATAGTCCAGGTAC-1,2133,48,GRCh38
TCGATAGTCCCTCATG-1,2125,115,GRCh38
TCGATAGTCGAATTAC-1,5074,220,Multiplet
TCGATATAGCGAAGCA-1,11876,205,Multiplet
TCGATATAGTATGTAC-1,1270,42,GRCh38
TCGATCAAGGTCCCGA-1,611,40,GRCh38
TCGATTAGTTAGCTCG-1,7473,110,GRCh38
TCGATTAGTTTGAGCT-1,17117,252,Multiplet
TCGATTTCACCATACC-1,760,133,GRCh38
TCGATTTCATGACTAA-1,6967,193,Multiplet
TCGCAAATCAGCTCGG-1,1241,512,GRCh38
TCGCAAATCGTCTCCA-1,6581,151,Multiplet
TCGCAATGTGATGCTT-1,46403,260,Multiplet
TCGCACCTCCCATTAC-1,9625,183,Multiplet
TCGCATAAGCTAACGC-1,11956,181,Multiplet
TCGCATCCAATGCGTG-1,39500,422,Multiplet
TCGCATCCATGATCCC-1,1300,332,GRCh38
TCGCATCCATTACCCA-1,33406,369,Multiplet
TCGCATGGTTGTCAGT-1,11669,186,Multiplet
TCGCATTTCTCACTCG-1,1207,37,GRCh38
TCGCCAAGTAGGTCAA-1,33084,182,Multiplet
TCGCCAAGTCAGCTCA-1,15519,146,Multiplet
TCGCCAAGTGGCGTCT-1,37,121,mm10
TCGCCAAGTTAGACTC-1,11365,231,Multiplet
TCGCCATCAATCGCCT-1,5916,48,GRCh38
TCGCCATCACCTGTCG-1,7536,450,Multiplet
TCGCCTATCATGCCAA-1,17696,148,Multiplet
TCGCCTGCACTAGTCC-1,8419,140,Multiplet
TCGCCTGCAGGACTTG-1,14568,176,Multiplet
TCGCCTTGTGCAACCC-1,22288,196,Multiplet
TCGCCTTGTTGTAAGG-1,11607,283,Multiplet
TCGCGATAGCCATCAA-1,19129,211,Multiplet
TCGCGATAGGCGTTCG-1,7646,194,Multiplet
TCGCGATAGGTAGCGA-1,1895,31,GRCh38
TCGCGATAGTCGCTGG-1,6772,101,GRCh38
TCGCGCAAGCGAGAGC-1,4855,227,Multiplet
TCGCGCAAGTACGCAC-1,28754,221,Multiplet
TCGCGCAAGTACGGTC-1,2043,140,Multiplet
TCGCGGATCCGGTGAT-1,26173,422,Multiplet
TCGCGGATCGACATCA-1,7757,413,Multiplet
TCGCTAAAGCGAAGTG-1,17040,141,Multiplet
TCGCTAGGTATGGTCT-1,15361,145,Multiplet
TCGCTAGGTGCGTGGA-1,12942,157,Multiplet
TCGCTAGGTTGTGCCA-1,18151,150,Multiplet
TCGCTCGCAACTAGGT-1,5407,196,Multiplet
TCGCTCGCATTAACGA-1,13153,136,Multiplet
TCGCTGCTCCAGCATA-1,7851,139,Multiplet
TCGCTGCTCCCTCTAG-1,14180,224,Multiplet
TCGCTGCTCCTTAGTC-1,196,666,mm10
TCGCTGCTCGCGCCTT-1,12957,190,Multiplet
TCGCTTACACATTGCC-1,16984,168,Multiplet
TCGCTTACACCACATC-1,70,150,mm10
TCGCTTGTCATGCTGA-1,1834,177,Multiplet
TCGCTTGTCCAACCGG-1,23986,362,Multiplet
TCGCTTGTCCCATAGA-1,38264,314,Multiplet
TCGCTTGTCCGCATCC-1,4071,1899,Multiplet
TCGCTTGTCCTCATAC-1,36004,241,Multiplet
TCGCTTGTCGATACGC-1,7642,214,Multiplet
TCGGCAACAAGTGCCA-1,11017,164,Multiplet
TCGGCCAAGGAGGATT-1,32852,323,Multiplet
TCGGCCAAGGTATCCA-1,4365,116,GRCh38
TCGGCCAAGTCAGGCT-1,19989,195,Multiplet
TCGGCTAGTCTCCAGA-1,11940,146,Multiplet
TCGGCTAGTGAACCGG-1,22586,274,Multiplet
TCGGCTGAGCGATAGG-1,17112,219,Multiplet
TCGGCTGAGGAGCTTC-1,11302,321,Multiplet
TCGGCTGAGGGGTCAA-1,30960,247,Multiplet
TCGGGCATCGTAACCA-1,19120,262,Multiplet
TCGGGGTCAAAGGTAG-1,28892,994,Multiplet
TCGGGGTCAACTGGCA-1,99402,150,Multiplet
TCGGGGTCACAACCCT-1,58359,285,Multiplet
TCGGGTTAGCCTCTAT-1,3269,273,Multiplet
TCGGTAATCACCCTGC-1,1353,1624,Multiplet
TCGGTAATCAGCGGTT-1,11711,147,Multiplet
TCGGTAATCCGTAATG-1,4529,411,Multiplet
TCGGTATGTGAGCCGA-1,546,147,GRCh38
TCGGTATGTGAGGACT-1,3341,60,GRCh38
TCGGTATGTGCAGTAA-1,14371,208,Multiplet
TCGGTCAGTAATGCAG-1,9935,76,GRCh38
TCGGTCAGTCAGGCGA-1,11252,135,Multiplet
TCGGTCAGTCTAGTGT-1,8906,479,Multiplet
TCGGTCAGTTTCGTCC-1,11155,1026,Multiplet
TCGGTTAAGCTACAGC-1,7485,310,Multiplet
TCGGTTGGTGAGCGAT-1,28265,288,Multiplet
TCGGTTGGTTCGCTGA-1,433,163,GRCh38
TCGTAATAGCTTCCAT-1,2996,110,GRCh38
TCGTACCCAATCGGTG-1,16500,223,Multiplet
TCGTACGGTAGCCTCA-1,46752,475,Multiplet
TCGTACGGTCAACTGT-1,4105,263,Multiplet
TCGTACGGTGATTACC-1,2688,92,GRCh38
TCGTACGGTGGCTGCT-1,268,182,GRCh38
TCGTACTTCACCAAGC-1,9505,216,Multiplet
TCGTATAGTAGTAAGT-1,1274,30,GRCh38
TCGTCAAAGCCGCATG-1,8488,182,Multiplet
TCGTCACCAACCCTAC-1,713,633,GRCh38
TCGTCACCACATAGTA-1,110,125,mm10
TCGTCATTCCTCTCGA-1,12954,132,Multiplet
TCGTCCATCCTTCGGC-1,8271,144,Multiplet
TCGTGAATCAATCACG-1,18139,178,Multiplet
TCGTGAATCACGTTGA-1,3429,44,GRCh38
TCGTGAATCCAGCATA-1,15047,154,Multiplet
TCGTGAATCCAGCTAA-1,30383,213,Multiplet
TCGTGAATCTGGTGAC-1,599,346,GRCh38
TCGTGATGTTGCACAT-1,6764,83,GRCh38
TCGTGGACACCTGCAT-1,9358,115,GRCh38
TCGTGTCCAATCCTCA-1,7438,63,GRCh38
TCGTGTCCAATCGAAC-1,1113,33,GRCh38
TCGTTAAGTAGTTGCT-1,9511,559,Multiplet
TCGTTAAGTCTCCAAG-1,41939,319,Multiplet
TCGTTAGAGATAGACA-1,17893,105,GRCh38
TCGTTAGAGGGGCTAA-1,2785,474,Multiplet
TCGTTAGAGGGTAGCA-1,46,131,mm10
TCGTTAGAGGTACGCT-1,30911,257,Multiplet
TCGTTCCGTTGTCATA-1,9661,551,Multiplet
TCGTTGAAGCCACTCC-1,13719,370,Multiplet
TCGTTGAAGCTATCGA-1,22650,207,Multiplet
TCGTTGAAGGAGCTAG-1,6929,155,Multiplet
TCGTTGAAGGAGTACG-1,1605,38,GRCh38
TCGTTGAAGTAGTCCA-1,1591,795,Multiplet
TCGTTGGGTCAATGCT-1,3294,313,Multiplet
TCGTTGGGTCCCGATA-1,16906,293,Multiplet
TCGTTTCAGTCATCAG-1,13352,120,GRCh38
TCGTTTGCAACTGTAA-1,300,127,GRCh38
TCGTTTGCAACTTCAT-1,15987,141,Multiplet
TCGTTTGCAATGTCGG-1,13554,182,Multiplet
TCGTTTGCACAGCATG-1,27618,259,Multiplet
TCGTTTGCACCACATC-1,18579,115,GRCh38
TCGTTTGCATTAGTAG-1,694,37,GRCh38
TCTAACCTCCCCATCA-1,16860,328,Multiplet
TCTAACCTCCGCTGCT-1,34145,471,Multiplet
TCTAACCTCGATGACC-1,9913,193,Multiplet
TCTAACCTCTAAGCTG-1,10968,198,Multiplet
TCTAACCTCTTGAGTG-1,25363,279,Multiplet
TCTAAGGTCACCATGA-1,5556,81,GRCh38
TCTAAGGTCACTCACT-1,9254,90,GRCh38
TCTAAGGTCACTTCGT-1,919,30,GRCh38
TCTAAGGTCCATTCGT-1,1447,34,GRCh38
TCTAATCCAATCGTCC-1,9483,214,Multiplet
TCTAATCCAGGTATGT-1,15357,148,Multiplet
TCTAATCCATTAGCGG-1,10168,153,Multiplet
TCTAATGGTTCGTGGC-1,13911,158,Multiplet
TCTACAAGTTGACTCG-1,40874,560,Multiplet
TCTACATCAACTGCCT-1,1551,102,GRCh38
TCTACATCAGCTCGAA-1,14378,163,Multiplet
TCTACGAAGATACTAC-1,17896,199,Multiplet
TCTACGAAGCATAGGG-1,3398,690,Multiplet
TCTACGAAGTAACCCA-1,55705,304,Multiplet
TCTACGGGTAAGTAGT-1,15314,178,Multiplet
TCTACGGGTCATGTGT-1,32460,307,Multiplet
TCTACGGGTCTGGTTG-1,7055,203,Multiplet
TCTACGTTCCGGATAC-1,71753,290,Multiplet
TCTACGTTCGCGTGAT-1,17361,231,Multiplet
TCTACTATCATATAGC-1,4124,163,Multiplet
TCTACTATCGCTCTCA-1,171,1696,mm10
TCTACTGCAACCCTGT-1,33313,284,Multiplet
TCTACTTGTATTGGAG-1,6699,81,GRCh38
TCTACTTGTGGCTACC-1,5120,282,Multiplet
TCTACTTGTTCCTTGC-1,17330,235,Multiplet
TCTACTTGTTGCTCAG-1,693,53,GRCh38
TCTACTTGTTGGTCAT-1,22099,216,Multiplet
TCTAGCGGTTCGTGGC-1,45580,414,Multiplet
TCTAGTGAGCCCGTTC-1,438,143,GRCh38
TCTAGTGAGCCGAGTT-1,8235,42,GRCh38
TCTAGTGAGCGGGTAA-1,11031,183,Multiplet
TCTATAGGTCAAGCAA-1,3100,108,GRCh38
TCTATAGGTCAAGGTA-1,12301,139,Multiplet
TCTATAGGTTCGTCCT-1,14026,265,Multiplet
TCTATAGGTTGCCTGA-1,932,67,GRCh38
TCTATCGCACCAACCT-1,1297,848,GRCh38
TCTATCTGTAGCGGAT-1,24499,238,Multiplet
TCTATCTGTGAGACAC-1,18495,212,Multiplet
TCTATCTGTTGCTAAC-1,771,314,GRCh38
TCTATCTGTTTGGGCC-1,14986,126,GRCh38
TCTATGAGTCTTGATA-1,22971,184,Multiplet
TCTATGCTCCAACTAG-1,11795,152,Multiplet
TCTATGCTCCGCGAAT-1,8229,145,Multiplet
TCTATGGAGATAGACA-1,11954,449,Multiplet
TCTATGGAGTCGAGGA-1,5414,101,GRCh38
TCTATGGAGTTGGGTC-1,2694,185,Multiplet
TCTATTGTCACCACGG-1,1390,44,GRCh38
TCTATTGTCAGGCTAC-1,34747,247,Multiplet
TCTATTGTCATGCCTT-1,58607,227,Multiplet
TCTATTGTCCAGATGC-1,6865,240,Multiplet
TCTCAATCACATTCGC-1,41611,372,Multiplet
TCTCAATCATTCATAC-1,26990,233,Multiplet
TCTCACTAGCGAAGGC-1,56439,398,Multiplet
TCTCACTAGCGCCTTC-1,34575,221,Multiplet
TCTCACTAGGTGCTTA-1,31469,250,Multiplet
TCTCAGCCAAGCGGTC-1,35422,303,Multiplet
TCTCATATCAGGTAGG-1,1484,34,GRCh38
TCTCATATCCGCGTAG-1,6214,145,Multiplet
TCTCATATCGATAGGG-1,15228,171,Multiplet
TCTCATATCGATGTAT-1,48182,369,Multiplet
TCTCATATCTGTGGCG-1,3142,157,Multiplet
TCTCATCAGCCCGTGA-1,1050,240,GRCh38
TCTCATCAGTCATACG-1,18733,376,Multiplet
TCTCATTGTCAGGAAC-1,68,239,mm10
TCTCATTGTTTAGCCG-1,14974,102,GRCh38
TCTCCAACATCCCGAT-1,26081,965,Multiplet
TCTCCAACATTCGGGA-1,14543,126,GRCh38
TCTCCATAGGGCTACT-1,8602,305,Multiplet
TCTCCATAGTGCTCGG-1,1257,31,GRCh38
TCTCCCAAGAACCAGG-1,19651,216,Multiplet
TCTCCCAAGCATCCAA-1,17167,282,Multiplet
TCTCCCAAGCCACTCC-1,19267,330,Multiplet
TCTCGAGGTCATCCAG-1,16325,161,Multiplet
TCTCGAGGTCTAACGT-1,3074,479,Multiplet
TCTCGAGGTGCAGGAT-1,10777,121,GRCh38
TCTCGATTCCTCTCGA-1,39878,328,Multiplet
TCTCGCATCACTTGAG-1,25597,246,Multiplet
TCTCGCATCCATAGCA-1,5940,100,GRCh38
TCTCGCATCCCTTGCA-1,8910,80,GRCh38
TCTCGGCTCATACAGT-1,16781,180,Multiplet
TCTCGGCTCCAACTGA-1,1669,55,GRCh38
TCTCGTTAGCTACCTT-1,19345,248,Multiplet
TCTCGTTAGGGCTACT-1,48705,368,Multiplet
TCTCTAATCATGTCTC-1,18826,354,Multiplet
TCTCTAGCAAATGAGG-1,13047,165,Multiplet
TCTCTAGCAACGTGCA-1,6042,64,GRCh38
TCTCTAGCAGCTCTGT-1,502,58,GRCh38
TCTCTATGTGCGCGAA-1,7294,127,GRCh38
TCTCTATGTTGGATTC-1,5875,182,Multiplet
TCTCTCCTCAGGTTCA-1,21042,1434,Multiplet
TCTCTCCTCCACCTTG-1,15414,267,Multiplet
TCTCTGGTCATGCCAA-1,12602,149,Multiplet
TCTCTGGTCGTGATGC-1,14062,165,Multiplet
TCTGACCCAAAGGATG-1,630,521,GRCh38
TCTGACCCAAGGGCAG-1,18141,248,Multiplet
TCTGACCCAATGGAGA-1,613,30,GRCh38
TCTGACCCAGCACTAG-1,7253,139,Multiplet
TCTGACTTCACCTGCC-1,783,198,GRCh38
TCTGACTTCCAGGTTA-1,12353,169,Multiplet
TCTGACTTCCCCTGGT-1,12292,200,Multiplet
TCTGAGGCATCGACAG-1,1715,923,Multiplet
TCTGATGAGCATAGGG-1,21291,153,Multiplet
TCTGATGAGCCAGATC-1,8363,159,Multiplet
TCTGATGAGTAATCAC-1,9910,163,Multiplet
TCTGCAAAGATACTGT-1,5916,207,Multiplet
TCTGCAGGTATTAGCC-1,59456,400,Multiplet
TCTGCAGGTGAACCTT-1,16842,250,Multiplet
TCTGCATTCACTCCAT-1,302,490,mm10
TCTGCATTCATCACCT-1,16225,172,Multiplet
TCTGCCATCATGGCGT-1,16360,163,Multiplet
TCTGCCATCCGGAACT-1,1453,87,GRCh38
TCTGCCATCTAGCCGG-1,1232,55,GRCh38
TCTGCCTGTTCTGTAA-1,30438,727,Multiplet
TCTGCGAGTAACGCTT-1,27709,209,Multiplet
TCTGCGAGTTATGACC-1,8792,188,Multiplet
TCTGCGGAGCTTCCCA-1,1041,20,GRCh38
TCTGGATGTCATCAAC-1,2534,39,GRCh38
TCTGGCCTCTAACCCT-1,38645,430,Multiplet
TCTGGCCTCTAGGCAC-1,3768,1370,Multiplet
TCTGGCGAGAACCATT-1,963,33,GRCh38
TCTGGCGAGGTTGCTA-1,1578,305,Multiplet
TCTGGGACAAATGAGG-1,55621,212,Multiplet
TCTGGGACATCATCGC-1,15602,101,GRCh38
TCTGGGACATCCGTCG-1,19609,209,Multiplet
TCTGGGCGTCCATTAA-1,70840,407,Multiplet
TCTGGGCGTGGACTAA-1,656,151,GRCh38
TCTGGGGTCCCTCAGC-1,9215,116,GRCh38
TCTGGGGTCGCTCTGC-1,988,1029,mm10
TCTGGGGTCGTGATAT-1,15494,219,Multiplet
TCTGGGGTCTATCGGA-1,18839,210,Multiplet
TCTGGGTAGCCTGTCC-1,63177,260,Multiplet
TCTGGGTAGCGGTTAC-1,11222,315,Multiplet
TCTGGGTAGGTAGACG-1,26824,303,Multiplet
TCTGGTAAGCCGATTA-1,16936,217,Multiplet
TCTGGTAAGTATGGTT-1,814,237,GRCh38
TCTGTAAGTAATGGAT-1,51165,342,Multiplet
TCTGTCCGTAACCGGG-1,23610,248,Multiplet
TCTGTCCGTGGGAACT-1,16136,157,Multiplet
TCTGTGAAGCATCACA-1,24476,175,Multiplet
TCTGTGAAGGAGGATT-1,13033,137,Multiplet
TCTGTGTTCGACTAAT-1,44553,365,Multiplet
TCTGTTGCAACGGGTC-1,26461,354,Multiplet
TCTGTTGCATTGCCAC-1,10415,187,Multiplet
TGAAACCCAAATGAGG-1,20310,319,Multiplet
TGAAACGGTAACCGAA-1,13391,399,Multiplet
TGAAACGGTAATCCCG-1,24403,585,Multiplet
TGAAACGGTCAGTAAG-1,7589,134,Multiplet
TGAAACGGTGATGCCC-1,19514,178,Multiplet
TGAAACGGTTATGAGG-1,777,12,GRCh38
TGAAACGGTTCGCGGT-1,33954,367,Multiplet
TGAAACGGTTGCGTCA-1,16962,224,Multiplet
TGAAACTTCGCTCACC-1,12558,368,Multiplet
TGAAAGGCAAGCTTAA-1,690,28,GRCh38
TGAAAGGCAGTACCAG-1,40464,409,Multiplet
TGAAATGAGATTCACG-1,13259,173,Multiplet
TGAAATGAGGAGTAGT-1,3748,231,Multiplet
TGAAATGAGGCACACT-1,7499,81,GRCh38
TGAACAGGTTGCATTA-1,1662,445,Multiplet
TGAACAGGTTTCGGCA-1,5412,172,Multiplet
TGAACATTCAGCATCA-1,6192,279,Multiplet
TGAACATTCGAATTAC-1,8934,1340,Multiplet
TGAACATTCGAGCACT-1,7261,562,Multiplet
TGAACATTCGTGATTG-1,74070,405,Multiplet
TGAACCATCAATTCCC-1,10449,231,Multiplet
TGAACCATCATATGGT-1,1730,20,GRCh38
TGAACCCAGAACCTCA-1,829,315,GRCh38
TGAACCGCAACTACTT-1,17778,188,Multiplet
TGAACCTGTCTTGCAG-1,926,43,GRCh38
TGAACCTGTGATGGCG-1,18127,338,Multiplet
TGAACCTGTTCATCGG-1,47707,351,Multiplet
TGAACTTAGCCGACAT-1,22737,250,Multiplet
TGAACTTAGTAATCAC-1,73380,240,Multiplet
TGAATAGAGATTGCGC-1,14296,132,Multiplet
TGAATAGAGGATGGAT-1,36746,239,Multiplet
TGAATAGAGTCGCATA-1,3717,110,GRCh38
TGAATCCGTCAATCCG-1,7171,194,Multiplet
TGAATCCGTTATCCTT-1,24473,245,Multiplet
TGAATGAAGAAGGGAA-1,41233,678,Multiplet
TGAATGGGTATGTAGG-1,3244,300,Multiplet
TGAATGGGTGCATCGC-1,86168,290,Multiplet
TGAATGTTCAAGTCCA-1,9147,218,Multiplet
TGAATGTTCCCCATGC-1,864,464,GRCh38
TGAATGTTCCGCTGTC-1,681,64,GRCh38
TGAATTGCAAACCATA-1,19336,228,Multiplet
TGAATTGCAAGCGAGG-1,50131,442,Multiplet
TGAATTGCAGCCTACT-1,629,100,GRCh38
TGAATTGCATCCATCA-1,6675,178,Multiplet
TGACACGCAAGCACCA-1,17138,167,Multiplet
TGACACGCATAGATCA-1,167,665,mm10
TGACATTAGCTACGGT-1,188,765,mm10
TGACATTAGCTAGGTC-1,7294,89,GRCh38
TGACATTAGTAATGCT-1,12741,448,Multiplet
TGACCAGCACATTCAT-1,23431,265,Multiplet
TGACCAGCACTAGGGC-1,5308,241,Multiplet
TGACCAGCAGGCAAGG-1,2542,950,Multiplet
TGACCCAGTTAAGCCT-1,9890,136,Multiplet
TGACCCTCACAGCAAT-1,479,1096,mm10
TGACCCTCATAGAGAG-1,24945,291,Multiplet
TGACCTAAGATTGATC-1,22489,466,Multiplet
TGACCTAAGGTAGCCT-1,11470,93,GRCh38
TGACGGGGTAATGAAC-1,17047,171,Multiplet
TGACGGGGTCAAGGGT-1,13603,155,Multiplet
TGACGGGGTGACGACG-1,1695,248,Multiplet
TGACGGGGTTAAGCAG-1,4310,103,GRCh38
TGACGGTTCACAGCGT-1,13834,182,Multiplet
TGACGGTTCGTAGTCA-1,2629,294,Multiplet
TGACGGTTCGTAGTTG-1,43513,197,Multiplet
TGACGGTTCGTGAGGA-1,5753,86,GRCh38
TGACGGTTCTCACTGT-1,3720,565,Multiplet
TGACGGTTCTGTGGAC-1,27459,241,Multiplet
TGACGTTGTAACGGGT-1,5864,197,Multiplet
TGACGTTGTCAACCCA-1,28371,247,Multiplet
TGACGTTGTTGTGCGC-1,15058,140,Multiplet
TGACGTTGTTTGAGGA-1,11532,233,Multiplet
TGACTAACACCATGAG-1,2504,159,Multiplet
TGACTCCCAAGCGTTG-1,33927,857,Multiplet
TGACTCCCAAGTAGTC-1,47104,329,Multiplet
TGACTCCCACGCCATT-1,6349,105,GRCh38
TGACTCCCAGCAGTTG-1,2817,24,GRCh38
TGACTCCCATGAATGC-1,3212,218,Multiplet
TGACTGATCCACCGCT-1,14500,93,GRCh38
TGAGAACAGATTGGCC-1,50812,500,Multiplet
TGAGAACAGTCAATGT-1,25133,257,Multiplet
TGAGAACAGTCGCTAA-1,11540,372,Multiplet
TGAGAATGTTATCCGG-1,14049,458,Multiplet
TGAGAATGTTGGAATG-1,4758,143,Multiplet
TGAGATGGTAACGATG-1,2508,341,Multiplet
TGAGATGGTAGTTGCT-1,10616,154,Multiplet
TGAGATGGTGGACCTC-1,15885,284,Multiplet
TGAGATGGTGGCGATG-1,12319,285,Multiplet
TGAGCAAGTTCGTGGC-1,17174,242,Multiplet
TGAGCAAGTTGTGGAA-1,16196,309,Multiplet
TGAGCATCAAATCTAG-1,54604,324,Multiplet
TGAGCATCAATAGGAG-1,1021,291,GRCh38
TGAGCATCACCAGCTT-1,25778,326,Multiplet
TGAGCATCATAGAGTC-1,5827,389,Multiplet
TGAGCCACAAGCACTG-1,17436,222,Multiplet
TGAGCCACATCACGTC-1,71163,346,Multiplet
TGAGCGAAGAACCTGC-1,20728,231,Multiplet
TGAGCGAAGCCTGGAT-1,3709,115,GRCh38
TGAGCGAAGCGCTGCA-1,21741,238,Multiplet
TGAGCGCCAGCAGGAG-1,5022,201,Multiplet
TGAGCGGGTAGCCTGC-1,11527,330,Multiplet
TGAGCGGGTCATCACG-1,4259,188,Multiplet
TGAGCGGGTGAGGCCA-1,35467,226,Multiplet
TGAGCTATCACCCTGC-1,25897,205,Multiplet
TGAGCTATCATAGGCC-1,12104,149,Multiplet
TGAGCTATCCGCGTCT-1,22639,412,Multiplet
TGAGCTATCCTCATCG-1,4525,68,GRCh38
TGAGCTGCATTGCCCG-1,17565,260,Multiplet
TGAGGATAGGATGAGT-1,19948,231,Multiplet
TGAGGCGGTCCATCGA-1,19617,281,Multiplet
TGAGGCGGTGAGCCCT-1,33196,320,Multiplet
TGAGGCTTCGATGATT-1,1290,31,GRCh38
TGAGGCTTCGCGCTCT-1,28288,201,Multiplet
TGAGGCTTCTTGAGGC-1,28886,217,Multiplet
TGAGGGATCCGCCTAC-1,7141,144,Multiplet
TGAGGGATCTATCCGT-1,365,121,GRCh38
TGAGGTAGTGGCTGTC-1,24783,308,Multiplet
TGAGGTAGTTAGTCGT-1,10183,610,Multiplet
TGAGGTAGTTATGGCT-1,25475,194,Multiplet
TGAGGTGAGATTCCCT-1,1642,114,GRCh38
TGAGGTGAGCGGATAG-1,10665,454,Multiplet
TGAGGTTCACCTGCCA-1,19051,138,Multiplet
TGAGGTTCATCGACTC-1,34333,278,Multiplet
TGAGGTTCATTGGGCA-1,1107,43,GRCh38
TGAGTAGGTTGTGCAT-1,6245,112,GRCh38
TGAGTAGGTTTCCTGC-1,4241,42,GRCh38
TGAGTAGGTTTGGGTT-1,18393,345,Multiplet
TGAGTCGCATCAAGTA-1,7306,236,Multiplet
TGAGTCGCATCCAGAG-1,13709,178,Multiplet
TGAGTCTGTGAGTCGG-1,2340,50,GRCh38
TGAGTCTGTTATCTGA-1,22910,203,Multiplet
TGAGTCTGTTGTCAGT-1,886,568,GRCh38
TGAGTGAGTGAGGCAT-1,2955,69,GRCh38
TGAGTGAGTTGCGACC-1,3120,238,Multiplet
TGAGTTACAAGTGGCC-1,5851,95,GRCh38
TGAGTTACAATGGGCC-1,3573,342,Multiplet
TGAGTTACACCTGCTG-1,1388,52,GRCh38
TGAGTTGTCGTCTCCA-1,7596,201,Multiplet
TGAGTTGTCTATCTGC-1,48104,389,Multiplet
TGATAGAAGCCATTAG-1,3369,150,Multiplet
TGATAGAAGTGAGTAA-1,4873,68,GRCh38
TGATAGCCAGTAAGTC-1,13858,130,GRCh38
TGATCATAGGGCTCTG-1,27626,134,Multiplet
TGATCATAGGGTCATC-1,1044,21,GRCh38
TGATCATAGGTCACTA-1,16497,201,Multiplet
TGATCATAGTACCATG-1,17258,209,Multiplet
TGATCATAGTTACACG-1,4420,86,GRCh38
TGATCCGGTTGGTTCG-1,4037,425,Multiplet
TGATCCTTCACGGACT-1,39901,293,Multiplet
TGATCCTTCCGCCTGT-1,75298,1114,Multiplet
TGATCCTTCCGGATAC-1,68570,548,Multiplet
TGATCCTTCGATTCCT-1,18624,262,Multiplet
TGATCCTTCTAAGCCA-1,910,34,GRCh38
TGATGAAAGCTACCGG-1,11759,142,Multiplet
TGATGAAAGGTGATCC-1,7026,121,GRCh38
TGATGAGGTCTGTCCT-1,8052,61,GRCh38
TGATGAGGTTAGCCTG-1,10112,102,GRCh38
TGATGCCAGCAACTCA-1,24189,186,Multiplet
TGATGGCTCCCCTGAC-1,25012,190,Multiplet
TGATGGCTCCGCCACT-1,31121,286,Multiplet
TGATGGTCAGTACCTC-1,17778,191,Multiplet
TGATGTTAGGAGGATT-1,49520,120,GRCh38
TGATGTTAGTTGCTCT-1,3035,60,GRCh38
TGATTAGCACAGCGTA-1,13253,176,Multiplet
TGATTAGCATGGTACG-1,7194,284,Multiplet
TGATTCCTCAATCACG-1,24579,252,Multiplet
TGATTCCTCCTGCTGC-1,18515,243,Multiplet
TGATTCCTCGAACGGA-1,19024,112,GRCh38
TGATTGGTCACGTAGC-1,18152,139,Multiplet
TGATTGGTCCGCCTTA-1,32501,53,GRCh38
TGATTGGTCGACATTG-1,12912,469,Multiplet
TGATTTCCATAGACCG-1,53139,303,Multiplet
TGATTTGGTGGACATA-1,17586,443,Multiplet
TGATTTGGTGGCCAAG-1,22315,221,Multiplet
TGCAAATTCATGCGCG-1,5797,144,Multiplet
TGCAAATTCCCCAGGA-1,6296,133,Multiplet
TGCAAATTCCGGAACT-1,2478,41,GRCh38
TGCAATGTCCCCAACC-1,8771,133,Multiplet
TGCAATGTCCTGATTC-1,84092,1218,Multiplet
TGCAATGTCTCACTCG-1,8027,115,GRCh38
TGCAATTAGAAGCCCT-1,24046,255,Multiplet
TGCAATTAGCATGTGC-1,24681,220,Multiplet
TGCAATTAGCGGTCAT-1,34753,408,Multiplet
TGCAATTAGGCGTATC-1,18983,305,Multiplet
TGCACAATCACCTGCC-1,11424,229,Multiplet
TGCACACAGGTAGTCC-1,22465,190,Multiplet
TGCACAGCATGACCTC-1,9893,249,Multiplet
TGCACCCTCGAATGAA-1,25375,460,Multiplet
TGCACCCTCGTAGTGC-1,16099,431,Multiplet
TGCACCTCAAACTATG-1,16391,195,Multiplet
TGCACCTCAATTACTC-1,19509,182,Multiplet
TGCACCTCATTGCCGT-1,8025,146,Multiplet
TGCACGTAGAAGGGCC-1,32454,221,Multiplet
TGCACGTAGGCGTATC-1,8856,263,Multiplet
TGCACTAAGCCACAGT-1,10374,244,Multiplet
TGCACTAAGCTATGAT-1,13267,160,Multiplet
TGCAGGTTCTAAGTAC-1,15377,181,Multiplet
TGCAGTCAGTGCTCAA-1,81816,137,Multiplet
TGCATAACACAAGCAT-1,37278,206,Multiplet
TGCATAGTCCAATGCA-1,14743,210,Multiplet
TGCATATAGCATCACA-1,22593,443,Multiplet
TGCATATAGCGGTAAG-1,22162,147,Multiplet
TGCATATAGTAAGCAA-1,22685,166,Multiplet
TGCATATAGTCGCTCC-1,1024,57,GRCh38
TGCATCAAGCCCGTAG-1,10409,135,Multiplet
TGCATCAAGCCTGACG-1,15486,179,Multiplet
TGCATCAAGTCGAGAG-1,59,253,mm10
TGCATCCCAAGCTTCC-1,42823,280,Multiplet
TGCATCCCACCTTGAC-1,3622,439,Multiplet
TGCATTAGTGGGTACG-1,29468,445,Multiplet
TGCATTGAGGCTCAGT-1,21651,308,Multiplet
TGCATTGAGGTCCCGA-1,395,134,GRCh38
TGCATTTCAAACCTAA-1,29975,241,Multiplet
TGCATTTCAAAGGTTC-1,6806,556,Multiplet
TGCATTTCAACTGGCA-1,10270,101,GRCh38
TGCATTTCACCAGCTT-1,14877,146,Multiplet
TGCCACCTCACACTGA-1,12762,161,Multiplet
TGCCACCTCTAATGGT-1,6962,493,Multiplet
TGCCAGACACTATGCC-1,333,632,mm10
TGCCAGACATGGTATA-1,27406,146,Multiplet
TGCCAGGTCCCGCAAG-1,25098,199,Multiplet
TGCCAGGTCCCGTGTC-1,39393,375,Multiplet
TGCCAGGTCGATTGCA-1,28304,309,Multiplet
TGCCAGTAGCATCGAC-1,1304,107,GRCh38
TGCCAGTAGTCATACG-1,1998,127,GRCh38
TGCCATAAGTCGCACG-1,31541,240,Multiplet
TGCCATCCAACGGTCA-1,16671,327,Multiplet
TGCCATCCAAGGGAAC-1,11826,178,Multiplet
TGCCATCCACTAGCTC-1,2579,120,GRCh38
TGCCATCCAGGTTACG-1,48186,452,Multiplet
TGCCATGGTTAACCCG-1,186,140,GRCh38
TGCCATTTCACTTCAC-1,12795,341,Multiplet
TGCCATTTCATCAGCA-1,4375,101,GRCh38
TGCCATTTCCCGTGTC-1,8552,198,Multiplet
TGCCCAAGTGCGGATG-1,25875,120,GRCh38
TGCCCAAGTTAGCTCG-1,27338,142,Multiplet
TGCCCGAAGTACGGAG-1,23497,291,Multiplet
TGCCCGTTCAGCAGAG-1,10447,134,Multiplet
TGCCCGTTCCAATGCA-1,6299,132,Multiplet
TGCCCGTTCCAGGTGT-1,23772,633,Multiplet
TGCCCGTTCGACCGAT-1,1500,65,GRCh38
TGCCCGTTCTAGTCCT-1,40573,347,Multiplet
TGCCCTCAGCGAGTGA-1,16198,982,Multiplet
TGCCCTTGTCATGCCA-1,769,124,GRCh38
TGCCCTTGTCCCGAAC-1,14977,197,Multiplet
TGCCCTTGTCTAAGGA-1,2152,178,Multiplet
TGCCGAACAAACTTAG-1,19529,167,Multiplet
TGCCGAACAAAGGGAC-1,129,189,mm10
TGCCGAACAAGTCGTG-1,12519,149,Multiplet
TGCCGAACAGGAGCCT-1,25880,205,Multiplet
TGCCGATAGTATGATC-1,22363,295,Multiplet
TGCCGATAGTGAAGCG-1,10918,78,GRCh38
TGCCGCTTCAATCGCA-1,3468,79,GRCh38
TGCCGCTTCCTTCGCA-1,43993,293,Multiplet
TGCCGTAGTAGTGCGG-1,17380,163,Multiplet
TGCCGTGAGCATTACG-1,35469,251,Multiplet
TGCCGTGAGGATGTCC-1,2645,103,GRCh38
TGCCGTTCACCAGGGT-1,15678,814,Multiplet
TGCCTAAAGGCTTCCC-1,15524,134,Multiplet
TGCCTAGGTAACCCTG-1,9879,175,Multiplet
TGCCTAGGTTTCAGTA-1,19709,254,Multiplet
TGCCTATTCATACTGG-1,625,40,GRCh38
TGCCTATTCCAACTGA-1,69402,543,Multiplet
TGCCTATTCCAGCACG-1,13730,376,Multiplet
TGCCTATTCCCTTGCA-1,41599,452,Multiplet
TGCCTCATCCATCACT-1,30188,317,Multiplet
TGCCTCGCAAAGGCAA-1,20578,191,Multiplet
TGCCTCGCAAGCGGTC-1,753,151,GRCh38
TGCCTCTGTCTGGTAT-1,22907,231,Multiplet
TGCCTCTGTGGGTAGT-1,32650,229,Multiplet
TGCCTGCTCCTGATTC-1,376,201,GRCh38
TGCCTGCTCGCTCTAT-1,423,1438,mm10
TGCCTTTAGCAATGAA-1,16196,234,Multiplet
TGCGACCGTGATGCAA-1,19344,190,Multiplet
TGCGACCGTTAGCCGC-1,23216,338,Multiplet
TGCGACCGTTATCAGC-1,9500,135,Multiplet
TGCGACCGTTTACATG-1,133,236,mm10
TGCGACTAGATAGCTT-1,37687,210,Multiplet
TGCGACTAGCCTATCT-1,4313,210,Multiplet
TGCGACTAGCCTGAAC-1,19366,233,Multiplet
TGCGACTAGGGTCTAC-1,5050,118,GRCh38
TGCGACTAGTCGCGTG-1,238,1165,mm10
TGCGAGGGTAGCCATT-1,15403,162,Multiplet
TGCGAGGGTGAGGCTG-1,20194,273,Multiplet
TGCGATGCAATTAGCA-1,8420,268,Multiplet
TGCGATGCATCGGGTA-1,10481,480,Multiplet
TGCGATTGTCTAATGC-1,22205,204,Multiplet
TGCGATTGTGCAACCC-1,2208,192,Multiplet
TGCGATTGTTGTCAGT-1,7192,128,GRCh38
TGCGGCTGTGAAGTTG-1,714,17,GRCh38
TGCGGCTGTTCCTGCT-1,22530,411,Multiplet
TGCGGCTGTTGCCCTT-1,862,177,GRCh38
TGCGGGTCATGGAATC-1,8763,58,GRCh38
TGCGGTTAGCAGGTCT-1,4896,152,Multiplet
TGCGGTTAGGAGCTGA-1,10032,445,Multiplet
TGCGTAATCAGTTGGC-1,8645,137,Multiplet
TGCGTATGTATTGGGA-1,4697,282,Multiplet
TGCGTATGTTGGATCT-1,10451,109,GRCh38
TGCTAACGTAAGCTAG-1,27803,202,Multiplet
TGCTAACGTTGAGTCT-1,8088,108,GRCh38
TGCTAACGTTTCGGTG-1,4702,1700,Multiplet
TGCTAACGTTTGGCGC-1,5597,503,Multiplet
TGCTAAGTCGCGCCTT-1,651,440,GRCh38
TGCTACCCAAATCCGG-1,19699,147,Multiplet
TGCTACCCAAGTATCA-1,24074,158,Multiplet
TGCTACTTCCGCGGTA-1,17296,256,Multiplet
TGCTATAGTGCACGCT-1,23333,142,Multiplet
TGCTCAAAGGTAGGTG-1,36709,296,Multiplet
TGCTCACCAACATTAG-1,38069,283,Multiplet
TGCTCCATCATCTCAC-1,2262,42,GRCh38
TGCTCCATCCAGCACG-1,21426,241,Multiplet
TGCTCCATCGACATTG-1,13723,127,GRCh38
TGCTCCGCAAGTTCAA-1,9195,139,Multiplet
TGCTCCGCATCAAGTA-1,16170,156,Multiplet
TGCTCGCTCAAGTGCC-1,16427,240,Multiplet
TGCTCGCTCAATGGCC-1,15353,219,Multiplet
TGCTCGCTCACCCTGC-1,30437,290,Multiplet
TGCTGATGTAATCGAG-1,59702,436,Multiplet
TGCTGATGTCAATCCG-1,9277,163,Multiplet
TGCTGATGTCTGTGCA-1,29016,315,Multiplet
TGCTGCCTCCCTGTCA-1,13487,118,GRCh38
TGCTGCCTCCGCGAAT-1,35511,378,Multiplet
TGCTGCCTCCGTAGAC-1,29954,372,Multiplet
TGCTGGACAATCGCAG-1,17826,185,Multiplet
TGCTGGACAGTACTAA-1,1870,854,Multiplet
TGCTGGACATTAAGCA-1,53878,365,Multiplet
TGCTGTCCAGCACTCT-1,11380,303,Multiplet
TGCTGTCCATGATTAG-1,6441,30,GRCh38
TGCTTAAGTAGCTGGG-1,1363,22,GRCh38
TGCTTAGAGCGCCTTC-1,14988,161,Multiplet
TGCTTAGAGTTGCGCG-1,6960,98,GRCh38
TGCTTCACAACTATGA-1,29833,266,Multiplet
TGCTTCACACTCGGTT-1,3099,490,Multiplet
TGCTTCACAGCTCTAC-1,9919,143,Multiplet
TGCTTCACAGGGCACT-1,16747,244,Multiplet
TGGAACCTCCTGTCTG-1,13777,545,Multiplet
TGGAATGGTGAGCATA-1,1684,52,GRCh38
TGGAATGGTGCGGTGA-1,5352,157,Multiplet
TGGACAAGTATTGGGA-1,26026,285,Multiplet
TGGACAAGTGCAGGTG-1,5621,194,Multiplet
TGGACATCAACCAGTG-1,2499,542,Multiplet
TGGACATCACTCAATT-1,23556,169,Multiplet
TGGACGAAGGTAGCCT-1,4616,379,Multiplet
TGGACGAAGTCAGTAT-1,1357,154,Multiplet
TGGACGTTCAGGAGTG-1,1722,99,GRCh38
TGGACGTTCCAGCGTG-1,14977,953,Multiplet
TGGACGTTCGAATGGG-1,79912,208,Multiplet
TGGACTATCACACAGC-1,18772,318,Multiplet
TGGACTATCAGCGAAG-1,17300,149,Multiplet
TGGACTATCATCGACA-1,54756,238,Multiplet
TGGACTATCCGGTTAA-1,7331,220,Multiplet
TGGAGCAAGGATACCC-1,1122,38,GRCh38
TGGAGCAAGGTGCGTT-1,11771,154,Multiplet
TGGAGCGGTCAATGTC-1,28989,227,Multiplet
TGGAGGATCACACTTC-1,14577,134,Multiplet
TGGAGGATCTATGGAT-1,16904,238,Multiplet
TGGAGTAGTGATAGGC-1,2425,37,GRCh38
TGGAGTAGTTGGAGCG-1,4722,150,Multiplet
TGGAGTGAGCGCAATC-1,17906,166,Multiplet
TGGAGTGAGGAACCAG-1,9402,274,Multiplet
TGGAGTGAGGCTACAC-1,23278,202,Multiplet
TGGAGTGAGTCAGCGT-1,16956,198,Multiplet
TGGATAGGTAGTAGTG-1,85362,117,GRCh38
TGGATAGGTGCGCGTT-1,1503,26,GRCh38
TGGATAGGTTAAGTCC-1,1422,1043,Multiplet
TGGATAGGTTCACCTC-1,1611,100,GRCh38
TGGATATTCCAGCACG-1,765,303,GRCh38
TGGATATTCGATCAGC-1,50323,302,Multiplet
TGGATATTCGTAACTG-1,11145,148,Multiplet
TGGATATTCTGGATAT-1,45366,321,Multiplet
TGGATGGAGGATGATA-1,9320,155,Multiplet
TGGATGGAGGTCCCAG-1,1245,138,GRCh38
TGGATTGTCAGGATGG-1,9267,160,Multiplet
TGGATTGTCGACCTGG-1,10711,150,Multiplet
TGGATTGTCGTGCTCC-1,7157,60,GRCh38
TGGATTGTCTAAGTGT-1,303,545,mm10
TGGATTTAGTCGCTAA-1,16540,148,Multiplet
TGGATTTAGTGATCGC-1,8115,226,Multiplet
TGGCACTAGAAGCGCA-1,1955,103,GRCh38
TGGCACTAGTAGCTTG-1,13086,138,Multiplet
TGGCACTAGTTGCCGG-1,1291,217,GRCh38
TGGCATTGTTAGGGAC-1,23469,246,Multiplet
TGGCCTGAGCGCTGCA-1,10829,501,Multiplet
TGGCGAAAGTAATCCG-1,1666,135,Multiplet
TGGCGAAAGTGGCAAG-1,2845,413,Multiplet
TGGCGAGGTGCAATGA-1,26467,178,Multiplet
TGGCGAGGTTGCAGCC-1,940,25,GRCh38
TGGCGATTCTCATCTA-1,48741,866,Multiplet
TGGCGCATCACTGGGT-1,61044,364,Multiplet
TGGCGCATCAGCACGT-1,48478,379,Multiplet
TGGCGCATCAGCAGGA-1,2955,104,GRCh38
TGGCGCATCATGCAAT-1,2713,38,GRCh38
TGGCGCATCGATTCCT-1,53464,366,Multiplet
TGGCGCATCGCTCAGG-1,26728,218,Multiplet
TGGCGGTCAACTGTGG-1,13265,153,Multiplet
TGGCGGTCACAAGCCA-1,6935,257,Multiplet
TGGCTAATCACTCGGG-1,14633,298,Multiplet
TGGCTAATCCGCCATC-1,1046,434,GRCh38
TGGCTAATCGTCTCTG-1,9103,142,Multiplet
TGGCTATGTCCATATA-1,26512,755,Multiplet
TGGCTATGTCTAGCGC-1,25653,244,Multiplet
TGGCTATGTTAAGTCC-1,22984,235,Multiplet
TGGCTCAGTGCAGCCT-1,245,6027,mm10
TGGCTCAGTTATGGAG-1,1098,65,GRCh38
TGGCTCAGTTGCCCTT-1,24930,248,Multiplet
TGGCTCTCACTTGACC-1,3156,66,GRCh38
TGGCTCTCATAACTCT-1,4948,258,Multiplet
TGGCTGACAGTTAGCG-1,76514,160,Multiplet
TGGCTGACATAAGCTA-1,931,50,GRCh38
TGGCTTGGTCTCCATC-1,1110,173,GRCh38
TGGCTTGGTTCGTTAA-1,5371,44,GRCh38
TGGCTTGGTTTGACCG-1,4076,83,GRCh38
TGGGACAAGTTAGGCC-1,3375,40,GRCh38
TGGGATAGTTGCGTCA-1,4710,127,GRCh38
TGGGATAGTTTCCAGG-1,29192,283,Multiplet
TGGGCAAAGCATTCAG-1,13238,114,GRCh38
TGGGCAAAGTCAGCTA-1,21881,193,Multiplet
TGGGCAAAGTCGAGGA-1,26219,241,Multiplet
TGGGCAAAGTTAGCGC-1,65,158,mm10
TGGGCAGGTAAGCGAC-1,37480,270,Multiplet
TGGGCAGGTAAGGTGC-1,7054,151,Multiplet
TGGGCAGGTGGACAGT-1,9413,98,GRCh38
TGGGCAGGTTATGTCA-1,873,128,GRCh38
TGGGCGAGTAATTGCC-1,22143,472,Multiplet
TGGGCTTAGAACGGCA-1,1512,42,GRCh38
TGGGCTTAGCATAGCC-1,17211,196,Multiplet
TGGGCTTAGGTATCCA-1,67467,309,Multiplet
TGGGCTTAGTTAGATC-1,70901,329,Multiplet
TGGGGCAGTCATTGGT-1,38594,340,Multiplet
TGGGGCTCACCTTGAC-1,17049,170,Multiplet
TGGGGCTCATCCGGTT-1,19801,173,Multiplet
TGGGGTAAGAACGACG-1,18077,202,Multiplet
TGGGGTAAGCTAGTAT-1,9218,602,Multiplet
TGGGGTAAGCTGGTGT-1,22070,160,Multiplet
TGGGGTAAGGCGATAG-1,31232,168,Multiplet
TGGGGTAAGGGTATGG-1,10260,160,Multiplet
TGGGGTAAGTTGCTGA-1,4746,91,GRCh38
TGGGGTTTCCCAGACG-1,12058,88,GRCh38
TGGGGTTTCCTGGTAA-1,20910,155,Multiplet
TGGGTCACACAATGCG-1,569,467,GRCh38
TGGGTCACAGGACTCA-1,25732,229,Multiplet
TGGGTCACATGACCTC-1,14532,90,GRCh38
TGGGTCCGTATAGCCT-1,53428,303,Multiplet
TGGGTGAAGATTGCAT-1,10379,92,GRCh38
TGGGTGAAGGAATTGA-1,15873,460,Multiplet
TGGGTGAAGTTGCGCG-1,20657,174,Multiplet
TGGGTTGCAAACTTGA-1,15463,135,Multiplet
TGGTAAGGTAGCCTCA-1,28288,330,Multiplet
TGGTAAGGTTATCACA-1,16710,182,Multiplet
TGGTAAGGTTGGATAG-1,3398,155,Multiplet
TGGTAGGAGGTAACTT-1,6002,367,Multiplet
TGGTAGGAGGTTAGGG-1,35413,305,Multiplet
TGGTAGGAGTGGCTCG-1,5805,131,GRCh38
TGGTAGTCACCTCAAC-1,521,36,GRCh38
TGGTAGTCAGCCTAGA-1,4939,140,Multiplet
TGGTAGTCAGTTGGCA-1,20495,387,Multiplet
TGGTATTAGTCAGTAT-1,19521,237,Multiplet
TGGTCACAGAAGGTGT-1,14274,154,Multiplet
TGGTCACAGCCACGCA-1,26275,223,Multiplet
TGGTCCTCAATGTATG-1,15885,145,Multiplet
TGGTCCTCATTGGAGT-1,812,80,GRCh38
TGGTCTAAGCTACCGG-1,6651,136,Multiplet
TGGTCTAAGGTAGAGT-1,14693,280,Multiplet
TGGTCTAAGGTCGAAG-1,19454,175,Multiplet
TGGTGAGAGGATTGGG-1,1620,645,Multiplet
TGGTGGTTCATCACCT-1,25030,161,Multiplet
TGGTGGTTCCCATGAA-1,82201,215,Multiplet
TGGTGGTTCGATGGCT-1,21258,209,Multiplet
TGGTGGTTCTTGATGG-1,640,7,GRCh38
TGGTGTTGTAACCGGG-1,6920,77,GRCh38
TGGTGTTGTAATCAGG-1,18235,206,Multiplet
TGGTGTTGTGGACCGA-1,20953,221,Multiplet
TGGTGTTGTTTAGCCG-1,7793,79,GRCh38
TGGTTAACAACCTGGA-1,30724,135,Multiplet
TGGTTACGTATGGCTT-1,7076,549,Multiplet
TGGTTAGTCACATGGC-1,1067,57,GRCh38
TGGTTAGTCACCTTCG-1,18472,193,Multiplet
TGGTTAGTCATCATCC-1,17880,167,Multiplet
TGGTTAGTCATGCGCG-1,3148,47,GRCh38
TGGTTATAGCTAGGCT-1,5803,122,GRCh38
TGGTTATAGCTTCCAT-1,16463,185,Multiplet
TGGTTATAGGCTACTA-1,13022,416,Multiplet
TGGTTCAAGCGCCTTC-1,25169,107,GRCh38
TGGTTCAAGTCTCTGT-1,22014,216,Multiplet
TGGTTCCCAGGAATCT-1,36193,283,Multiplet
TGGTTTAGTTGTAACC-1,43297,425,Multiplet
TGGTTTGAGCCATCGG-1,3253,123,GRCh38
TGGTTTGAGGAGCTGA-1,14741,156,Multiplet
TGGTTTGAGTTACGCA-1,8599,131,GRCh38
TGTAACCGTTCCTTGC-1,28936,161,Multiplet
TGTAACTAGGGGTAAT-1,16195,600,Multiplet
TGTAAGCCAAGGGTCC-1,17613,201,Multiplet
TGTAAGCCAGTACCTC-1,2650,305,Multiplet
TGTAAGGGTGAGTGCG-1,11680,113,GRCh38
TGTAATGCACAATCGG-1,40878,257,Multiplet
TGTAATGCACAGCACA-1,37667,313,Multiplet
TGTACCCCAAGCTTAA-1,21280,210,Multiplet
TGTACCCCAATCGTAA-1,8126,144,Multiplet
TGTACCGGTAGCGCAG-1,4887,325,Multiplet
TGTACCGGTTTACGCG-1,17804,283,Multiplet
TGTACCTTCACGGACT-1,14610,144,Multiplet
TGTACCTTCCGCTGCT-1,24359,197,Multiplet
TGTACGATCAGGACTC-1,284,123,GRCh38
TGTACGATCCAGGGTT-1,2838,90,GRCh38
TGTACGATCCTTCCAG-1,31674,273,Multiplet
TGTACGATCCTTCGCA-1,7797,144,Multiplet
TGTACTGAGGTAGACG-1,4218,150,Multiplet
TGTACTGAGTCGATAT-1,7346,135,Multiplet
TGTACTTCAATAGTCA-1,5587,362,Multiplet
TGTACTTCAATCTCGC-1,52463,334,Multiplet
TGTACTTCACAGCAGC-1,9931,167,Multiplet
TGTACTTCATCGACAG-1,14326,383,Multiplet
TGTAGAGGTGGCTTGC-1,19224,243,Multiplet
TGTAGCATCACACTAG-1,11582,172,Multiplet
TGTAGCATCACAGGCT-1,5244,117,GRCh38
TGTAGCATCCCTCATG-1,2708,16,GRCh38
TGTAGCATCGTGCAAC-1,652,120,GRCh38
TGTAGCCAGGATGGGC-1,16073,239,Multiplet
TGTAGCCAGTCATCCT-1,4390,86,GRCh38
TGTAGCGCAAGCTACG-1,2577,61,GRCh38
TGTAGCGCAGGATTCG-1,6898,560,Multiplet
TGTAGCTGTTCCAGTG-1,70,443,mm10
TGTAGGTCATGACCAG-1,3724,483,Multiplet
TGTAGTTAGGCACACT-1,10839,177,Multiplet
TGTATAGCAGCTAGTG-1,22331,242,Multiplet
TGTATAGCATAGATTG-1,877,158,GRCh38
TGTATCAGTCAGGACG-1,20286,139,Multiplet
TGTATCAGTCAGTAGA-1,1016,48,GRCh38
TGTATCCTCAATCCAG-1,946,128,GRCh38
TGTATCCTCACCATAG-1,68123,372,Multiplet
TGTATGACAATTCAGA-1,8449,192,Multiplet
TGTATGACAGGAATCT-1,996,156,GRCh38
TGTATGGTCCCGTTCA-1,23457,151,Multiplet
TGTATTGGTGAGACTA-1,5210,148,Multiplet
TGTATTGGTTGACGTT-1,17900,542,Multiplet
TGTATTGGTTTGGAAG-1,16378,228,Multiplet
TGTCACCCAGGGACAG-1,17308,175,Multiplet
TGTCACCCATAAGCTA-1,687,51,GRCh38
TGTCACTTCTGTCAAG-1,12695,327,Multiplet
TGTCAGGCAACCGTCT-1,3337,156,Multiplet
TGTCAGGCAATCTGCC-1,6376,281,Multiplet
TGTCAGGCAGCCATGA-1,21090,236,Multiplet
TGTCAGGCAGCTCTAC-1,287,140,GRCh38
TGTCAGGCAGGGACTC-1,22285,209,Multiplet
TGTCATGAGCATGGCT-1,5552,64,GRCh38
TGTCATGAGGTTGCGT-1,1039,34,GRCh38
TGTCATTCATTACCGC-1,3109,372,Multiplet
TGTCATTCATTCGCTA-1,31330,166,Multiplet
TGTCCAAAGATTGCCA-1,1072,356,GRCh38
TGTCCAAAGTAATCAC-1,22490,218,Multiplet
TGTCCACCAATACGGT-1,39153,429,Multiplet
TGTCCACCAATTGACA-1,25385,192,Multiplet
TGTCCAGGTAATGGGC-1,431,132,GRCh38
TGTCCAGGTAGCAGCG-1,20053,280,Multiplet
TGTCCAGGTTTGGAGA-1,12993,283,Multiplet
TGTCCCATCACCTATC-1,29177,189,Multiplet
TGTCCCATCGACTCAA-1,17172,132,Multiplet
TGTCCCATCGCTAGAC-1,629,30,GRCh38
TGTCCCATCGCTTGCC-1,13040,268,Multiplet
TGTCCCATCTATGTGG-1,4826,81,GRCh38
TGTCCCGCATAGAGTC-1,27359,201,Multiplet
TGTCCCTGTCATTACA-1,18592,187,Multiplet
TGTCCCTGTCTCAGGC-1,30281,367,Multiplet
TGTCCCTGTGGCTTCA-1,61178,133,Multiplet
TGTCCCTGTTGACCTG-1,6276,123,GRCh38
TGTCCGCTCCTTCGAT-1,10714,152,Multiplet
TGTCCGGAGCTAGGTC-1,27,132,mm10
TGTCCGGAGGATGGAT-1,13428,123,GRCh38
TGTCCGGAGTATGACT-1,30774,236,Multiplet
TGTCCTTAGAATCCAT-1,53817,540,Multiplet
TGTCCTTAGATTAGAG-1,11563,157,Multiplet
TGTCCTTAGTACCACA-1,1050,1093,mm10
TGTCGAATCAGCACGT-1,5954,82,GRCh38
TGTCGAATCGAGTCTA-1,25162,153,Multiplet
TGTCGATGTAAGCGGT-1,8958,142,Multiplet
TGTCGCCTCACTCTGT-1,1798,48,GRCh38
TGTCGCCTCCATGCGG-1,8923,139,Multiplet
TGTCGCCTCCTGTACT-1,9372,160,Multiplet
TGTCGCCTCGAAGCTC-1,21722,408,Multiplet
TGTCGCCTCGCTATGA-1,10960,135,Multiplet
TGTCGTCCAACTGTAA-1,21849,264,Multiplet
TGTCGTTTCACTTGCT-1,31235,315,Multiplet
TGTCGTTTCCATCGAA-1,10800,163,Multiplet
TGTCGTTTCCTGACGG-1,11057,176,Multiplet
TGTCGTTTCGATCACA-1,9146,128,GRCh38
TGTCTAAGTTGTAACC-1,20989,151,Multiplet
TGTCTCACAAGCGATT-1,40058,337,Multiplet
TGTGAACCACCTCGCA-1,28719,269,Multiplet
TGTGAACCAGGTATCG-1,5333,110,GRCh38
TGTGAACCATAGGTCG-1,11192,121,GRCh38
TGTGAACCATCACACC-1,12806,111,GRCh38
TGTGAAGGTGGCCTGT-1,35794,357,Multiplet
TGTGAAGGTTAGCCGC-1,5683,282,Multiplet
TGTGAAGGTTGGATCT-1,31655,213,Multiplet
TGTGAGGAGGAGTCAG-1,10308,389,Multiplet
TGTGAGGAGTGATCCA-1,25430,280,Multiplet
TGTGAGGAGTTAGCAT-1,51050,290,Multiplet
TGTGATTAGAAGGTTA-1,807,26,GRCh38
TGTGATTAGCAGTTCA-1,1951,43,GRCh38
TGTGATTAGCTAGGCT-1,19354,210,Multiplet
TGTGATTAGGGCTTAC-1,9007,173,Multiplet
TGTGATTAGGTCATAT-1,18032,130,GRCh38
TGTGATTAGTAGTAAG-1,6924,267,Multiplet
TGTGCAATCACTATCC-1,91086,199,Multiplet
TGTGCAATCCCTCGTA-1,11133,168,Multiplet
TGTGCAATCGCTCGTC-1,1501,40,GRCh38
TGTGCATGTCTGGTCA-1,12616,256,Multiplet
TGTGCATGTGGGTTGG-1,76153,204,Multiplet
TGTGCATGTTAGGTGA-1,23995,661,Multiplet
TGTGCCAGTCAGGCGA-1,16878,197,Multiplet
TGTGCCAGTCAGGGAT-1,43279,563,Multiplet
TGTGCCAGTCATGGAA-1,27592,298,Multiplet
TGTGCCAGTGGGTCTC-1,10329,455,Multiplet
TGTGCCCTCGACATAT-1,4358,222,Multiplet
TGTGCCCTCGTAGTAT-1,19840,97,GRCh38
TGTGCCCTCTGGGCTG-1,8342,546,Multiplet
TGTGCCTCAGCCATAG-1,21905,1095,Multiplet
TGTGCCTCAGCCATGA-1,3932,109,GRCh38
TGTGCCTCAGGAGCAG-1,14792,159,Multiplet
TGTGCCTCAGGGATGG-1,5860,167,Multiplet
TGTGCGCGTAAGTAGT-1,15359,291,Multiplet
TGTGCGCGTCTAGTCG-1,4187,82,GRCh38
TGTGCTGGTTGCTTAA-1,19221,147,Multiplet
TGTGCTGGTTTCGGGC-1,1965,555,Multiplet
TGTGGTCAGCAAGGTG-1,13002,829,Multiplet
TGTGGTTGTGCAGCTC-1,12329,157,Multiplet
TGTGGTTGTTAGCCAT-1,2187,29,GRCh38
TGTGGTTGTTCATCGG-1,12681,204,Multiplet
TGTGTACGTTGCGCGT-1,3582,64,GRCh38
TGTGTACGTTTCGCAG-1,13553,164,Multiplet
TGTGTTAGTCAACTCG-1,5031,45,GRCh38
TGTGTTAGTCAGTCAT-1,12678,217,Multiplet
TGTGTTAGTGAAGTCA-1,40505,398,Multiplet
TGTGTTAGTTCGTTAA-1,18880,213,Multiplet
TGTGTTGAGCATGTAT-1,34759,310,Multiplet
TGTGTTGAGGTATAGA-1,16022,163,Multiplet
